book	niese	classification	confidence	availability	placement	latin_anchor_phrase	latin_paragraph_id	latin_locator	greek_locator	candidate_latin_end_book_offset	verification_reason	outstanding_editorial_decision	implementation_approved
10	1	EXACT	HIGH	PRESENT	INHERITED_START	CUM EZECHIAS DUARUM TRIBUUM REX QUARtum et decimum	latin-book10-num1	"{""stable_id"": ""latin-book10-num1"", ""paragraph"": 1, ""xpath"": ""/*/*[2]/*/*[2]/*[2]/*[1]"", ""text_node_path"": ""/TEI[1]/text[1]/body[1]/div1[1]/div2[2]/p[1]/num[1]/tail()"", ""node_offset"": 1, ""unit_offset"": 1, ""book_offset"": 1, ""raw_byte"": 1978, ""left"": "" "", ""right"": ""CUM EZECHIAS DUARUM TRIBUUM REX QUARtum et decimum annum haberet in regno assyriorum nomine sennacherib in maxima manu aduersus eum castra metatus forti brachio omnes tenuit ciuitates tribum iuda et beniamin. Cumque hierosolima adtenderet p"", ""parsed_unit_sha256"": ""e9a53f5c06f84cc4a752f8c05400a05a6ed7529f39ebc7c82be2e3f921f83dc8"", ""raw_unit_sha256"": ""a235decb9bd60ab18b494f4531ab4cb1de189d958b58990c2ae115e7377dbd58""}"	"{""stable_id"": ""greek-book10-num1"", ""paragraph"": 2, ""xpath"": ""/*/*/*/*[2]/*[2]/*[1]"", ""text_node_path"": ""/TEI[1]/text[1]/body[1]/div1[1]/div2[2]/p[1]/text()"", ""node_offset"": 0, ""unit_offset"": 0, ""book_offset"": 0, ""raw_byte"": 633, ""left"": """", ""right"": ""Ἐζεκίου δὲ τοῦ τῶν δύο φυλῶν βασιλέως τέταρτον ἤδη καὶ δέκατον ἔτος τῆς ἡγεμονίας ἔχοντος ὁ τῶν Βαβυλωνίων βασιλεὺς Σεναχείριμος ὄνομα στρατεύει μετὰ πολλῆς παρασκευῆς ἐπ᾽ αὐτὸν κατὰ κράτος τε ἁπάσας αἱρεῖ τὰς πόλεις τὰς τῆς Ἰούδα φυλῆς καὶ"", ""parsed_unit_sha256"": ""9468a468cc44aea67141f7fa5c3341a90cd9a914e42512c94c2f49fad498ad40"", ""raw_unit_sha256"": ""8319d55f0d62ee013cd9d4ab49086c60e57d71e4939202a645512415e27912c5""}"	210	Independent printed Greek start and individually read Latin counterpart agree.	False	True
10	2	INTERNAL-BUT-EXACT	HIGH_INDIVIDUALLY_REVIEWED	PRESENT	PROPOSED_INTERNAL_MILESTONE	Cumque hierosolima adtenderet	latin-book10-num1	"{""stable_id"": ""latin-book10-num1"", ""paragraph"": 1, ""xpath"": ""/*/*[2]/*/*[2]/*[2]/*[1]"", ""text_node_path"": ""/TEI[1]/text[1]/body[1]/div1[1]/div2[2]/p[1]/add[1]/tail()"", ""node_offset"": 96, ""unit_offset"": 210, ""book_offset"": 210, ""raw_byte"": 2230, ""left"": ""iorum nomine sennacherib in maxima manu aduersus eum castra metatus forti brachio omnes tenuit ciuitates tribum iuda et beniamin. "", ""right"": ""Cumque hierosolima adtenderet praeuenit eum missis legatis ezechias promittens et oboedire feci utrique imperaret exsoluere. Sennacherib uero cognoscens quȩ legati ferebant dignum iudicabit bello definiret, et praecantium suscipere dignitat"", ""parsed_unit_sha256"": ""e9a53f5c06f84cc4a752f8c05400a05a6ed7529f39ebc7c82be2e3f921f83dc8"", ""raw_unit_sha256"": ""a235decb9bd60ab18b494f4531ab4cb1de189d958b58990c2ae115e7377dbd58""}"	"{""stable_id"": ""greek-book10-num1"", ""paragraph"": 2, ""xpath"": ""/*/*/*/*[2]/*[2]/*[1]"", ""text_node_path"": ""/TEI[1]/text[1]/body[1]/div1[1]/div2[2]/p[1]/num[1]/tail()"", ""node_offset"": 1, ""unit_offset"": 256, ""book_offset"": 256, ""raw_byte"": 1149, ""left"": ""ος ὄνομα στρατεύει μετὰ πολλῆς παρασκευῆς ἐπ᾽ αὐτὸν κατὰ κράτος τε ἁπάσας αἱρεῖ τὰς πόλεις τὰς τῆς Ἰούδα φυλῆς καὶ Βενιαμίτιδος.  "", ""right"": ""μέλλοντος δ᾽ ἄγειν τὴν δύναμιν καὶ ἐπὶ Ἱεροσόλυμα φθάνει πρεσβευσάμενος πρὸς αὐτὸν καὶ ὑπακούσεσθαι καὶ φόρον ὃν ἂν τάξῃ τελέσειν ὑπισχνούμενος. Σεναχείριμος δὲ μαθὼν τὰ παρὰ τῶν πρέσβεων ἔγνω μὴ πολεμεῖν, ἀλλὰ τὴν ἀξίωσιν προσδέχεται καὶ ἀ"", ""parsed_unit_sha256"": ""9468a468cc44aea67141f7fa5c3341a90cd9a914e42512c94c2f49fad498ad40"", ""raw_unit_sha256"": ""8319d55f0d62ee013cd9d4ab49086c60e57d71e4939202a645512415e27912c5""}"	608	Cumque hierosolima begins the threatened advance and embassy after captured towns.	False	True
10	3	INTERNAL-BUT-EXACT	HIGH_INDIVIDUALLY_REVIEWED	PRESENT	PROPOSED_INTERNAL_MILESTONE	Ezechias autem credens	latin-book10-num1	"{""stable_id"": ""latin-book10-num1"", ""paragraph"": 1, ""xpath"": ""/*/*[2]/*/*[2]/*[2]/*[1]"", ""text_node_path"": ""/TEI[1]/text[1]/body[1]/div1[1]/div2[2]/p[1]/add[1]/tail()"", ""node_offset"": 494, ""unit_offset"": 608, ""book_offset"": 608, ""raw_byte"": 2629, ""left"": ""ens trecenti argenti talenta, et auri triginta, amicus discedere dans legati iure iurandi fidem quia ei nihil discedendo noceret. "", ""right"": ""Ezechias autem credens et euacuans thesauros, misit ei pecunias sperans se apericuli bello regni am m missione liberari. Assyrus autem haec sum mens ex his quae promiserat cogitauit nihil sed ipse profectus est ad aegyptios et aethiopas pri"", ""parsed_unit_sha256"": ""e9a53f5c06f84cc4a752f8c05400a05a6ed7529f39ebc7c82be2e3f921f83dc8"", ""raw_unit_sha256"": ""a235decb9bd60ab18b494f4531ab4cb1de189d958b58990c2ae115e7377dbd58""}"	"{""stable_id"": ""greek-book10-num1"", ""paragraph"": 2, ""xpath"": ""/*/*/*/*[2]/*[2]/*[1]"", ""text_node_path"": ""/TEI[1]/text[1]/body[1]/div1[1]/div2[2]/p[1]/num[2]/tail()"", ""node_offset"": 1, ""unit_offset"": 667, ""book_offset"": 667, ""raw_byte"": 1969, ""left"": ""τριάκοντα λαβὼν φίλος ἀναχωρήσειν ὡμολόγει πίστεις δοὺς τοῖς πρεσβευταῖς ἐνόρκους, ἦ μὴν ἀδικήσας μηδὲν αὐτὸν οὕτως ἀναστρέψειν.  "", ""right"": ""ὁ δ᾽ Ἐζεκίας πεισθεὶς καὶ κενώσας τοὺς θησαυροὺς πέμπει τὰ χρήματα νομίζων ἀπαλλαγήσεσθαι τοῦ πολέμου καὶ τοῦ περὶ τῆς βασιλείας ἀγῶνος.  ὁ δὲ Ἀσσύριος λαβὼν ταῦτα τῶν μὲν ὡμολογημένων οὐδὲν ἐφρόντισεν, ἀλλ᾽ αὐτὸς μὲν ἐστράτευσεν ἐπ᾽ Αἰγυπτ"", ""parsed_unit_sha256"": ""9468a468cc44aea67141f7fa5c3341a90cd9a914e42512c94c2f49fad498ad40"", ""raw_unit_sha256"": ""8319d55f0d62ee013cd9d4ab49086c60e57d71e4939202a645512415e27912c5""}"	729	Ezechias autem credens begins payment after the withdrawal promise.	False	True
10	4	INTERNAL-BUT-EXACT	HIGH_INDIVIDUALLY_REVIEWED	PRESENT	PROPOSED_INTERNAL_MILESTONE	Assyrus autem haec	latin-book10-num1	"{""stable_id"": ""latin-book10-num1"", ""paragraph"": 1, ""xpath"": ""/*/*[2]/*/*[2]/*[2]/*[1]"", ""text_node_path"": ""/TEI[1]/text[1]/body[1]/div1[1]/div2[2]/p[1]/corr[1]/tail()"", ""node_offset"": 20, ""unit_offset"": 729, ""book_offset"": 729, ""raw_byte"": 2763, ""left"": ""noceret. Ezechias autem credens et euacuans thesauros, misit ei pecunias sperans se apericuli bello regni am m missione liberari. "", ""right"": ""Assyrus autem haec sum mens ex his quae promiserat cogitauit nihil sed ipse profectus est ad aegyptios et aethiopas principem uero militiae rapfacem cum multo exercitus robore et duobus aliis ad uastandam hierosolimam derelinquit, quorum no"", ""parsed_unit_sha256"": ""e9a53f5c06f84cc4a752f8c05400a05a6ed7529f39ebc7c82be2e3f921f83dc8"", ""raw_unit_sha256"": ""a235decb9bd60ab18b494f4531ab4cb1de189d958b58990c2ae115e7377dbd58""}"	"{""stable_id"": ""greek-book10-num1"", ""paragraph"": 2, ""xpath"": ""/*/*/*/*[2]/*[2]/*[1]"", ""text_node_path"": ""/TEI[1]/text[1]/body[1]/div1[1]/div2[2]/p[1]/num[3]/tail()"", ""node_offset"": 1, ""unit_offset"": 805, ""book_offset"": 805, ""raw_byte"": 2252, ""left"": ""κίας πεισθεὶς καὶ κενώσας τοὺς θησαυροὺς πέμπει τὰ χρήματα νομίζων ἀπαλλαγήσεσθαι τοῦ πολέμου καὶ τοῦ περὶ τῆς βασιλείας ἀγῶνος.  "", ""right"": ""ὁ δὲ Ἀσσύριος λαβὼν ταῦτα τῶν μὲν ὡμολογημένων οὐδὲν ἐφρόντισεν, ἀλλ᾽ αὐτὸς μὲν ἐστράτευσεν ἐπ᾽ Αἰγυπτίους καὶ Αἰθίοπας, τὸν δὲ στρατηγὸν Ῥαψάκην μετὰ πολλῆς ἰσχύος σὺν καὶ δυσὶν ἄλλοις τῶν ἐν τέλει κατέλιπε πορθήσοντας τὰ Ἱεροσόλυμα. τούτω"", ""parsed_unit_sha256"": ""9468a468cc44aea67141f7fa5c3341a90cd9a914e42512c94c2f49fad498ad40"", ""raw_unit_sha256"": ""8319d55f0d62ee013cd9d4ab49086c60e57d71e4939202a645512415e27912c5""}"	1003	Assyrus autem begins breach of the promise and the campaign after payment.	False	True
10	5	EXACT	HIGH	PRESENT	INHERITED_START	Tunc ita uenientes ante muros castra fixerunt mi s	latin-book10-num5	"{""stable_id"": ""latin-book10-num5"", ""paragraph"": 2, ""xpath"": ""/*/*[2]/*/*[2]/*[2]/*[2]"", ""text_node_path"": ""/TEI[1]/text[1]/body[1]/div1[1]/div2[2]/p[2]/num[1]/tail()"", ""node_offset"": 1, ""unit_offset"": 1, ""book_offset"": 1003, ""raw_byte"": 3096, ""left"": ""acem cum multo exercitus robore et duobus aliis ad uastandam hierosolimam derelinquit, quorum nomina erant tharatha et arachiris. "", ""right"": ""Tunc ita uenientes ante muros castra fixerunt mi seruntque ad ezechiam potentes ut cum eis possent habere colloquium. Ille uero perse quidem propter metum non habuit. Tres autem necessarios sibi amicos hoc est heliachim tutorem regni et sab"", ""parsed_unit_sha256"": ""2e8f510e5c270a76799fbd39c4a74392f767c4d1e9f87db1202fcf9066581a2c"", ""raw_unit_sha256"": ""861d04b393164298d50b4d9b89fdcecda19905edabb30347cfea1991f6f9fa55""}"	"{""stable_id"": ""greek-book10-num5"", ""paragraph"": 3, ""xpath"": ""/*/*/*/*[2]/*[2]/*[2]"", ""text_node_path"": ""/TEI[1]/text[1]/body[1]/div1[1]/div2[2]/p[2]/num[1]/tail()"", ""node_offset"": 1, ""unit_offset"": 1, ""book_offset"": 1085, ""raw_byte"": 2890, ""left"": "" πολλῆς ἰσχύος σὺν καὶ δυσὶν ἄλλοις τῶν ἐν τέλει κατέλιπε πορθήσοντας τὰ Ἱεροσόλυμα. τούτων δὲ τὰ ὀνόματα Θαρατὰ καὶ Ἀράχαρις ἦν. "", ""right"": ""Ὡς δ᾽ ἐλθόντες πρὸ τῶν τειχῶν ἐστρατοπεδεύσαντο, πέμψαντες πρὸς τὸν Ἐζεκίαν ἠξίουν αὐτὸν ἐλθεῖν εἰς λόγους. ὁ δὲ αὐτὸς μὲν ὑπὸ δειλίας οὐ πρόεισι, τρεῖς δὲ τοὺς ἀναγκαιοτάτους φίλους αὐτῷ ἐξέπεμψε, τὸν τῆς βασιλείας ἐπίτροπον Ἐλιακίαν ὄνομα"", ""parsed_unit_sha256"": ""2928dc1eff07c51cc9a6b941d1cf4237ab7e0e90d24b503f954d8ca05702df7c"", ""raw_unit_sha256"": ""8c4833929099a842abc5b667922a0603ddc23cffa9a3cb8152833d99d44d8740""}"	1281	Independent printed Greek start and individually read Latin counterpart agree.	False	True
10	6	INTERNAL-BUT-EXACT	HIGH_INDIVIDUALLY_REVIEWED	PRESENT	PROPOSED_INTERNAL_MILESTONE	Isti quidem procedentes	latin-book10-num5	"{""stable_id"": ""latin-book10-num5"", ""paragraph"": 2, ""xpath"": ""/*/*[2]/*/*[2]/*[2]/*[2]"", ""text_node_path"": ""/TEI[1]/text[1]/body[1]/div1[1]/div2[2]/p[2]/cb[1]/tail()"", ""node_offset"": 229, ""unit_offset"": 279, ""book_offset"": 1281, ""raw_byte"": 3439, ""left"": "" metum non habuit. Tres autem necessarios sibi amicos hoc est heliachim tutorem regni et sabaneam et ioan qui supra scribas erat. "", ""right"": ""Isti quidem procedentes ediuerso principum militiae rapfacis petit ut euntes dicerent ezechiae. Rex magnus sennacherim requirit abeo de quo praesumens atque confidens requirit dominum suum et oboedire non uult neque suscipere eius exercitum"", ""parsed_unit_sha256"": ""2e8f510e5c270a76799fbd39c4a74392f767c4d1e9f87db1202fcf9066581a2c"", ""raw_unit_sha256"": ""861d04b393164298d50b4d9b89fdcecda19905edabb30347cfea1991f6f9fa55""}"	"{""stable_id"": ""greek-book10-num5"", ""paragraph"": 3, ""xpath"": ""/*/*/*/*[2]/*[2]/*[2]"", ""text_node_path"": ""/TEI[1]/text[1]/body[1]/div1[1]/div2[2]/p[2]/num[2]/tail()"", ""node_offset"": 1, ""unit_offset"": 294, ""book_offset"": 1378, ""raw_byte"": 3484, ""left"": ""αγκαιοτάτους φίλους αὐτῷ ἐξέπεμψε, τὸν τῆς βασιλείας ἐπίτροπον Ἐλιακίαν ὄνομα καὶ Σουβαναῖον καὶ Ἰώανον τὸν ἐπὶ τῶν ὑπομνημάτων.  "", ""right"": ""οὗτοι μὲν οὖν προελθόντες ἀντικρὺ τῶν ἡγεμόνων τῆς στρατιᾶς τῶν Ἀσσυρίων ἔστησαν, θεασάμενος δ᾽ αὐτοὺς ὁ στρατηγὸς Ῥαψάκης ἐκέλευσεν ἀπελθόντας Ἐζεκίᾳ λέγειν, ὅτι βασιλεὺς μέγας Σεναχείριμος πυνθάνεται αὐτοῦ, τίνι θαρρῶν καὶ πεποιθὼς φεύγει"", ""parsed_unit_sha256"": ""2928dc1eff07c51cc9a6b941d1cf4237ab7e0e90d24b503f954d8ca05702df7c"", ""raw_unit_sha256"": ""8c4833929099a842abc5b667922a0603ddc23cffa9a3cb8152833d99d44d8740""}"	1605	Isti quidem procedentes begins the officials' approach and Rabshakeh's speech after their names.	False	True
10	7	INTERNAL-BUT-EXACT	HIGH_INDIVIDUALLY_REVIEWED	PRESENT	PROPOSED_INTERNAL_MILESTONE	Si autem hoc	latin-book10-num5	"{""stable_id"": ""latin-book10-num5"", ""paragraph"": 2, ""xpath"": ""/*/*[2]/*/*[2]/*[2]/*[2]"", ""text_node_path"": ""/TEI[1]/text[1]/body[1]/div1[1]/div2[2]/p[2]/cb[1]/tail()"", ""node_offset"": 553, ""unit_offset"": 603, ""book_offset"": 1605, ""raw_byte"": 3763, ""left"": ""oedire non uult neque suscipere eius exercitum. Hanc certe propter aegyptios sperans exercitum suum illorum consolatio subleuare. "", ""right"": ""Si autem hoc expectat fatuus est et similis homini incumbenti in calamo fracto, qui cum ceciderit in super manu uexata sentiet plagam. Sciat autem quod etiam uoluntate dei contra eum castra metatus est qui concessit et israhel itarum uastar"", ""parsed_unit_sha256"": ""2e8f510e5c270a76799fbd39c4a74392f767c4d1e9f87db1202fcf9066581a2c"", ""raw_unit_sha256"": ""861d04b393164298d50b4d9b89fdcecda19905edabb30347cfea1991f6f9fa55""}"	"{""stable_id"": ""greek-book10-num5"", ""paragraph"": 3, ""xpath"": ""/*/*/*/*[2]/*[2]/*[2]"", ""text_node_path"": ""/TEI[1]/text[1]/body[1]/div1[1]/div2[2]/p[2]/num[3]/tail()"", ""node_offset"": 1, ""unit_offset"": 697, ""book_offset"": 1781, ""raw_byte"": 4293, ""left"": ""ὴ θέλει καὶ τὴν στρατιὰν οὐ δέχεται τῇ πόλει; ἦ διὰ τοὺς Αἰγυπτίους τὴν αὐτοῦ στρατιὰν ἐλπίζων ὑπ᾽ ἐκείνων αὐτῶν καταγωνίσασθαι;  "", ""right"": ""εἰ δὲ τοῦτο προσδοκᾷ, δηλοῦν αὐτῷ, ὅτι ἀνόητός ἐστι καὶ ὅμοιος ἀνθρώπῳ, ὃς καλάμῳ ἐπερειδόμενος τεθλασμένῳ πρὸς τῷ καταπεσεῖν ἔτι καὶ τὴν χεῖρα διαπαρεὶς ᾔσθετο τῆς βλάβης. εἰδέναι δ᾽ ὅτι καὶ βουλήσει θεοῦ τὴν ἐπ᾽ αὐτὸν στρατείαν πεποίηται,"", ""parsed_unit_sha256"": ""2928dc1eff07c51cc9a6b941d1cf4237ab7e0e90d24b503f954d8ca05702df7c"", ""raw_unit_sha256"": ""8c4833929099a842abc5b667922a0603ddc23cffa9a3cb8152833d99d44d8740""}"	1902	Si autem hoc expectat begins the broken-reed argument after the expected Egyptian support.	False	True
10	8	INTERNAL-BUT-EXACT	HIGH_INDIVIDUALLY_REVIEWED	PRESENT	PROPOSED_INTERNAL_MILESTONE	Dum haec audiens	latin-book10-num5	"{""stable_id"": ""latin-book10-num5"", ""paragraph"": 2, ""xpath"": ""/*/*[2]/*/*[2]/*[2]/*[2]"", ""text_node_path"": ""/TEI[1]/text[1]/body[1]/div1[1]/div2[2]/p[2]/cb[1]/tail()"", ""node_offset"": 850, ""unit_offset"": 900, ""book_offset"": 1902, ""raw_byte"": 4060, ""left"": "" dei contra eum castra metatus est qui concessit et israhel itarum uastare regnum ut eodem modo subiectos eius disperderet regum. "", ""right"": ""Dum haec audiens rapfacis hebraeica lingua diceret. Habebat enim linguae huius experimentum. Eliachim metuens ne populus audiens metu corruerit poposcit ut syro magis loqueretur eloquio. Ille uero intellegens suspitionem eius et metum ampli"", ""parsed_unit_sha256"": ""2e8f510e5c270a76799fbd39c4a74392f767c4d1e9f87db1202fcf9066581a2c"", ""raw_unit_sha256"": ""861d04b393164298d50b4d9b89fdcecda19905edabb30347cfea1991f6f9fa55""}"	"{""stable_id"": ""greek-book10-num5"", ""paragraph"": 3, ""xpath"": ""/*/*/*/*[2]/*[2]/*[2]"", ""text_node_path"": ""/TEI[1]/text[1]/body[1]/div1[1]/div2[2]/p[2]/num[4]/tail()"", ""node_offset"": 1, ""unit_offset"": 1068, ""book_offset"": 2152, ""raw_byte"": 5044, ""left"": ""ὃς αὐτῷ καταστρέψασθαι καὶ τὴν τῶν Ἰσραηλιτῶν βασιλείαν δέδωκεν, ‘ἵνα τὸν αὐτὸν τρόπον καὶ τοὺς ἀρχομένους ὑπ᾽ αὐτοῦ διαφθείρῃ.’  "", ""right"": ""ταῦτα δὲ τὸν Ῥαψάκην ἑβραϊστὶ λέγοντα, ‘τῆς γὰρ γλώττης εἶχεν ἐμπείρως, ὁ Ἐλιάκειμος φοβούμενος, μὴ τὸ πλῆθος ἐπακοῦσαν εἰς ταραχὴν ἐμπέσῃ, συριστὶ φράζειν ἠξίου. συνεὶς δ᾽ ὁ στρατηγὸς τὴν ὑπόνοιαν αὐτοῦ καὶ τὸ ἐπ᾽ αὐτῷ δέος μείζονι καὶ δια"", ""parsed_unit_sha256"": ""2928dc1eff07c51cc9a6b941d1cf4237ab7e0e90d24b503f954d8ca05702df7c"", ""raw_unit_sha256"": ""8c4833929099a842abc5b667922a0603ddc23cffa9a3cb8152833d99d44d8740""}"	2267	Dum haec audiens rapfacis begins the Hebrew-language exchange after the divine-commission boast.	False	True
10	9	INTERNAL-BUT-EXACT	HIGH_INDIVIDUALLY_REVIEWED	PRESENT	PROPOSED_INTERNAL_MILESTONE	Palam enim est	latin-book10-num5	"{""stable_id"": ""latin-book10-num5"", ""paragraph"": 2, ""xpath"": ""/*/*[2]/*/*[2]/*[2]/*[2]"", ""text_node_path"": ""/TEI[1]/text[1]/body[1]/div1[1]/div2[2]/p[2]/cb[1]/tail()"", ""node_offset"": 1215, ""unit_offset"": 1265, ""book_offset"": 2267, ""raw_byte"": 4425, ""left"": ""amplius uoce clamans respondit que hebraeice dicens. Audiant omnes praecepta regis et quod utile est eligant et se nobis tradant. "", ""right"": ""Palam enim est quia uos et rex populum spe uana decipitis, et repugnare suadetis, si uero praesumitis et exercitum nostrum uos repelleretur dicatis dante me duo milia equos de exercitu commissu totidem ascensores praebentes uestrum exercitu"", ""parsed_unit_sha256"": ""2e8f510e5c270a76799fbd39c4a74392f767c4d1e9f87db1202fcf9066581a2c"", ""raw_unit_sha256"": ""861d04b393164298d50b4d9b89fdcecda19905edabb30347cfea1991f6f9fa55""}"	"{""stable_id"": ""greek-book10-num5"", ""paragraph"": 3, ""xpath"": ""/*/*/*/*[2]/*[2]/*[2]"", ""text_node_path"": ""/TEI[1]/text[1]/body[1]/div1[1]/div2[2]/p[2]/num[5]/tail()"", ""node_offset"": 1, ""unit_offset"": 1459, ""book_offset"": 2543, ""raw_byte"": 5830, ""left"": "" ἀπεκρίνατο αὐτῷ ἑβραϊστὶ λέγειν, ὅπως ἀκούσαντες τὰ τοῦ βασιλέως προστάγματα πάντες τὸ συμφέρον ἕλωνται παραδόντες αὑτοὺς ἡμῖν:  "", ""right"": ""δῆλον γὰρ ὡς τὸν λαὸν ὑμεῖς τε καὶ ὁ βασιλεὺς ἐλπίσι παρακρουόμενοι ματαίαις ἀντέχειν πείθετε. εἰ δὲ θαρρεῖτε καὶ τὴν δύναμιν ἡμῶν ἀπώσεσθαι νομίζετε, δισχιλίους ἐκ τῆς ἐμοὶ παρούσης ἵππους ἕτοιμός εἰμι ὑμῖν παρέχειν, οἷς ἰσαρίθμους ἐπιβάτα"", ""parsed_unit_sha256"": ""2928dc1eff07c51cc9a6b941d1cf4237ab7e0e90d24b503f954d8ca05702df7c"", ""raw_unit_sha256"": ""8c4833929099a842abc5b667922a0603ddc23cffa9a3cb8152833d99d44d8740""}"	2554	Palam enim est begins the accusation of deceptive hopes after the public-surrender appeal.	False	True
10	10	INTERNAL-BUT-EXACT	HIGH_INDIVIDUALLY_REVIEWED	PRESENT	PROPOSED_INTERNAL_MILESTONE	Quid igitur tardatis	latin-book10-num5	"{""stable_id"": ""latin-book10-num5"", ""paragraph"": 2, ""xpath"": ""/*/*[2]/*/*[2]/*[2]/*[2]"", ""text_node_path"": ""/TEI[1]/text[1]/body[1]/div1[1]/div2[2]/p[2]/cb[1]/tail()"", ""node_offset"": 1502, ""unit_offset"": 1552, ""book_offset"": 2554, ""raw_byte"": 4712, ""left"": ""duo milia equos de exercitu commissu totidem ascensores praebentes uestrum exercitum nobis ostendite sed non habetis tot homines. "", ""right"": ""Quid igitur tardatis tradere uosmetipsos maioribus qui uos capturi sunt et inuitos dum spontanea traditio securior uobissit inuitauero ualde periculosa ut causa calamitatis existat. Haec audientes et populus et legati dicente a ssyri orum p"", ""parsed_unit_sha256"": ""2e8f510e5c270a76799fbd39c4a74392f767c4d1e9f87db1202fcf9066581a2c"", ""raw_unit_sha256"": ""861d04b393164298d50b4d9b89fdcecda19905edabb30347cfea1991f6f9fa55""}"	"{""stable_id"": ""greek-book10-num5"", ""paragraph"": 3, ""xpath"": ""/*/*/*/*[2]/*[2]/*[2]"", ""text_node_path"": ""/TEI[1]/text[1]/body[1]/div1[1]/div2[2]/p[2]/num[6]/tail()"", ""node_offset"": 1, ""unit_offset"": 1782, ""book_offset"": 2866, ""raw_byte"": 6478, ""left"": ""ιμός εἰμι ὑμῖν παρέχειν, οἷς ἰσαρίθμους ἐπιβάτας δόντες ἐμφανίσατε τὴν αὑτῶν δύναμιν: ἀλλ᾽ οὐκ ἂν οὕς γε μὴ ἔχετε τούτους δῴητε.  "", ""right"": ""τί τοιγαροῦν βραδύνετε παραδιδόναι σφᾶς αὐτοὺς τοῖς κρείττοσι καὶ ληψομένοις ὑμᾶς καὶ μὴ θέλοντας; καίτοι τὸ μὲν ἑκούσιον τῆς παραδόσεως ἀσφαλὲς ὑμῖν, τὸ δὲ ἀκούσιον πολεμουμένοις ἐπικίνδυνον καὶ συμφορῶν αἴτιον φανεῖται.’ Ταῦτ᾽ ἀκούσαντες "", ""parsed_unit_sha256"": ""2928dc1eff07c51cc9a6b941d1cf4237ab7e0e90d24b503f954d8ca05702df7c"", ""raw_unit_sha256"": ""8c4833929099a842abc5b667922a0603ddc23cffa9a3cb8152833d99d44d8740""}"	2736	Quid igitur tardatis begins the surrender challenge after the horsemen test.	False	True
10	11	EXACT	HIGH	PRESENT	INHERITED_START	Haec audientes et populus et legati dicente a ssyr	latin-book10-num11	"{""stable_id"": ""latin-book10-num11"", ""paragraph"": 3, ""xpath"": ""/*/*[2]/*/*[2]/*[2]/*[3]"", ""text_node_path"": ""/TEI[1]/text[1]/body[1]/div1[1]/div2[2]/p[3]/num[1]/tail()"", ""node_offset"": 1, ""unit_offset"": 1, ""book_offset"": 2736, ""raw_byte"": 4956, ""left"": ""ui uos capturi sunt et inuitos dum spontanea traditio securior uobissit inuitauero ualde periculosa ut causa calamitatis existat. "", ""right"": ""Haec audientes et populus et legati dicente a ssyri orum principe, ezechiae renuntiauerunt. Ille uero haec audiens exutus ueste regali et indutus sacco et habitu miserando lege patria prostratus in facie rogabat deum ut adiuuaret nullum ali"", ""parsed_unit_sha256"": ""0210a58e502024dbd420ebc11e6a517b8052edea619aa3b28e398a51e6e41ec5"", ""raw_unit_sha256"": ""0cf1a0bc9d88afaf6fc1929b71f0a406f6ff8397172485e81ac3a6ccb2a5064f""}"	"{""stable_id"": ""greek-book10-num11"", ""paragraph"": 4, ""xpath"": ""/*/*/*/*[2]/*[2]/*[3]"", ""text_node_path"": ""/TEI[1]/text[1]/body[1]/div1[1]/div2[2]/p[3]/num[1]/tail()"", ""node_offset"": 1, ""unit_offset"": 1, ""book_offset"": 3089, ""raw_byte"": 7002, ""left"": ""ντας; καίτοι τὸ μὲν ἑκούσιον τῆς παραδόσεως ἀσφαλὲς ὑμῖν, τὸ δὲ ἀκούσιον πολεμουμένοις ἐπικίνδυνον καὶ συμφορῶν αἴτιον φανεῖται.’ "", ""right"": ""Ταῦτ᾽ ἀκούσαντες ὅ τε δῆμος καὶ οἱ πρέσβεις τοῦ στρατηγοῦ τῶν Ἀσσυρίων λέγοντος ἀπήγγειλαν Ἐζεκίᾳ. ὁ δὲ πρὸς ταῦτα τὴν βασιλικὴν ἀποδὺς ἐσθῆτα, ἀμφιασάμενος δὲ σάκκους καὶ σχῆμα ταπεινὸν ἀναλαβὼν τῷ πατρίῳ νόμῳ πεσὼν ἐπὶ πρόσωπον τὸν θεὸν ἱ"", ""parsed_unit_sha256"": ""4c305c9596ba6ff8d8b17d885da71e5b15b99f34822325c7eb6f617d2d8c3cd4"", ""raw_unit_sha256"": ""6174f77db6c1204b001d7cf756bb698d95be56b2fe571d10140048bbb943e301""}"	3002	Independent printed Greek start and individually read Latin counterpart agree.	False	True
10	12	INTERNAL-BUT-EXACT	HIGH_INDIVIDUALLY_REVIEWED	PRESENT	PROPOSED_INTERNAL_MILESTONE	Mit tensque et amicos	latin-book10-num11	"{""stable_id"": ""latin-book10-num11"", ""paragraph"": 3, ""xpath"": ""/*/*[2]/*/*[2]/*[2]/*[3]"", ""text_node_path"": ""/TEI[1]/text[1]/body[1]/div1[1]/div2[2]/p[3]/unclear[2]/tail()"", ""node_offset"": 24, ""unit_offset"": 267, ""book_offset"": 3002, ""raw_byte"": 5292, ""left"": ""t indutus sacco et habitu miserando lege patria prostratus in facie rogabat deum ut adiuuaret nullum alium habentem salutis spem. "", ""right"": ""Mit tensque et amicos quosdam et sacerdotes adesa iam prophetam poposcit ut oraret, et factis sacrificiis pro salute commune rogaret deum, quatenus spem hostium frangeret, et populo suam misericordiam condonaret. Propheta uero haec faciens "", ""parsed_unit_sha256"": ""0210a58e502024dbd420ebc11e6a517b8052edea619aa3b28e398a51e6e41ec5"", ""raw_unit_sha256"": ""0cf1a0bc9d88afaf6fc1929b71f0a406f6ff8397172485e81ac3a6ccb2a5064f""}"	"{""stable_id"": ""greek-book10-num11"", ""paragraph"": 4, ""xpath"": ""/*/*/*/*[2]/*[2]/*[3]"", ""text_node_path"": ""/TEI[1]/text[1]/body[1]/div1[1]/div2[2]/p[3]/num[2]/tail()"", ""node_offset"": 1, ""unit_offset"": 314, ""book_offset"": 3402, ""raw_byte"": 7638, ""left"": ""νὸν ἀναλαβὼν τῷ πατρίῳ νόμῳ πεσὼν ἐπὶ πρόσωπον τὸν θεὸν ἱκέτευε καὶ βοηθῆσαι τῷ μηδεμίαν ἄλλην ἐλπίδα ἔχοντι σωτηρίας ἠντιβόλει.  "", ""right"": ""πέμψας δὲ καὶ τῶν φίλων τινὰς καὶ τῶν ἱερέων πρὸς Ἡσαΐαν τὸν προφήτην ἠξίου δεηθῆναι τοῦ θεοῦ καὶ ποιησάμενον θυσίας ὑπὲρ τῆς κοινῆς σωτηρίας παρακαλεῖν αὐτὸν νεμεσῆσαι μὲν ταῖς τῶν πολεμίων ἐλπίσιν, ἐλεῆσαι δὲ τὸν αὐτοῦ λαόν.  ὁ δὲ προφήτη"", ""parsed_unit_sha256"": ""4c305c9596ba6ff8d8b17d885da71e5b15b99f34822325c7eb6f617d2d8c3cd4"", ""raw_unit_sha256"": ""6174f77db6c1204b001d7cf756bb698d95be56b2fe571d10140048bbb943e301""}"	3215	Mit tensque et amicos begins the mission to Isaiah after the king's prayer.	False	True
10	13	INTERNAL-BUT-EXACT	HIGH_INDIVIDUALLY_REVIEWED	PRESENT	PROPOSED_INTERNAL_MILESTONE	Propheta uero haec	latin-book10-num11	"{""stable_id"": ""latin-book10-num11"", ""paragraph"": 3, ""xpath"": ""/*/*[2]/*/*[2]/*[2]/*[3]"", ""text_node_path"": ""/TEI[1]/text[1]/body[1]/div1[1]/div2[2]/p[3]/cb[1]/tail()"", ""node_offset"": 114, ""unit_offset"": 480, ""book_offset"": 3215, ""raw_byte"": 5553, ""left"": "" et factis sacrificiis pro salute commune rogaret deum, quatenus spem hostium frangeret, et populo suam misericordiam condonaret. "", ""right"": ""Propheta uero haec faciens monitus a deo confortauit regem eius amicos praedicens quod sine bello deuicti hostes turpiter ab urbe recederent, et non cum fortitudine illa qua se habere credebant deum que prouisurum ut fortifier uastarentur, "", ""parsed_unit_sha256"": ""0210a58e502024dbd420ebc11e6a517b8052edea619aa3b28e398a51e6e41ec5"", ""raw_unit_sha256"": ""0cf1a0bc9d88afaf6fc1929b71f0a406f6ff8397172485e81ac3a6ccb2a5064f""}"	"{""stable_id"": ""greek-book10-num11"", ""paragraph"": 4, ""xpath"": ""/*/*/*/*[2]/*[2]/*[3]"", ""text_node_path"": ""/TEI[1]/text[1]/body[1]/div1[1]/div2[2]/p[3]/num[3]/tail()"", ""node_offset"": 1, ""unit_offset"": 542, ""book_offset"": 3630, ""raw_byte"": 8102, ""left"": ""ποιησάμενον θυσίας ὑπὲρ τῆς κοινῆς σωτηρίας παρακαλεῖν αὐτὸν νεμεσῆσαι μὲν ταῖς τῶν πολεμίων ἐλπίσιν, ἐλεῆσαι δὲ τὸν αὐτοῦ λαόν.  "", ""right"": ""ὁ δὲ προφήτης ταῦτα ποιήσας χρηματίσαντος αὐτῷ τοῦ θεοῦ παρεθάρρυνεν αὐτόν τε τὸν βασιλέα καὶ τοὺς περὶ αὐτὸν φίλους προλέγων ἀμαχητὶ τοὺς πολεμίους ἡττηθέντας ἀναχωρήσειν αἰσχρῶς καὶ οὐχὶ μεθ᾽ οἵου νῦν εἰσι θράσους:  τὸν γὰρ θεὸν προνοεῖν "", ""parsed_unit_sha256"": ""4c305c9596ba6ff8d8b17d885da71e5b15b99f34822325c7eb6f617d2d8c3cd4"", ""raw_unit_sha256"": ""6174f77db6c1204b001d7cf756bb698d95be56b2fe571d10140048bbb943e301""}"	3409	Propheta uero haec faciens begins the prophetic response after the request.	False	True
10	14	INTERNAL-BUT-EXACT	HIGH_INDIVIDUALLY_REVIEWED	PRESENT	PROPOSED_INTERNAL_MILESTONE	deum que prouisurum	latin-book10-num11	"{""stable_id"": ""latin-book10-num11"", ""paragraph"": 3, ""xpath"": ""/*/*[2]/*/*[2]/*[2]/*[3]"", ""text_node_path"": ""/TEI[1]/text[1]/body[1]/div1[1]/div2[2]/p[3]/cb[1]/tail()"", ""node_offset"": 308, ""unit_offset"": 674, ""book_offset"": 3409, ""raw_byte"": 5747, ""left"": ""amicos praedicens quod sine bello deuicti hostes turpiter ab urbe recederent, et non cum fortitudine illa qua se habere credebant "", ""right"": ""deum que prouisurum ut fortifier uastarentur, sed et ipsum regem assyriorum sennacherim non praeualantem aduersus aegyptios cum ad propria remearet ferro periturum esse dixit. Ipso siquidem tempore scripserat ezechias ad assyrios epistolas "", ""parsed_unit_sha256"": ""0210a58e502024dbd420ebc11e6a517b8052edea619aa3b28e398a51e6e41ec5"", ""raw_unit_sha256"": ""0cf1a0bc9d88afaf6fc1929b71f0a406f6ff8397172485e81ac3a6ccb2a5064f""}"	"{""stable_id"": ""greek-book10-num11"", ""paragraph"": 4, ""xpath"": ""/*/*/*/*[2]/*[2]/*[3]"", ""text_node_path"": ""/TEI[1]/text[1]/body[1]/div1[1]/div2[2]/p[3]/num[4]/tail()"", ""node_offset"": 1, ""unit_offset"": 760, ""book_offset"": 3848, ""raw_byte"": 8546, ""left"": ""α καὶ τοὺς περὶ αὐτὸν φίλους προλέγων ἀμαχητὶ τοὺς πολεμίους ἡττηθέντας ἀναχωρήσειν αἰσχρῶς καὶ οὐχὶ μεθ᾽ οἵου νῦν εἰσι θράσους:  "", ""right"": ""τὸν γὰρ θεὸν προνοεῖν ὅπως διαφθαρῶσι: καὶ αὐτὸν δὲ τὸν βασιλέα τῶν Ἀσσυρίων Σεναχείριμον διαμαρτόντα τῶν ἐπὶ τὴν Αἴγυπτον πραγμάτων καὶ ἐπανερχόμενον εἰς τὴν οἰκείαν ἀπολεῖσθαι σιδήρῳ προύλεγεν. Ἔτυχε δ᾽ ὑπὸ τὸν αὐτὸν καιρὸν καὶ γεγραφὼς τ"", ""parsed_unit_sha256"": ""4c305c9596ba6ff8d8b17d885da71e5b15b99f34822325c7eb6f617d2d8c3cd4"", ""raw_unit_sha256"": ""6174f77db6c1204b001d7cf756bb698d95be56b2fe571d10140048bbb943e301""}"	3585	deum que prouisurum begins the divine plan and king's fate after the promised retreat.	False	True
10	15	EXACT	HIGH	PRESENT	INHERITED_START	Ipso siquidem tempore scripserat ezechias ad assyr	latin-book10-num15	"{""stable_id"": ""latin-book10-num15"", ""paragraph"": 4, ""xpath"": ""/*/*[2]/*/*[2]/*[2]/*[4]"", ""text_node_path"": ""/TEI[1]/text[1]/body[1]/div1[1]/div2[2]/p[4]/num[1]/tail()"", ""node_offset"": 1, ""unit_offset"": 1, ""book_offset"": 3585, ""raw_byte"": 5984, ""left"": ""sed et ipsum regem assyriorum sennacherim non praeualantem aduersus aegyptios cum ad propria remearet ferro periturum esse dixit. "", ""right"": ""Ipso siquidem tempore scripserat ezechias ad assyrios epistolas inquibus fatuum eum esse dicebant. Credentem quod eius seruitium posset euadere, qui multas gentes et maximas subdidisset, et inter minabatur funditus se eum disperdere dum cap"", ""parsed_unit_sha256"": ""91ef762f1215be716c762497423d8b5c545cfa7a1d01ca5b55c541c4389e8af8"", ""raw_unit_sha256"": ""bf6577ee6165ffd7136f6747e6abb993dc8d252d63fe04717f81cf41e66e1fe7""}"	"{""stable_id"": ""greek-book10-num15"", ""paragraph"": 5, ""xpath"": ""/*/*/*/*[2]/*[2]/*[4]"", ""text_node_path"": ""/TEI[1]/text[1]/body[1]/div1[1]/div2[2]/p[4]/num[1]/tail()"", ""node_offset"": 1, ""unit_offset"": 1, ""book_offset"": 4044, ""raw_byte"": 9019, ""left"": ""ν Ἀσσυρίων Σεναχείριμον διαμαρτόντα τῶν ἐπὶ τὴν Αἴγυπτον πραγμάτων καὶ ἐπανερχόμενον εἰς τὴν οἰκείαν ἀπολεῖσθαι σιδήρῳ προύλεγεν. "", ""right"": ""Ἔτυχε δ᾽ ὑπὸ τὸν αὐτὸν καιρὸν καὶ γεγραφὼς τῷ Ἐζεκίᾳ ὁ Ἀσσύριος ἐπιστολάς, ἐν αἷς ἀνόητον μὲν αὐτὸν ἔλεγεν ὑπολαμβάνοντα τὴν ὑπ᾽ αὐτῷ διαφεύξεσθαι δουλείαν ἔθνη πολλὰ καὶ μεγάλα κεχειρωμένῳ, ἠπείλει δὲ πανωλεθρίᾳ διαφθερεῖν αὐτὸν παραλαβών,"", ""parsed_unit_sha256"": ""a63dafc51f8c2f2c9402ee768b50448c6ece75a98fbc9d6cb29aa41df6316782"", ""raw_unit_sha256"": ""a32008befd9a38d0b875afdc76c1b2d53e5c2420b30914c844626fbbcb67a798""}"	3912	Independent printed Greek start and individually read Latin counterpart agree.	False	True
10	16	INTERNAL-BUT-EXACT	HIGH_INDIVIDUALLY_REVIEWED	PRESENT	PROPOSED_INTERNAL_MILESTONE	quae dum relegisset	latin-book10-num15	"{""stable_id"": ""latin-book10-num15"", ""paragraph"": 4, ""xpath"": ""/*/*[2]/*/*[2]/*[2]/*[4]"", ""text_node_path"": ""/TEI[1]/text[1]/body[1]/div1[1]/div2[2]/p[4]/num[1]/tail()"", ""node_offset"": 328, ""unit_offset"": 328, ""book_offset"": 3912, ""raw_byte"": 6311, ""left"": ""inabatur funditus se eum disperdere dum caperet urbem. Ut nisi portas aperiens sponte in hierosololimis exercitum eius exciperet, "", ""right"": ""quae dum relegisset et ezechias spreuit propter spem quam habebat in deo. Espitulam uero plicans in templo reposuit. Rursus autem cum deo uota et ora elit tiones effunderet pro ciuitate et salu non te cunctorum esaias propheta eum asseruit "", ""parsed_unit_sha256"": ""91ef762f1215be716c762497423d8b5c545cfa7a1d01ca5b55c541c4389e8af8"", ""raw_unit_sha256"": ""bf6577ee6165ffd7136f6747e6abb993dc8d252d63fe04717f81cf41e66e1fe7""}"	"{""stable_id"": ""greek-book10-num15"", ""paragraph"": 5, ""xpath"": ""/*/*/*/*[2]/*[2]/*[4]"", ""text_node_path"": ""/TEI[1]/text[1]/body[1]/div1[1]/div2[2]/p[4]/num[2]/tail()"", ""node_offset"": 1, ""unit_offset"": 318, ""book_offset"": 4361, ""raw_byte"": 9666, ""left"": ""νῳ, ἠπείλει δὲ πανωλεθρίᾳ διαφθερεῖν αὐτὸν παραλαβών, εἰ μὴ τὰς πύλας ἀνοίξας ἑκὼν αὐτοῦ δέξεται τὴν στρατιὰν εἰς τὰ Ἱεροσόλυμα.  "", ""right"": ""ταῦτ᾽ ἀναγνοὺς καταφρονεῖ διὰ τὴν ἀπὸ τοῦ θεοῦ πεποίθησιν, τὰς δ᾽ ἐπιστολὰς πτύξας εἰς τὸν ναὸν ἔσω κατέθετο. πάλιν δὲ τῷ θεῷ τὰς εὐχὰς αὐτοῦ ποιησαμένου περὶ τῆς πόλεως καὶ τῆς ἁπάντων σωτηρίας Ἡσαΐας ὁ προφήτης ἐπήκοον αὐτὸν ἔφασκε γεγονέ"", ""parsed_unit_sha256"": ""a63dafc51f8c2f2c9402ee768b50448c6ece75a98fbc9d6cb29aa41df6316782"", ""raw_unit_sha256"": ""a32008befd9a38d0b875afdc76c1b2d53e5c2420b30914c844626fbbcb67a798""}"	4392	quae dum relegisset begins reading and rejection of the letter after its demands.	False	True
10	17	INTERNAL-BUT-EXACT	HIGH_INDIVIDUALLY_REVIEWED	PRESENT	PROPOSED_INTERNAL_MILESTONE	Interea paruo tempore	latin-book10-num15	"{""stable_id"": ""latin-book10-num15"", ""paragraph"": 4, ""xpath"": ""/*/*[2]/*/*[2]/*[2]/*[4]"", ""text_node_path"": ""/TEI[1]/text[1]/body[1]/div1[1]/div2[2]/p[4]/add[2]/tail()"", ""node_offset"": 283, ""unit_offset"": 808, ""book_offset"": 4392, ""raw_byte"": 6877, ""left"": ""fuerant esse reuersuros, et tertio anno cum pace opus suum facturos et propriarum possessionum sine timore diligentiam habituros. "", ""right"": ""Interea paruo tempore transeunte assyriorum rex bello quo aegyptiis intulerat frustratus ab huius modi causa sine effectu remeauit. Ab propriis enim cum multo iam tempore fuisset commoratus in obsessione peluiim peluim, et dum aggeres contr"", ""parsed_unit_sha256"": ""91ef762f1215be716c762497423d8b5c545cfa7a1d01ca5b55c541c4389e8af8"", ""raw_unit_sha256"": ""bf6577ee6165ffd7136f6747e6abb993dc8d252d63fe04717f81cf41e66e1fe7""}"	"{""stable_id"": ""greek-book10-num15"", ""paragraph"": 5, ""xpath"": ""/*/*/*/*[2]/*[2]/*[4]"", ""text_node_path"": ""/TEI[1]/text[1]/body[1]/div1[1]/div2[2]/p[4]/num[3]/tail()"", ""node_offset"": 1, ""unit_offset"": 753, ""book_offset"": 4796, ""raw_byte"": 10540, ""left"": "", μέλλοντι πάντων ἀδεεῖς τῶν ὑπ᾽ αὐτοῦ γενομένων γεωργήσειν μετ᾽ εἰρήνης καὶ τῶν ἰδίων ἐπιμελήσεσθαι κτημάτων οὐδὲν φοβουμένους.  "", ""right"": ""ὀλίγου δὲ χρόνου διελθόντος καὶ ὁ τῶν Ἀσσυρίων βασιλεὺς διαμαρτὼν τῆς ἐπὶ τοὺς Αἰγυπτίους ἐπιβολῆς ἄπρακτος ἀνεχώρησεν ἐπ᾽ οἴκου δι᾽ αἰτίαν τοιαύτην: πολὺς αὐτῷ χρόνος ἐτρίβετο πρὸς τὴν Πηλουσίου πολιορκίαν, καὶ τῶν χωμάτων ἤδη μετεώρων ὄντ"", ""parsed_unit_sha256"": ""a63dafc51f8c2f2c9402ee768b50448c6ece75a98fbc9d6cb29aa41df6316782"", ""raw_unit_sha256"": ""a32008befd9a38d0b875afdc76c1b2d53e5c2420b30914c844626fbbcb67a798""}"	4847	Interea paruo tempore begins the unsuccessful Egyptian campaign after the assurances; ends before adjudicated Turbatur at 18.	False	True
10	18	INTERNAL-BUT-EXACT	EDITORIALLY_ADJUDICATED_WITH_RECORDED_LIMITS	PRESENT_WITH_RECORDED_ALIGNMENT_LIMITS	PROPOSED_INTERNAL_MILESTONE	Turbatur ergo rex	latin-book10-num15	"{""stable_id"": ""latin-book10-num15"", ""paragraph"": 4, ""xpath"": ""/*/*[2]/*/*[2]/*[2]/*[4]"", ""text_node_path"": ""/TEI[1]/text[1]/body[1]/div1[1]/div2[2]/p[4]/unclear[2]/tail()"", ""node_offset"": 18, ""unit_offset"": 1263, ""book_offset"": 4847, ""raw_byte"": 7415, ""left"": ""m tharachem cum multo exercitu ad aegyptiorum uenire solacium et per desertum iter facerent ut subito assyriorum castra inrueret. "", ""right"": ""Turbatur ergo rex sennacherim ad sacerdotem,  suae restituebat, et potum conuiuia conuersi per septem dies summa laetitia fruebantur, ad restaurationem regenerationemque patriae festiua gratulatione celebrent postea omnis principes tribuum "", ""parsed_unit_sha256"": ""91ef762f1215be716c762497423d8b5c545cfa7a1d01ca5b55c541c4389e8af8"", ""raw_unit_sha256"": ""bf6577ee6165ffd7136f6747e6abb993dc8d252d63fe04717f81cf41e66e1fe7""}"	"{""stable_id"": ""greek-book10-num15"", ""paragraph"": 5, ""xpath"": ""/*/*/*/*[2]/*[2]/*[4]"", ""text_node_path"": ""/TEI[1]/text[1]/body[1]/div1[1]/div2[2]/p[4]/num[4]/tail()"", ""node_offset"": 1, ""unit_offset"": 1261, ""book_offset"": 5304, ""raw_byte"": 11556, ""left"": "" ἐπὶ συμμαχίᾳ τοῖς Αἰγυπτίοις ἥκειν διεγνωκότα ποιήσασθαι τὴν πορείαν διὰ τῆς ἐρήμου καὶ ἐξαίφνης εἰς τὴν τῶν Ἀσσυρίων ἐμβαλεῖν.  "", ""right"": ""ταραχθεὶς οὖν ὑπὸ τούτων ὁ βασιλεὺς Σεναχείριμος * ἐπὶ τὸν ἱερέα τὸν Ἡφαίστου στρατεῦσαι ἔλεγεν * ὡς οὗτος ὁ βασιλεὺς ἐπὶ τὸν τῶν Αἰγυπτίων ἔλθοι βασιλέα ἱερέα ὄντα τοῦ Ἡφαίστου, πολιορκῶν δὲ τὸ Πηλούσιον ἔλυσε τὴν πολιορκίαν ἐξ αἰτίας τοια"", ""parsed_unit_sha256"": ""a63dafc51f8c2f2c9402ee768b50448c6ece75a98fbc9d6cb29aa41df6316782"", ""raw_unit_sha256"": ""a32008befd9a38d0b875afdc76c1b2d53e5c2420b30914c844626fbbcb67a798""}"	5740	Before Turbatur: the letter, reassurance, siege and news of Ethiopian relief. After the cut: Sennacherib response, ritual/restoration material and resumed Vulcan/Pelusium account. The complete 18 interval is within latin-book10-num15; pb n=115r and cb n=1/2 are manuscript page/column markers, not paragraph boundaries. Preserve all material through the 19 cut.	False	True
10	19	INTERNAL-BUT-EXACT	HIGH_INDIVIDUALLY_REVIEWED	PRESENT	PROPOSED_INTERNAL_MILESTONE	Erodotus autem errorem	latin-book10-num15	"{""stable_id"": ""latin-book10-num15"", ""paragraph"": 4, ""xpath"": ""/*/*[2]/*/*[2]/*[2]/*[4]"", ""text_node_path"": ""/TEI[1]/text[1]/body[1]/div1[1]/div2[2]/p[4]/note[1]/tail()"", ""node_offset"": 113, ""unit_offset"": 2156, ""book_offset"": 5740, ""raw_byte"": 8473, ""left"": ""causa dissoluit.  Orante numque rege aegyptiorum ad dominum et deus exaudiens maximam plagam misit in eum et multi perempti sunt. "", ""right"": ""Erodotus autem errorem ideo facit quod non assyriorum dicit regem sed arabum adiciens, qui suricum multitudine una nocte arcus et arma reliqua commedit Et propterea cum non haberet rex arcus exercitum a pelusio robabit. Et haec quidem erudo"", ""parsed_unit_sha256"": ""91ef762f1215be716c762497423d8b5c545cfa7a1d01ca5b55c541c4389e8af8"", ""raw_unit_sha256"": ""bf6577ee6165ffd7136f6747e6abb993dc8d252d63fe04717f81cf41e66e1fe7""}"	"{""stable_id"": ""greek-book10-num15"", ""paragraph"": 5, ""xpath"": ""/*/*/*/*[2]/*[2]/*[4]"", ""text_node_path"": ""/TEI[1]/text[1]/body[1]/div1[1]/div2[2]/p[4]/num[5]/tail()"", ""node_offset"": 1, ""unit_offset"": 1602, ""book_offset"": 5645, ""raw_byte"": 12240, ""left"": ""τὴν πολιορκίαν ἐξ αἰτίας τοιαύτης: ηὔξατο ὁ βασιλεὺς τῶν Αἰγυπτίων τῷ θεῷ, ᾧ γενόμενος ἐπήκοος ὁ θεὸς πληγὴν ἐνσκήπτει τῷ Ἄραβι:  "", ""right"": ""πλανᾶται γὰρ κἀν τούτῳ οὐκ Ἀσσυρίων λέγων τὸν βασιλέα ἀλλ᾽ Ἀράβων: μυῶν γὰρ πλῆθός φησι μιᾷ νυκτὶ τὰ τόξα καὶ τὰ λοιπὰ ὅπλα διαφαγεῖν τῶν Ἀσσυρίων, καὶ διὰ τοῦτο μὴ ἔχοντα τόξα τὸν βασιλέα τὴν στρατιὰν ἀπάγειν ἀπὸ τοῦ Πηλουσίου.  καὶ Ἡρόδοτ"", ""parsed_unit_sha256"": ""a63dafc51f8c2f2c9402ee768b50448c6ece75a98fbc9d6cb29aa41df6316782"", ""raw_unit_sha256"": ""a32008befd9a38d0b875afdc76c1b2d53e5c2420b30914c844626fbbcb67a798""}"	5960	Erodotus autem errorem begins the author's criticism after the plague notice; the preceding ritual interpolation remains in 18.	False	True
10	20	INTERNAL-BUT-EXACT	HIGH_INDIVIDUALLY_REVIEWED	PRESENT	PROPOSED_INTERNAL_MILESTONE	Et haec quidem erudotus	latin-book10-num15	"{""stable_id"": ""latin-book10-num15"", ""paragraph"": 4, ""xpath"": ""/*/*[2]/*/*[2]/*[2]/*[4]"", ""text_node_path"": ""/TEI[1]/text[1]/body[1]/div1[1]/div2[2]/p[4]/note[1]/tail()"", ""node_offset"": 333, ""unit_offset"": 2376, ""book_offset"": 5960, ""raw_byte"": 8693, ""left"": "" suricum multitudine una nocte arcus et arma reliqua commedit Et propterea cum non haberet rex arcus exercitum a pelusio robabit. "", ""right"": ""Et haec quidem erudotus Uerosus Berosus autem qui chaldeicam conscriptis historiam meminit redig sennacherim et quia regnauit super assyrios et castra metatus est in omnem asyam asiam et aegyptum ita dicens. Reuersus autem senacherim a prae"", ""parsed_unit_sha256"": ""91ef762f1215be716c762497423d8b5c545cfa7a1d01ca5b55c541c4389e8af8"", ""raw_unit_sha256"": ""bf6577ee6165ffd7136f6747e6abb993dc8d252d63fe04717f81cf41e66e1fe7""}"	"{""stable_id"": ""greek-book10-num15"", ""paragraph"": 5, ""xpath"": ""/*/*/*/*[2]/*[2]/*[4]"", ""text_node_path"": ""/TEI[1]/text[1]/body[1]/div1[1]/div2[2]/p[4]/num[6]/tail()"", ""node_offset"": 1, ""unit_offset"": 1832, ""book_offset"": 5875, ""raw_byte"": 12706, ""left"": "" τόξα καὶ τὰ λοιπὰ ὅπλα διαφαγεῖν τῶν Ἀσσυρίων, καὶ διὰ τοῦτο μὴ ἔχοντα τόξα τὸν βασιλέα τὴν στρατιὰν ἀπάγειν ἀπὸ τοῦ Πηλουσίου.  "", ""right"": ""καὶ Ἡρόδοτος μὲν οὕτως ἱστορεῖ, Βηρωσὸς δὲ ὁ τὰ Χαλδαϊκὰ συγγραψάμενος μνημονεύει τοῦ βασιλέως τοῦ Σεναχειρίμου, καὶ ὅτι τῶν Ἀσσυρίων ἦρχε καὶ ὅτι πάσῃ ἐπεστρατεύσατο τῇ Ἀσίᾳ καὶ τῇ Αἰγύπτῳ λέγων οὕτως: Ὑποστρέψας δ᾽ ὁ Σεναχείριμος ἀπὸ τῶν "", ""parsed_unit_sha256"": ""a63dafc51f8c2f2c9402ee768b50448c6ece75a98fbc9d6cb29aa41df6316782"", ""raw_unit_sha256"": ""a32008befd9a38d0b875afdc76c1b2d53e5c2420b30914c844626fbbcb67a798""}"	6168	Et haec quidem erudotus begins the transition to Berosus after the mice/retreat story.	False	True
10	21	EXACT	HIGH	PRESENT	INHERITED_START	Reuersus autem senacherim a praeliis praeliis aegy	latin-book10-num21	"{""stable_id"": ""latin-book10-num21"", ""paragraph"": 5, ""xpath"": ""/*/*[2]/*/*[2]/*[2]/*[5]"", ""text_node_path"": ""/TEI[1]/text[1]/body[1]/div1[1]/div2[2]/p[5]/num[1]/tail()"", ""node_offset"": 1, ""unit_offset"": 1, ""book_offset"": 6168, ""raw_byte"": 8987, ""left"": ""riam meminit redig sennacherim et quia regnauit super assyrios et castra metatus est in omnem asyam asiam et aegyptum ita dicens. "", ""right"": ""Reuersus autem senacherim a praeliis praeliis aegyptiacis, ad hierosolimam conuenisset exercitum quem rapfaci dimiserat in periculo pestilentia constitum. Deus enim morbus populo eius inmiserat ita ut prima nocte eorum qui obsedebant deperi"", ""parsed_unit_sha256"": ""ab50b9c7f2cf2b9783fe23ea46cd5d2da05384d3fc5fc79dabf1067be0f76fd5"", ""raw_unit_sha256"": ""1c03c72de1cd63ddce632a9cda63891053b3a5de894c3226b44a7127d992f9e0""}"	"{""stable_id"": ""greek-book10-num21"", ""paragraph"": 6, ""xpath"": ""/*/*/*/*[2]/*[2]/*[5]"", ""text_node_path"": ""/TEI[1]/text[1]/body[1]/div1[1]/div2[2]/p[5]/num[1]/tail()"", ""node_offset"": 1, ""unit_offset"": 1, ""book_offset"": 6078, ""raw_byte"": 13192, ""left"": ""ημονεύει τοῦ βασιλέως τοῦ Σεναχειρίμου, καὶ ὅτι τῶν Ἀσσυρίων ἦρχε καὶ ὅτι πάσῃ ἐπεστρατεύσατο τῇ Ἀσίᾳ καὶ τῇ Αἰγύπτῳ λέγων οὕτως: "", ""right"": ""Ὑποστρέψας δ᾽ ὁ Σεναχείριμος ἀπὸ τῶν Αἰγυπτίων πολέμων εἰς τὰ Ἱεροσόλυμα, καταλαβὼν ἐκεῖ τὴν ὑπὸ τῷ στρατηγῷ Ῥαψάκῃ δύναμιν * τοῦ θεοῦ λοιμικὴν ἐνσκήψαντος αὐτοῦ τῷ στρατῷ νόσον κατὰ τὴν πρώτην νύκτα τῆς πολιορκίας διαφθείρονται μυριάδες ὀκ"", ""parsed_unit_sha256"": ""a23f27f3dae7d6a71b3577a97f1f3b681b413030a3ddb466454c771e487fce8c"", ""raw_unit_sha256"": ""7cc5002e5ddd87dadbd100a1b30b8144f0787564cccdd11415681fb3ce1bbabe""}"	6473	Independent printed Greek start and individually read Latin counterpart agree.	False	True
10	22	INTERNAL-BUT-EXACT	HIGH_INDIVIDUALLY_REVIEWED	PRESENT	PROPOSED_INTERNAL_MILESTONE	Propter hanc calamitate	latin-book10-num21	"{""stable_id"": ""latin-book10-num21"", ""paragraph"": 5, ""xpath"": ""/*/*[2]/*/*[2]/*[2]/*[5]"", ""text_node_path"": ""/TEI[1]/text[1]/body[1]/div1[1]/div2[2]/p[5]/corr[1]/tail()"", ""node_offset"": 259, ""unit_offset"": 306, ""book_offset"": 6473, ""raw_byte"": 9305, ""left"": ""ulo eius inmiserat ita ut prima nocte eorum qui obsedebant deperirent centum octuaginta, V, milia uiri eum iudicibus et tribunis. "", ""right"": ""Propter hanc calamitate in nimio timore et angustia constitutos de cuncta iam militia metuens fugit cum sua manu ad proprium regnum in ciuitate quae appellatur nini, et dum modicum tempus ibidem moratus fuisset dolo a senioribus filiis ad r"", ""parsed_unit_sha256"": ""ab50b9c7f2cf2b9783fe23ea46cd5d2da05384d3fc5fc79dabf1067be0f76fd5"", ""raw_unit_sha256"": ""1c03c72de1cd63ddce632a9cda63891053b3a5de894c3226b44a7127d992f9e0""}"	"{""stable_id"": ""greek-book10-num21"", ""paragraph"": 6, ""xpath"": ""/*/*/*/*[2]/*[2]/*[5]"", ""text_node_path"": ""/TEI[1]/text[1]/body[1]/div1[1]/div2[2]/p[5]/num[2]/tail()"", ""node_offset"": 1, ""unit_offset"": 299, ""book_offset"": 6376, ""raw_byte"": 13792, ""left"": ""ατῷ νόσον κατὰ τὴν πρώτην νύκτα τῆς πολιορκίας διαφθείρονται μυριάδες ὀκτωκαίδεκα καὶ πεντακισχίλιοι σὺν ἡγεμόσι καὶ ταξιάρχαις.  "", ""right"": ""ὑπὸ ταύτης δὲ τῆς συμφορᾶς εἰς φόβον καὶ δεινὴν ἀγωνίαν καταστὰς καὶ δείσας περὶ τῷ στρατῷ παντὶ φεύγει μετὰ τῆς λοιπῆς δυνάμεως εἰς τὴν αὑτοῦ βασιλείαν τὴν Νίνου προσαγορευθεῖσαν.  καὶ διατρίψας ἐν αὐτῇ ὀλίγον χρόνον δολοφονηθεὶς ὑπὸ τῶν π"", ""parsed_unit_sha256"": ""a23f27f3dae7d6a71b3577a97f1f3b681b413030a3ddb466454c771e487fce8c"", ""raw_unit_sha256"": ""7cc5002e5ddd87dadbd100a1b30b8144f0787564cccdd11415681fb3ce1bbabe""}"	6639	Propter hanc calamitate begins fear and flight after the mortality total.	False	True
10	23	INTERNAL-BUT-EXACT	HIGH_INDIVIDUALLY_REVIEWED	PRESENT	PROPOSED_INTERNAL_MILESTONE	et dum modicum tempus	latin-book10-num21	"{""stable_id"": ""latin-book10-num21"", ""paragraph"": 5, ""xpath"": ""/*/*[2]/*/*[2]/*[2]/*[5]"", ""text_node_path"": ""/TEI[1]/text[1]/body[1]/div1[1]/div2[2]/p[5]/corr[1]/tail()"", ""node_offset"": 425, ""unit_offset"": 472, ""book_offset"": 6639, ""raw_byte"": 9471, ""left"": ""ore et angustia constitutos de cuncta iam militia metuens fugit cum sua manu ad proprium regnum in ciuitate quae appellatur nini, "", ""right"": ""et dum modicum tempus ibidem moratus fuisset dolo a senioribus filiis ad ramelech et se leusatro est peremptus in proprio templo quod dicitur arasci. Et illi quidem procede pratris effugati adarmaniam discessenrunt. Successit autem in eius "", ""parsed_unit_sha256"": ""ab50b9c7f2cf2b9783fe23ea46cd5d2da05384d3fc5fc79dabf1067be0f76fd5"", ""raw_unit_sha256"": ""1c03c72de1cd63ddce632a9cda63891053b3a5de894c3226b44a7127d992f9e0""}"	"{""stable_id"": ""greek-book10-num21"", ""paragraph"": 6, ""xpath"": ""/*/*/*/*[2]/*[2]/*[5]"", ""text_node_path"": ""/TEI[1]/text[1]/body[1]/div1[1]/div2[2]/p[5]/num[3]/tail()"", ""node_offset"": 1, ""unit_offset"": 481, ""book_offset"": 6558, ""raw_byte"": 14164, ""left"": ""ίαν καταστὰς καὶ δείσας περὶ τῷ στρατῷ παντὶ φεύγει μετὰ τῆς λοιπῆς δυνάμεως εἰς τὴν αὑτοῦ βασιλείαν τὴν Νίνου προσαγορευθεῖσαν.  "", ""right"": ""καὶ διατρίψας ἐν αὐτῇ ὀλίγον χρόνον δολοφονηθεὶς ὑπὸ τῶν πρεσβυτέρων παίδων Ἀνδρομάχου καὶ Σελευκάρου τελευτᾷ τὸν βίον καὶ ἀνετέθη τῷ ἰδίῳ ναῷ Ἀράσκῃ λεγομένῳ. καὶ οἱ μὲν φυγαδευθέντες ἐπὶ τῷ φόνῳ τοῦ πατρὸς ὑπὸ τῶν πολιτῶν εἰς τὴν Ἀρμενίαν"", ""parsed_unit_sha256"": ""a23f27f3dae7d6a71b3577a97f1f3b681b413030a3ddb466454c771e487fce8c"", ""raw_unit_sha256"": ""7cc5002e5ddd87dadbd100a1b30b8144f0787564cccdd11415681fb3ce1bbabe""}"	6998	et dum modicum tempus begins the subsequent assassination after arrival in Nineveh.	False	True
10	24	EXACT	HIGH	PRESENT	INHERITED_START	Ezechias autem in opinabiliter a terrore liberatus	latin-book10-num24	"{""stable_id"": ""latin-book10-num24"", ""paragraph"": 6, ""xpath"": ""/*/*[2]/*/*[2]/*[3]/*[1]"", ""text_node_path"": ""/TEI[1]/text[1]/body[1]/div1[1]/div2[3]/p[1]/num[1]/tail()"", ""node_offset"": 1, ""unit_offset"": 1, ""book_offset"": 6998, ""raw_byte"": 9961, ""left"": ""em in eius regno asaracoddas. Terminus igitur obscessionis abscessionis assyriorum contra hierosolimitas tali occasione peruenit. "", ""right"": ""Ezechias autem in opinabiliter a terrore liberatus gratificas hostia cum omni populo celebrauit deo, et cognoscens quia nulla alia causa hostes alios quidem permifit, alios uero timore morti simili effugas sed ab hierosolimis nisi diuina so"", ""parsed_unit_sha256"": ""f147ca4b34e066b42d781141ec4611e28c8e2ab2eab3ea9fac2373ddaf6c068a"", ""raw_unit_sha256"": ""42f40c4081efee2331a482e6c969956055a345f36b3c9b561de4a7ef13a2faab""}"	"{""stable_id"": ""greek-book10-num24"", ""paragraph"": 7, ""xpath"": ""/*/*/*/*[2]/*[2]/*[6]"", ""text_node_path"": ""/TEI[1]/text[1]/body[1]/div1[1]/div2[2]/p[6]/num[1]/tail()"", ""node_offset"": 1, ""unit_offset"": 1, ""book_offset"": 6984, ""raw_byte"": 15092, ""left"": ""αφρονῶν τοῦ Σεναχειρίμου Ἀσαραχόδδας. καὶ τὸ μὲν τῆς Ἀσσυρίων στρατείας τῆς ἐπὶ τοὺς Ἱεροσολυμίτας τέλος τοιοῦτο συνέβη γενέσθαι. "", ""right"": ""Ἐζεκίας δ᾽ ὁ βασιλεὺς παραδόξως ἀπαλλαγεὶς τῶν φόβων χαριστηρίους σὺν ἅπαντι τῷ λαῷ θυσίας ἐπετέλεσε τῷ θεῷ, μηδεμιᾶς ἄλλης αἰτίας τῶν πολεμίων τοὺς μὲν διαφθειράσης τοὺς δὲ φόβῳ τῆς ὁμοίας τελευτῆς ἀπαλλαξάσης ἀπὸ τῶν Ἱεροσολυμιτῶν ἢ τῆς σ"", ""parsed_unit_sha256"": ""b6ce50a4096b7c1302d7694bb8c8833c5efed43c025ef7b380710f2c26611b7b"", ""raw_unit_sha256"": ""ea309bcdc153a7d8ed9fd4767c79383a074b97b380d877d85105f58e4fed2cc4""}"	7244	Independent printed Greek start and individually read Latin counterpart agree.	False	True
10	25	INTERNAL-BUT-EXACT	HIGH_INDIVIDUALLY_REVIEWED	PRESENT	PROPOSED_INTERNAL_MILESTONE	omni studio et largitate	latin-book10-num24	"{""stable_id"": ""latin-book10-num24"", ""paragraph"": 6, ""xpath"": ""/*/*[2]/*/*[2]/*[3]/*[1]"", ""text_node_path"": ""/TEI[1]/text[1]/body[1]/div1[1]/div2[3]/p[1]/num[1]/tail()"", ""node_offset"": 247, ""unit_offset"": 247, ""book_offset"": 7244, ""raw_byte"": 10207, ""left"": ""uia nulla alia causa hostes alios quidem permifit, alios uero timore morti simili effugas sed ab hierosolimis nisi diuina solatia "", ""right"": ""omni studio et largitate usus circa dei cultum. Non post multum graui langore languore detentus, a medicis equidem disperatus est nihil que, nec ipse nec eius amici per ulterius sustinebant. Dicebatur autem et alia angustia magna regi eo qu"", ""parsed_unit_sha256"": ""f147ca4b34e066b42d781141ec4611e28c8e2ab2eab3ea9fac2373ddaf6c068a"", ""raw_unit_sha256"": ""42f40c4081efee2331a482e6c969956055a345f36b3c9b561de4a7ef13a2faab""}"	"{""stable_id"": ""greek-book10-num24"", ""paragraph"": 7, ""xpath"": ""/*/*/*/*[2]/*[2]/*[6]"", ""text_node_path"": ""/TEI[1]/text[1]/body[1]/div1[1]/div2[2]/p[6]/num[2]/tail()"", ""node_offset"": 1, ""unit_offset"": 269, ""book_offset"": 7252, ""raw_byte"": 15637, ""left"": ""εμίων τοὺς μὲν διαφθειράσης τοὺς δὲ φόβῳ τῆς ὁμοίας τελευτῆς ἀπαλλαξάσης ἀπὸ τῶν Ἱεροσολυμιτῶν ἢ τῆς συμμαχίας τῆς ἀπὸ τοῦ θεοῦ.  "", ""right"": ""πάσῃ δὲ χρησάμενος σπουδῇ καὶ φιλοτιμίᾳ περὶ τὸν θεὸν μετ᾽ οὐ πολὺ νόσῳ χαλεπῇ περιπεσὼν ἀπέγνωστο μὲν ὑπὸ τῶν ἰατρῶν, χρηστὸν δὲ περὶ αὑτοῦ οὐδὲν προσδοκῶν, οὐδὲ γὰρ οἱ φίλοι. τῇ δὲ νόσῳ προσετίθετο καὶ ἀθυμία δεινὴ ὑπὸ τοῦ βασιλέως αὐτοῦ "", ""parsed_unit_sha256"": ""b6ce50a4096b7c1302d7694bb8c8833c5efed43c025ef7b380710f2c26611b7b"", ""raw_unit_sha256"": ""ea309bcdc153a7d8ed9fd4767c79383a074b97b380d877d85105f58e4fed2cc4""}"	7599	omni studio et largitate begins pious conduct and illness after praise of divine help; Latin retains its joined frame.	False	True
10	26	INTERNAL-BUT-EXACT	HIGH_INDIVIDUALLY_REVIEWED	PRESENT	PROPOSED_INTERNAL_MILESTONE	Dum que nimis	latin-book10-num24	"{""stable_id"": ""latin-book10-num24"", ""paragraph"": 6, ""xpath"": ""/*/*[2]/*/*[2]/*[3]/*[1]"", ""text_node_path"": ""/TEI[1]/text[1]/body[1]/div1[1]/div2[3]/p[1]/corr[1]/tail()"", ""node_offset"": 269, ""unit_offset"": 602, ""book_offset"": 7599, ""raw_byte"": 10575, ""left"": ""agna regi eo quod filius non haberet, et quod moriturus esset desolatam re lingueris domum, et successorem sui generis habiturus. "", ""right"": ""Dum que nimis in hac parte fatigaretur. Rogauit deum ut paruo tempore uitam concederet, deo nec filios habere posset, et non prius anima priuaretur antequam fieret pater. Cui miseratus deus petionemque suscipiens, quia non dolebat eo quod p"", ""parsed_unit_sha256"": ""f147ca4b34e066b42d781141ec4611e28c8e2ab2eab3ea9fac2373ddaf6c068a"", ""raw_unit_sha256"": ""42f40c4081efee2331a482e6c969956055a345f36b3c9b561de4a7ef13a2faab""}"	"{""stable_id"": ""greek-book10-num24"", ""paragraph"": 7, ""xpath"": ""/*/*/*/*[2]/*[2]/*[6]"", ""text_node_path"": ""/TEI[1]/text[1]/body[1]/div1[1]/div2[2]/p[6]/num[3]/tail()"", ""node_offset"": 1, ""unit_offset"": 619, ""book_offset"": 7602, ""raw_byte"": 16347, ""left"": "" τοῦ βασιλέως αὐτοῦ τὴν ἀπαιδίαν λογιζομένου, καὶ ὅτι μέλλοι τελευτᾶν ἔρημον καταλιπὼν τὸν οἶκον καὶ τὴν ἀρχὴν γνησίας διαδοχῆς.  "", ""right"": ""κάμνων οὖν ὑπ᾽ αὐτῆς τῆς ἐννοίας μάλιστα καὶ ὀδυρόμενος ἱκέτευε τὸν θεὸν αὐτῷ ζωῆς ὀλίγον χρόνον προσεπιδοῦναι μέχρι τέκνων γονῆς, καὶ μὴ πρότερον ἢ πατὴρ γένηται τὴν ψυχὴν αὐτὸν ἐᾶσαι καταλιπεῖν.  ἐλεήσας δὲ αὐτὸν ὁ θεὸς καὶ τῆς αἰτήσεως ἀ"", ""parsed_unit_sha256"": ""b6ce50a4096b7c1302d7694bb8c8833c5efed43c025ef7b380710f2c26611b7b"", ""raw_unit_sha256"": ""ea309bcdc153a7d8ed9fd4767c79383a074b97b380d877d85105f58e4fed2cc4""}"	7770	Dum que nimis begins distress and the petition for time after the lack-of-heir explanation.	False	True
10	27	INTERNAL-BUT-EXACT	HIGH_INDIVIDUALLY_REVIEWED	PRESENT	PROPOSED_INTERNAL_MILESTONE	Cui miseratus deus	latin-book10-num24	"{""stable_id"": ""latin-book10-num24"", ""paragraph"": 6, ""xpath"": ""/*/*[2]/*/*[2]/*[3]/*[1]"", ""text_node_path"": ""/TEI[1]/text[1]/body[1]/div1[1]/div2[3]/p[1]/corr[1]/tail()"", ""node_offset"": 440, ""unit_offset"": 773, ""book_offset"": 7770, ""raw_byte"": 10746, ""left"": ""ogauit deum ut paruo tempore uitam concederet, deo nec filios habere posset, et non prius anima priuaretur antequam fieret pater. "", ""right"": ""Cui miseratus deus petionemque suscipiens, quia non dolebat eo quod priuandus esset bonis imperii, sed ut filios haberet qui in eius principatum succederent, mittens esaias pro prophetas, ei missit dicere, quia post tertiam diem casum langu"", ""parsed_unit_sha256"": ""f147ca4b34e066b42d781141ec4611e28c8e2ab2eab3ea9fac2373ddaf6c068a"", ""raw_unit_sha256"": ""42f40c4081efee2331a482e6c969956055a345f36b3c9b561de4a7ef13a2faab""}"	"{""stable_id"": ""greek-book10-num24"", ""paragraph"": 7, ""xpath"": ""/*/*/*/*[2]/*[2]/*[6]"", ""text_node_path"": ""/TEI[1]/text[1]/body[1]/div1[1]/div2[2]/p[6]/num[4]/tail()"", ""node_offset"": 1, ""unit_offset"": 817, ""book_offset"": 7800, ""raw_byte"": 16753, ""left"": ""θεὸν αὐτῷ ζωῆς ὀλίγον χρόνον προσεπιδοῦναι μέχρι τέκνων γονῆς, καὶ μὴ πρότερον ἢ πατὴρ γένηται τὴν ψυχὴν αὐτὸν ἐᾶσαι καταλιπεῖν.  "", ""right"": ""ἐλεήσας δὲ αὐτὸν ὁ θεὸς καὶ τῆς αἰτήσεως ἀποδεξάμενος, ὅτι μὴ διὰ τὸ μέλλειν στέρεσθαι τῶν ἐκ τῆς βασιλείας ἀγαθῶν ὠδύρετο τὴν ὑπονοηθεῖσαν τελευτὴν ἔτι τε χρόνον ζωῆς αὐτῷ δεηθείη παρασχεῖν, ἀλλὰ τοῦ παῖδας αὐτῷ γενέσθαι τοὺς ὑποδεξομένους"", ""parsed_unit_sha256"": ""b6ce50a4096b7c1302d7694bb8c8833c5efed43c025ef7b380710f2c26611b7b"", ""raw_unit_sha256"": ""ea309bcdc153a7d8ed9fd4767c79383a074b97b380d877d85105f58e4fed2cc4""}"	8085	Cui miseratus deus begins the divine response after the request to become a father.	False	True
10	28	INTERNAL-BUT-EXACT	HIGH_INDIVIDUALLY_REVIEWED	PRESENT	PROPOSED_INTERNAL_MILESTONE	Et dum haec dei	latin-book10-num24	"{""stable_id"": ""latin-book10-num24"", ""paragraph"": 6, ""xpath"": ""/*/*[2]/*/*[2]/*[3]/*[1]"", ""text_node_path"": ""/TEI[1]/text[1]/body[1]/div1[1]/div2[3]/p[1]/corr[1]/tail()"", ""node_offset"": 755, ""unit_offset"": 1088, ""book_offset"": 8085, ""raw_byte"": 11061, ""left"": ""s, ei missit dicere, quia post tertiam diem casum languoris euaderet, post haec annos quindecim super uiueret et filios generaret "", ""right"": ""Et dum haec dei mandato propheta dixisset propter nimietatem languoris et ea que in op pinabiliter promittebantur non credens signum aliquod et indicium petit ut faceret esaias quatenus haec dicente sibi crederet et a deo commissum uere cog"", ""parsed_unit_sha256"": ""f147ca4b34e066b42d781141ec4611e28c8e2ab2eab3ea9fac2373ddaf6c068a"", ""raw_unit_sha256"": ""42f40c4081efee2331a482e6c969956055a345f36b3c9b561de4a7ef13a2faab""}"	"{""stable_id"": ""greek-book10-num24"", ""paragraph"": 7, ""xpath"": ""/*/*/*/*[2]/*[2]/*[6]"", ""text_node_path"": ""/TEI[1]/text[1]/body[1]/div1[1]/div2[2]/p[6]/num[5]/tail()"", ""node_offset"": 1, ""unit_offset"": 1249, ""book_offset"": 8232, ""raw_byte"": 17620, ""left"": ""λοῦν αὐτῷ, ὅτι καὶ διαφεύξεται τὴν νόσον μετὰ τρίτην ἡμέραν καὶ βιώσεται μετ᾽ αὐτὴν ἔτη πεντεκαίδεκα καὶ παῖδες αὐτῷ γενήσονται.  "", ""right"": ""ταῦτα τοῦ προφήτου φήσαντος κατ᾽ ἐντολὴν τοῦ θεοῦ διὰ τὴν ὑπερβολὴν τῆς νόσου καὶ τὸ παράδοξον τῶν ἀπηγγελμένων ἀπιστῶν σημεῖόν τι καὶ τεράστιον ἠξίου ποιῆσαι τὸν Ἡσαΐαν, ἵνα αὐτῷ πιστεύσῃ λέγοντι ταῦτα ἥκοντι παρὰ τοῦ θεοῦ: τὰ γὰρ παράλογα"", ""parsed_unit_sha256"": ""b6ce50a4096b7c1302d7694bb8c8833c5efed43c025ef7b380710f2c26611b7b"", ""raw_unit_sha256"": ""ea309bcdc153a7d8ed9fd4767c79383a074b97b380d877d85105f58e4fed2cc4""}"	8432	Et dum haec dei mandato begins the reaction and sign request after the fifteen-year promise.	False	True
10	29	INTERNAL-BUT-EXACT	HIGH_INDIVIDUALLY_REVIEWED	PRESENT	PROPOSED_INTERNAL_MILESTONE	Et dum propheta interrogasset	latin-book10-num24	"{""stable_id"": ""latin-book10-num24"", ""paragraph"": 6, ""xpath"": ""/*/*[2]/*/*[2]/*[3]/*[1]"", ""text_node_path"": ""/TEI[1]/text[1]/body[1]/div1[1]/div2[3]/p[1]/corr[1]/tail()"", ""node_offset"": 1102, ""unit_offset"": 1435, ""book_offset"": 8432, ""raw_byte"": 11408, ""left"": "" deo commissum uere cognouerit. Nam ea quae ultra rationem sunt et spe fortiora uidentur huius modi rebus creduntur esse ueracia. "", ""right"": ""Et dum propheta interrogasset eum quod uelle signum, umbram solis petit decem gradibus ab ea loca unde uenerat rameare. Et dum propheta rogasset deum ut fieret, uidens rex impletum esse quod uoluit repente de solutus a langore languore cons"", ""parsed_unit_sha256"": ""f147ca4b34e066b42d781141ec4611e28c8e2ab2eab3ea9fac2373ddaf6c068a"", ""raw_unit_sha256"": ""42f40c4081efee2331a482e6c969956055a345f36b3c9b561de4a7ef13a2faab""}"	"{""stable_id"": ""greek-book10-num24"", ""paragraph"": 7, ""xpath"": ""/*/*/*/*[2]/*[2]/*[6]"", ""text_node_path"": ""/TEI[1]/text[1]/body[1]/div1[1]/div2[2]/p[6]/num[6]/tail()"", ""node_offset"": 1, ""unit_offset"": 1547, ""book_offset"": 8530, ""raw_byte"": 18221, ""left"": ""ν, ἵνα αὐτῷ πιστεύσῃ λέγοντι ταῦτα ἥκοντι παρὰ τοῦ θεοῦ: τὰ γὰρ παράλογα καὶ μείζω τῆς ἐλπίδος τοῖς ὁμοίοις πιστοῦται πράγμασιν.  "", ""right"": ""ἐρωτήσαντος δ᾽ αὐτὸν τί βούλεται σημεῖον γενέσθαι, τὸν ἥλιον ἠξίωσεν, ἐπειδὴ σκιὰν ἐπὶ δέκα βαθμοὺς ἀποκλίνας ἤδη πεποίηκεν ἐν τῇ οἰκίᾳ, ἐπὶ τὸν αὐτὸν ἀναστρέψαι τόπον ποιήσας αὐτὴν πάλιν παρασχεῖν. τοῦ δὲ προφήτου τὸν θεὸν παρακαλέσαντος, "", ""parsed_unit_sha256"": ""b6ce50a4096b7c1302d7694bb8c8833c5efed43c025ef7b380710f2c26611b7b"", ""raw_unit_sha256"": ""ea309bcdc153a7d8ed9fd4767c79383a074b97b380d877d85105f58e4fed2cc4""}"	8729	Et dum propheta interrogasset begins choice of the sun-shadow sign after the general sign request.	False	True
10	30	EXACT	HIGH	PRESENT	INHERITED_START	Eo siquidem tempore contigit assyriorum regnum a m	latin-book10-num30	"{""stable_id"": ""latin-book10-num30"", ""paragraph"": 7, ""xpath"": ""/*/*[2]/*/*[2]/*[3]/*[2]"", ""text_node_path"": ""/TEI[1]/text[1]/body[1]/div1[1]/div2[3]/p[2]/num[1]/tail()"", ""node_offset"": 1, ""unit_offset"": 1, ""book_offset"": 8729, ""raw_byte"": 11780, ""left"": "" rex impletum esse quod uoluit repente de solutus a langore languore consendit in templum et adorans deum uota debita celebrauit. "", ""right"": ""Eo siquidem tempore contigit assyriorum regnum a mediis solui quod tamen in aliis indicabo. Rex itaque babyloniorum baladas misit legatos ad ezechiam  portantes munera ut abeo poposcit ut esset socius amicus. Ille uero legatos libenter exci"", ""parsed_unit_sha256"": ""54267b398a458b7eb8608f08d4d351025dcf7d7d35427c25ac1af72b1c892705"", ""raw_unit_sha256"": ""b79b0f06358e7ea183a88d5c09ad80ee4ab1ae45f03f1e20849d2d4bb76e90a2""}"	"{""stable_id"": ""greek-book10-num30"", ""paragraph"": 8, ""xpath"": ""/*/*/*/*[2]/*[2]/*[7]"", ""text_node_path"": ""/TEI[1]/text[1]/body[1]/div1[1]/div2[2]/p[7]/num[1]/tail()"", ""node_offset"": 1, ""unit_offset"": 1, ""book_offset"": 8915, ""raw_byte"": 19070, ""left"": "" τοῦτ᾽ ἐπιδεῖξαι τῷ βασιλεῖ, ἰδὼν ὅπερ ἤθελεν εὐθὺς λυθεὶς τῆς νόσου ἄνεισιν εἰς τὸ ἱερὸν καὶ τῷ θεῷ προσκυνήσας εὐχὰς ἐποιήσατο. "", ""right"": ""Ἐν τούτῳ δὲ τῷ χρόνῳ συνέβη τὴν τῶν Ἀσσυρίων ἀρχὴν ὑπὸ Μήδων καταλυθῆναι: δηλώσω δὲ περὶ τούτων ἐν ἑτέροις. ὁ δὲ τῶν Βαβυλωνίων βασιλεὺς Βαλάδας ὄνομα πέμψας πρὸς τὸν Ἐζεκίαν πρέσβεις δῶρα κομίζοντας σύμμαχόν τε αὐτὸν εἶναι παρεκάλει καὶ φί"", ""parsed_unit_sha256"": ""9fd60b4f5bf81c5f75a7e1e3beca59dfd113e9f9a445d86324326e7fbf15b837"", ""raw_unit_sha256"": ""4e2290b4a73f929e112a07c031d3a4696f623fda0acf80e32f80fa9765385fad""}"	8938	Independent printed Greek start and individually read Latin counterpart agree.	False	True
10	31	INTERNAL-BUT-EXACT	HIGH_INDIVIDUALLY_REVIEWED	PRESENT	PROPOSED_INTERNAL_MILESTONE	Ille uero legatos	latin-book10-num30	"{""stable_id"": ""latin-book10-num30"", ""paragraph"": 7, ""xpath"": ""/*/*[2]/*/*[2]/*[3]/*[2]"", ""text_node_path"": ""/TEI[1]/text[1]/body[1]/div1[1]/div2[3]/p[2]/cb[1]/tail()"", ""node_offset"": 59, ""unit_offset"": 210, ""book_offset"": 8938, ""raw_byte"": 12054, ""left"": ""is indicabo. Rex itaque babyloniorum baladas misit legatos ad ezechiam  portantes munera ut abeo poposcit ut esset socius amicus. "", ""right"": ""Ille uero legatos libenter excipiens et thesauros ei ostendens et armorum instuctionem et aliam copiam quam in auro et gemis habebat, simuletiam munera prebens praebens regi balado dimis eos. Tunc esaias propheta uenit ad regem et requisiui"", ""parsed_unit_sha256"": ""54267b398a458b7eb8608f08d4d351025dcf7d7d35427c25ac1af72b1c892705"", ""raw_unit_sha256"": ""b79b0f06358e7ea183a88d5c09ad80ee4ab1ae45f03f1e20849d2d4bb76e90a2""}"	"{""stable_id"": ""greek-book10-num30"", ""paragraph"": 8, ""xpath"": ""/*/*/*/*[2]/*[2]/*[7]"", ""text_node_path"": ""/TEI[1]/text[1]/body[1]/div1[1]/div2[2]/p[7]/num[2]/tail()"", ""node_offset"": 1, ""unit_offset"": 247, ""book_offset"": 9161, ""raw_byte"": 19563, ""left"": "" Βαβυλωνίων βασιλεὺς Βαλάδας ὄνομα πέμψας πρὸς τὸν Ἐζεκίαν πρέσβεις δῶρα κομίζοντας σύμμαχόν τε αὐτὸν εἶναι παρεκάλει καὶ φίλον.  "", ""right"": ""ὁ δὲ τοὺς πρεσβευτὰς ἡδέως ἀποδεξάμενος ἑστιασάμενός τε καὶ τοὺς θησαυροὺς ἐπιδείξας αὐτοῖς καὶ τὴν τῶν ὅπλων παρασκευὴν καὶ τὴν ἄλλην πολυτέλειαν, ὅσην ἐν λίθοις εἶχε καὶ χρυσῷ, δῶρά τε δοὺς κομίζειν τῷ Βαλάδῳ πρὸς αὐτὸν ἀπέλυσεν.  Ἡσαΐου "", ""parsed_unit_sha256"": ""9fd60b4f5bf81c5f75a7e1e3beca59dfd113e9f9a445d86324326e7fbf15b837"", ""raw_unit_sha256"": ""4e2290b4a73f929e112a07c031d3a4696f623fda0acf80e32f80fa9765385fad""}"	9130	Ille uero legatos begins reception and treasury display after the alliance request.	False	True
10	32	INTERNAL-BUT-EXACT	HIGH_INDIVIDUALLY_REVIEWED	PRESENT	PROPOSED_INTERNAL_MILESTONE	Tunc esaias propheta	latin-book10-num30	"{""stable_id"": ""latin-book10-num30"", ""paragraph"": 7, ""xpath"": ""/*/*[2]/*/*[2]/*[3]/*[2]"", ""text_node_path"": ""/TEI[1]/text[1]/body[1]/div1[1]/div2[3]/p[2]/note[2]/tail()"", ""node_offset"": 6, ""unit_offset"": 402, ""book_offset"": 9130, ""raw_byte"": 12416, ""left"": "" et armorum instuctionem et aliam copiam quam in auro et gemis habebat, simuletiam munera prebens praebens regi balado dimis eos. "", ""right"": ""Tunc esaias propheta uenit ad regem et requisiuit unde fuissent qui uenerant. Qui dixit. De babylonia eos a suo rege uenisse et ostendisse ei uniuersa ut uidentes diuitias et uirtutem regni cognoscetrent et regi suo renum tiarent. Cui proph"", ""parsed_unit_sha256"": ""54267b398a458b7eb8608f08d4d351025dcf7d7d35427c25ac1af72b1c892705"", ""raw_unit_sha256"": ""b79b0f06358e7ea183a88d5c09ad80ee4ab1ae45f03f1e20849d2d4bb76e90a2""}"	"{""stable_id"": ""greek-book10-num30"", ""paragraph"": 8, ""xpath"": ""/*/*/*/*[2]/*[2]/*[7]"", ""text_node_path"": ""/TEI[1]/text[1]/body[1]/div1[1]/div2[2]/p[7]/num[3]/tail()"", ""node_offset"": 1, ""unit_offset"": 480, ""book_offset"": 9394, ""raw_byte"": 20037, ""left"": "" ὅπλων παρασκευὴν καὶ τὴν ἄλλην πολυτέλειαν, ὅσην ἐν λίθοις εἶχε καὶ χρυσῷ, δῶρά τε δοὺς κομίζειν τῷ Βαλάδῳ πρὸς αὐτὸν ἀπέλυσεν.  "", ""right"": ""Ἡσαΐου δὲ τοῦ προφήτου πρὸς αὐτὸν ἀφικομένου καὶ πυνθανομένου πόθεν εἶεν οἱ παρόντες, ἐκ Βαβυλῶνος ἔλεγε παρὰ τοῦ θεοῦ ἐλθεῖν αὐτούς: ἐπιδεῖξαι δὲ πάντ᾽ αὐτοῖς, ὅπως ἰδόντες τὸν πλοῦτον καὶ τὴν δύναμιν ἐκ τούτου στοχαζόμενοι σημαίνειν ἔχωσι"", ""parsed_unit_sha256"": ""9fd60b4f5bf81c5f75a7e1e3beca59dfd113e9f9a445d86324326e7fbf15b837"", ""raw_unit_sha256"": ""4e2290b4a73f929e112a07c031d3a4696f623fda0acf80e32f80fa9765385fad""}"	9361	Tunc esaias propheta begins inquiry after departure of the envoys; revised extent ends before elected Cui propheta respondens at 33.	False	True
10	33	INTERNAL-BUT-EXACT	EDITORIALLY_ADJUDICATED_WITH_RECORDED_LIMITS	PRESENT	PROPOSED_INTERNAL_MILESTONE	Cui propheta respondens	latin-book10-num30	"{""stable_id"": ""latin-book10-num30"", ""paragraph"": 7, ""xpath"": ""/*/*[2]/*/*[2]/*[3]/*[2]"", ""text_node_path"": ""/TEI[1]/text[1]/body[1]/div1[1]/div2[3]/p[2]/expan[1]/tail()"", ""node_offset"": 144, ""unit_offset"": 633, ""book_offset"": 9361, ""raw_byte"": 12662, ""left"": "" eos a suo rege uenisse et ostendisse ei uniuersa ut uidentes diuitias et uirtutem regni cognoscetrent et regi suo renum tiarent. "", ""right"": ""Cui propheta respondens. Scito in quid non post multum tempus ad babyloniam filios tuos et diuitias transmigran das, insuper et nepotes tuos eunuchos esse fa sciendos, et ammissuros uirile nomen et regi babyloniae seruituros. Haec enim prae"", ""parsed_unit_sha256"": ""54267b398a458b7eb8608f08d4d351025dcf7d7d35427c25ac1af72b1c892705"", ""raw_unit_sha256"": ""b79b0f06358e7ea183a88d5c09ad80ee4ab1ae45f03f1e20849d2d4bb76e90a2""}"	"{""stable_id"": ""greek-book10-num30"", ""paragraph"": 8, ""xpath"": ""/*/*/*/*[2]/*[2]/*[7]"", ""text_node_path"": ""/TEI[1]/text[1]/body[1]/div1[1]/div2[2]/p[7]/num[3]/tail()"", ""node_offset"": 254, ""unit_offset"": 733, ""book_offset"": 9647, ""raw_byte"": 20535, ""left"": ""ῖν αὐτούς: ἐπιδεῖξαι δὲ πάντ᾽ αὐτοῖς, ὅπως ἰδόντες τὸν πλοῦτον καὶ τὴν δύναμιν ἐκ τούτου στοχαζόμενοι σημαίνειν ἔχωσι τῷ βασιλεῖ. "", ""right"": ""ὁ δὲ προφήτης ὑποτυχών ‘ἴσθι’  , φησίν, ‘οὐ μετ᾽ ὀλίγον χρόνον εἰς Βαβυλῶνά σου τοῦτον μετατεθησόμενον τὸν πλοῦτον καὶ τοὺς ἐκγόνους εὐνουχισθησομένους καὶ ἀπολέσαντας τὸ ἄνδρας εἶναι τῷ Βαβυλωνίῳ δουλεύσοντας βασιλεῖ: ταῦτα γὰρ προλέγειν τ"", ""parsed_unit_sha256"": ""9fd60b4f5bf81c5f75a7e1e3beca59dfd113e9f9a445d86324326e7fbf15b837"", ""raw_unit_sha256"": ""4e2290b4a73f929e112a07c031d3a4696f623fda0acf80e32f80fa9765385fad""}"	9613	Paired physical starts elected by the editor after printed-collation review. Candidate only; no application authorized.	False	True
10	34	INTERNAL-BUT-EXACT	HIGH_INDIVIDUALLY_REVIEWED	PRESENT	PROPOSED_INTERNAL_MILESTONE	Ezechias autem contristatus	latin-book10-num30	"{""stable_id"": ""latin-book10-num30"", ""paragraph"": 7, ""xpath"": ""/*/*[2]/*/*[2]/*[3]/*[2]"", ""text_node_path"": ""/TEI[1]/text[1]/body[1]/div1[1]/div2[3]/p[2]/expan[1]/tail()"", ""node_offset"": 396, ""unit_offset"": 885, ""book_offset"": 9613, ""raw_byte"": 12914, ""left"": ""er et nepotes tuos eunuchos esse fa sciendos, et ammissuros uirile nomen et regi babyloniae seruituros. Haec enim praedixit deus. "", ""right"": ""Ezechias autem contristatus in his quae dicta fuerant, ait. Non sequidem uelle suam gentem in talibus erumnis incurreret, sed quia inpossibile est quae apud deum deliberata sunt posse mutari rogabat, ut usque ad uitam ipsius par permaneret."", ""parsed_unit_sha256"": ""54267b398a458b7eb8608f08d4d351025dcf7d7d35427c25ac1af72b1c892705"", ""raw_unit_sha256"": ""b79b0f06358e7ea183a88d5c09ad80ee4ab1ae45f03f1e20849d2d4bb76e90a2""}"	"{""stable_id"": ""greek-book10-num30"", ""paragraph"": 8, ""xpath"": ""/*/*/*/*[2]/*[2]/*[7]"", ""text_node_path"": ""/TEI[1]/text[1]/body[1]/div1[1]/div2[2]/p[7]/num[5]/tail()"", ""node_offset"": 1, ""unit_offset"": 984, ""book_offset"": 9898, ""raw_byte"": 21056, ""left"": ""ὺς ἐκγόνους εὐνουχισθησομένους καὶ ἀπολέσαντας τὸ ἄνδρας εἶναι τῷ Βαβυλωνίῳ δουλεύσοντας βασιλεῖ: ταῦτα γὰρ προλέγειν τὸν θεόν.’  "", ""right"": ""ὁ δ᾽ Ἐζεκίας λυπηθεὶς ἐπὶ τοῖς εἰρημένοις ἔφη μὲν οὐκ ἂν βούλεσθαι τοιαύταις συμφοραῖς τὸ ἔθνος αὐτοῦ περιπεσεῖν, ἐπεὶ δ᾽ οὐκ εἶναι δυνατὸν τὰ τῷ θεῷ δεδογμένα μεταβαλεῖν, ηὔχετο μέχρι τῆς αὐτοῦ ζωῆς εἰρήνην ὑπάρξαι. μνημονεύει δὲ τοῦ τῶν Β"", ""parsed_unit_sha256"": ""9fd60b4f5bf81c5f75a7e1e3beca59dfd113e9f9a445d86324326e7fbf15b837"", ""raw_unit_sha256"": ""4e2290b4a73f929e112a07c031d3a4696f623fda0acf80e32f80fa9765385fad""}"	9903	Ezechias autem contristatus begins response to the oracle after its conclusion.	False	True
10	35	INTERNAL-BUT-EXACT	HIGH_INDIVIDUALLY_REVIEWED	PRESENT	PROPOSED_INTERNAL_MILESTONE	Cum itaque propheta	latin-book10-num30	"{""stable_id"": ""latin-book10-num30"", ""paragraph"": 7, ""xpath"": ""/*/*[2]/*/*[2]/*[3]/*[2]"", ""text_node_path"": ""/TEI[1]/text[1]/body[1]/div1[1]/div2[3]/p[2]/note[3]/tail()"", ""node_offset"": 2, ""unit_offset"": 1175, ""book_offset"": 9903, ""raw_byte"": 13283, ""left"": ""m deliberata sunt posse mutari rogabat, ut usque ad uitam ipsius par permaneret. Meminit autem baladi regis babyloniorum forosus. "", ""right"": ""Cum itaque propheta esaias indubitanter et mirabiliter de ueritate confideret et nihil falsi positus loqueretur. Omnia quae cumque prophetauit scribens dereliquit in libris ut ex effectu postea omnibus appareret, et non solus iste propheta "", ""parsed_unit_sha256"": ""54267b398a458b7eb8608f08d4d351025dcf7d7d35427c25ac1af72b1c892705"", ""raw_unit_sha256"": ""b79b0f06358e7ea183a88d5c09ad80ee4ab1ae45f03f1e20849d2d4bb76e90a2""}"	"{""stable_id"": ""greek-book10-num30"", ""paragraph"": 8, ""xpath"": ""/*/*/*/*[2]/*[2]/*[7]"", ""text_node_path"": ""/TEI[1]/text[1]/body[1]/div1[1]/div2[2]/p[7]/num[6]/tail()"", ""node_offset"": 1, ""unit_offset"": 1260, ""book_offset"": 10174, ""raw_byte"": 21614, ""left"": ""θεῷ δεδογμένα μεταβαλεῖν, ηὔχετο μέχρι τῆς αὐτοῦ ζωῆς εἰρήνην ὑπάρξαι. μνημονεύει δὲ τοῦ τῶν Βαβυλωνίων βασιλέως Βαλαδᾶ Βηρωσός.  "", ""right"": ""ὢν δ᾽ οὗτος ὁ προφήτης θεῖος ὁμολογουμένως καὶ θαυμάσιος τὴν ἀλήθειαν, πεποιθὼς τῷ μηδὲν ὅλως ψευδὲς εἰπεῖν ἅπανθ᾽ ὅσα προεφήτευσεν ἐγγράψας βίβλοις κατέλιπεν ἐκ τοῦ τέλους γνωρισθησόμενα τοῖς αὖθις ἀνθρώποις. καὶ οὐχ οὗτος μόνος ὁ προφήτης"", ""parsed_unit_sha256"": ""9fd60b4f5bf81c5f75a7e1e3beca59dfd113e9f9a445d86324326e7fbf15b837"", ""raw_unit_sha256"": ""4e2290b4a73f929e112a07c031d3a4696f623fda0acf80e32f80fa9765385fad""}"	10309	Cum itaque propheta esaias begins the author's account of Isaiah's reliability after the Berosus notice.	False	True
10	36	EXACT	HIGH	PRESENT	INHERITED_START	Ezechias autem rex dum super uixisset tempus quod 	latin-book10-num36	"{""stable_id"": ""latin-book10-num36"", ""paragraph"": 8, ""xpath"": ""/*/*[2]/*/*[2]/*[4]/*"", ""text_node_path"": ""/TEI[1]/text[1]/body[1]/div1[1]/div2[4]/p[1]/num[1]/tail()"", ""node_offset"": 1, ""unit_offset"": 1, ""book_offset"": 10309, ""raw_byte"": 13795, ""left"": ""unt. Et omnes sine bonum sine contrarium fit apud nos secundum dictum prouenire dinoscitur, sed horum singula denuo declarauimus. "", ""right"": ""Ezechias autem rex dum super uixisset tempus quod praediximus et omne illud digisset spatium mortuus anno uite suae quinquagesimo quarto, in quibus regnauit XX nouem. Cui successit in regno filius proprius nomine mannasses. De matre quidem "", ""parsed_unit_sha256"": ""eea7f276d5fbc19e8b3e957dd9ca4baa1e8616e0f81410673ceee0e349da01ea"", ""raw_unit_sha256"": ""1d74bc2715ed3e7ea68ff32b5e1052bbe931acb6ec3493c77bdb5c230287f3d2""}"	"{""stable_id"": ""greek-book10-num36"", ""paragraph"": 9, ""xpath"": ""/*/*/*/*[2]/*[2]/*[8]"", ""text_node_path"": ""/TEI[1]/text[1]/body[1]/div1[1]/div2[2]/p[8]/num[1]/tail()"", ""node_offset"": 1, ""unit_offset"": 1, ""book_offset"": 10590, ""raw_byte"": 22519, ""left"": ""οίησαν, καὶ πᾶν εἴ τι φαῦλον γίνεται παρ᾽ ἡμῖν κατὰ τὴν ἐκείνων ἀποβαίνει προφητείαν. ἀλλὰ τούτων μὲν αὖθις ἐξαγγελοῦμεν ἕκαστον. "", ""right"": ""Ἐπιβιοὺς δ᾽ ὃν προειρήκαμεν χρόνον ὁ βασιλεὺς Ἐζεκίας καὶ πάντα τοῦτον ἐν εἰρήνῃ διαγαγὼν τελευτᾷ πεντηκοστὸν μὲν καὶ τέταρτον ἔτος τῆς ζωῆς διανύσας, εἴκοσι δὲ βασιλεύσας καὶ ἐννέα.  διαδεξάμενος δὲ τὴν βασιλείαν ὁ παῖς αὐτοῦ Μανασσῆς ἐκ μ"", ""parsed_unit_sha256"": ""a7d01656279a75c11831dc721f712a7e428fd311b7792d03e070537de3169715"", ""raw_unit_sha256"": ""082078b81447bbb353ab0652dbb257493e7998de419b564bcfdcf8534f8d9d15""}"	10476	Independent printed Greek start and individually read Latin counterpart agree.	False	True
10	37	INTERNAL-BUT-EXACT	HIGH_INDIVIDUALLY_REVIEWED	PRESENT	PROPOSED_INTERNAL_MILESTONE	Cui successit in regno filius proprius	latin-book10-num36	"{""stable_id"": ""latin-book10-num36"", ""paragraph"": 8, ""xpath"": ""/*/*[2]/*/*[2]/*[4]/*"", ""text_node_path"": ""/TEI[1]/text[1]/body[1]/div1[1]/div2[4]/p[1]/num[1]/tail()"", ""node_offset"": 168, ""unit_offset"": 168, ""book_offset"": 10476, ""raw_byte"": 13962, ""left"": "" tempus quod praediximus et omne illud digisset spatium mortuus anno uite suae quinquagesimo quarto, in quibus regnauit XX nouem. "", ""right"": ""Cui successit in regno filius proprius nomine mannasses. De matre quidem nomine ezhibeiue qui paternis uoluntatibus ab sci sus et ad diuersa conusersus omne genus malignitatis ostendit, et nihil impium derelinquit, sed iniquitates israelita"", ""parsed_unit_sha256"": ""eea7f276d5fbc19e8b3e957dd9ca4baa1e8616e0f81410673ceee0e349da01ea"", ""raw_unit_sha256"": ""1d74bc2715ed3e7ea68ff32b5e1052bbe931acb6ec3493c77bdb5c230287f3d2""}"	"{""stable_id"": ""greek-book10-num36"", ""paragraph"": 9, ""xpath"": ""/*/*/*/*[2]/*[2]/*[8]"", ""text_node_path"": ""/TEI[1]/text[1]/body[1]/div1[1]/div2[2]/p[8]/num[2]/tail()"", ""node_offset"": 1, ""unit_offset"": 185, ""book_offset"": 10774, ""raw_byte"": 22895, ""left"": ""καὶ πάντα τοῦτον ἐν εἰρήνῃ διαγαγὼν τελευτᾷ πεντηκοστὸν μὲν καὶ τέταρτον ἔτος τῆς ζωῆς διανύσας, εἴκοσι δὲ βασιλεύσας καὶ ἐννέα.  "", ""right"": ""διαδεξάμενος δὲ τὴν βασιλείαν ὁ παῖς αὐτοῦ Μανασσῆς ἐκ μητρὸς μὲν Ἐχίβας τοὔνομα πολίτιδος γεγονώς, ἀπέρρηξεν ἑαυτὸν τῶν τοῦ πατρὸς ἐπιτηδευμάτων καὶ τὴν ἐναντίαν ἐτράπετο πᾶν εἶδος πονηρίας ἐπιδειξάμενος ἐν τῷ τρόπῳ καὶ μηδὲν ἀσεβὲς παραλι"", ""parsed_unit_sha256"": ""a7d01656279a75c11831dc721f712a7e428fd311b7792d03e070537de3169715"", ""raw_unit_sha256"": ""082078b81447bbb353ab0652dbb257493e7998de419b564bcfdcf8534f8d9d15""}"	10866	Cui successit begins Manasseh's accession after Hezekiah's death/reign totals.	False	True
10	38	INTERNAL-BUT-EXACT	HIGH_INDIVIDUALLY_REVIEWED	PRESENT	PROPOSED_INTERNAL_MILESTONE	Nam spernendo deum	latin-book10-num36	"{""stable_id"": ""latin-book10-num36"", ""paragraph"": 8, ""xpath"": ""/*/*[2]/*/*[2]/*[4]/*"", ""text_node_path"": ""/TEI[1]/text[1]/body[1]/div1[1]/div2[4]/p[1]/cb[1]/tail()"", ""node_offset"": 0, ""unit_offset"": 558, ""book_offset"": 10866, ""raw_byte"": 14365, ""left"": ""ibus in deum delinquentes affligebantur. presumpsit autem etiam templum dei polluere simul et ciuitatem omnemque pariter regionem."", ""right"": ""Nam spernendo deum adhoc usque peruenit ut omnes hebraeorum iustos occideret, neque prophetis parceret, quorum cottidie singulos perimebat et eorum sanguine hierosolimorum plateas inrigabat. In his autem iratus deus misit ad regem et populu"", ""parsed_unit_sha256"": ""eea7f276d5fbc19e8b3e957dd9ca4baa1e8616e0f81410673ceee0e349da01ea"", ""raw_unit_sha256"": ""1d74bc2715ed3e7ea68ff32b5e1052bbe931acb6ec3493c77bdb5c230287f3d2""}"	"{""stable_id"": ""greek-book10-num36"", ""paragraph"": 9, ""xpath"": ""/*/*/*/*[2]/*[2]/*[8]"", ""text_node_path"": ""/TEI[1]/text[1]/body[1]/div1[1]/div2[2]/p[8]/num[3]/tail()"", ""node_offset"": 1, ""unit_offset"": 592, ""book_offset"": 11181, ""raw_byte"": 23713, ""left"": ""ῶν παρανομίας, οἳ εἰς τὸν θεὸν ἁμαρτόντες ἀπώλοντο: μιᾶναι δὲ καὶ τὸν ναὸν ἐτόλμησε τοῦ θεοῦ καὶ τὴν πόλιν καὶ τὴν χώραν ἅπασαν.  "", ""right"": ""ἀπὸ γὰρ τῆς εἰς τὸν θεὸν καταφρονήσεως ὁρμώμενος πάντας τοὺς δικαίους τοὺς ἐν τοῖς Ἑβραίοις ἀπέκτεινεν, ἀλλ᾽ οὐδὲ τῶν προφητῶν ἔσχε φειδὼ καὶ τούτων δέ τινας καθ᾽ ἡμέραν ἀπέσφαζεν, ὥστε αἵματι ῥεῖσθαι τὰ Ἱεροσόλυμα.  λαβὼν οὖν ὀργὴν ἐπὶ τού"", ""parsed_unit_sha256"": ""a7d01656279a75c11831dc721f712a7e428fd311b7792d03e070537de3169715"", ""raw_unit_sha256"": ""082078b81447bbb353ab0652dbb257493e7998de419b564bcfdcf8534f8d9d15""}"	11057	Nam spernendo deum begins slaughter of the righteous after the general pollution account.	False	True
10	39	INTERNAL-BUT-EXACT	HIGH_INDIVIDUALLY_REVIEWED	PRESENT	PROPOSED_INTERNAL_MILESTONE	In his autem iratus	latin-book10-num36	"{""stable_id"": ""latin-book10-num36"", ""paragraph"": 8, ""xpath"": ""/*/*[2]/*/*[2]/*[4]/*"", ""text_node_path"": ""/TEI[1]/text[1]/body[1]/div1[1]/div2[4]/p[1]/cb[1]/tail()"", ""node_offset"": 191, ""unit_offset"": 749, ""book_offset"": 11057, ""raw_byte"": 14556, ""left"": ""ustos occideret, neque prophetis parceret, quorum cottidie singulos perimebat et eorum sanguine hierosolimorum plateas inrigabat. "", ""right"": ""In his autem iratus deus misit ad regem et populum per quos inter minatus est easdem ei futuras calamitates inquibus incurrerant frates eorum israelitae cum ei iniuras intulissent. Illi uero eorum non credere verbis quibus lucrari potuerunt"", ""parsed_unit_sha256"": ""eea7f276d5fbc19e8b3e957dd9ca4baa1e8616e0f81410673ceee0e349da01ea"", ""raw_unit_sha256"": ""1d74bc2715ed3e7ea68ff32b5e1052bbe931acb6ec3493c77bdb5c230287f3d2""}"	"{""stable_id"": ""greek-book10-num36"", ""paragraph"": 9, ""xpath"": ""/*/*/*/*[2]/*[2]/*[8]"", ""text_node_path"": ""/TEI[1]/text[1]/body[1]/div1[1]/div2[2]/p[8]/num[4]/tail()"", ""node_offset"": 1, ""unit_offset"": 809, ""book_offset"": 11398, ""raw_byte"": 24156, ""left"": ""ίοις ἀπέκτεινεν, ἀλλ᾽ οὐδὲ τῶν προφητῶν ἔσχε φειδὼ καὶ τούτων δέ τινας καθ᾽ ἡμέραν ἀπέσφαζεν, ὥστε αἵματι ῥεῖσθαι τὰ Ἱεροσόλυμα.  "", ""right"": ""λαβὼν οὖν ὀργὴν ἐπὶ τούτοις ὁ θεὸς πέμπει προφήτας πρὸς τὸν βασιλέα καὶ τὸ πλῆθος, δι᾽ ὧν αὐτοῖς ἠπείλησε τὰς αὐτὰς συμφοράς, αἷς συνέβη περιπεσεῖν τοὺς ἀδελφοὺς αὐτῶν Ἰσραηλίτας εἰς αὐτὸν ἐξυβρίζοντας. οἱ δὲ τοῖς μὲν λόγοις οὐκ ἐπίστευον, "", ""parsed_unit_sha256"": ""a7d01656279a75c11831dc721f712a7e428fd311b7792d03e070537de3169715"", ""raw_unit_sha256"": ""082078b81447bbb353ab0652dbb257493e7998de419b564bcfdcf8534f8d9d15""}"	11378	In his autem iratus deus begins the divine warning after the bloodshed.	False	True
10	40	EXACT	HIGH	PRESENT	INHERITED_START	Igitur dum in perseverarent bellum super eos intul	latin-book10-num40	"{""stable_id"": ""latin-book10-num40"", ""paragraph"": 9, ""xpath"": ""/*/*[2]/*/*[2]/*[5]/*[1]"", ""text_node_path"": ""/TEI[1]/text[1]/body[1]/div1[1]/div2[5]/p[1]/num[1]/tail()"", ""node_offset"": 1, ""unit_offset"": 1, ""book_offset"": 11378, ""raw_byte"": 14984, ""left"": ""eorum non credere verbis quibus lucrari potuerunt nihil mali paterentur. Operibus autem cognouerunt fuisse uera quae a prophetis. "", ""right"": ""Igitur dum in perseverarent bellum super eos intulit regis babyloniorum et caldeorum. Is enim misso exercitu in iudaeam et regionem eorum depopulatus est, et regem mannasse dolo captum et ad se deductum habuit ad ea quea uoluit tormenta sub"", ""parsed_unit_sha256"": ""e7ca94f31adf9c8ec127d0054bfa36798c3641f12af55113388984fc26dddcc4"", ""raw_unit_sha256"": ""e70388efc09c4c190863a15a78196ca4d30caad2828c3083fec245d4b95b2995""}"	"{""stable_id"": ""greek-book10-num40"", ""paragraph"": 10, ""xpath"": ""/*/*/*/*[2]/*[2]/*[9]"", ""text_node_path"": ""/TEI[1]/text[1]/body[1]/div1[1]/div2[2]/p[9]/num[1]/tail()"", ""node_offset"": 1, ""unit_offset"": 1, ""book_offset"": 11743, ""raw_byte"": 24926, ""left"": ""ὲν λόγοις οὐκ ἐπίστευον, παρ᾽ ὧν ἠδύναντο κερδῆσαι τὸ μηδενὸς πειραθῆναι κακοῦ, τοῖς δ᾽ ἔργοις ἔμαθον ἀληθῆ τὰ παρὰ τῶν προφητῶν. "", ""right"": ""Ὡς γὰρ τοῖς αὐτοῖς ἐπέμενον, πόλεμον ἐπ᾽ αὐτοὺς ἐκίνει παρά τε τοῦ τῶν Βαβυλωνίων καὶ Χαλδαίων βασιλέως, ὃς στρατιὰν πέμψας εἰς τὴν Ἰουδαίαν τήν τε χώραν αὐτῶν ἐλεηλάτησε καὶ τὸν βασιλέα Μανασσῆν δόλῳ ληφθέντα καὶ πρὸς αὐτὸν ἀχθέντα πρὸς ἣν"", ""parsed_unit_sha256"": ""1f94a245cb7efae3e2d001f63bf7c0b4b4fa9b7e286f24add9cb08b3f8484e07"", ""raw_unit_sha256"": ""606a337366d2a57ccbc632f6ac0099b8a5e4a3e408a1152426a33d61dc2c85f7""}"	11626	Independent printed Greek start and individually read Latin counterpart agree.	False	True
10	41	INTERNAL-BUT-EXACT	HIGH_INDIVIDUALLY_REVIEWED	PRESENT	PROPOSED_INTERNAL_MILESTONE	Mannasses autem tunc	latin-book10-num40	"{""stable_id"": ""latin-book10-num40"", ""paragraph"": 9, ""xpath"": ""/*/*[2]/*/*[2]/*[5]/*[1]"", ""text_node_path"": ""/TEI[1]/text[1]/body[1]/div1[1]/div2[5]/p[1]/num[1]/tail()"", ""node_offset"": 249, ""unit_offset"": 249, ""book_offset"": 11626, ""raw_byte"": 15232, ""left"": ""m et regionem eorum depopulatus est, et regem mannasse dolo captum et ad se deductum habuit ad ea quea uoluit tormenta subiectum. "", ""right"": ""Mannasses autem tunc intellegens in quibus malis esset, et horum omnium se arbitratus auctorem supplicabat deo, ut et hostem suum dementem faceret atque misericordem. Cuius orationem deus exaudiens hoc ei concessit et remissus a rege babylo"", ""parsed_unit_sha256"": ""e7ca94f31adf9c8ec127d0054bfa36798c3641f12af55113388984fc26dddcc4"", ""raw_unit_sha256"": ""e70388efc09c4c190863a15a78196ca4d30caad2828c3083fec245d4b95b2995""}"	"{""stable_id"": ""greek-book10-num40"", ""paragraph"": 10, ""xpath"": ""/*/*/*/*[2]/*[2]/*[9]"", ""text_node_path"": ""/TEI[1]/text[1]/body[1]/div1[1]/div2[2]/p[9]/num[2]/tail()"", ""node_offset"": 1, ""unit_offset"": 279, ""book_offset"": 12021, ""raw_byte"": 25485, ""left"": ""χώραν αὐτῶν ἐλεηλάτησε καὶ τὸν βασιλέα Μανασσῆν δόλῳ ληφθέντα καὶ πρὸς αὐτὸν ἀχθέντα πρὸς ἣν ἠβούλετο τιμωρίαν εἶχεν ὑποχείριον.  "", ""right"": ""ὁ δὲ Μανασσῆς τότε συνεὶς ἐν οἵοις κακοῖς ἐστι καὶ πάντων ἑαυτὸν αἴτιον νομίζων ἐδεῖτο τοῦ θεοῦ παρέχειν αὐτῷ φιλάνθρωπον καὶ ἐλεήμονα τὸν πολέμιον. χαρίζεται τοῦτο τῆς ἱκεσίας ἐπακούσας ὁ θεὸς αὐτῷ καὶ πάλιν εἰς τὴν οἰκείαν ὁ Μανασσῆς ἀπολ"", ""parsed_unit_sha256"": ""1f94a245cb7efae3e2d001f63bf7c0b4b4fa9b7e286f24add9cb08b3f8484e07"", ""raw_unit_sha256"": ""606a337366d2a57ccbc632f6ac0099b8a5e4a3e408a1152426a33d61dc2c85f7""}"	11900	Mannasses autem tunc begins recognition and repentance after captivity and threatened punishment.	False	True
10	42	INTERNAL-BUT-EXACT	HIGH_INDIVIDUALLY_REVIEWED	PRESENT	PROPOSED_INTERNAL_MILESTONE	Cumque uenisset ad hierosolimam	latin-book10-num40	"{""stable_id"": ""latin-book10-num40"", ""paragraph"": 9, ""xpath"": ""/*/*[2]/*/*[2]/*[5]/*[1]"", ""text_node_path"": ""/TEI[1]/text[1]/body[1]/div1[1]/div2[5]/p[1]/num[1]/tail()"", ""node_offset"": 523, ""unit_offset"": 523, ""book_offset"": 11900, ""raw_byte"": 15506, ""left"": ""et atque misericordem. Cuius orationem deus exaudiens hoc ei concessit et remissus a rege babyloniorum ad sua regna reuersus est. "", ""right"": ""Cumque uenisset ad hierosolimam priorum quidem delictorum quae circa deum gesserat, studebat etiam memoriam si esset possibile ab animo suo repellere. Et ad seruitutem eius et omnem cultus diuine religionis accedere templumque purgaret et c"", ""parsed_unit_sha256"": ""e7ca94f31adf9c8ec127d0054bfa36798c3641f12af55113388984fc26dddcc4"", ""raw_unit_sha256"": ""e70388efc09c4c190863a15a78196ca4d30caad2828c3083fec245d4b95b2995""}"	"{""stable_id"": ""greek-book10-num40"", ""paragraph"": 10, ""xpath"": ""/*/*/*/*[2]/*[2]/*[9]"", ""text_node_path"": ""/TEI[1]/text[1]/body[1]/div1[1]/div2[2]/p[9]/num[3]/tail()"", ""node_offset"": 1, ""unit_offset"": 570, ""book_offset"": 12312, ""raw_byte"": 26075, ""left"": ""ῦτο τῆς ἱκεσίας ἐπακούσας ὁ θεὸς αὐτῷ καὶ πάλιν εἰς τὴν οἰκείαν ὁ Μανασσῆς ἀπολυθεὶς ὑπὸ τοῦ τῶν Βαβυλωνίων βασιλέως ἀνασώζεται.  "", ""right"": ""γενόμενος δ᾽ εἰς τὰ Ἱεροσόλυμα τῶν μὲν προτέρων ἁμαρτημάτων περὶ τὸν θεὸν καὶ τὴν μνήμην ἐσπούδαζεν, εἰ δυνατὸν αὐτῷ γένοιτο, τῆς ψυχῆς ἐκβαλεῖν, ὧν ἐπιβουλεύειν ὥρμησε καὶ πάσῃ χρῆσθαι περὶ αὐτὸν δεισιδαιμονίᾳ: καὶ τὸν ναὸν ἥγνισε καὶ τὴν "", ""parsed_unit_sha256"": ""1f94a245cb7efae3e2d001f63bf7c0b4b4fa9b7e286f24add9cb08b3f8484e07"", ""raw_unit_sha256"": ""606a337366d2a57ccbc632f6ac0099b8a5e4a3e408a1152426a33d61dc2c85f7""}"	12285	Cumque uenisset begins reform on return after Babylonian release.	False	True
10	43	INTERNAL-BUT-EXACT	HIGH_INDIVIDUALLY_REVIEWED	PRESENT	PROPOSED_INTERNAL_MILESTONE	Haec autem ipse	latin-book10-num40	"{""stable_id"": ""latin-book10-num40"", ""paragraph"": 9, ""xpath"": ""/*/*[2]/*/*[2]/*[5]/*[1]"", ""text_node_path"": ""/TEI[1]/text[1]/body[1]/div1[1]/div2[5]/p[1]/expan[1]/tail()"", ""node_offset"": 213, ""unit_offset"": 908, ""book_offset"": 12285, ""raw_byte"": 15906, ""left"": ""oc solum erat decetero constitus ur gratias deo pro dono salutis exsolueret, quatenus in omni uita euis ei pro pitius permaneret. "", ""right"": ""Haec autem ipse et populum agere docuit agnoscens in quibus calamitatibus incidisset, propter ritum quiscaem conuersationi erat adversus aedificans rursus altare sollempnes hostias immolabat, sicut consituit moyses diuinam exponendo cultura"", ""parsed_unit_sha256"": ""e7ca94f31adf9c8ec127d0054bfa36798c3641f12af55113388984fc26dddcc4"", ""raw_unit_sha256"": ""e70388efc09c4c190863a15a78196ca4d30caad2828c3083fec245d4b95b2995""}"	"{""stable_id"": ""greek-book10-num40"", ""paragraph"": 10, ""xpath"": ""/*/*/*/*[2]/*[2]/*[9]"", ""text_node_path"": ""/TEI[1]/text[1]/body[1]/div1[1]/div2[2]/p[9]/num[4]/tail()"", ""node_offset"": 1, ""unit_offset"": 941, ""book_offset"": 12683, ""raw_byte"": 26822, ""left"": ""όλιν ἐκάθηρε καὶ πρὸς μόνῳ τὸ λοιπὸν ἦν τῷ χάριν τε τῆς σωτηρίας ἐκτείνειν τῷ θεῷ καὶ διατηρεῖν αὐτὸν εὐμενῆ παρ᾽ ὅλον τὸν βίον.  "", ""right"": ""τὰ δὲ αὐτὰ πράττειν καὶ τὸ πλῆθος ἐδίδασκε μεμαθηκώς, οἵᾳ παρὰ μικρὸν ἐχρήσατο συμφορᾷ διὰ τὴν ἐναντίαν πολιτείαν. ἐπισκευάσας δὲ καὶ τὸν βωμὸν τὰς νομίμους θυσίας ἐπετέλει, καθὼς διέταξε Μωυσῆς.  διοικησάμενος δὲ τὰ περὶ τὴν θρησκείαν ὃν δ"", ""parsed_unit_sha256"": ""1f94a245cb7efae3e2d001f63bf7c0b4b4fa9b7e286f24add9cb08b3f8484e07"", ""raw_unit_sha256"": ""606a337366d2a57ccbc632f6ac0099b8a5e4a3e408a1152426a33d61dc2c85f7""}"	12528	Haec autem ipse et populum begins instruction to the people after personal supplication.	False	True
10	44	INTERNAL-BUT-EXACT	HIGH_INDIVIDUALLY_REVIEWED	PRESENT	PROPOSED_INTERNAL_MILESTONE	Eodem itaque modo	latin-book10-num40	"{""stable_id"": ""latin-book10-num40"", ""paragraph"": 9, ""xpath"": ""/*/*[2]/*/*[2]/*[5]/*[1]"", ""text_node_path"": ""/TEI[1]/text[1]/body[1]/div1[1]/div2[5]/p[1]/note[1]/tail()"", ""node_offset"": 135, ""unit_offset"": 1151, ""book_offset"": 12528, ""raw_byte"": 16229, ""left"": ""ersationi erat adversus aedificans rursus altare sollempnes hostias immolabat, sicut consituit moyses diuinam exponendo culturam. "", ""right"": ""Eodem itaque modo et pro hierosolimorum castella cogitauitita ut etiam muros antiquos cum multo studio repararet et alios ultra eos erigeret et turres eminentissimas exaltaret. Custodias uero quea ante ciuitatem fiunt, multa munitione firma"", ""parsed_unit_sha256"": ""e7ca94f31adf9c8ec127d0054bfa36798c3641f12af55113388984fc26dddcc4"", ""raw_unit_sha256"": ""e70388efc09c4c190863a15a78196ca4d30caad2828c3083fec245d4b95b2995""}"	"{""stable_id"": ""greek-book10-num40"", ""paragraph"": 10, ""xpath"": ""/*/*/*/*[2]/*[2]/*[9]"", ""text_node_path"": ""/TEI[1]/text[1]/body[1]/div1[1]/div2[2]/p[9]/num[5]/tail()"", ""node_offset"": 1, ""unit_offset"": 1138, ""book_offset"": 12880, ""raw_byte"": 27222, ""left"": ""ὸν ἐχρήσατο συμφορᾷ διὰ τὴν ἐναντίαν πολιτείαν. ἐπισκευάσας δὲ καὶ τὸν βωμὸν τὰς νομίμους θυσίας ἐπετέλει, καθὼς διέταξε Μωυσῆς.  "", ""right"": ""διοικησάμενος δὲ τὰ περὶ τὴν θρησκείαν ὃν δεῖ τρόπον καὶ τῆς τῶν Ἱεροσολύμων ἀσφαλείας προενόησεν, ὥστε τὰ παλαιὰ τείχη μετὰ πολλῆς ἐπισκευάσας σπουδῆς καὶ ἕτερον αὐτοῖς ἐπιβαλεῖν, ἀναστῆσαί τε καὶ πύργους ὑψηλοτάτους τά τε πρὸ τῆς πόλεως φ"", ""parsed_unit_sha256"": ""1f94a245cb7efae3e2d001f63bf7c0b4b4fa9b7e286f24add9cb08b3f8484e07"", ""raw_unit_sha256"": ""606a337366d2a57ccbc632f6ac0099b8a5e4a3e408a1152426a33d61dc2c85f7""}"	12772	Eodem itaque modo begins further ordering and Jerusalem's defences after restored sacrifices; Latin compresses the religious frame.	False	True
10	45	INTERNAL-BUT-EXACT	HIGH_INDIVIDUALLY_REVIEWED	PRESENT	PROPOSED_INTERNAL_MILESTONE	et sic in omnibus	latin-book10-num40	"{""stable_id"": ""latin-book10-num40"", ""paragraph"": 9, ""xpath"": ""/*/*[2]/*/*[2]/*[5]/*[1]"", ""text_node_path"": ""/TEI[1]/text[1]/body[1]/div1[1]/div2[5]/p[1]/note[2]/tail()"", ""node_offset"": 183, ""unit_offset"": 1395, ""book_offset"": 12772, ""raw_byte"": 16572, ""left"": ""t alios ultra eos erigeret et turres eminentissimas exaltaret. Custodias uero quea ante ciuitatem fiunt, multa munitione firmauit "", ""right"": ""et sic in omnibus a priori conuersatione mutatus  est. Et post haec uitam habuit beatissimam et multi imitatores eius essent ex quo coepit dei colere pietatem. Quicum uixisset annis sexaginta et septem, et regnasset quinquaginta et quinque,"", ""parsed_unit_sha256"": ""e7ca94f31adf9c8ec127d0054bfa36798c3641f12af55113388984fc26dddcc4"", ""raw_unit_sha256"": ""e70388efc09c4c190863a15a78196ca4d30caad2828c3083fec245d4b95b2995""}"	"{""stable_id"": ""greek-book10-num40"", ""paragraph"": 10, ""xpath"": ""/*/*/*/*[2]/*[2]/*[9]"", ""text_node_path"": ""/TEI[1]/text[1]/body[1]/div1[1]/div2[2]/p[9]/num[6]/tail()"", ""node_offset"": 1, ""unit_offset"": 1467, ""book_offset"": 13209, ""raw_byte"": 27881, ""left"": ""ύργους ὑψηλοτάτους τά τε πρὸ τῆς πόλεως φρούρια τοῖς τ᾽ ἄλλοις καὶ δὴ καὶ σιτίων πάντων τῶν εἰς αὐτὰ χρησίμων ὀχυρώτερα ποιῆσαι.  "", ""right"": ""ἀμέλει δὲ τῇ πρὸς ταῦτα μεταβολῇ χρησάμενος οὕτω τὸν μεταξὺ διῆγε βίον, ὡς μακαριστὸς εἶναι καὶ ζηλωτὸς ἐκείνου τοῦ χρόνου λογιζομένου, ἀφ᾽ οὗ τὸν θεὸν εὐσεβεῖν ἤρξατο.  ζήσας οὖν ἔτη ἑξήκοντα ἑπτὰ κατέστρεψε τὸν βίον βασιλεύσας ἔτη πέντε κ"", ""parsed_unit_sha256"": ""1f94a245cb7efae3e2d001f63bf7c0b4b4fa9b7e286f24add9cb08b3f8484e07"", ""raw_unit_sha256"": ""606a337366d2a57ccbc632f6ac0099b8a5e4a3e408a1152426a33d61dc2c85f7""}"	12932	et sic in omnibus begins the changed way of life after fortification.	False	True
10	46	INTERNAL-BUT-EXACT	HIGH_INDIVIDUALLY_REVIEWED	PRESENT	PROPOSED_INTERNAL_MILESTONE	Quicum uixisset annis sexaginta	latin-book10-num40	"{""stable_id"": ""latin-book10-num40"", ""paragraph"": 9, ""xpath"": ""/*/*[2]/*/*[2]/*[5]/*[1]"", ""text_node_path"": ""/TEI[1]/text[1]/body[1]/div1[1]/div2[5]/p[1]/cb[1]/tail()"", ""node_offset"": 111, ""unit_offset"": 1555, ""book_offset"": 12932, ""raw_byte"": 16797, ""left"": ""uersatione mutatus  est. Et post haec uitam habuit beatissimam et multi imitatores eius essent ex quo coepit dei colere pietatem. "", ""right"": ""Quicum uixisset annis sexaginta et septem, et regnasset quinquaginta et quinque, defunctus est et sepultus est in suis hortis. Cuius regnum peruenit ad eius filium ammon, et nomen matris eius fuit maselmis de ciuitate iecabath, quidum imita"", ""parsed_unit_sha256"": ""e7ca94f31adf9c8ec127d0054bfa36798c3641f12af55113388984fc26dddcc4"", ""raw_unit_sha256"": ""e70388efc09c4c190863a15a78196ca4d30caad2828c3083fec245d4b95b2995""}"	"{""stable_id"": ""greek-book10-num40"", ""paragraph"": 10, ""xpath"": ""/*/*/*/*[2]/*[2]/*[9]"", ""text_node_path"": ""/TEI[1]/text[1]/body[1]/div1[1]/div2[2]/p[9]/num[7]/tail()"", ""node_offset"": 1, ""unit_offset"": 1637, ""book_offset"": 13379, ""raw_byte"": 28230, ""left"": ""νος οὕτω τὸν μεταξὺ διῆγε βίον, ὡς μακαριστὸς εἶναι καὶ ζηλωτὸς ἐκείνου τοῦ χρόνου λογιζομένου, ἀφ᾽ οὗ τὸν θεὸν εὐσεβεῖν ἤρξατο.  "", ""right"": ""ζήσας οὖν ἔτη ἑξήκοντα ἑπτὰ κατέστρεψε τὸν βίον βασιλεύσας ἔτη πέντε καὶ πεντήκοντα. καὶ θάπτεται μὲν αὐτὸς ἐν τοῖς αὐτοῦ παραδείσοις, ἡ βασιλεία δὲ εἰς τὸν υἱὸν αὐτοῦ παραγίνεται Ἀμμῶνα μητρὸς Ἐμασέλμης μὲν ὄνομα τετυχηκότα, ἐκ δὲ πόλεως Ἰ"", ""parsed_unit_sha256"": ""1f94a245cb7efae3e2d001f63bf7c0b4b4fa9b7e286f24add9cb08b3f8484e07"", ""raw_unit_sha256"": ""606a337366d2a57ccbc632f6ac0099b8a5e4a3e408a1152426a33d61dc2c85f7""}"	13160	Quicum uixisset begins lifespan/death and succession after the happy later life.	False	True
10	47	EXACT	HIGH	PRESENT	INHERITED_START	quidum imitaretur opera patris quae ille in iuuent	latin-book10-num47	"{""stable_id"": ""latin-book10-num47"", ""paragraph"": 10, ""xpath"": ""/*/*[2]/*/*[2]/*[5]/*[2]"", ""text_node_path"": ""/TEI[1]/text[1]/body[1]/div1[1]/div2[5]/p[2]/num[1]/tail()"", ""node_offset"": 1, ""unit_offset"": 1, ""book_offset"": 13160, ""raw_byte"": 17126, ""left"": ""sepultus est in suis hortis. Cuius regnum peruenit ad eius filium ammon, et nomen matris eius fuit maselmis de ciuitate iecabath, "", ""right"": ""quidum imitaretur opera patris quae ille in iuuentute presumpserat dolum passus a suis in domo sua peremptus est. Cum uixisset annis quatuuor et vinginti, et in regno fecisset tres. Populus autem eius peremit interfectores eumque cum patre "", ""parsed_unit_sha256"": ""e7bed2daa8ecb876a6750341e04848f3f45013b17d103569f7b93940a54d151c"", ""raw_unit_sha256"": ""f1a9507a1ef6f3e11f1c6cfc7e93f6898fbba444ed5776d9843cc0ff05c1d0ea""}"	"{""stable_id"": ""greek-book10-num47"", ""paragraph"": 11, ""xpath"": ""/*/*/*/*[2]/*[2]/*[10]"", ""text_node_path"": ""/TEI[1]/text[1]/body[1]/div1[1]/div2[2]/p[10]/num[1]/tail()"", ""node_offset"": 1, ""unit_offset"": 1, ""book_offset"": 13640, ""raw_byte"": 28827, ""left"": ""ις, ἡ βασιλεία δὲ εἰς τὸν υἱὸν αὐτοῦ παραγίνεται Ἀμμῶνα μητρὸς Ἐμασέλμης μὲν ὄνομα τετυχηκότα, ἐκ δὲ πόλεως Ἰαζαβάτης ὑπαρχούσης. "", ""right"": ""Οὗτος μιμησάμενος τὰ τοῦ πατρὸς ἔργα, ἃ νέος ὢν ἐκεῖνος ἐτόλμησεν, ἐπιβουλευθεὶς ὑπὸ τῶν ἰδίων οἰκετῶν ἀπέθανεν ἐπὶ τῆς οἰκίας τῆς αὑτοῦ βιώσας ἔτη τέσσαρα καὶ εἴκοσι, βασιλεύσας δ᾽ ἐξ αὐτῶν δύο.  μετῆλθε δ᾽ αὐτοῦ τὸ πλῆθος τοὺς φονεῖς καὶ "", ""parsed_unit_sha256"": ""e59ac748b59037d5c54c5d2e92d10a5a170128ad2785f8c588ff11aa007c1283"", ""raw_unit_sha256"": ""2b1dceeda655437f0a0c61607f8c4ec4a33d1bad59d54549282ef1a9c9c49e88""}"	13342	Independent printed Greek start and individually read Latin counterpart agree.	False	True
10	48	INTERNAL-BUT-EXACT	HIGH_INDIVIDUALLY_REVIEWED	PRESENT	PROPOSED_INTERNAL_MILESTONE	Populus autem eius	latin-book10-num47	"{""stable_id"": ""latin-book10-num47"", ""paragraph"": 10, ""xpath"": ""/*/*[2]/*/*[2]/*[5]/*[2]"", ""text_node_path"": ""/TEI[1]/text[1]/body[1]/div1[1]/div2[5]/p[2]/num[1]/tail()"", ""node_offset"": 183, ""unit_offset"": 183, ""book_offset"": 13342, ""raw_byte"": 17308, ""left"": ""e presumpserat dolum passus a suis in domo sua peremptus est. Cum uixisset annis quatuuor et vinginti, et in regno fecisset tres. "", ""right"": ""Populus autem eius peremit interfectores eumque cum patre sepelierunt, regnumque osiae eius filio tradiderunt. Cum esset annorum octo, cuius mater quidem de ciuitate fuit uosaethi nomine ezi de ciuitate uasaroth. Erat enim ille natura benig"", ""parsed_unit_sha256"": ""e7bed2daa8ecb876a6750341e04848f3f45013b17d103569f7b93940a54d151c"", ""raw_unit_sha256"": ""f1a9507a1ef6f3e11f1c6cfc7e93f6898fbba444ed5776d9843cc0ff05c1d0ea""}"	"{""stable_id"": ""greek-book10-num47"", ""paragraph"": 11, ""xpath"": ""/*/*/*/*[2]/*[2]/*[10]"", ""text_node_path"": ""/TEI[1]/text[1]/body[1]/div1[1]/div2[2]/p[10]/num[2]/tail()"", ""node_offset"": 1, ""unit_offset"": 198, ""book_offset"": 13837, ""raw_byte"": 29232, ""left"": ""ἐπιβουλευθεὶς ὑπὸ τῶν ἰδίων οἰκετῶν ἀπέθανεν ἐπὶ τῆς οἰκίας τῆς αὑτοῦ βιώσας ἔτη τέσσαρα καὶ εἴκοσι, βασιλεύσας δ᾽ ἐξ αὐτῶν δύο.  "", ""right"": ""μετῆλθε δ᾽ αὐτοῦ τὸ πλῆθος τοὺς φονεῖς καὶ τῷ πατρὶ συνθάπτουσι τὸν Ἀμμῶνα, τὴν δὲ βασιλείαν τῷ παιδὶ αὐτοῦ Ἰωσίᾳ παραδιδοῦσιν ὀκταετεῖ τὴν ἡλικίαν ὄντι, ᾧ μήτηρ ἐκ πόλεως μὲν ἦν Βοσκέθ, Ἰέδις δὲ τοὔνομα.  τὴν δὲ φύσιν αὐτὸς ἄριστος ὑπῆρχε "", ""parsed_unit_sha256"": ""e59ac748b59037d5c54c5d2e92d10a5a170128ad2785f8c588ff11aa007c1283"", ""raw_unit_sha256"": ""2b1dceeda655437f0a0c61607f8c4ec4a33d1bad59d54549282ef1a9c9c49e88""}"	13555	Populus autem eius begins vengeance and Josiah's accession after Amon's death.	False	True
10	49	INTERNAL-BUT-EXACT	HIGH_INDIVIDUALLY_REVIEWED	PRESENT	PROPOSED_INTERNAL_MILESTONE	Erat enim ille natura	latin-book10-num47	"{""stable_id"": ""latin-book10-num47"", ""paragraph"": 10, ""xpath"": ""/*/*[2]/*/*[2]/*[5]/*[2]"", ""text_node_path"": ""/TEI[1]/text[1]/body[1]/div1[1]/div2[5]/p[2]/unclear[2]/tail()"", ""node_offset"": 23, ""unit_offset"": 396, ""book_offset"": 13555, ""raw_byte"": 17601, ""left"": ""iae eius filio tradiderunt. Cum esset annorum octo, cuius mater quidem de ciuitate fuit uosaethi nomine ezi de ciuitate uasaroth. "", ""right"": ""Erat enim ille natura benignus et ad uirtutem utiliter preparatus, et in studiis david regnis, et intentione et regulatotius dispositionus eius intentus, cum ad duodecim maetatis uenisset annum pietatem et uistitiam in se mirabilem esse mon"", ""parsed_unit_sha256"": ""e7bed2daa8ecb876a6750341e04848f3f45013b17d103569f7b93940a54d151c"", ""raw_unit_sha256"": ""f1a9507a1ef6f3e11f1c6cfc7e93f6898fbba444ed5776d9843cc0ff05c1d0ea""}"	"{""stable_id"": ""greek-book10-num47"", ""paragraph"": 11, ""xpath"": ""/*/*/*/*[2]/*[2]/*[10]"", ""text_node_path"": ""/TEI[1]/text[1]/body[1]/div1[1]/div2[2]/p[10]/num[3]/tail()"", ""node_offset"": 1, ""unit_offset"": 404, ""book_offset"": 14043, ""raw_byte"": 29654, ""left"": ""τὴν δὲ βασιλείαν τῷ παιδὶ αὐτοῦ Ἰωσίᾳ παραδιδοῦσιν ὀκταετεῖ τὴν ἡλικίαν ὄντι, ᾧ μήτηρ ἐκ πόλεως μὲν ἦν Βοσκέθ, Ἰέδις δὲ τοὔνομα.  "", ""right"": ""τὴν δὲ φύσιν αὐτὸς ἄριστος ὑπῆρχε καὶ πρὸς ἀρετὴν εὖ γεγονὼς Δαυίδου τοῦ βασιλέως ἐπιτηδευμάτων καὶ σκοπῷ καὶ κανόνι τῆς ὅλης περὶ τὸν βίον ἐπιτηδεύσεως ἐκείνῳ κεχρημένος.  γενόμενος δὲ ἐτῶν δυοκαίδεκα τὴν εὐσέβειαν καὶ τὴν δικαιοσύνην ἐπεδ"", ""parsed_unit_sha256"": ""e59ac748b59037d5c54c5d2e92d10a5a170128ad2785f8c588ff11aa007c1283"", ""raw_unit_sha256"": ""2b1dceeda655437f0a0c61607f8c4ec4a33d1bad59d54549282ef1a9c9c49e88""}"	13709	Erat enim ille natura begins Josiah's character after his ancestry.	False	True
10	50	INTERNAL-BUT-EXACT	HIGH_INDIVIDUALLY_REVIEWED	PRESENT	PROPOSED_INTERNAL_MILESTONE	cum ad duodecim	latin-book10-num47	"{""stable_id"": ""latin-book10-num47"", ""paragraph"": 10, ""xpath"": ""/*/*[2]/*/*[2]/*[5]/*[2]"", ""text_node_path"": ""/TEI[1]/text[1]/body[1]/div1[1]/div2[5]/p[2]/unclear[2]/tail()"", ""node_offset"": 177, ""unit_offset"": 550, ""book_offset"": 13709, ""raw_byte"": 17755, ""left"": ""nignus et ad uirtutem utiliter preparatus, et in studiis david regnis, et intentione et regulatotius dispositionus eius intentus, "", ""right"": ""cum ad duodecim maetatis uenisset annum pietatem et uistitiam in se mirabilem esse monsta uit. Cunctum namque populum correxit et monet ut de relicta idolorum secta quasi non essent dei, colerent patrum deum et opera simul maiorum patruum i"", ""parsed_unit_sha256"": ""e7bed2daa8ecb876a6750341e04848f3f45013b17d103569f7b93940a54d151c"", ""raw_unit_sha256"": ""f1a9507a1ef6f3e11f1c6cfc7e93f6898fbba444ed5776d9843cc0ff05c1d0ea""}"	"{""stable_id"": ""greek-book10-num47"", ""paragraph"": 11, ""xpath"": ""/*/*/*/*[2]/*[2]/*[10]"", ""text_node_path"": ""/TEI[1]/text[1]/body[1]/div1[1]/div2[2]/p[10]/num[4]/tail()"", ""node_offset"": 1, ""unit_offset"": 577, ""book_offset"": 14216, ""raw_byte"": 30011, ""left"": ""ἀρετὴν εὖ γεγονὼς Δαυίδου τοῦ βασιλέως ἐπιτηδευμάτων καὶ σκοπῷ καὶ κανόνι τῆς ὅλης περὶ τὸν βίον ἐπιτηδεύσεως ἐκείνῳ κεχρημένος.  "", ""right"": ""γενόμενος δὲ ἐτῶν δυοκαίδεκα τὴν εὐσέβειαν καὶ τὴν δικαιοσύνην ἐπεδείξατο: τὸν γὰρ λαὸν ἐσωφρόνιζε καὶ παρῄνει τῆς περὶ τῶν εἰδώλων δόξης ὡς οὐχὶ θεῶν ὄντων ἀποστάντας σέβειν τὸν πάτριον θεόν, τά τε τῶν προγόνων ἐπισκοπῶν ἔργα τὰ μὲν ἁμαρτη"", ""parsed_unit_sha256"": ""e59ac748b59037d5c54c5d2e92d10a5a170128ad2785f8c588ff11aa007c1283"", ""raw_unit_sha256"": ""2b1dceeda655437f0a0c61607f8c4ec4a33d1bad59d54549282ef1a9c9c49e88""}"	14073	cum ad duodecim begins the twelve-year demonstration after his natural virtue.	False	True
10	51	INTERNAL-BUT-EXACT	HIGH_INDIVIDUALLY_REVIEWED	PRESENT	PROPOSED_INTERNAL_MILESTONE	et per suam sapientiam	latin-book10-num47	"{""stable_id"": ""latin-book10-num47"", ""paragraph"": 10, ""xpath"": ""/*/*[2]/*/*[2]/*[5]/*[2]"", ""text_node_path"": ""/TEI[1]/text[1]/body[1]/div1[1]/div2[5]/p[2]/unclear[3]/tail()"", ""node_offset"": 179, ""unit_offset"": 914, ""book_offset"": 14073, ""raw_byte"": 18159, ""left"": ""ruum in quibus deliquerant uelut senior emendabat. Quae uero bene et oportune facta cognouerat obseruabat, et horum imitator erat "", ""right"": ""et per suam sapientiam et intellectum naturalem similia caelebrabat. Consiliis utique bonis et tradutionibus tradens sensum sequens enim leges veluduelut ordinem ciuitatis et pietatem circa deum gerens omnia prospera gubernabat, et maxime q"", ""parsed_unit_sha256"": ""e7bed2daa8ecb876a6750341e04848f3f45013b17d103569f7b93940a54d151c"", ""raw_unit_sha256"": ""f1a9507a1ef6f3e11f1c6cfc7e93f6898fbba444ed5776d9843cc0ff05c1d0ea""}"	"{""stable_id"": ""greek-book10-num47"", ""paragraph"": 11, ""xpath"": ""/*/*/*/*[2]/*[2]/*[10]"", ""text_node_path"": ""/TEI[1]/text[1]/body[1]/div1[1]/div2[2]/p[10]/num[5]/tail()"", ""node_offset"": 1, ""unit_offset"": 954, ""book_offset"": 14593, ""raw_byte"": 30763, ""left"": ""ιώρθου συνετῶς ὡς ἂν πρεσβύτατος καὶ νοῆσαι τὸ δέον ἱκανώτατος, ὅσα δ᾽ εὕρισκεν εὖ γεγονότα κατὰ χώραν ἐφύλαττέ τε καὶ ἐμιμεῖτο.  "", ""right"": ""ταῦτα δ᾽ ἔπραττε σοφίᾳ καὶ ἐπινοίᾳ τῆς φύσεως χρώμενος καὶ τῇ τῶν πρεσβυτέρων πειθόμενος συμβουλίᾳ καὶ παραδόσει: τοῖς γὰρ νόμοις κατακολουθῶν ὡς περὶ τὴν τάξιν τῆς πόλεως καὶ περὶ τὸ θεῖον εὐσεβείας εὐοδεῖν τε συνέβαινε διὰ τὴν τῶν πρώτων "", ""parsed_unit_sha256"": ""e59ac748b59037d5c54c5d2e92d10a5a170128ad2785f8c588ff11aa007c1283"", ""raw_unit_sha256"": ""2b1dceeda655437f0a0c61607f8c4ec4a33d1bad59d54549282ef1a9c9c49e88""}"	14355	et per suam sapientiam begins the source of his conduct after imitation of approved kings.	False	True
10	52	INTERNAL-BUT-EXACT	HIGH_INDIVIDUALLY_REVIEWED	PRESENT	PROPOSED_INTERNAL_MILESTONE	qui et omnem ciuitatem	latin-book10-num47	"{""stable_id"": ""latin-book10-num47"", ""paragraph"": 10, ""xpath"": ""/*/*[2]/*/*[2]/*[5]/*[2]"", ""text_node_path"": ""/TEI[1]/text[1]/body[1]/div1[1]/div2[5]/p[2]/corr[1]/tail()"", ""node_offset"": 129, ""unit_offset"": 1196, ""book_offset"": 14355, ""raw_byte"": 18454, ""left"": ""t ordinem ciuitatis et pietatem circa deum gerens omnia prospera gubernabat, et maxime quod a priorum regum iniquitate recedebat, "", ""right"": ""qui et omnem ciuitatem et prouintiam purgabit et lucos extraneos qui facti fuerat abstulit, et ornamanta quae in eis a prioribus fuerant, ad in iuriam dei oblatam depellit, et tali modo populum ab huius modi secta retractatum ad religionis "", ""parsed_unit_sha256"": ""e7bed2daa8ecb876a6750341e04848f3f45013b17d103569f7b93940a54d151c"", ""raw_unit_sha256"": ""f1a9507a1ef6f3e11f1c6cfc7e93f6898fbba444ed5776d9843cc0ff05c1d0ea""}"	"{""stable_id"": ""greek-book10-num47"", ""paragraph"": 11, ""xpath"": ""/*/*/*/*[2]/*[2]/*[10]"", ""text_node_path"": ""/TEI[1]/text[1]/body[1]/div1[1]/div2[2]/p[10]/num[6]/tail()"", ""node_offset"": 1, ""unit_offset"": 1237, ""book_offset"": 14876, ""raw_byte"": 31331, ""left"": ""ν τάξιν τῆς πόλεως καὶ περὶ τὸ θεῖον εὐσεβείας εὐοδεῖν τε συνέβαινε διὰ τὴν τῶν πρώτων παρανομίαν μὴ τυγχάνειν ἀλλ᾽ ἐξηφανίσθαι:  "", ""right"": ""περιιὼν γὰρ ὁ βασιλεὺς καὶ τὴν πόλιν καὶ τὴν χώραν ἅπασαν τά τε ἄλση τὰ τοῖς ξενικοῖς ἀνειμένα θεοῖς ἐξέκοψε καὶ τοὺς βωμοὺς αὐτῶν κατέσκαψεν, εἴ τι δ᾽ ἀνάθημα τούτοις ὑπὸ τῶν προγόνων ἀνέκειτο περιυβρίζων κατέσπα.  καὶ τούτῳ τῷ τρόπῳ τὸν λ"", ""parsed_unit_sha256"": ""e59ac748b59037d5c54c5d2e92d10a5a170128ad2785f8c588ff11aa007c1283"", ""raw_unit_sha256"": ""2b1dceeda655437f0a0c61607f8c4ec4a33d1bad59d54549282ef1a9c9c49e88""}"	14528	qui et omnem ciuitatem begins the city's and country's purification after contrast with prior wicked kings.	False	True
10	53	INTERNAL-BUT-EXACT	HIGH_INDIVIDUALLY_REVIEWED	PRESENT	PROPOSED_INTERNAL_MILESTONE	et tali modo populum	latin-book10-num47	"{""stable_id"": ""latin-book10-num47"", ""paragraph"": 10, ""xpath"": ""/*/*[2]/*/*[2]/*[5]/*[2]"", ""text_node_path"": ""/TEI[1]/text[1]/body[1]/div1[1]/div2[5]/p[2]/corr[1]/tail()"", ""node_offset"": 302, ""unit_offset"": 1369, ""book_offset"": 14528, ""raw_byte"": 18627, ""left"": ""it et lucos extraneos qui facti fuerat abstulit, et ornamanta quae in eis a prioribus fuerant, ad in iuriam dei oblatam depellit, "", ""right"": ""et tali modo populum ab huius modi secta retractatum ad religionis diuinae iura conuertit. qui et legitimas obtulit, et holocaustorum sacrificia altari sollemniter rursus exhibuit, et in unam quamque causam iustitiam minus quam animae suae "", ""parsed_unit_sha256"": ""e7bed2daa8ecb876a6750341e04848f3f45013b17d103569f7b93940a54d151c"", ""raw_unit_sha256"": ""f1a9507a1ef6f3e11f1c6cfc7e93f6898fbba444ed5776d9843cc0ff05c1d0ea""}"	"{""stable_id"": ""greek-book10-num47"", ""paragraph"": 11, ""xpath"": ""/*/*/*/*[2]/*[2]/*[10]"", ""text_node_path"": ""/TEI[1]/text[1]/body[1]/div1[1]/div2[2]/p[10]/num[7]/tail()"", ""node_offset"": 1, ""unit_offset"": 1453, ""book_offset"": 15092, ""raw_byte"": 31767, ""left"": ""ἀνειμένα θεοῖς ἐξέκοψε καὶ τοὺς βωμοὺς αὐτῶν κατέσκαψεν, εἴ τι δ᾽ ἀνάθημα τούτοις ὑπὸ τῶν προγόνων ἀνέκειτο περιυβρίζων κατέσπα.  "", ""right"": ""καὶ τούτῳ τῷ τρόπῳ τὸν λαὸν ἀπὸ τῆς περὶ αὐτοὺς δόξης εἰς τὴν τοῦ θεοῦ θρησκείαν ἐπέστρεψε καὶ τὰς συνήθεις ἐπέφερε θυσίας αὐτοῦ τῷ βωμῷ καὶ τὰς ὁλοκαυτώσεις. ἀπέδειξε δέ τινας κριτὰς καὶ ἐπισκόπους, ὡς ἂν διοικοῖεν τὰ παρ᾽ ἑκάστοις πράγματ"", ""parsed_unit_sha256"": ""e59ac748b59037d5c54c5d2e92d10a5a170128ad2785f8c588ff11aa007c1283"", ""raw_unit_sha256"": ""2b1dceeda655437f0a0c61607f8c4ec4a33d1bad59d54549282ef1a9c9c49e88""}"	14786	et tali modo begins the people's conversion after destruction of foreign cult objects.	False	True
10	54	INTERNAL-BUT-EXACT	HIGH_INDIVIDUALLY_REVIEWED	PRESENT	PROPOSED_INTERNAL_MILESTONE	Misitque in totam	latin-book10-num47	"{""stable_id"": ""latin-book10-num47"", ""paragraph"": 10, ""xpath"": ""/*/*[2]/*/*[2]/*[5]/*[2]"", ""text_node_path"": ""/TEI[1]/text[1]/body[1]/div1[1]/div2[5]/p[2]/expan[1]/tail()"", ""node_offset"": 36, ""unit_offset"": 1627, ""book_offset"": 14786, ""raw_byte"": 18900, ""left"": ""torum sacrificia altari sollemniter rursus exhibuit, et in unam quamque causam iustitiam minus quam animae suae coluit medicinam. "", ""right"": ""Misitque in totam prouintiam iubens ut qui uellent aurum et argentum deferent ad reparationem templi pro sua voluntate atque uirtute. Dum itaque pecuniae ad late fuissent ad sollicitudinem templi et eius expensas preposuit amasiam quierat e"", ""parsed_unit_sha256"": ""e7bed2daa8ecb876a6750341e04848f3f45013b17d103569f7b93940a54d151c"", ""raw_unit_sha256"": ""f1a9507a1ef6f3e11f1c6cfc7e93f6898fbba444ed5776d9843cc0ff05c1d0ea""}"	"{""stable_id"": ""greek-book10-num47"", ""paragraph"": 11, ""xpath"": ""/*/*/*/*[2]/*[2]/*[10]"", ""text_node_path"": ""/TEI[1]/text[1]/body[1]/div1[1]/div2[2]/p[10]/num[8]/tail()"", ""node_offset"": 1, ""unit_offset"": 1774, ""book_offset"": 15413, ""raw_byte"": 32414, ""left"": ""σκόπους, ὡς ἂν διοικοῖεν τὰ παρ᾽ ἑκάστοις πράγματα περὶ παντὸς τὸ δίκαιον ποιούμενοι καὶ τῆς ψυχῆς οὐκ ἔλασσον αὐτὸ περιέποντες.  "", ""right"": ""διαπέμψας δὲ κατὰ πᾶσαν τὴν χώραν χρυσὸν καὶ ἄργυρον τοὺς βουλομένους ἐκέλευε κομίζειν εἰς ἐπισκευὴν τοῦ ναοῦ, ὅσον τις ἢ προαιρέσεως ἢ δυνάμεως ἔχει.  κομισθέντων δὲ τῶν χρημάτων τῆς ἐπιμελείας τοῦ ναοῦ καὶ τῆς εἰς τοῦτο δαπάνης προύστησε "", ""parsed_unit_sha256"": ""e59ac748b59037d5c54c5d2e92d10a5a170128ad2785f8c588ff11aa007c1283"", ""raw_unit_sha256"": ""2b1dceeda655437f0a0c61607f8c4ec4a33d1bad59d54549282ef1a9c9c49e88""}"	14920	Misitque in totam begins the appeal for repair funds after care of the temple.	False	True
10	55	INTERNAL-BUT-EXACT	HIGH_INDIVIDUALLY_REVIEWED	PRESENT	PROPOSED_INTERNAL_MILESTONE	Dum itaque pecuniae	latin-book10-num47	"{""stable_id"": ""latin-book10-num47"", ""paragraph"": 10, ""xpath"": ""/*/*[2]/*/*[2]/*[5]/*[2]"", ""text_node_path"": ""/TEI[1]/text[1]/body[1]/div1[1]/div2[5]/p[2]/cb[1]/tail()"", ""node_offset"": 47, ""unit_offset"": 1761, ""book_offset"": 14920, ""raw_byte"": 19047, ""left"": ""tque in totam prouintiam iubens ut qui uellent aurum et argentum deferent ad reparationem templi pro sua voluntate atque uirtute. "", ""right"": ""Dum itaque pecuniae ad late fuissent ad sollicitudinem templi et eius expensas preposuit amasiam quierat et supra ciuitatem et scriptorem saphan et scribam monumentorum ioan, et pontificem eliacim qui dilationem nulla signitiae facientes Se"", ""parsed_unit_sha256"": ""e7bed2daa8ecb876a6750341e04848f3f45013b17d103569f7b93940a54d151c"", ""raw_unit_sha256"": ""f1a9507a1ef6f3e11f1c6cfc7e93f6898fbba444ed5776d9843cc0ff05c1d0ea""}"	"{""stable_id"": ""greek-book10-num47"", ""paragraph"": 11, ""xpath"": ""/*/*/*/*[2]/*[2]/*[10]"", ""text_node_path"": ""/TEI[1]/text[1]/body[1]/div1[1]/div2[2]/p[10]/num[9]/tail()"", ""node_offset"": 1, ""unit_offset"": 1926, ""book_offset"": 15565, ""raw_byte"": 32724, ""left"": ""ν τὴν χώραν χρυσὸν καὶ ἄργυρον τοὺς βουλομένους ἐκέλευε κομίζειν εἰς ἐπισκευὴν τοῦ ναοῦ, ὅσον τις ἢ προαιρέσεως ἢ δυνάμεως ἔχει.  "", ""right"": ""κομισθέντων δὲ τῶν χρημάτων τῆς ἐπιμελείας τοῦ ναοῦ καὶ τῆς εἰς τοῦτο δαπάνης προύστησε τόν τ᾽ ἐπὶ τῆς πόλεως Ἀμασίαν καὶ τὸν γραμματέα Σαφᾶν καὶ τὸν γραφέα τῶν ὑπομνημάτων Ἰωάτην καὶ τὸν ἀρχιερέα Ἐλιακίαν,  οἳ μηδὲν ὑπερθέσει μηδὲ ἀναβολῇ "", ""parsed_unit_sha256"": ""e59ac748b59037d5c54c5d2e92d10a5a170128ad2785f8c588ff11aa007c1283"", ""raw_unit_sha256"": ""2b1dceeda655437f0a0c61607f8c4ec4a33d1bad59d54549282ef1a9c9c49e88""}"	15117	Dum itaque pecuniae begins appointment of managers after the fundraising order.	False	True
10	56	INTERNAL-BUT-EXACT	HIGH_INDIVIDUALLY_REVIEWED	PRESENT	PROPOSED_INTERNAL_MILESTONE	qui dilationem nulla	latin-book10-num47	"{""stable_id"": ""latin-book10-num47"", ""paragraph"": 10, ""xpath"": ""/*/*[2]/*/*[2]/*[5]/*[2]"", ""text_node_path"": ""/TEI[1]/text[1]/body[1]/div1[1]/div2[5]/p[2]/cb[1]/tail()"", ""node_offset"": 244, ""unit_offset"": 1958, ""book_offset"": 15117, ""raw_byte"": 19244, ""left"": ""us expensas preposuit amasiam quierat et supra ciuitatem et scriptorem saphan et scribam monumentorum ioan, et pontificem eliacim "", ""right"": ""qui dilationem nulla signitiae facientes Sed instructores et omnia quae erant necessaria preparabantur, et hot modo reparationem templi caelebrata pietas regis ostensa est. Quidum octauum decimum imperii haberet annum, misit ad eliachim sac"", ""parsed_unit_sha256"": ""e7bed2daa8ecb876a6750341e04848f3f45013b17d103569f7b93940a54d151c"", ""raw_unit_sha256"": ""f1a9507a1ef6f3e11f1c6cfc7e93f6898fbba444ed5776d9843cc0ff05c1d0ea""}"	"{""stable_id"": ""greek-book10-num47"", ""paragraph"": 11, ""xpath"": ""/*/*/*/*[2]/*[2]/*[10]"", ""text_node_path"": ""/TEI[1]/text[1]/body[1]/div1[1]/div2[2]/p[10]/num[10]/tail()"", ""node_offset"": 1, ""unit_offset"": 2134, ""book_offset"": 15773, ""raw_byte"": 33146, ""left"": ""προύστησε τόν τ᾽ ἐπὶ τῆς πόλεως Ἀμασίαν καὶ τὸν γραμματέα Σαφᾶν καὶ τὸν γραφέα τῶν ὑπομνημάτων Ἰωάτην καὶ τὸν ἀρχιερέα Ἐλιακίαν,  "", ""right"": ""οἳ μηδὲν ὑπερθέσει μηδὲ ἀναβολῇ δόντες ἀρχιτέκτονας καὶ πάνθ᾽ ὅσα πρὸς τὴν ἐπισκευὴν χρήσιμα παρασκευάσαντες εἴχοντο τῶν ἔργων. καὶ ὁ μὲν ναὸς οὕτως ἐπισκευασθεὶς τὴν τοῦ βασιλέως εὐσέβειαν φανερὰν ἐποίησεν. Ὄγδοον δ᾽ ἤδη καὶ δέκατον τῆς βα"", ""parsed_unit_sha256"": ""e59ac748b59037d5c54c5d2e92d10a5a170128ad2785f8c588ff11aa007c1283"", ""raw_unit_sha256"": ""2b1dceeda655437f0a0c61607f8c4ec4a33d1bad59d54549282ef1a9c9c49e88""}"	15290	qui dilationem nulla begins prompt execution after the officials' names.	False	True
10	57	EXACT	HIGH	PRESENT	INHERITED_START	Quidum octauum decimum imperii haberet annum, misi	latin-book10-num57	"{""stable_id"": ""latin-book10-num57"", ""paragraph"": 11, ""xpath"": ""/*/*[2]/*/*[2]/*[5]/*[3]"", ""text_node_path"": ""/TEI[1]/text[1]/body[1]/div1[1]/div2[5]/p[3]/num[1]/tail()"", ""node_offset"": 1, ""unit_offset"": 1, ""book_offset"": 15290, ""raw_byte"": 19479, ""left"": ""d instructores et omnia quae erant necessaria preparabantur, et hot modo reparationem templi caelebrata pietas regis ostensa est. "", ""right"": ""Quidum octauum decimum imperii haberet annum, misit ad eliachim sacerdotem uibens ut pecuniae quae ræmanserant conflarentur ut fierent exinde cratheres et libatoria et fiale ad ministerium dei, in super et quantum cum quæ aurum et argentum "", ""parsed_unit_sha256"": ""88027ba8049c68817b3222eccbbda28f8f915996e8d217090544d809ac3c2591"", ""raw_unit_sha256"": ""04eee3b4b978deb1b3ef68f315cac32fe3db457dd839281a85eff02180c6af18""}"	"{""stable_id"": ""greek-book10-num57"", ""paragraph"": 12, ""xpath"": ""/*/*/*/*[2]/*[2]/*[11]"", ""text_node_path"": ""/TEI[1]/text[1]/body[1]/div1[1]/div2[2]/p[11]/num[1]/tail()"", ""node_offset"": 1, ""unit_offset"": 1, ""book_offset"": 15981, ""raw_byte"": 33644, ""left"": ""σκευὴν χρήσιμα παρασκευάσαντες εἴχοντο τῶν ἔργων. καὶ ὁ μὲν ναὸς οὕτως ἐπισκευασθεὶς τὴν τοῦ βασιλέως εὐσέβειαν φανερὰν ἐποίησεν. "", ""right"": ""Ὄγδοον δ᾽ ἤδη καὶ δέκατον τῆς βασιλείας ἔτος ἔχων πέμπει πρὸς Ἐλιακίαν τὸν ἀρχιερέα κελεύων τὸ περισσὸν χωνεύσαντα ποιῆσαι κρατῆρας καὶ σπονδεῖα καὶ φιάλας εἰς τὴν διακονίαν, ἔτι δὲ καὶ ὅσος ἂν ᾖ χρυσὸς ἐν τοῖς θησαυροῖς καὶ ἄργυρος καὶ τοῦ"", ""parsed_unit_sha256"": ""d3de4aa2d08995878a8bf8a3416729c1f32e8192a1b1a1f8f773af92828f66da"", ""raw_unit_sha256"": ""e42af3f24541c9236f6eda2a8b518ad4fa926ff778e73d377f55aed4b9c58fdd""}"	15615	Independent printed Greek start and individually read Latin counterpart agree.	False	True
10	58	INTERNAL-BUT-EXACT	HIGH_INDIVIDUALLY_REVIEWED	PRESENT	PROPOSED_INTERNAL_MILESTONE	Proferens autem heliachim	latin-book10-num57	"{""stable_id"": ""latin-book10-num57"", ""paragraph"": 11, ""xpath"": ""/*/*[2]/*/*[2]/*[5]/*[3]"", ""text_node_path"": ""/TEI[1]/text[1]/body[1]/div1[1]/div2[5]/p[3]/num[1]/tail()"", ""node_offset"": 326, ""unit_offset"": 326, ""book_offset"": 15615, ""raw_byte"": 19806, ""left"": ""n super et quantum cum quæ aurum et argentum esset in thesauris, etiam hoc proferret ad cratheras et ad uasa huius modi facienda. "", ""right"": ""Proferens autem heliachim pontifex aurum inuenit librum sacrum moseos in templum positum quem simul eiciens dedit scibae saphae, qui dum relegisset, uenit ad regem. Et dum omnia terminum habere significasset relegit ei et librum illum. Tunc"", ""parsed_unit_sha256"": ""88027ba8049c68817b3222eccbbda28f8f915996e8d217090544d809ac3c2591"", ""raw_unit_sha256"": ""04eee3b4b978deb1b3ef68f315cac32fe3db457dd839281a85eff02180c6af18""}"	"{""stable_id"": ""greek-book10-num57"", ""paragraph"": 12, ""xpath"": ""/*/*/*/*[2]/*[2]/*[11]"", ""text_node_path"": ""/TEI[1]/text[1]/body[1]/div1[1]/div2[2]/p[11]/num[2]/tail()"", ""node_offset"": 1, ""unit_offset"": 317, ""book_offset"": 16297, ""raw_byte"": 34279, ""left"": ""ὅσος ἂν ᾖ χρυσὸς ἐν τοῖς θησαυροῖς καὶ ἄργυρος καὶ τοῦτον προκομίσαντας εἰς τοὺς κρατῆρας ὁμοίως καὶ τὰ τοιαῦτα σκεύη δαπανῆσαι.  "", ""right"": ""προκομίζων δὲ τὸν χρυσὸν ὁ ἀρχιερεὺς Ἐλιακίας ἐντυγχάνει ταῖς ἱεραῖς βίβλοις ταῖς Μωυσέος ἐν τῷ ναῷ κειμέναις καὶ προκομίσας δίδωσι τῷ γραμματεῖ Σαφᾷ. ὁ δὲ ἀναγνοὺς παραγίνεται πρὸς τὸν βασιλέα καὶ πάντα ὅσα κελεύει γενέσθαι τέλος ἔχοντα ἐδ"", ""parsed_unit_sha256"": ""d3de4aa2d08995878a8bf8a3416729c1f32e8192a1b1a1f8f773af92828f66da"", ""raw_unit_sha256"": ""e42af3f24541c9236f6eda2a8b518ad4fa926ff778e73d377f55aed4b9c58fdd""}"	15851	Proferens autem heliachim begins discovery of the book after the expense decision.	False	True
10	59	INTERNAL-BUT-EXACT	HIGH_INDIVIDUALLY_REVIEWED	PRESENT	PROPOSED_INTERNAL_MILESTONE	Tunc ille cum uerba	latin-book10-num57	"{""stable_id"": ""latin-book10-num57"", ""paragraph"": 11, ""xpath"": ""/*/*[2]/*/*[2]/*[5]/*[3]"", ""text_node_path"": ""/TEI[1]/text[1]/body[1]/div1[1]/div2[5]/p[3]/num[1]/tail()"", ""node_offset"": 562, ""unit_offset"": 562, ""book_offset"": 15851, ""raw_byte"": 20042, ""left"": ""s dedit scibae saphae, qui dum relegisset, uenit ad regem. Et dum omnia terminum habere significasset relegit ei et librum illum. "", ""right"": ""Tunc ille cum uerba libri eius audisset. Scissa ueste sua uocauit pontificem heliachim et ipsum scribam et necessarios simul amicos, misit eos ad quandam mulierem prophatissam nomine oldam uxorem salomi cuiusdam in signi viri et nobilitate "", ""parsed_unit_sha256"": ""88027ba8049c68817b3222eccbbda28f8f915996e8d217090544d809ac3c2591"", ""raw_unit_sha256"": ""04eee3b4b978deb1b3ef68f315cac32fe3db457dd839281a85eff02180c6af18""}"	"{""stable_id"": ""greek-book10-num57"", ""paragraph"": 12, ""xpath"": ""/*/*/*/*[2]/*[2]/*[11]"", ""text_node_path"": ""/TEI[1]/text[1]/body[1]/div1[1]/div2[2]/p[11]/num[3]/tail()"", ""node_offset"": 1, ""unit_offset"": 605, ""book_offset"": 16585, ""raw_byte"": 34857, ""left"": ""αγνοὺς παραγίνεται πρὸς τὸν βασιλέα καὶ πάντα ὅσα κελεύει γενέσθαι τέλος ἔχοντα ἐδήλου, παρανέγνω δ᾽ αὐτῷ καὶ τὰς βίβλους αὐτῶν.  "", ""right"": ""ἀκούσας δὲ καὶ περιρρηξάμενος τὴν ἐσθῆτα τὸν ἀρχιερέα καλέσας Ἐλιακίαν καὶ αὐτὸν τὸν γραμματέα καὶ τῶν ἀναγκαιοτάτων φίλων τινὰς ἔπεμψε πρὸς τὴν προφῆτιν Ὀολδά, γυναῖκα δὲ Σαλλούμου τῶν ἐν δόξῃ τινὸς καὶ δι᾽ εὐγένειαν ἐπιφανοῦς, καὶ προσελθ"", ""parsed_unit_sha256"": ""d3de4aa2d08995878a8bf8a3416729c1f32e8192a1b1a1f8f773af92828f66da"", ""raw_unit_sha256"": ""e42af3f24541c9236f6eda2a8b518ad4fa926ff778e73d377f55aed4b9c58fdd""}"	16290	Tunc ille cum uerba begins the king's response and inquiry after the book's reading.	False	True
10	60	INTERNAL-BUT-EXACT	HIGH_INDIVIDUALLY_REVIEWED	PRESENT	PROPOSED_INTERNAL_MILESTONE	Audiens autem prophetissa	latin-book10-num57	"{""stable_id"": ""latin-book10-num57"", ""paragraph"": 11, ""xpath"": ""/*/*[2]/*/*[2]/*[5]/*[3]"", ""text_node_path"": ""/TEI[1]/text[1]/body[1]/div1[1]/div2[5]/p[3]/num[1]/tail()"", ""node_offset"": 1001, ""unit_offset"": 1001, ""book_offset"": 16290, ""raw_byte"": 20481, ""left"": "" moseos leges et mandata maiorum periculum transmigrationis incurrerent et extraneas terras deuementes uitam agerent miserabilem. "", ""right"": ""Audiens autem prophetissa quae fuerant a rege mandata iussit ut remeantes dicerent regi quia diuivitas quidem decretum quod iam contra eos protu rat praecibus infirmari non posset. Idest ut populus non periret, aut non de prouintia pelleret"", ""parsed_unit_sha256"": ""88027ba8049c68817b3222eccbbda28f8f915996e8d217090544d809ac3c2591"", ""raw_unit_sha256"": ""04eee3b4b978deb1b3ef68f315cac32fe3db457dd839281a85eff02180c6af18""}"	"{""stable_id"": ""greek-book10-num57"", ""paragraph"": 12, ""xpath"": ""/*/*/*/*[2]/*[2]/*[11]"", ""text_node_path"": ""/TEI[1]/text[1]/body[1]/div1[1]/div2[2]/p[11]/num[4]/tail()"", ""node_offset"": 1, ""unit_offset"": 1105, ""book_offset"": 17085, ""raw_byte"": 35856, ""left"": ""ων αὐτῶν κινδυνεύσωσιν ἀνάστατοι γενέσθαι καὶ τῆς οἰκείας ἐκπεσόντες ἐπ᾽ ἀλλοτρίας ἔρημοι πάντων καταστρέψωσιν οἰκτρῶς τὸν βίον.  "", ""right"": ""ἀκούσασα δ᾽ ἡ προφῆτις παρὰ τῶν πεμφθέντων ταῦτα δι᾽ αὐτῶν ὧν ἐπέστειλεν ὁ βασιλεὺς ἐκέλευσεν αὐτοὺς ἀπελθόντας πρὸς τὸν βασιλέα λέγειν, ὅτι τὸ μὲν θεῖον ἤδη κατ᾽ αὐτῶν ψῆφον ἤνεγκεν, ἣν οὐχ ἱκεσίαις ἄν τις ἄκυρον ποιήσειεν, ἀπολέσαι τὸν λα"", ""parsed_unit_sha256"": ""d3de4aa2d08995878a8bf8a3416729c1f32e8192a1b1a1f8f773af92828f66da"", ""raw_unit_sha256"": ""e42af3f24541c9236f6eda2a8b518ad4fa926ff778e73d377f55aed4b9c58fdd""}"	16761	Audiens autem prophetissa begins Huldah's reply after the requested consultation.	False	True
10	61	INTERNAL-BUT-EXACT	HIGH_INDIVIDUALLY_REVIEWED	PRESENT	PROPOSED_INTERNAL_MILESTONE	quae facienda dicebat	latin-book10-num57	"{""stable_id"": ""latin-book10-num57"", ""paragraph"": 11, ""xpath"": ""/*/*[2]/*/*[2]/*[5]/*[3]"", ""text_node_path"": ""/TEI[1]/text[1]/body[1]/div1[1]/div2[5]/p[3]/unclear[1]/tail()"", ""node_offset"": 141, ""unit_offset"": 1472, ""book_offset"": 16761, ""raw_byte"": 20992, ""left"": ""nitentiam non egissent prophetis utique monentibus, et sobriae uiue tibus, et sobriae uiuerent et impietatis supplicia deuitarent "", ""right"": ""quae facienda dicebat ut crederent quod deus est. Et nequaquam mentitus in uerbis per prophetas suos pronuntiauit. Propter iustitiam tamen regis retinendas istas erumnas et post eius obitum definita supplicia populis inserenda. Igitur illi "", ""parsed_unit_sha256"": ""88027ba8049c68817b3222eccbbda28f8f915996e8d217090544d809ac3c2591"", ""raw_unit_sha256"": ""04eee3b4b978deb1b3ef68f315cac32fe3db457dd839281a85eff02180c6af18""}"	"{""stable_id"": ""greek-book10-num57"", ""paragraph"": 12, ""xpath"": ""/*/*/*/*[2]/*[2]/*[11]"", ""text_node_path"": ""/TEI[1]/text[1]/body[1]/div1[1]/div2[2]/p[11]/num[5]/tail()"", ""node_offset"": 1, ""unit_offset"": 1577, ""book_offset"": 17557, ""raw_byte"": 36800, ""left"": ""ύτῳ μεταξὺ χρόνῳ μὴ μετανοήσαντας, τῶν τε προφητῶν τοῦτο παραινούντων σωφρονεῖν καὶ τὴν ἐπὶ τοῖς ἀσεβήμασι τιμωρίαν προλεγόντων:  "", ""right"": ""ἥν, ἵνα πεισθῶσιν, ὅτι θεός ἐστι καὶ οὐδὲν ἐψεύδετο τούτων ὧν αὐτοῖς διὰ τῶν προφητῶν κατήγγειλε, πάντως αὐτοῖς ποιήσειν. δι᾽ αὐτὸν μέντοι δίκαιον γενόμενον ἐφέξειν ἔτι τὰς συμφοράς, μετὰ δὲ τὴν ἐκείνου τελευτὴν τὰ κατεψηφισμένα πάθη τοῖς ὄ"", ""parsed_unit_sha256"": ""d3de4aa2d08995878a8bf8a3416729c1f32e8192a1b1a1f8f773af92828f66da"", ""raw_unit_sha256"": ""e42af3f24541c9236f6eda2a8b518ad4fa926ff778e73d377f55aed4b9c58fdd""}"	16989	quae facienda dicebat begins certainty of punishment and the exception for the king after ignored warnings.	False	True
10	62	EXACT	HIGH	PRESENT	INHERITED_START	Igitur illi qui missi fuerant muliere prophetante 	latin-book10-num62	"{""stable_id"": ""latin-book10-num62"", ""paragraph"": 12, ""xpath"": ""/*/*[2]/*/*[2]/*[5]/*[4]"", ""text_node_path"": ""/TEI[1]/text[1]/body[1]/div1[1]/div2[5]/p[4]/num[1]/tail()"", ""node_offset"": 1, ""unit_offset"": 1, ""book_offset"": 16989, ""raw_byte"": 21348, ""left"": ""os pronuntiauit. Propter iustitiam tamen regis retinendas istas erumnas et post eius obitum definita supplicia populis inserenda. "", ""right"": ""Igitur illi qui missi fuerant muliere prophetante remeantes nuntiauerunt regi. Tunc ille mittens ubique iussit populum ad hierosolimam conuenire et sacerdotes atque leuitas et omnem aetatem simul adesse precepit quibus congretis. Primum qui"", ""parsed_unit_sha256"": ""f6b8e52e7f7e5f5261220d8eba6193b9e542d195b6d0e8621c5ffe20953cf168"", ""raw_unit_sha256"": ""93d2c446988a6726045fc79980cadfbfa10d2c8d4480ede7ee55ee4664cd825d""}"	"{""stable_id"": ""greek-book10-num62"", ""paragraph"": 13, ""xpath"": ""/*/*/*/*[2]/*[2]/*[12]"", ""text_node_path"": ""/TEI[1]/text[1]/body[1]/div1[1]/div2[2]/p[12]/num[1]/tail()"", ""node_offset"": 1, ""unit_offset"": 1, ""book_offset"": 17815, ""raw_byte"": 37388, ""left"": ""τὸν μέντοι δίκαιον γενόμενον ἐφέξειν ἔτι τὰς συμφοράς, μετὰ δὲ τὴν ἐκείνου τελευτὴν τὰ κατεψηφισμένα πάθη τοῖς ὄχλοις ἐπιπέμψειν. "", ""right"": ""Οἱ μὲν οὖν τῆς γυναικὸς προφητευσάσης ἐλθόντες ἀπήγγειλαν τῷ βασιλεῖ. ὁ δὲ περιπέμψας πανταχοῦ τὸν λαὸν ἐκέλευε συνελθεῖν εἰς Ἱεροσόλυμα τούς θ᾽ ἱερεῖς καὶ τοὺς Λευίτας, πᾶσαν ἡλικίαν παρεῖναι προστάξας.  ἀθροισθέντων δὲ αὐτῶν πρῶτον μὲν αὐ"", ""parsed_unit_sha256"": ""02f15627ca166ed9488a97d41c0afc5510eec8cd5f34a4865730dfc82486c648"", ""raw_unit_sha256"": ""2bef3931df9dcdb8f5f73ad5d2267938bb0377d1a7fd5a2c778d3e4483506222""}"	17201	Independent printed Greek start and individually read Latin counterpart agree.	False	True
10	63	INTERNAL-BUT-EXACT	HIGH_INDIVIDUALLY_REVIEWED	PRESENT	PROPOSED_INTERNAL_MILESTONE	quibus congretis	latin-book10-num62	"{""stable_id"": ""latin-book10-num62"", ""paragraph"": 12, ""xpath"": ""/*/*[2]/*/*[2]/*[5]/*[4]"", ""text_node_path"": ""/TEI[1]/text[1]/body[1]/div1[1]/div2[5]/p[4]/num[1]/tail()"", ""node_offset"": 213, ""unit_offset"": 213, ""book_offset"": 17201, ""raw_byte"": 21560, ""left"": ""c ille mittens ubique iussit populum ad hierosolimam conuenire et sacerdotes atque leuitas et omnem aetatem simul adesse precepit "", ""right"": ""quibus congretis. Primum quidem eis sacros legit libros, et stans in tribunali in media multitudine coegit cunctos fidem et iumenta prebere ut apud deum fierent et moseos leges per omnia custodirent. Illi uero promptissime et uirauerunt, et"", ""parsed_unit_sha256"": ""f6b8e52e7f7e5f5261220d8eba6193b9e542d195b6d0e8621c5ffe20953cf168"", ""raw_unit_sha256"": ""93d2c446988a6726045fc79980cadfbfa10d2c8d4480ede7ee55ee4664cd825d""}"	"{""stable_id"": ""greek-book10-num62"", ""paragraph"": 13, ""xpath"": ""/*/*/*/*[2]/*[2]/*[12]"", ""text_node_path"": ""/TEI[1]/text[1]/body[1]/div1[1]/div2[2]/p[12]/num[2]/tail()"", ""node_offset"": 1, ""unit_offset"": 206, ""book_offset"": 18020, ""raw_byte"": 37805, ""left"": ""περιπέμψας πανταχοῦ τὸν λαὸν ἐκέλευε συνελθεῖν εἰς Ἱεροσόλυμα τούς θ᾽ ἱερεῖς καὶ τοὺς Λευίτας, πᾶσαν ἡλικίαν παρεῖναι προστάξας.  "", ""right"": ""ἀθροισθέντων δὲ αὐτῶν πρῶτον μὲν αὐτοῖς ἀνέγνω τὰς ἱερὰς βίβλους, ἔπειτα στὰς ἐπὶ τοῦ βήματος ἐν μέσῳ τῷ πλήθει ὅρκους ποιήσασθαι καὶ πίστεις ἠνάγκασεν, ἦ μὴν θρησκεύσειν τὸν θεὸν καὶ φυλάξειν τοὺς Μωυσέος νόμους.  οἱ δὲ προθύμως τ᾽ ἐπῄνεσα"", ""parsed_unit_sha256"": ""02f15627ca166ed9488a97d41c0afc5510eec8cd5f34a4865730dfc82486c648"", ""raw_unit_sha256"": ""2bef3931df9dcdb8f5f73ad5d2267938bb0377d1a7fd5a2c778d3e4483506222""}"	17401	quibus congretis begins the assembled reading and oath after the summons.	False	True
10	64	INTERNAL-BUT-EXACT	HIGH_INDIVIDUALLY_REVIEWED	PRESENT	PROPOSED_INTERNAL_MILESTONE	Illi uero promptissime	latin-book10-num62	"{""stable_id"": ""latin-book10-num62"", ""paragraph"": 12, ""xpath"": ""/*/*[2]/*/*[2]/*[5]/*[4]"", ""text_node_path"": ""/TEI[1]/text[1]/body[1]/div1[1]/div2[5]/p[4]/num[1]/tail()"", ""node_offset"": 413, ""unit_offset"": 413, ""book_offset"": 17401, ""raw_byte"": 21760, ""left"": ""ribunali in media multitudine coegit cunctos fidem et iumenta prebere ut apud deum fierent et moseos leges per omnia custodirent. "", ""right"": ""Illi uero promptissime et uirauerunt, et precepta legis implere promiserunt. Mox itaque sacrifia caelebrantes deum sibi poscebant esse propitium. Rex autem sacerdoti precepit ut si quod aliud uas aparentibus eius oblatum idolis aut diis ex "", ""parsed_unit_sha256"": ""f6b8e52e7f7e5f5261220d8eba6193b9e542d195b6d0e8621c5ffe20953cf168"", ""raw_unit_sha256"": ""93d2c446988a6726045fc79980cadfbfa10d2c8d4480ede7ee55ee4664cd825d""}"	"{""stable_id"": ""greek-book10-num62"", ""paragraph"": 13, ""xpath"": ""/*/*/*/*[2]/*[2]/*[12]"", ""text_node_path"": ""/TEI[1]/text[1]/body[1]/div1[1]/div2[2]/p[12]/num[3]/tail()"", ""node_offset"": 1, ""unit_offset"": 421, ""book_offset"": 18235, ""raw_byte"": 38241, ""left"": "" βήματος ἐν μέσῳ τῷ πλήθει ὅρκους ποιήσασθαι καὶ πίστεις ἠνάγκασεν, ἦ μὴν θρησκεύσειν τὸν θεὸν καὶ φυλάξειν τοὺς Μωυσέος νόμους.  "", ""right"": ""οἱ δὲ προθύμως τ᾽ ἐπῄνεσαν καὶ τὰ παραινεθέντα ὑπὸ τοῦ βασιλέως ποιήσειν ὑπέστησαν θύοντές τε παραχρῆμα καὶ καλλιεροῦντες ἤδη τὸν θεὸν ἱκέτευον εὐμενῆ καὶ ἵλεων αὐτοῖς ὑπάρχειν.  τὸν δὲ ἀρχιερέα προσέταξεν εἴ τι περισσὸν ὑπὸ τῶν προγόνων σκ"", ""parsed_unit_sha256"": ""02f15627ca166ed9488a97d41c0afc5510eec8cd5f34a4865730dfc82486c648"", ""raw_unit_sha256"": ""2bef3931df9dcdb8f5f73ad5d2267938bb0377d1a7fd5a2c778d3e4483506222""}"	17547	Illi uero promptissime begins popular assent after the oath requirement.	False	True
10	65	INTERNAL-BUT-EXACT	HIGH_INDIVIDUALLY_REVIEWED	PRESENT	PROPOSED_INTERNAL_MILESTONE	Rex autem sacerdoti	latin-book10-num62	"{""stable_id"": ""latin-book10-num62"", ""paragraph"": 12, ""xpath"": ""/*/*[2]/*/*[2]/*[5]/*[4]"", ""text_node_path"": ""/TEI[1]/text[1]/body[1]/div1[1]/div2[5]/p[4]/num[1]/tail()"", ""node_offset"": 559, ""unit_offset"": 559, ""book_offset"": 17547, ""raw_byte"": 21906, ""left"": ""issime et uirauerunt, et precepta legis implere promiserunt. Mox itaque sacrifia caelebrantes deum sibi poscebant esse propitium. "", ""right"": ""Rex autem sacerdoti precepit ut si quod aliud uas aparentibus eius oblatum idolis aut diis ex straneis in ueniretur in templo proferret, et dum fuissent multa collecta conburens ea cineres dispersit ad fluuium et sacerdotes idolorum qui ex "", ""parsed_unit_sha256"": ""f6b8e52e7f7e5f5261220d8eba6193b9e542d195b6d0e8621c5ffe20953cf168"", ""raw_unit_sha256"": ""93d2c446988a6726045fc79980cadfbfa10d2c8d4480ede7ee55ee4664cd825d""}"	"{""stable_id"": ""greek-book10-num62"", ""paragraph"": 13, ""xpath"": ""/*/*/*/*[2]/*[2]/*[12]"", ""text_node_path"": ""/TEI[1]/text[1]/body[1]/div1[1]/div2[2]/p[12]/num[4]/tail()"", ""node_offset"": 1, ""unit_offset"": 600, ""book_offset"": 18414, ""raw_byte"": 38610, ""left"": ""ὸ τοῦ βασιλέως ποιήσειν ὑπέστησαν θύοντές τε παραχρῆμα καὶ καλλιεροῦντες ἤδη τὸν θεὸν ἱκέτευον εὐμενῆ καὶ ἵλεων αὐτοῖς ὑπάρχειν.  "", ""right"": ""τὸν δὲ ἀρχιερέα προσέταξεν εἴ τι περισσὸν ὑπὸ τῶν προγόνων σκεῦος τοῖς εἰδώλοις καὶ ξενικοῖς θεοῖς κατασταθὲν ἦν ἐν τῷ ναῷ, τοῦτο ἐκβαλεῖν. συναθροισθέντων δὲ πολλῶν καταπρήσας αὐτὰ τὴν σποδὸν αὐτῶν διέσπειρε καὶ τοὺς ἱερεῖς τῶν εἰδώλων οὐκ"", ""parsed_unit_sha256"": ""02f15627ca166ed9488a97d41c0afc5510eec8cd5f34a4865730dfc82486c648"", ""raw_unit_sha256"": ""2bef3931df9dcdb8f5f73ad5d2267938bb0377d1a7fd5a2c778d3e4483506222""}"	17822	Rex autem sacerdoti begins removal of remaining vessels after the people's sacrifices.	False	True
10	66	EXACT	HIGH	PRESENT	INHERITED_START	Dum haec ergo fecisset et hierosolimis processit i	latin-book10-num66	"{""stable_id"": ""latin-book10-num66"", ""paragraph"": 13, ""xpath"": ""/*/*[2]/*/*[2]/*[5]/*[5]"", ""text_node_path"": ""/TEI[1]/text[1]/body[1]/div1[1]/div2[5]/p[5]/num[1]/tail()"", ""node_offset"": 1, ""unit_offset"": 1, ""book_offset"": 17822, ""raw_byte"": 22283, ""left"": ""uissent multa collecta conburens ea cineres dispersit ad fluuium et sacerdotes idolorum qui ex genere non erant aaron interfecit. "", ""right"": ""Dum haec ergo fecisset et hierosolimis processit in uniuersam prouintiam et lucus quia hieroboam rege ad honorem deorum extraneorum facti uidebantur exterminauit et offa falsorum prophetarum super altare quam prius hieroboam construxerat co"", ""parsed_unit_sha256"": ""5b227142f2554257a243eef640c8f28088f0ddf477a1516b4fbcf4d20e8d2987"", ""raw_unit_sha256"": ""dc354e4d4f3175e13f8deab19c387fef78217c2e41bff64d03caa59e38c04171""}"	"{""stable_id"": ""greek-book10-num66"", ""paragraph"": 14, ""xpath"": ""/*/*/*/*[2]/*[2]/*[13]"", ""text_node_path"": ""/TEI[1]/text[1]/body[1]/div1[1]/div2[2]/p[13]/num[1]/tail()"", ""node_offset"": 1, ""unit_offset"": 1, ""book_offset"": 18694, ""raw_byte"": 39251, ""left"": ""έντων δὲ πολλῶν καταπρήσας αὐτὰ τὴν σποδὸν αὐτῶν διέσπειρε καὶ τοὺς ἱερεῖς τῶν εἰδώλων οὐκ ὄντας ἐκ τοῦ Ἀαρῶνος γένους ἀπέκτεινε. "", ""right"": ""Ταῦτα δὲ ἐν τοῖς Ἱεροσολύμοις διαπραξάμενος ἧκεν εἰς τὴν χώραν καὶ τὰ κατασκευασθέντα ἐν αὐτῇ ὑπὸ Ἱεροβοάμου τοῦ βασιλέως εἰς τιμὴν τῶν ξενικῶν θεῶν ἠφάνισε καὶ τὰ ὀστᾶ τῶν ψευδοπροφητῶν ἐπὶ τοῦ βωμοῦ, ὃν κατεσκεύασε πρῶτος Ἱερόβαμος, κατέκ"", ""parsed_unit_sha256"": ""c252b9a092209383246fcb382e5ba5aa69050a10938439c96f189216fd7c0b3f"", ""raw_unit_sha256"": ""d66c12c35c5a24e52bb2d934f11ee592771ec0a89dd32823e9ca8276b01467dc""}"	18076	Independent printed Greek start and individually read Latin counterpart agree.	False	True
10	67	INTERNAL-BUT-EXACT	HIGH_INDIVIDUALLY_REVIEWED	PRESENT	PROPOSED_INTERNAL_MILESTONE	Igitur que ueniens	latin-book10-num66	"{""stable_id"": ""latin-book10-num66"", ""paragraph"": 13, ""xpath"": ""/*/*[2]/*/*[2]/*[5]/*[5]"", ""text_node_path"": ""/TEI[1]/text[1]/body[1]/div1[1]/div2[5]/p[5]/num[1]/tail()"", ""node_offset"": 255, ""unit_offset"": 255, ""book_offset"": 18076, ""raw_byte"": 22537, ""left"": ""aneorum facti uidebantur exterminauit et offa falsorum prophetarum super altare quam prius hieroboam construxerat concremauit ea. "", ""right"": ""Igitur que ueniens propheta ad hieroboam cum ille sacrificaret et omnis populus audierat quae futura esse praedixerat, hoc modo terminum perceperunt, quando ex genere dauid osias nomine fecit ea quę predicta sunt ante annos trecenti sexagin"", ""parsed_unit_sha256"": ""5b227142f2554257a243eef640c8f28088f0ddf477a1516b4fbcf4d20e8d2987"", ""raw_unit_sha256"": ""dc354e4d4f3175e13f8deab19c387fef78217c2e41bff64d03caa59e38c04171""}"	"{""stable_id"": ""greek-book10-num66"", ""paragraph"": 14, ""xpath"": ""/*/*/*/*[2]/*[2]/*[13]"", ""text_node_path"": ""/TEI[1]/text[1]/body[1]/div1[1]/div2[2]/p[13]/num[2]/tail()"", ""node_offset"": 1, ""unit_offset"": 248, ""book_offset"": 18941, ""raw_byte"": 39754, ""left"": ""λέως εἰς τιμὴν τῶν ξενικῶν θεῶν ἠφάνισε καὶ τὰ ὀστᾶ τῶν ψευδοπροφητῶν ἐπὶ τοῦ βωμοῦ, ὃν κατεσκεύασε πρῶτος Ἱερόβαμος, κατέκαυσε.  "", ""right"": ""ταῦτα δὲ προφήτην κατελθόντα πρὸς Ἱερόβαμον θυσιάζοντος αὐτοῦ καὶ παντὸς ἀκούοντος τοῦ λαοῦ προκαταγγεῖλαι τὰ γενησόμενα, ὅτι τις ἐκ τοῦ Δαυίδου γένους Ἰωσίας τοὔνομα ποιήσει τὰ προειρημένα. συνέβη δὲ ταῦτα λαβεῖν τέλος μετὰ ἔτη τριακόσια κ"", ""parsed_unit_sha256"": ""c252b9a092209383246fcb382e5ba5aa69050a10938439c96f189216fd7c0b3f"", ""raw_unit_sha256"": ""d66c12c35c5a24e52bb2d934f11ee592771ec0a89dd32823e9ca8276b01467dc""}"	18324	Igitur que ueniens propheta begins retrospective fulfilment of the altar oracle after its destruction.	False	True
10	68	EXACT	HIGH	PRESENT	INHERITED_START	Post haec autem rex osias profectus est ad cunctos	latin-book10-num68	"{""stable_id"": ""latin-book10-num68"", ""paragraph"": 14, ""xpath"": ""/*/*[2]/*/*[2]/*[5]/*[6]"", ""text_node_path"": ""/TEI[1]/text[1]/body[1]/div1[1]/div2[5]/p[6]/num[1]/tail()"", ""node_offset"": 1, ""unit_offset"": 1, ""book_offset"": 18324, ""raw_byte"": 22847, ""left"": "" hoc modo terminum perceperunt, quando ex genere dauid osias nomine fecit ea quę predicta sunt ante annos trecenti sexaginta unu. "", ""right"": ""Post haec autem rex osias profectus est ad cunctos israelitas qui captiuitatem et seruitium assyriorum effugerant, eis que suasit et impios actos et honores deorum extraneorum relinquerent, et patrium maximumque colerent deum eique dicarent"", ""parsed_unit_sha256"": ""6eb8b810d02cfb9840fadd5e4611c9dbd9ecb996be52386d669914b946b2d06a"", ""raw_unit_sha256"": ""072d3799f217b8d7f086fc79866ef6c8bfa8329dee6be0a8bfb2e4cdc654439c""}"	"{""stable_id"": ""greek-book10-num68"", ""paragraph"": 15, ""xpath"": ""/*/*/*/*[2]/*[2]/*[14]"", ""text_node_path"": ""/TEI[1]/text[1]/body[1]/div1[1]/div2[2]/p[14]/num[1]/tail()"", ""node_offset"": 1, ""unit_offset"": 1, ""book_offset"": 19196, ""raw_byte"": 40335, ""left"": "" τις ἐκ τοῦ Δαυίδου γένους Ἰωσίας τοὔνομα ποιήσει τὰ προειρημένα. συνέβη δὲ ταῦτα λαβεῖν τέλος μετὰ ἔτη τριακόσια καὶ ἑξηκονταέν. "", ""right"": ""Μετὰ δὲ ταῦτα ὁ βασιλεὺς Ἰωσίας πορευθεὶς καὶ πρὸς τοὺς ἄλλους τῶν Ἰσραηλιτῶν, ὅσοι τὴν αἰχμαλωσίαν καὶ τὴν δουλείαν τὴν ὑπὸ τῶν Ἀσσυρίων διέφυγον, ἀφεῖναι μὲν τὰς ἀσεβεῖς πράξεις καὶ τὰς τιμὰς τὰς πρὸς τοὺς ἀλλοτρίους θεοὺς ἐγκαταλιπεῖν ἔπ"", ""parsed_unit_sha256"": ""d0e9f3f0869dbb4c5903fbbbe8fc95e297dbb191632ebd901bbd47e57a83a289"", ""raw_unit_sha256"": ""aa11ce189c5fa32f018b371402e9c568f775c8d3cc12118a9ed0f64967b15971""}"	18565	Independent printed Greek start and individually read Latin counterpart agree.	False	True
10	69	INTERNAL-BUT-EXACT	EDITORIALLY_ADJUDICATED_WITH_RECORDED_LIMITS	PRESENT_WITH_RECORDED_ALIGNMENT_LIMITS	PROPOSED_INTERNAL_MILESTONE	et domos et uicos	latin-book10-num68	"{""stable_id"": ""latin-book10-num68"", ""paragraph"": 14, ""xpath"": ""/*/*[2]/*/*[2]/*[5]/*[6]"", ""text_node_path"": ""/TEI[1]/text[1]/body[1]/div1[1]/div2[5]/p[6]/num[1]/tail()"", ""node_offset"": 242, ""unit_offset"": 242, ""book_offset"": 18565, ""raw_byte"": 23088, ""left"": ""nt, eis que suasit et impios actos et honores deorum extraneorum relinquerent, et patrium maximumque colerent deum eique dicarent "", ""right"": ""et domos et uicos. Perscrutatus est autem ciuitatem nequod forte idolum habentes intra sua tecta celarent, nec nos et curros qui aedificati fuerant apri oribus regibus et quae que alia huius modi erant quae uelut deos adorabant cuncta parit"", ""parsed_unit_sha256"": ""6eb8b810d02cfb9840fadd5e4611c9dbd9ecb996be52386d669914b946b2d06a"", ""raw_unit_sha256"": ""072d3799f217b8d7f086fc79866ef6c8bfa8329dee6be0a8bfb2e4cdc654439c""}"	"{""stable_id"": ""greek-book10-num68"", ""paragraph"": 15, ""xpath"": ""/*/*/*/*[2]/*[2]/*[14]"", ""text_node_path"": ""/TEI[1]/text[1]/body[1]/div1[1]/div2[2]/p[14]/num[2]/tail()"", ""node_offset"": 1, ""unit_offset"": 313, ""book_offset"": 19508, ""raw_byte"": 40969, ""left"": ""ὶ τὰς τιμὰς τὰς πρὸς τοὺς ἀλλοτρίους θεοὺς ἐγκαταλιπεῖν ἔπεισε, τὸν δὲ πάτριον καὶ μέγιστον θεὸν εὐσεβεῖν καὶ τούτῳ προσανέχειν:  "", ""right"": ""τὰς οἰκίας τε καὶ τὰς κώμας ἠρεύνησε καὶ τὰς πόλεις, μή τις ἔνδον ἔχοι τι τῶν εἰδώλων ὑπονοῶν. οὐ μὴν ἀλλὰ καὶ τὰ τοῖς βασιλευομένοις ἐφεστῶτα ἅρματα, ἃ κατεσκεύασαν οἱ πρόγονοι, καὶ εἴ τι ἄλλο τοιοῦτον ἦν ᾧ προσεκύνουν ὡς θεῷ ἐβάστασε:  κα"", ""parsed_unit_sha256"": ""d0e9f3f0869dbb4c5903fbbbe8fc95e297dbb191632ebd901bbd47e57a83a289"", ""raw_unit_sha256"": ""aa11ce189c5fa32f018b371402e9c568f775c8d3cc12118a9ed0f64967b15971""}"	18819	Opening Greek objects are houses and villages. Latin attaches et domos et uicos to dicarent in the preceding syntax, then begins Perscrutatus est autem ciuitatem. Preserve the changed syntactic attachment and the elected embedded cut.	False	True
10	70	INTERNAL-BUT-EXACT	HIGH_INDIVIDUALLY_REVIEWED	PRESENT	PROPOSED_INTERNAL_MILESTONE	Et hoc modo purgata	latin-book10-num68	"{""stable_id"": ""latin-book10-num68"", ""paragraph"": 14, ""xpath"": ""/*/*[2]/*/*[2]/*[5]/*[6]"", ""text_node_path"": ""/TEI[1]/text[1]/body[1]/div1[1]/div2[5]/p[6]/cb[1]/tail()"", ""node_offset"": 53, ""unit_offset"": 496, ""book_offset"": 18819, ""raw_byte"": 23355, ""left"": "" qui aedificati fuerant apri oribus regibus et quae que alia huius modi erant quae uelut deos adorabant cuncta pariter amputauit. "", ""right"": ""Et hoc modo purgata omni prouintia ad hierosolimam omnem populum conuocauit et ad azymorum festiuitatem quae pascha dicitur eos adduxit. Donauit que populo in pascha nouellos aedos et agnos triginta milia. Prebuerunt autem ad holocausta tri"", ""parsed_unit_sha256"": ""6eb8b810d02cfb9840fadd5e4611c9dbd9ecb996be52386d669914b946b2d06a"", ""raw_unit_sha256"": ""072d3799f217b8d7f086fc79866ef6c8bfa8329dee6be0a8bfb2e4cdc654439c""}"	"{""stable_id"": ""greek-book10-num68"", ""paragraph"": 15, ""xpath"": ""/*/*/*/*[2]/*[2]/*[14]"", ""text_node_path"": ""/TEI[1]/text[1]/body[1]/div1[1]/div2[2]/p[14]/num[3]/tail()"", ""node_offset"": 1, ""unit_offset"": 551, ""book_offset"": 19746, ""raw_byte"": 41446, ""left"": ""αὶ τὰ τοῖς βασιλευομένοις ἐφεστῶτα ἅρματα, ἃ κατεσκεύασαν οἱ πρόγονοι, καὶ εἴ τι ἄλλο τοιοῦτον ἦν ᾧ προσεκύνουν ὡς θεῷ ἐβάστασε:  "", ""right"": ""καὶ καθαρίσας οὕτω τὴν χώραν ἅπασαν εἰς Ἱεροσόλυμα τὸν λαὸν συνεκάλεσε κἀκεῖ τὴν ἀζύμων ἑορτὴν καὶ τὴν πάσχα λεγομένην ἤγαγεν: ἐδωρήσατό τε τῷ λαῷ τὸ πάσχα νεογνοὺς ἐρίφους καὶ ἄρνας δισμυρίους, βοῦς δ᾽ εἰς ὁλοκαυτώματα τρισχιλίους.  παρεῖχ"", ""parsed_unit_sha256"": ""d0e9f3f0869dbb4c5903fbbbe8fc95e297dbb191632ebd901bbd47e57a83a289"", ""raw_unit_sha256"": ""aa11ce189c5fa32f018b371402e9c568f775c8d3cc12118a9ed0f64967b15971""}"	19068	Et hoc modo purgata begins the Passover assembly after removal of idols/chariots.	False	True
10	71	INTERNAL-BUT-EXACT	HIGH_INDIVIDUALLY_REVIEWED	PRESENT	PROPOSED_INTERNAL_MILESTONE	Prebuerunt autem et primi	latin-book10-num68	"{""stable_id"": ""latin-book10-num68"", ""paragraph"": 14, ""xpath"": ""/*/*[2]/*/*[2]/*[5]/*[6]"", ""text_node_path"": ""/TEI[1]/text[1]/body[1]/div1[1]/div2[5]/p[6]/cb[1]/tail()"", ""node_offset"": 302, ""unit_offset"": 745, ""book_offset"": 19068, ""raw_byte"": 23604, ""left"": ""itur eos adduxit. Donauit que populo in pascha nouellos aedos et agnos triginta milia. Prebuerunt autem ad holocausta tria milia. "", ""right"": ""Prebuerunt autem et primi iudaeorum propter pascha sacerdotibus, agnos quinque milia et leuitis agnos duo milia sex centos eorum presule subtulerunt, boues uero quingentos. Et dum esset haec habundantia quadrupedium sacrificia faciebant mos"", ""parsed_unit_sha256"": ""6eb8b810d02cfb9840fadd5e4611c9dbd9ecb996be52386d669914b946b2d06a"", ""raw_unit_sha256"": ""072d3799f217b8d7f086fc79866ef6c8bfa8329dee6be0a8bfb2e4cdc654439c""}"	"{""stable_id"": ""greek-book10-num68"", ""paragraph"": 15, ""xpath"": ""/*/*/*/*[2]/*[2]/*[14]"", ""text_node_path"": ""/TEI[1]/text[1]/body[1]/div1[1]/div2[2]/p[14]/num[4]/tail()"", ""node_offset"": 1, ""unit_offset"": 785, ""book_offset"": 19980, ""raw_byte"": 41918, ""left"": ""άσχα λεγομένην ἤγαγεν: ἐδωρήσατό τε τῷ λαῷ τὸ πάσχα νεογνοὺς ἐρίφους καὶ ἄρνας δισμυρίους, βοῦς δ᾽ εἰς ὁλοκαυτώματα τρισχιλίους.  "", ""right"": ""παρεῖχον δὲ καὶ τῶν ἱερέων οἱ πρῶτοι διὰ τὸ πάσχα τοῖς ἱερεῦσιν ἄρνας δισχιλίους ἑξακοσίους καὶ τοῖς Λευίταις πεντακισχιλίους ἄρνας ἔδοσαν οἱ προεστῶτες αὐτῶν, βοῦς δὲ πεντακοσίους.  καὶ γενομένης οὕτως ἀφθόνου τῆς τῶν ἱερείων εὐπορίας τὰς "", ""parsed_unit_sha256"": ""d0e9f3f0869dbb4c5903fbbbe8fc95e297dbb191632ebd901bbd47e57a83a289"", ""raw_unit_sha256"": ""aa11ce189c5fa32f018b371402e9c568f775c8d3cc12118a9ed0f64967b15971""}"	19241	Prebuerunt autem et primi begins priestly gifts after royal offerings; retain the altered allocation of numbers.	False	True
10	72	INTERNAL-BUT-EXACT	HIGH_INDIVIDUALLY_REVIEWED	PRESENT	PROPOSED_INTERNAL_MILESTONE	Et dum esset haec	latin-book10-num68	"{""stable_id"": ""latin-book10-num68"", ""paragraph"": 14, ""xpath"": ""/*/*[2]/*/*[2]/*[5]/*[6]"", ""text_node_path"": ""/TEI[1]/text[1]/body[1]/div1[1]/div2[5]/p[6]/cb[1]/tail()"", ""node_offset"": 475, ""unit_offset"": 918, ""book_offset"": 19241, ""raw_byte"": 23777, ""left"": "" pascha sacerdotibus, agnos quinque milia et leuitis agnos duo milia sex centos eorum presule subtulerunt, boues uero quingentos. "", ""right"": ""Et dum esset haec habundantia quadrupedium sacrificia faciebant moseos legibus hostias singulas enarrantibus ac ministrantibus nec fuit alia similis festiuitas apud hebraeos a samuheli propheta temporibus. Causa uero eius festiuitatis haec "", ""parsed_unit_sha256"": ""6eb8b810d02cfb9840fadd5e4611c9dbd9ecb996be52386d669914b946b2d06a"", ""raw_unit_sha256"": ""072d3799f217b8d7f086fc79866ef6c8bfa8329dee6be0a8bfb2e4cdc654439c""}"	"{""stable_id"": ""greek-book10-num68"", ""paragraph"": 15, ""xpath"": ""/*/*/*/*[2]/*[2]/*[14]"", ""text_node_path"": ""/TEI[1]/text[1]/body[1]/div1[1]/div2[2]/p[14]/num[5]/tail()"", ""node_offset"": 1, ""unit_offset"": 968, ""book_offset"": 20163, ""raw_byte"": 42293, ""left"": ""ς ἱερεῦσιν ἄρνας δισχιλίους ἑξακοσίους καὶ τοῖς Λευίταις πεντακισχιλίους ἄρνας ἔδοσαν οἱ προεστῶτες αὐτῶν, βοῦς δὲ πεντακοσίους.  "", ""right"": ""καὶ γενομένης οὕτως ἀφθόνου τῆς τῶν ἱερείων εὐπορίας τὰς θυσίας ἐπετέλουν τοῖς Μωυσέος νόμοις, ἑκάστῳ τῶν ἱερέων ἐξηγουμένων καὶ διακονουμένων τοῖς ὄχλοις, καὶ τοῦ μηδεμίαν ἄλλην οὕτως ἀχθῆναι τοῖς Ἑβραίοις ἑορτὴν ἀπὸ τῶν Σαμουήλου τοῦ προφ"", ""parsed_unit_sha256"": ""d0e9f3f0869dbb4c5903fbbbe8fc95e297dbb191632ebd901bbd47e57a83a289"", ""raw_unit_sha256"": ""aa11ce189c5fa32f018b371402e9c568f775c8d3cc12118a9ed0f64967b15971""}"	19570	Et dum esset haec habundantia begins celebration with plentiful offerings after their totals.	False	True
10	73	INTERNAL-BUT-EXACT	HIGH_INDIVIDUALLY_REVIEWED	PRESENT	PROPOSED_INTERNAL_MILESTONE	Post haec autem dum iosias	latin-book10-num68	"{""stable_id"": ""latin-book10-num68"", ""paragraph"": 14, ""xpath"": ""/*/*[2]/*/*[2]/*[5]/*[6]"", ""text_node_path"": ""/TEI[1]/text[1]/body[1]/div1[1]/div2[5]/p[6]/note[1]/tail()"", ""node_offset"": 1, ""unit_offset"": 1247, ""book_offset"": 19570, ""raw_byte"": 24140, ""left"": ""ribus. Causa uero eius festiuitatis haec erat, ut omnia secundum leges antiquam traditionem paternae sollempnitates efficeretur.  "", ""right"": ""Post haec autem dum iosias in pace atque diuitiis et gloria super omnia excelleret. Nachaos rex aegyptiorum castra posuit ad ufraten eufraten fluuium contra medos et babylonios dimicaret, quia syriorum soluerunt principipatum. Habebat enim "", ""parsed_unit_sha256"": ""6eb8b810d02cfb9840fadd5e4611c9dbd9ecb996be52386d669914b946b2d06a"", ""raw_unit_sha256"": ""072d3799f217b8d7f086fc79866ef6c8bfa8329dee6be0a8bfb2e4cdc654439c""}"	"{""stable_id"": ""greek-book10-num68"", ""paragraph"": 15, ""xpath"": ""/*/*/*/*[2]/*[2]/*[14]"", ""text_node_path"": ""/TEI[1]/text[1]/body[1]/div1[1]/div2[2]/p[14]/num[6]/tail()"", ""node_offset"": 1, ""unit_offset"": 1322, ""book_offset"": 20517, ""raw_byte"": 43003, ""left"": ""μουήλου τοῦ προφήτου χρόνων αἴτιον ἦν τὸ πάντα κατὰ νόμους καὶ κατὰ τὴν ἀρχαίαν παρατήρησιν τῆς πατρίου συνηθείας ἐπιτελεσθῆναι.  "", ""right"": ""ζήσας δ᾽ ἐν εἰρήνῃ μετὰ ταῦτα ὁ Ἰωσίας ἔτι δὲ καὶ πλούτῳ καὶ τῇ παρὰ πᾶσιν εὐδοξίᾳ κατέστρεψε τούτῳ τῷ τρόπῳ τὸν βίον: Νεχαῦς ὁ τῶν Αἰγυπτίων βασιλεὺς ἐγείρας στρατιὰν ἐπὶ τὸν Εὐφράτην ἤλασε ποταμὸν Μήδους πολεμήσων καὶ τοὺς Βαβυλωνίους, οἳ"", ""parsed_unit_sha256"": ""d0e9f3f0869dbb4c5903fbbbe8fc95e297dbb191632ebd901bbd47e57a83a289"", ""raw_unit_sha256"": ""aa11ce189c5fa32f018b371402e9c568f775c8d3cc12118a9ed0f64967b15971""}"	19654	Post haec autem dum iosias begins the peaceful later life after the festival; the death-transition wording is compressed, not supplied.	False	True
10	74	EXACT	HIGH_INDIVIDUALLY_REVIEWED	PRESENT	INHERITED_START	Nachaos rex aegyptiorum castra posuit ad ufraten e	latin-book10-num74	"{""stable_id"": ""latin-book10-num74"", ""paragraph"": 15, ""xpath"": ""/*/*[2]/*/*[2]/*[5]/*[7]"", ""text_node_path"": ""/TEI[1]/text[1]/body[1]/div1[1]/div2[5]/p[7]/num[1]/tail()"", ""node_offset"": 1, ""unit_offset"": 1, ""book_offset"": 19654, ""raw_byte"": 24284, ""left"": ""itionem paternae sollempnitates efficeretur.  Post haec autem dum iosias in pace atque diuitiis et gloria super omnia excelleret. "", ""right"": ""Nachaos rex aegyptiorum castra posuit ad ufraten eufraten fluuium contra medos et babylonios dimicaret, quia syriorum soluerunt principipatum. Habebat enim desiderium ut regnaret in asia, et dum uenisset ad civitatem medin quae erat de regn"", ""parsed_unit_sha256"": ""4bab454642abc36bff63ec042d467ee256333f3d79aa3475fe37548150cb6170"", ""raw_unit_sha256"": ""35b70ba50c96809ea8e69bd0476b029a50bea0e5d3ff17913bef51515e129d72""}"	"{""stable_id"": ""greek-book10-num74"", ""paragraph"": 16, ""xpath"": ""/*/*/*/*[2]/*[2]/*[15]"", ""text_node_path"": ""/TEI[1]/text[1]/body[1]/div1[1]/div2[2]/p[15]/num[1]/tail()"", ""node_offset"": 1, ""unit_offset"": 1, ""book_offset"": 20636, ""raw_byte"": 43324, ""left"": ""λεσθῆναι.  ζήσας δ᾽ ἐν εἰρήνῃ μετὰ ταῦτα ὁ Ἰωσίας ἔτι δὲ καὶ πλούτῳ καὶ τῇ παρὰ πᾶσιν εὐδοξίᾳ κατέστρεψε τούτῳ τῷ τρόπῳ τὸν βίον: "", ""right"": ""Νεχαῦς ὁ τῶν Αἰγυπτίων βασιλεὺς ἐγείρας στρατιὰν ἐπὶ τὸν Εὐφράτην ἤλασε ποταμὸν Μήδους πολεμήσων καὶ τοὺς Βαβυλωνίους, οἳ τὴν Ἀσσυρίων κατέλυσαν ἀρχήν: τῆς γὰρ Ἀσίας βασιλεῦσαι πόθον εἶχε.  γενομένου δ᾽ αὐτοῦ κατὰ Μένδην πόλιν, ἦν δ᾽ αὕτη τ"", ""parsed_unit_sha256"": ""33c45fba026b8f8eb50725858332aaa26b73652080d5457f00239eef16b5d28c"", ""raw_unit_sha256"": ""2d176c56f652d2dea41121d050eddaf1fcfd91ac71e98ea5bbd32de505c95d18""}"	19842	Nachaos rex begins the Egyptian campaign after Josiah's prosperous-life frame.	False	True
10	75	INTERNAL-BUT-EXACT	HIGH_INDIVIDUALLY_REVIEWED	PRESENT	PROPOSED_INTERNAL_MILESTONE	et dum uenisset ad civitatem	latin-book10-num74	"{""stable_id"": ""latin-book10-num74"", ""paragraph"": 15, ""xpath"": ""/*/*[2]/*/*[2]/*[5]/*[7]"", ""text_node_path"": ""/TEI[1]/text[1]/body[1]/div1[1]/div2[5]/p[7]/corr[1]/tail()"", ""node_offset"": 131, ""unit_offset"": 189, ""book_offset"": 19842, ""raw_byte"": 24485, ""left"": ""fluuium contra medos et babylonios dimicaret, quia syriorum soluerunt principipatum. Habebat enim desiderium ut regnaret in asia, "", ""right"": ""et dum uenisset ad civitatem medin quae erat de regno iosiae prohibebat eum rex iosias per suam prouintiam contra medos iter efficere . Tunc mittens legatos ad eum nachaos. Significauit non se contra eum exercitum ducere, sed ad eufraten fl"", ""parsed_unit_sha256"": ""4bab454642abc36bff63ec042d467ee256333f3d79aa3475fe37548150cb6170"", ""raw_unit_sha256"": ""35b70ba50c96809ea8e69bd0476b029a50bea0e5d3ff17913bef51515e129d72""}"	"{""stable_id"": ""greek-book10-num74"", ""paragraph"": 16, ""xpath"": ""/*/*/*/*[2]/*[2]/*[15]"", ""text_node_path"": ""/TEI[1]/text[1]/body[1]/div1[1]/div2[2]/p[15]/num[2]/tail()"", ""node_offset"": 1, ""unit_offset"": 191, ""book_offset"": 20826, ""raw_byte"": 43711, ""left"": ""ράτην ἤλασε ποταμὸν Μήδους πολεμήσων καὶ τοὺς Βαβυλωνίους, οἳ τὴν Ἀσσυρίων κατέλυσαν ἀρχήν: τῆς γὰρ Ἀσίας βασιλεῦσαι πόθον εἶχε.  "", ""right"": ""γενομένου δ᾽ αὐτοῦ κατὰ Μένδην πόλιν, ἦν δ᾽ αὕτη τῆς Ἰωσίου βασιλείας, μετὰ δυνάμεως εἶργεν αὐτὸν διὰ τῆς ἰδίας ποιεῖσθαι χώρας τὴν ἐπὶ τοὺς Μήδους ἔλασιν. πέμψας δὲ κήρυκα πρὸς αὐτὸν Νεχαῦς οὐκ ἐπ᾽ αὐτὸν στρατεύειν ἔλεγεν, ἀλλ᾽ ἐπὶ τὸν Εὐφ"", ""parsed_unit_sha256"": ""33c45fba026b8f8eb50725858332aaa26b73652080d5457f00239eef16b5d28c"", ""raw_unit_sha256"": ""2d176c56f652d2dea41121d050eddaf1fcfd91ac71e98ea5bbd32de505c95d18""}"	20198	et dum uenisset begins arrival at the disputed city after the Asian ambition.	False	True
10	76	INTERNAL-BUT-EXACT	HIGH_INDIVIDUALLY_REVIEWED	PRESENT	PROPOSED_INTERNAL_MILESTONE	Iosias uero non	latin-book10-num74	"{""stable_id"": ""latin-book10-num74"", ""paragraph"": 15, ""xpath"": ""/*/*[2]/*/*[2]/*[5]/*[7]"", ""text_node_path"": ""/TEI[1]/text[1]/body[1]/div1[1]/div2[5]/p[7]/unclear[1]/tail()"", ""node_offset"": 221, ""unit_offset"": 545, ""book_offset"": 20198, ""raw_byte"": 24881, ""left"": ""ad eufraten fluuium properare adiciens ut eum prouocare non debere sua bella prohibendo nec aliena iret ad praelia quo tendebat . "", ""right"": ""Iosias uero non ad quiescebat uerbis nacha. Sec instabat ne iter suum per eius faceret regionem. Reor urguebat eum ut quod imminebat accederet. Nam dum aciem exercitus sui conponeret et in curru uectus a curru transiret. Ad currum quidam ia"", ""parsed_unit_sha256"": ""4bab454642abc36bff63ec042d467ee256333f3d79aa3475fe37548150cb6170"", ""raw_unit_sha256"": ""35b70ba50c96809ea8e69bd0476b029a50bea0e5d3ff17913bef51515e129d72""}"	"{""stable_id"": ""greek-book10-num74"", ""paragraph"": 16, ""xpath"": ""/*/*/*/*[2]/*[2]/*[15]"", ""text_node_path"": ""/TEI[1]/text[1]/body[1]/div1[1]/div2[2]/p[15]/num[3]/tail()"", ""node_offset"": 1, ""unit_offset"": 537, ""book_offset"": 21172, ""raw_byte"": 44407, ""left"": ""ἔλεγεν, ἀλλ᾽ ἐπὶ τὸν Εὐφράτην ὡρμηκέναι: μὴ παροξύνειν δ᾽ αὐτὸν ἐκέλευεν, ὥστε πολεμεῖν αὐτῷ κωλύοντι βαδίζειν ἐφ᾽ οὗ διέγνωκεν.  "", ""right"": ""Ἰωσίας δὲ οὐ προσίετο τὰ παρὰ τοῦ Νεχαῦ, ἀλλ᾽ οὕτως εἶχεν ὡς μὴ συγχωρεῖν αὐτῷ τὴν οἰκείαν διέρχεσθαι, τῆς πεπρωμένης οἶμαι εἰς τοῦτ᾽ αὐτὸν παρορμησάσης, ἵνα λάβῃ πρόφασιν κατ᾽ αὐτοῦ.  διατάσσοντος γὰρ αὐτοῦ τὴν δύναμιν καὶ ἐφ᾽ ἅρματος ἀπὸ "", ""parsed_unit_sha256"": ""33c45fba026b8f8eb50725858332aaa26b73652080d5457f00239eef16b5d28c"", ""raw_unit_sha256"": ""2d176c56f652d2dea41121d050eddaf1fcfd91ac71e98ea5bbd32de505c95d18""}"	20342	Iosias uero non ad quiescebat begins refusal after Necho's warning.	False	True
10	77	INTERNAL-BUT-EXACT	HIGH_INDIVIDUALLY_REVIEWED	PRESENT	PROPOSED_INTERNAL_MILESTONE	Nam dum aciem	latin-book10-num74	"{""stable_id"": ""latin-book10-num74"", ""paragraph"": 15, ""xpath"": ""/*/*[2]/*/*[2]/*[5]/*[7]"", ""text_node_path"": ""/TEI[1]/text[1]/body[1]/div1[1]/div2[5]/p[7]/unclear[1]/tail()"", ""node_offset"": 365, ""unit_offset"": 689, ""book_offset"": 20342, ""raw_byte"": 25025, ""left"": ""n ad quiescebat uerbis nacha. Sec instabat ne iter suum per eius faceret regionem. Reor urguebat eum ut quod imminebat accederet. "", ""right"": ""Nam dum aciem exercitus sui conponeret et in curru uectus a curru transiret. Ad currum quidam iaculatus eum agytiorum a belli festinatione descendit. Mox enim uulnere nimis affectus iussit exercitum reuocari et ad hierosolimam remeauit. Qui"", ""parsed_unit_sha256"": ""4bab454642abc36bff63ec042d467ee256333f3d79aa3475fe37548150cb6170"", ""raw_unit_sha256"": ""35b70ba50c96809ea8e69bd0476b029a50bea0e5d3ff17913bef51515e129d72""}"	"{""stable_id"": ""greek-book10-num74"", ""paragraph"": 16, ""xpath"": ""/*/*/*/*[2]/*[2]/*[15]"", ""text_node_path"": ""/TEI[1]/text[1]/body[1]/div1[1]/div2[2]/p[15]/num[4]/tail()"", ""node_offset"": 1, ""unit_offset"": 722, ""book_offset"": 21357, ""raw_byte"": 44787, ""left"": ""εν ὡς μὴ συγχωρεῖν αὐτῷ τὴν οἰκείαν διέρχεσθαι, τῆς πεπρωμένης οἶμαι εἰς τοῦτ᾽ αὐτὸν παρορμησάσης, ἵνα λάβῃ πρόφασιν κατ᾽ αὐτοῦ.  "", ""right"": ""διατάσσοντος γὰρ αὐτοῦ τὴν δύναμιν καὶ ἐφ᾽ ἅρματος ἀπὸ κέρως ἐπὶ κέρας ὀχουμένου τοξεύσας τις αὐτὸν τῶν Αἰγυπτίων ἔπαυσε τῆς πρὸς τὴν μάχην σπουδῆς: τῷ τραύματι γὰρ περιαλγὴς ὢν ἐκέλευσεν ἀνακληθῆναι τὸ στράτευμα καὶ ὑπέστρεψεν εἰς τὰ Ἱεροσ"", ""parsed_unit_sha256"": ""33c45fba026b8f8eb50725858332aaa26b73652080d5457f00239eef16b5d28c"", ""raw_unit_sha256"": ""2d176c56f652d2dea41121d050eddaf1fcfd91ac71e98ea5bbd32de505c95d18""}"	20720	Nam dum aciem begins deployment and the arrow wound after the fate observation.	False	True
10	78	INTERNAL-BUT-EXACT	HIGH_INDIVIDUALLY_REVIEWED	PRESENT	PROPOSED_INTERNAL_MILESTONE	Omnis populus eum	latin-book10-num74	"{""stable_id"": ""latin-book10-num74"", ""paragraph"": 15, ""xpath"": ""/*/*[2]/*/*[2]/*[5]/*[7]"", ""text_node_path"": ""/TEI[1]/text[1]/body[1]/div1[1]/div2[5]/p[7]/unclear[1]/tail()"", ""node_offset"": 743, ""unit_offset"": 1067, ""book_offset"": 20720, ""raw_byte"": 25403, ""left"": ""us est sepultusque est magnifice in patriis monumentis qui uixit annis triginta et nouem. Regnauit autem ex eis unum et triginta. "", ""right"": ""Omnis populus eum multis diebus magno luctu gemituque de fluxit, sed et hieremias propheta mortis eius carmen lamentabili modulatione conposuit quod actenus noscitur permanere. Hic uero prophata etiam futuram ciuitatis cladem praecidit scri"", ""parsed_unit_sha256"": ""4bab454642abc36bff63ec042d467ee256333f3d79aa3475fe37548150cb6170"", ""raw_unit_sha256"": ""35b70ba50c96809ea8e69bd0476b029a50bea0e5d3ff17913bef51515e129d72""}"	"{""stable_id"": ""greek-book10-num74"", ""paragraph"": 16, ""xpath"": ""/*/*/*/*[2]/*[2]/*[15]"", ""text_node_path"": ""/TEI[1]/text[1]/body[1]/div1[1]/div2[2]/p[15]/num[5]/tail()"", ""node_offset"": 1, ""unit_offset"": 1130, ""book_offset"": 21765, ""raw_byte"": 45603, ""left"": ""ὸν βίον καὶ κηδεύεται ἐν ταῖς πατρῴαις θήκαις μεγαλοπρεπῶς βιώσας μὲν ἔτη τριακονταεννέα, βασιλεύσας δὲ τούτων ἓν καὶ τριάκοντα.  "", ""right"": ""πένθος δ᾽ ἐπ᾽ αὐτῷ μέγα τοῦ λαοῦ παντὸς ἤχθη πολλαῖς ἡμέραις ὀδυρομένου καὶ κατηφοῦντος: Ἱερεμίας δὲ ὁ προφήτης ἐπικήδειον αὐτοῦ συνέταξε μέλος θρηνητικόν, ὃ καὶ μέχρι νῦν διαμένει.  οὗτος ὁ προφήτης καὶ τὰ μέλλοντα τῇ πόλει δεινὰ προεκήρυξ"", ""parsed_unit_sha256"": ""33c45fba026b8f8eb50725858332aaa26b73652080d5457f00239eef16b5d28c"", ""raw_unit_sha256"": ""2d176c56f652d2dea41121d050eddaf1fcfd91ac71e98ea5bbd32de505c95d18""}"	20897	Omnis populus begins mourning and Jeremiah's lament after Josiah's death/reign totals.	False	True
10	79	INTERNAL-BUT-EXACT	HIGH_INDIVIDUALLY_REVIEWED	PRESENT	PROPOSED_INTERNAL_MILESTONE	Hic uero prophata	latin-book10-num74	"{""stable_id"": ""latin-book10-num74"", ""paragraph"": 15, ""xpath"": ""/*/*[2]/*/*[2]/*[5]/*[7]"", ""text_node_path"": ""/TEI[1]/text[1]/body[1]/div1[1]/div2[5]/p[7]/cb[1]/tail()"", ""node_offset"": 87, ""unit_offset"": 1244, ""book_offset"": 20897, ""raw_byte"": 25645, ""left"": ""ituque de fluxit, sed et hieremias propheta mortis eius carmen lamentabili modulatione conposuit quod actenus noscitur permanere. "", ""right"": ""Hic uero prophata etiam futuram ciuitatis cladem praecidit scripto reliquit simul et captiuitatem nunc apud nos habitam et babylonum una migratione. Et non solum iste praedixit haec populo esse uentura sed et propheta ezechiel primus da his"", ""parsed_unit_sha256"": ""4bab454642abc36bff63ec042d467ee256333f3d79aa3475fe37548150cb6170"", ""raw_unit_sha256"": ""35b70ba50c96809ea8e69bd0476b029a50bea0e5d3ff17913bef51515e129d72""}"	"{""stable_id"": ""greek-book10-num74"", ""paragraph"": 16, ""xpath"": ""/*/*/*/*[2]/*[2]/*[15]"", ""text_node_path"": ""/TEI[1]/text[1]/body[1]/div1[1]/div2[2]/p[15]/num[6]/tail()"", ""node_offset"": 1, ""unit_offset"": 1313, ""book_offset"": 21948, ""raw_byte"": 45975, ""left"": ""ἡμέραις ὀδυρομένου καὶ κατηφοῦντος: Ἱερεμίας δὲ ὁ προφήτης ἐπικήδειον αὐτοῦ συνέταξε μέλος θρηνητικόν, ὃ καὶ μέχρι νῦν διαμένει.  "", ""right"": ""οὗτος ὁ προφήτης καὶ τὰ μέλλοντα τῇ πόλει δεινὰ προεκήρυξεν ἐν γράμμασι καταλιπὼν καὶ τὴν νῦν ἐφ᾽ ἡμῶν γενομένην ἅλωσιν τήν τε Βαβυλῶνος αἵρεσιν. οὐ μόνον δὲ οὗτος προεθέσπισε ταῦτα τοῖς ὄχλοις, ἀλλὰ καὶ ὁ προφήτης Ἰεζεκίηλος, ὃς πρῶτος περ"", ""parsed_unit_sha256"": ""33c45fba026b8f8eb50725858332aaa26b73652080d5457f00239eef16b5d28c"", ""raw_unit_sha256"": ""2d176c56f652d2dea41121d050eddaf1fcfd91ac71e98ea5bbd32de505c95d18""}"	21181	Hic uero prophata begins Jeremiah's written predictions after the enduring lament.	False	True
10	80	INTERNAL-BUT-EXACT	HIGH_INDIVIDUALLY_REVIEWED	PRESENT	PROPOSED_INTERNAL_MILESTONE	Erant enim ambo	latin-book10-num74	"{""stable_id"": ""latin-book10-num74"", ""paragraph"": 15, ""xpath"": ""/*/*[2]/*/*[2]/*[5]/*[7]"", ""text_node_path"": ""/TEI[1]/text[1]/body[1]/div1[1]/div2[5]/p[7]/unclear[2]/tail()"", ""node_offset"": 44, ""unit_offset"": 1528, ""book_offset"": 21181, ""raw_byte"": 25969, ""left"": ""n solum iste praedixit haec populo esse uentura sed et propheta ezechiel primus da his duobus libros conscribens plebi relinquit. "", ""right"": ""Erant enim ambo genere sacerdotes, sed hieremias quidem in hierosolimis est commorarus a tertio decimo anno regis iosiae usque dum ciuitas uastaretur et templum, quae tamen de hoc propheta peruenerunt loco proprio declarauimus. Mortuus quid"", ""parsed_unit_sha256"": ""4bab454642abc36bff63ec042d467ee256333f3d79aa3475fe37548150cb6170"", ""raw_unit_sha256"": ""35b70ba50c96809ea8e69bd0476b029a50bea0e5d3ff17913bef51515e129d72""}"	"{""stable_id"": ""greek-book10-num74"", ""paragraph"": 16, ""xpath"": ""/*/*/*/*[2]/*[2]/*[15]"", ""text_node_path"": ""/TEI[1]/text[1]/body[1]/div1[1]/div2[2]/p[15]/num[7]/tail()"", ""node_offset"": 1, ""unit_offset"": 1593, ""book_offset"": 22228, ""raw_byte"": 46532, ""left"": ""όνον δὲ οὗτος προεθέσπισε ταῦτα τοῖς ὄχλοις, ἀλλὰ καὶ ὁ προφήτης Ἰεζεκίηλος, ὃς πρῶτος περὶ τούτων δύο βίβλους γράψας κατέλιπεν.  "", ""right"": ""ἦσαν δὲ οἱ δύο τῷ γένει ἱερεῖς, ἀλλ᾽ ὁ μὲν Ἱερεμίας ἐν Ἱεροσολύμοις διῆγεν ἀπὸ τρισκαιδεκάτου ἔτους τῆς Ἰωσίου βασιλείας ἕως οὗ κατεσκάφη ἡ πόλις καὶ ὁ ναός. τὰ μέντοι γε συμβάντα περὶ τοῦτον τὸν προφήτην κατὰ χώραν δηλώσομεν. Τελευτήσαντος"", ""parsed_unit_sha256"": ""33c45fba026b8f8eb50725858332aaa26b73652080d5457f00239eef16b5d28c"", ""raw_unit_sha256"": ""2d176c56f652d2dea41121d050eddaf1fcfd91ac71e98ea5bbd32de505c95d18""}"	21409	Erant enim ambo begins the prophets' priestly origin after their writings.	False	True
10	81	EXACT	HIGH	PRESENT	INHERITED_START	Mortuus quidem iosia sicut praediximus ei successi	latin-book10-num81	"{""stable_id"": ""latin-book10-num81"", ""paragraph"": 16, ""xpath"": ""/*/*[2]/*/*[2]/*[5]/*[8]"", ""text_node_path"": ""/TEI[1]/text[1]/body[1]/div1[1]/div2[5]/p[8]/num[1]/tail()"", ""node_offset"": 1, ""unit_offset"": 1, ""book_offset"": 21409, ""raw_byte"": 26258, ""left"": ""cimo anno regis iosiae usque dum ciuitas uastaretur et templum, quae tamen de hoc propheta peruenerunt loco proprio declarauimus. "", ""right"": ""Mortuus quidem iosia sicut praediximus ei successit in regnum filius iochaz, cum trium et viginti esset annorum. Et hic quidem regnauit in hierosolimis. Matrem uero habuit abital de ciuitate abana, fuit qui impius et scelestus.  Rex igitur "", ""parsed_unit_sha256"": ""23e02c84b2c150a8629cf6cb72eee298f5ccc4fc130e1fa634219606f386fa66"", ""raw_unit_sha256"": ""027c314f418988c47077ac218751444fc2d4f05e491426952ac2012d18081d42""}"	"{""stable_id"": ""greek-book10-num81"", ""paragraph"": 17, ""xpath"": ""/*/*/*/*[2]/*[2]/*[16]"", ""text_node_path"": ""/TEI[1]/text[1]/body[1]/div1[1]/div2[2]/p[16]/num[1]/tail()"", ""node_offset"": 1, ""unit_offset"": 1, ""book_offset"": 22455, ""raw_byte"": 47058, ""left"": ""υς τῆς Ἰωσίου βασιλείας ἕως οὗ κατεσκάφη ἡ πόλις καὶ ὁ ναός. τὰ μέντοι γε συμβάντα περὶ τοῦτον τὸν προφήτην κατὰ χώραν δηλώσομεν. "", ""right"": ""Τελευτήσαντος δὲ Ἰωσίου, καθὼς προειρήκαμεν, τὴν βασιλείαν ὁ παῖς αὐτοῦ διαδέχεται Ἰώαζος τοὔνομα τρίτον καὶ εἰκοστὸν ἤδη ἔτος γεγονώς. καὶ οὗτος μὲν ἐν Ἱεροσολύμοις ἐβασίλευσε μητρὸς Ἀμιτάλης καὶ πόλεως Τομάνης ἀσεβὴς δὲ καὶ μιαρὸς τὸν τρό"", ""parsed_unit_sha256"": ""c440f06e916a09aaabd4bc0a675440cfc2f6b8b7ce297ce77475d3c1ae56068a"", ""raw_unit_sha256"": ""77c22379edfefc5457d405c9cf3db226b072b20e6e6081feb9263e2d5c76d514""}"	21638	Independent printed Greek start and individually read Latin counterpart agree.	False	True
10	82	INTERNAL-BUT-EXACT	HIGH_INDIVIDUALLY_REVIEWED	PRESENT	PROPOSED_INTERNAL_MILESTONE	Rex igitur egyptiorum	latin-book10-num81	"{""stable_id"": ""latin-book10-num81"", ""paragraph"": 16, ""xpath"": ""/*/*[2]/*/*[2]/*[5]/*[8]"", ""text_node_path"": ""/TEI[1]/text[1]/body[1]/div1[1]/div2[5]/p[8]/note[1]/tail()"", ""node_offset"": 1, ""unit_offset"": 230, ""book_offset"": 21638, ""raw_byte"": 26521, ""left"": ""sset annorum. Et hic quidem regnauit in hierosolimis. Matrem uero habuit abital de ciuitate abana, fuit qui impius et scelestus.  "", ""right"": ""Rex igitur egyptiorum dum fuisset pugna reuersus euocauit achaz ad semet ipsum de ciuitate syriae quae dicitur amath. Qui dum uenisset eum repente fixit, et seniori eius frati exeodem patre progenitus nomine eliachim traditit regnum. Prouin"", ""parsed_unit_sha256"": ""23e02c84b2c150a8629cf6cb72eee298f5ccc4fc130e1fa634219606f386fa66"", ""raw_unit_sha256"": ""027c314f418988c47077ac218751444fc2d4f05e491426952ac2012d18081d42""}"	"{""stable_id"": ""greek-book10-num81"", ""paragraph"": 17, ""xpath"": ""/*/*/*/*[2]/*[2]/*[16]"", ""text_node_path"": ""/TEI[1]/text[1]/body[1]/div1[1]/div2[2]/p[16]/num[2]/tail()"", ""node_offset"": 1, ""unit_offset"": 247, ""book_offset"": 22701, ""raw_byte"": 47554, ""left"": ""ν ἤδη ἔτος γεγονώς. καὶ οὗτος μὲν ἐν Ἱεροσολύμοις ἐβασίλευσε μητρὸς Ἀμιτάλης καὶ πόλεως Τομάνης ἀσεβὴς δὲ καὶ μιαρὸς τὸν τρόπον:  "", ""right"": ""ὁ δὲ τῶν Αἰγυπτίων βασιλεὺς ὑποστρέψας ἀπὸ τῆς μάχης μεταπέμπεται τὸν Ἰώαζον πρὸς αὑτὸν εἰς Ἀμαθὰ καλουμένην πόλιν, ἥτις ἐστὶ τῆς Συρίας, καὶ τὸν μὲν ἐλθόντα ἔδησε, τῷ δὲ πρεσβυτέρῳ αὐτοῦ ἀδελφῷ ὁμοπατρίῳ ὄντι Ἐλιακείμῳ τοὔνομα τὴν βασιλεία"", ""parsed_unit_sha256"": ""c440f06e916a09aaabd4bc0a675440cfc2f6b8b7ce297ce77475d3c1ae56068a"", ""raw_unit_sha256"": ""77c22379edfefc5457d405c9cf3db226b072b20e6e6081feb9263e2d5c76d514""}"	21942	Rex igitur egyptiorum begins Necho's return and summons after Jehoahaz's character.	False	True
10	83	INTERNAL-BUT-EXACT	HIGH_INDIVIDUALLY_REVIEWED	PRESENT	PROPOSED_INTERNAL_MILESTONE	Ioachim ergo has	latin-book10-num81	"{""stable_id"": ""latin-book10-num81"", ""paragraph"": 16, ""xpath"": ""/*/*[2]/*/*[2]/*[5]/*[8]"", ""text_node_path"": ""/TEI[1]/text[1]/body[1]/div1[1]/div2[5]/p[8]/note[1]/tail()"", ""node_offset"": 305, ""unit_offset"": 534, ""book_offset"": 21942, ""raw_byte"": 26825, ""left"": ""i exeodem patre progenitus nomine eliachim traditit regnum. Prouintiae uero tributum posuit. Centum talenta argenti et unum auri. "", ""right"": ""Ioachim ergo has pecunias exsoluebat. Ioachaz autem deduxit in aegypto qui etiam mortuus est in ea dum regna set tres menses et dies decem. Ioachim uero mater uocabatur Zabud de ciuitate abuma. Hic enim uir erat natura iniustus et ualde neq"", ""parsed_unit_sha256"": ""23e02c84b2c150a8629cf6cb72eee298f5ccc4fc130e1fa634219606f386fa66"", ""raw_unit_sha256"": ""027c314f418988c47077ac218751444fc2d4f05e491426952ac2012d18081d42""}"	"{""stable_id"": ""greek-book10-num81"", ""paragraph"": 17, ""xpath"": ""/*/*/*/*[2]/*[2]/*[16]"", ""text_node_path"": ""/TEI[1]/text[1]/body[1]/div1[1]/div2[2]/p[16]/num[3]/tail()"", ""node_offset"": 1, ""unit_offset"": 590, ""book_offset"": 23044, ""raw_byte"": 48248, ""left"": ""ακείμῳ τοὔνομα τὴν βασιλείαν παραδίδωσι μετονομάσας αὐτὸν Ἰωάκειμον: τῇ δὲ χώρᾳ ἐπέταξεν ἑκατὸν ἀργυρίου τάλαντα, ἓν δὲ χρυσίου.  "", ""right"": ""καὶ τοῦτο μὲν ἐτέλει ὁ Ἰωάκειμος τὸ πλῆθος τῶν χρημάτων, τὸν δὲ Ἰώαζον ἀπήγαγεν εἰς Αἴγυπτον, ὃς καὶ ἐτελεύτησεν ἐν αὐτῇ βασιλεύσας μῆνας τρεῖς ἡμέρας δέκα. ἡ δὲ τοῦ Ἰωακείμου μήτηρ ἐκαλεῖτο Ζαβουδᾶ, ἐκ πόλεως δ᾽ ἦν Ἀβουμᾶς. ἐτύγχανε δ᾽ ὢν "", ""parsed_unit_sha256"": ""c440f06e916a09aaabd4bc0a675440cfc2f6b8b7ce297ce77475d3c1ae56068a"", ""raw_unit_sha256"": ""77c22379edfefc5457d405c9cf3db226b072b20e6e6081feb9263e2d5c76d514""}"	22251	Ioachim ergo has pecunias begins payment and Jehoahaz's removal after the tribute amount.	False	True
10	84	EXACT	HIGH	PRESENT	INHERITED_START	Dumque quartum regni haberet annum babyloniae prin	latin-book10-num84	"{""stable_id"": ""latin-book10-num84"", ""paragraph"": 17, ""xpath"": ""/*/*[2]/*/*[2]/*[5]/*[9]"", ""text_node_path"": ""/TEI[1]/text[1]/body[1]/div1[1]/div2[5]/p[9]/num[1]/tail()"", ""node_offset"": 1, ""unit_offset"": 1, ""book_offset"": 22251, ""raw_byte"": 27195, ""left"": ""iuitate abuma. Hic enim uir erat natura iniustus et ualde nequissimus. Et neque circa deum sanctus neque circa homines mansuetur. "", ""right"": ""Dumque quartum regni haberet annum babyloniae principatiam quidam nomine nabochodonosor accepit eodem tempore cum magno apparatu ad circamen ciuitatem uenit quae est iuxta eufraten pugnaturus contra aegyptiorum nichan. Sub hoc enim syria er"", ""parsed_unit_sha256"": ""3657ff167edc1faa0859fb52bdefad42a6bc15d2b2b55a746c7299cf697fd2b6"", ""raw_unit_sha256"": ""13903ad3733af550212535ce73e0791ae27a7dc1628cbb8419804100e84ba759""}"	"{""stable_id"": ""greek-book10-num84"", ""paragraph"": 18, ""xpath"": ""/*/*/*/*[2]/*[2]/*[17]"", ""text_node_path"": ""/TEI[1]/text[1]/body[1]/div1[1]/div2[2]/p[17]/num[1]/tail()"", ""node_offset"": 1, ""unit_offset"": 1, ""book_offset"": 23370, ""raw_byte"": 48974, ""left"": ""δᾶ, ἐκ πόλεως δ᾽ ἦν Ἀβουμᾶς. ἐτύγχανε δ᾽ ὢν τὴν φύσιν ἄδικος καὶ κακοῦργος καὶ μήτε πρὸς θεὸν ὅσιος μήτε πρὸς ἀνθρώπους ἐπιεικής. "", ""right"": ""Ἔτος δ᾽ αὐτοῦ τῆς βασιλείας τέταρτον ἤδη ἔχοντος τὴν Βαβυλωνίων ἀρχὴν παραλαμβάνει Ναβουχοδονόσορος ὄνομα, ὃς ὑπὸ τὸν αὐτὸν καιρὸν μετὰ μεγάλης παρασκευῆς ἐπὶ Καρχάμισσαν ἀναβαίνει πόλιν, ἔστι δ᾽ αὕτη πρὸς τῷ Εὐφράτῃ ποταμῷ, διεγνωκὼς πολεμ"", ""parsed_unit_sha256"": ""7222aa260b27bdfe95008b74fdef31d96d28d9fbbd1cf5a4cb449a2f0d4db3af"", ""raw_unit_sha256"": ""7752a9eb0bcb86a52f88431ef120208e8642658c6fd6785bb8e4788f7df4eead""}"	22503	Independent printed Greek start and individually read Latin counterpart agree.	False	True
10	85	INTERNAL-BUT-EXACT	HIGH_INDIVIDUALLY_REVIEWED	PRESENT	PROPOSED_INTERNAL_MILESTONE	dumque cognouisset rex	latin-book10-num84	"{""stable_id"": ""latin-book10-num84"", ""paragraph"": 17, ""xpath"": ""/*/*[2]/*/*[2]/*[5]/*[9]"", ""text_node_path"": ""/TEI[1]/text[1]/body[1]/div1[1]/div2[5]/p[9]/num[1]/tail()"", ""node_offset"": 253, ""unit_offset"": 253, ""book_offset"": 22503, ""raw_byte"": 27447, ""left"": ""paratu ad circamen ciuitatem uenit quae est iuxta eufraten pugnaturus contra aegyptiorum nichan. Sub hoc enim syria erat universa "", ""right"": ""dumque cognouisset rex babyloniae uoluntate nichan penitus non expauit, sed magno brachio super nabuchodonosor ad eufraten uenit, qui facta congressione deuictus est. Et multa milia uariis rebus bella amisit. Transiens autem eufraten babylo"", ""parsed_unit_sha256"": ""3657ff167edc1faa0859fb52bdefad42a6bc15d2b2b55a746c7299cf697fd2b6"", ""raw_unit_sha256"": ""13903ad3733af550212535ce73e0791ae27a7dc1628cbb8419804100e84ba759""}"	"{""stable_id"": ""greek-book10-num84"", ""paragraph"": 18, ""xpath"": ""/*/*/*/*[2]/*[2]/*[17]"", ""text_node_path"": ""/TEI[1]/text[1]/body[1]/div1[1]/div2[2]/p[17]/num[2]/tail()"", ""node_offset"": 1, ""unit_offset"": 302, ""book_offset"": 23671, ""raw_byte"": 49583, ""left"": ""ἀναβαίνει πόλιν, ἔστι δ᾽ αὕτη πρὸς τῷ Εὐφράτῃ ποταμῷ, διεγνωκὼς πολεμεῖν τῷ τῶν Αἰγυπτίων Νεχαῦ: ὑπὸ τούτῳ γὰρ ἦν ἅπασα ἡ Συρία.  "", ""right"": ""μαθὼν δὲ τὴν τοῦ Βαβυλωνίου προαίρεσιν καὶ τὴν ἐπ᾽ αὐτὸν στρατείαν ὁ Νεχαῦς οὐδὲ αὐτὸς ὠλιγώρησεν, ἀλλὰ σὺν πολλῇ χειρὶ τὸν Ναβουχοδονόσορον ἀμυνούμενος ὥρμησεν ἐπὶ τὸν Εὐφράτην.  συμβολῆς δὲ γενομένης ἡττήθη καὶ πολλὰς ἀπέβαλε μυριάδας ἐν "", ""parsed_unit_sha256"": ""7222aa260b27bdfe95008b74fdef31d96d28d9fbbd1cf5a4cb449a2f0d4db3af"", ""raw_unit_sha256"": ""7752a9eb0bcb86a52f88431ef120208e8642658c6fd6785bb8e4788f7df4eead""}"	22633	dumque cognouisset begins Necho's reaction after the Babylonian plan; Latin reverses the subject/object order but names Necho in the response.	False	True
10	86	INTERNAL-BUT-EXACT	HIGH_INDIVIDUALLY_REVIEWED	PRESENT	PROPOSED_INTERNAL_MILESTONE	qui facta congressione	latin-book10-num84	"{""stable_id"": ""latin-book10-num84"", ""paragraph"": 17, ""xpath"": ""/*/*[2]/*/*[2]/*[5]/*[9]"", ""text_node_path"": ""/TEI[1]/text[1]/body[1]/div1[1]/div2[5]/p[9]/num[1]/tail()"", ""node_offset"": 383, ""unit_offset"": 383, ""book_offset"": 22633, ""raw_byte"": 27577, ""left"": ""dumque cognouisset rex babyloniae uoluntate nichan penitus non expauit, sed magno brachio super nabuchodonosor ad eufraten uenit, "", ""right"": ""qui facta congressione deuictus est. Et multa milia uariis rebus bella amisit. Transiens autem eufraten babyloniae rex omnem syriam usque ad pelusiam coepit propter iudaeam. Quartio igitur anno nabucodosor qui erat octauus ioachim regis heb"", ""parsed_unit_sha256"": ""3657ff167edc1faa0859fb52bdefad42a6bc15d2b2b55a746c7299cf697fd2b6"", ""raw_unit_sha256"": ""13903ad3733af550212535ce73e0791ae27a7dc1628cbb8419804100e84ba759""}"	"{""stable_id"": ""greek-book10-num84"", ""paragraph"": 18, ""xpath"": ""/*/*/*/*[2]/*[2]/*[17]"", ""text_node_path"": ""/TEI[1]/text[1]/body[1]/div1[1]/div2[2]/p[17]/num[3]/tail()"", ""node_offset"": 1, ""unit_offset"": 482, ""book_offset"": 23851, ""raw_byte"": 49957, ""left"": "" αὐτὸν στρατείαν ὁ Νεχαῦς οὐδὲ αὐτὸς ὠλιγώρησεν, ἀλλὰ σὺν πολλῇ χειρὶ τὸν Ναβουχοδονόσορον ἀμυνούμενος ὥρμησεν ἐπὶ τὸν Εὐφράτην.  "", ""right"": ""συμβολῆς δὲ γενομένης ἡττήθη καὶ πολλὰς ἀπέβαλε μυριάδας ἐν τῇ μάχῃ. διαβὰς δὲ τὸν Εὐφράτην ὁ Βαβυλώνιος τὴν ἄχρι Πηλουσίου παραλαμβάνει Συρίαν πάρεξ τῆς Ἰουδαίας.  τέσσαρα δ᾽ ἔτη βασιλεύοντος ἤδη τοῦ Ναβουχοδονοσόρου ὄγδοον ἦν τῷ Ἰωακείμῳ "", ""parsed_unit_sha256"": ""7222aa260b27bdfe95008b74fdef31d96d28d9fbbd1cf5a4cb449a2f0d4db3af"", ""raw_unit_sha256"": ""7752a9eb0bcb86a52f88431ef120208e8642658c6fd6785bb8e4788f7df4eead""}"	22807	qui facta congressione begins defeat after the march to Euphrates.	False	True
10	87	INTERNAL-BUT-EXACT	HIGH_INDIVIDUALLY_REVIEWED	PRESENT	PROPOSED_INTERNAL_MILESTONE	Quartio igitur anno	latin-book10-num84	"{""stable_id"": ""latin-book10-num84"", ""paragraph"": 17, ""xpath"": ""/*/*[2]/*/*[2]/*[5]/*[9]"", ""text_node_path"": ""/TEI[1]/text[1]/body[1]/div1[1]/div2[5]/p[9]/cb[1]/tail()"", ""node_offset"": 74, ""unit_offset"": 557, ""book_offset"": 22807, ""raw_byte"": 27764, ""left"": ""a milia uariis rebus bella amisit. Transiens autem eufraten babyloniae rex omnem syriam usque ad pelusiam coepit propter iudaeam. "", ""right"": ""Quartio igitur anno nabucodosor qui erat octauus ioachim regis hebraeorum contra iudaeos cum magno exercitu castra metatu est babylonios tributa exacturus ioachim aut certe dimicaturos. Ille uero euis minas et pacem habere desiderant prebui"", ""parsed_unit_sha256"": ""3657ff167edc1faa0859fb52bdefad42a6bc15d2b2b55a746c7299cf697fd2b6"", ""raw_unit_sha256"": ""13903ad3733af550212535ce73e0791ae27a7dc1628cbb8419804100e84ba759""}"	"{""stable_id"": ""greek-book10-num84"", ""paragraph"": 18, ""xpath"": ""/*/*/*/*[2]/*[2]/*[17]"", ""text_node_path"": ""/TEI[1]/text[1]/body[1]/div1[1]/div2[2]/p[17]/num[4]/tail()"", ""node_offset"": 1, ""unit_offset"": 647, ""book_offset"": 24016, ""raw_byte"": 50292, ""left"": ""λλὰς ἀπέβαλε μυριάδας ἐν τῇ μάχῃ. διαβὰς δὲ τὸν Εὐφράτην ὁ Βαβυλώνιος τὴν ἄχρι Πηλουσίου παραλαμβάνει Συρίαν πάρεξ τῆς Ἰουδαίας.  "", ""right"": ""τέσσαρα δ᾽ ἔτη βασιλεύοντος ἤδη τοῦ Ναβουχοδονοσόρου ὄγδοον ἦν τῷ Ἰωακείμῳ τῷ τῶν Ἑβραίων ἔχοντι τὴν ἀρχήν, καὶ στρατεύει μετὰ πολλῆς δυνάμεως ἐπὶ τοὺς Ἰουδαίους ὁ Βαβυλώνιος φόρους αἰτῶν τὸν Ἰωάκειμον ἢ πολεμήσειν ἀπειλῶν. ὁ δὲ δείσας τὴν "", ""parsed_unit_sha256"": ""7222aa260b27bdfe95008b74fdef31d96d28d9fbbd1cf5a4cb449a2f0d4db3af"", ""raw_unit_sha256"": ""7752a9eb0bcb86a52f88431ef120208e8642658c6fd6785bb8e4788f7df4eead""}"	23087	Quartio igitur anno begins the fourth/eighth-year campaign after Syria's conquest.	False	True
10	88	EXACT	HIGH	PRESENT	INHERITED_START	Tertio uero anno audiens aegyptios denuo contra ba	latin-book10-num88	"{""stable_id"": ""latin-book10-num88"", ""paragraph"": 18, ""xpath"": ""/*/*[2]/*/*[2]/*[6]/*[1]"", ""text_node_path"": ""/TEI[1]/text[1]/body[1]/div1[1]/div2[6]/p[1]/num[1]/tail()"", ""node_offset"": 1, ""unit_offset"": 1, ""book_offset"": 23087, ""raw_byte"": 28150, ""left"": ""urus ioachim aut certe dimicaturos. Ille uero euis minas et pacem habere desiderant prebuit tributa quae preciperat annis tribus. "", ""right"": ""Tertio uero anno audiens aegyptios denuo contra babyloniam pugnaturos tributa non reddidit, sed spe aegyptiaci belli deceptus est. Nam pugnare contra eum ægyptii minime praesumpserunt. Prophetas siquidem hieremias cotidie predicabat, quia f"", ""parsed_unit_sha256"": ""b17dc826380868180ac3c52bb8ea79b2b3d3ae1c831cbd27b57673240eabc4ed"", ""raw_unit_sha256"": ""30dd158cb8d5921fbc96ec2b6dd4702363c54efae18087ae70acabce0d47dc17""}"	"{""stable_id"": ""greek-book10-num88"", ""paragraph"": 19, ""xpath"": ""/*/*/*/*[2]/*[2]/*[18]"", ""text_node_path"": ""/TEI[1]/text[1]/body[1]/div1[1]/div2[2]/p[18]/num[1]/tail()"", ""node_offset"": 1, ""unit_offset"": 1, ""book_offset"": 24357, ""raw_byte"": 51051, ""left"": ""ειν ἀπειλῶν. ὁ δὲ δείσας τὴν ἀπειλὴν καὶ τὴν εἰρήνην ἀντικαταλλαξάμενος τῶν χρημάτων ἤνεγκεν αὐτῷ φόρους οὓς ἔταξεν ἐπὶ ἔτη τρία. "", ""right"": ""Τῷ δὲ τρίτῳ στρατεύειν τοὺς Αἰγυπτίους ἀκούσας ἐπὶ τὸν Βαβυλώνιον καὶ τοὺς φόρους αὐτῷ μὴ δοὺς διεψεύσθη τῆς ἐλπίδος:  οἱ γὰρ Αἰγύπτιοι ποιήσασθαι τὴν στρατείαν οὐκ ἐθάρρησαν. ταῦτα δὲ ὁ προφήτης Ἱερεμίας κατὰ πᾶσαν ἡμέραν προύλεγεν, ὡς μάτ"", ""parsed_unit_sha256"": ""0737371c85217cb49655a0ba7d63fea0faf46fb47a214295bd5d8cd995241449"", ""raw_unit_sha256"": ""dca3bfe4abb6e7fc55ef556cd0b149e4c7a086116932afe28dd12e2ebe3bbbc1""}"	23218	Independent printed Greek start and individually read Latin counterpart agree.	False	True
10	89	INTERNAL-BUT-EXACT	HIGH_INDIVIDUALLY_REVIEWED	PRESENT	PROPOSED_INTERNAL_MILESTONE	Nam pugnare contra	latin-book10-num88	"{""stable_id"": ""latin-book10-num88"", ""paragraph"": 18, ""xpath"": ""/*/*[2]/*/*[2]/*[6]/*[1]"", ""text_node_path"": ""/TEI[1]/text[1]/body[1]/div1[1]/div2[6]/p[1]/num[1]/tail()"", ""node_offset"": 132, ""unit_offset"": 132, ""book_offset"": 23218, ""raw_byte"": 28281, ""left"": ""ertio uero anno audiens aegyptios denuo contra babyloniam pugnaturos tributa non reddidit, sed spe aegyptiaci belli deceptus est. "", ""right"": ""Nam pugnare contra eum ægyptii minime praesumpserunt. Prophetas siquidem hieremias cotidie predicabat, quia frustra aegyptiorum spe tenerentur, et quod in mineret ciuitati ut a rege babylonio uastaretur et rex ioachim subderetur habeo sed h"", ""parsed_unit_sha256"": ""b17dc826380868180ac3c52bb8ea79b2b3d3ae1c831cbd27b57673240eabc4ed"", ""raw_unit_sha256"": ""30dd158cb8d5921fbc96ec2b6dd4702363c54efae18087ae70acabce0d47dc17""}"	"{""stable_id"": ""greek-book10-num88"", ""paragraph"": 19, ""xpath"": ""/*/*/*/*[2]/*[2]/*[18]"", ""text_node_path"": ""/TEI[1]/text[1]/body[1]/div1[1]/div2[2]/p[18]/num[2]/tail()"", ""node_offset"": 1, ""unit_offset"": 120, ""book_offset"": 24476, ""raw_byte"": 51300, ""left"": "" ἔτη τρία. Τῷ δὲ τρίτῳ στρατεύειν τοὺς Αἰγυπτίους ἀκούσας ἐπὶ τὸν Βαβυλώνιον καὶ τοὺς φόρους αὐτῷ μὴ δοὺς διεψεύσθη τῆς ἐλπίδος:  "", ""right"": ""οἱ γὰρ Αἰγύπτιοι ποιήσασθαι τὴν στρατείαν οὐκ ἐθάρρησαν. ταῦτα δὲ ὁ προφήτης Ἱερεμίας κατὰ πᾶσαν ἡμέραν προύλεγεν, ὡς μάτην ταῖς παρὰ τῶν Αἰγυπτίων ἐλπίσι προσανέχουσι, καὶ ὡς δεῖ τὴν πόλιν ὑπὸ τοῦ Βαβυλωνίων βασιλέως ἀνάστατον γενέσθαι, κα"", ""parsed_unit_sha256"": ""0737371c85217cb49655a0ba7d63fea0faf46fb47a214295bd5d8cd995241449"", ""raw_unit_sha256"": ""dca3bfe4abb6e7fc55ef556cd0b149e4c7a086116932afe28dd12e2ebe3bbbc1""}"	23453	Nam pugnare begins Egypt's failure to intervene after disappointed hopes.	False	True
10	90	INTERNAL-BUT-EXACT	HIGH_INDIVIDUALLY_REVIEWED	PRESENT	PROPOSED_INTERNAL_MILESTONE	sed haec nulla	latin-book10-num88	"{""stable_id"": ""latin-book10-num88"", ""paragraph"": 18, ""xpath"": ""/*/*[2]/*/*[2]/*[6]/*[1]"", ""text_node_path"": ""/TEI[1]/text[1]/body[1]/div1[1]/div2[6]/p[1]/num[1]/tail()"", ""node_offset"": 367, ""unit_offset"": 367, ""book_offset"": 23453, ""raw_byte"": 28517, ""left"": ""ia frustra aegyptiorum spe tenerentur, et quod in mineret ciuitati ut a rege babylonio uastaretur et rex ioachim subderetur habeo "", ""right"": ""sed haec nulla utilitate dicebat quando qui crediderit nullus erat. Nam et populus et principes audientes haec neglegebant et indignantes super his quae dicebantur quasi augurum aduersus regem prophetas ferret accusabant eum subiectum iudic"", ""parsed_unit_sha256"": ""b17dc826380868180ac3c52bb8ea79b2b3d3ae1c831cbd27b57673240eabc4ed"", ""raw_unit_sha256"": ""30dd158cb8d5921fbc96ec2b6dd4702363c54efae18087ae70acabce0d47dc17""}"	"{""stable_id"": ""greek-book10-num88"", ""paragraph"": 19, ""xpath"": ""/*/*/*/*[2]/*[2]/*[18]"", ""text_node_path"": ""/TEI[1]/text[1]/body[1]/div1[1]/div2[2]/p[18]/num[3]/tail()"", ""node_offset"": 1, ""unit_offset"": 405, ""book_offset"": 24761, ""raw_byte"": 51873, ""left"": ""προσανέχουσι, καὶ ὡς δεῖ τὴν πόλιν ὑπὸ τοῦ Βαβυλωνίων βασιλέως ἀνάστατον γενέσθαι, καὶ Ἰωακείμῳ τῷ βασιλεῖ χειρωθῆναι ὑπ᾽ αὐτοῦ.  "", ""right"": ""ἀλλὰ ταῦτ᾽ οὐδὲν χρήσιμον οὐκ ὄντων τῶν σωθησομένων ἐλέγετο: καὶ γὰρ τὸ πλῆθος καὶ οἱ ἄρχοντες ἀκούοντες παρημέλουν, καὶ πρὸς ὀργὴν λαμβάνοντες τὰ λεγόμενα ὡς οἰωνιζομένου κατὰ τοῦ βασιλέως τοῦ προφήτου τὸν Ἱερεμίαν ᾐτιῶντο, καὶ ὑπάγοντες δ"", ""parsed_unit_sha256"": ""0737371c85217cb49655a0ba7d63fea0faf46fb47a214295bd5d8cd995241449"", ""raw_unit_sha256"": ""dca3bfe4abb6e7fc55ef556cd0b149e4c7a086116932afe28dd12e2ebe3bbbc1""}"	23769	sed haec nulla utilitate begins failure of the warning after Jeremiah's prediction.	False	True
10	91	INTERNAL-BUT-EXACT	HIGH_INDIVIDUALLY_REVIEWED	PRESENT	PROPOSED_INTERNAL_MILESTONE	quod multi quidem	latin-book10-num88	"{""stable_id"": ""latin-book10-num88"", ""paragraph"": 18, ""xpath"": ""/*/*[2]/*/*[2]/*[6]/*[1]"", ""text_node_path"": ""/TEI[1]/text[1]/body[1]/div1[1]/div2[6]/p[1]/num[1]/tail()"", ""node_offset"": 683, ""unit_offset"": 683, ""book_offset"": 23769, ""raw_byte"": 28833, ""left"": "" regem prophetas ferret accusabant eum subiectum iudicio ut ad suplicium quoque traderetur, dari contra eum sententia postulabant "", ""right"": ""quod multi quidem aduersus eum decreuerunt. Seniores autem recesserunt qui ea uoluntate qua iuste prophetam adsoluerant ea ipsa etiam aliis suadebant nequid mali fieret hieremiae dicentes quia non solum iste ciuitati futura praediceret sed "", ""parsed_unit_sha256"": ""b17dc826380868180ac3c52bb8ea79b2b3d3ae1c831cbd27b57673240eabc4ed"", ""raw_unit_sha256"": ""30dd158cb8d5921fbc96ec2b6dd4702363c54efae18087ae70acabce0d47dc17""}"	"{""stable_id"": ""greek-book10-num88"", ""paragraph"": 19, ""xpath"": ""/*/*/*/*[2]/*[2]/*[18]"", ""text_node_path"": ""/TEI[1]/text[1]/body[1]/div1[1]/div2[2]/p[18]/num[4]/tail()"", ""node_offset"": 1, ""unit_offset"": 687, ""book_offset"": 25043, ""raw_byte"": 52444, ""left"": ""ενα ὡς οἰωνιζομένου κατὰ τοῦ βασιλέως τοῦ προφήτου τὸν Ἱερεμίαν ᾐτιῶντο, καὶ ὑπάγοντες δίκῃ καταψηφισθῆναι πρὸς τιμωρίαν ἠξίουν.  "", ""right"": ""καὶ οἱ μὲν ἄλλοι πάντες ἤνεγκαν τὰς ψήφους κατ᾽ αὐτοῦ οἳ καὶ ἀπέγνωσαν τῶν πρεσβυτέρων, οἱ δὲ σοφῆς ὄντες διανοίας ἀπέλυσαν τὸν προφήτην ἀπὸ τῆς αὐλῆς καὶ τοῖς ἄλλοις συνεβούλευσαν μηδὲν διαθεῖναι κακὸν τὸν Ἱερεμίαν.  ἔλεγον γὰρ οὐ μόνον το"", ""parsed_unit_sha256"": ""0737371c85217cb49655a0ba7d63fea0faf46fb47a214295bd5d8cd995241449"", ""raw_unit_sha256"": ""dca3bfe4abb6e7fc55ef556cd0b149e4c7a086116932afe28dd12e2ebe3bbbc1""}"	23948	quod multi quidem begins the divided judgement after the demand for punishment.	False	True
10	92	INTERNAL-BUT-EXACT	HIGH_INDIVIDUALLY_REVIEWED	PRESENT	PROPOSED_INTERNAL_MILESTONE	dicentes quia non solum	latin-book10-num88	"{""stable_id"": ""latin-book10-num88"", ""paragraph"": 18, ""xpath"": ""/*/*[2]/*/*[2]/*[6]/*[1]"", ""text_node_path"": ""/TEI[1]/text[1]/body[1]/div1[1]/div2[6]/p[1]/num[1]/tail()"", ""node_offset"": 862, ""unit_offset"": 862, ""book_offset"": 23948, ""raw_byte"": 29012, ""left"": ""res autem recesserunt qui ea uoluntate qua iuste prophetam adsoluerant ea ipsa etiam aliis suadebant nequid mali fieret hieremiae "", ""right"": ""dicentes quia non solum iste ciuitati futura praediceret sed et micheas ante eum olim talia pre dixisset et multos solere se huius modi uerba dixisse quorum nullus a tunc regibus aliquid pertulisset. Sed et quasi prophetae dei fuerant honor"", ""parsed_unit_sha256"": ""b17dc826380868180ac3c52bb8ea79b2b3d3ae1c831cbd27b57673240eabc4ed"", ""raw_unit_sha256"": ""30dd158cb8d5921fbc96ec2b6dd4702363c54efae18087ae70acabce0d47dc17""}"	"{""stable_id"": ""greek-book10-num88"", ""paragraph"": 19, ""xpath"": ""/*/*/*/*[2]/*[2]/*[18]"", ""text_node_path"": ""/TEI[1]/text[1]/body[1]/div1[1]/div2[2]/p[18]/num[5]/tail()"", ""node_offset"": 1, ""unit_offset"": 905, ""book_offset"": 25261, ""raw_byte"": 52889, ""left"": ""οἱ δὲ σοφῆς ὄντες διανοίας ἀπέλυσαν τὸν προφήτην ἀπὸ τῆς αὐλῆς καὶ τοῖς ἄλλοις συνεβούλευσαν μηδὲν διαθεῖναι κακὸν τὸν Ἱερεμίαν.  "", ""right"": ""ἔλεγον γὰρ οὐ μόνον τοῦτον προλέγειν τῇ πόλει τὰ μέλλοντα, ἀλλὰ καὶ Μιχαίαν πρὸ αὐτοῦ ταῦτα κατηγγελκέναι καὶ πολλοὺς ἄλλους, ὧν οὐδεὶς ὑπὸ τῶν τότε βασιλέων οὐδὲν ἔπαθεν, ἀλλ᾽ ὡς προφήτης τοῦ θεοῦ τιμῆς ἔτυχε.  τούτοις καταπραΰναντες τὸ πλ"", ""parsed_unit_sha256"": ""0737371c85217cb49655a0ba7d63fea0faf46fb47a214295bd5d8cd995241449"", ""raw_unit_sha256"": ""dca3bfe4abb6e7fc55ef556cd0b149e4c7a086116932afe28dd12e2ebe3bbbc1""}"	24193	dicentes quia non solum begins the elders' precedent argument after their plea against harming Jeremiah.	False	True
10	93	INTERNAL-BUT-EXACT	HIGH_INDIVIDUALLY_REVIEWED	PRESENT	PROPOSED_INTERNAL_MILESTONE	His itaque uerbis	latin-book10-num88	"{""stable_id"": ""latin-book10-num88"", ""paragraph"": 18, ""xpath"": ""/*/*[2]/*/*[2]/*[6]/*[1]"", ""text_node_path"": ""/TEI[1]/text[1]/body[1]/div1[1]/div2[6]/p[1]/num[1]/tail()"", ""node_offset"": 1107, ""unit_offset"": 1107, ""book_offset"": 24193, ""raw_byte"": 29257, ""left"": ""solere se huius modi uerba dixisse quorum nullus a tunc regibus aliquid pertulisset. Sed et quasi prophetae dei fuerant honorati. "", ""right"": ""His itaque uerbis mitigantes turbas eripierunt eripuerunt hieremiam a difinito definito supplicio, qui omnes prophatias sua scribens ieiunante populo et in ecclesiam congregato in templo nono quinto anno regis ioachim relegit librum quem de"", ""parsed_unit_sha256"": ""b17dc826380868180ac3c52bb8ea79b2b3d3ae1c831cbd27b57673240eabc4ed"", ""raw_unit_sha256"": ""30dd158cb8d5921fbc96ec2b6dd4702363c54efae18087ae70acabce0d47dc17""}"	"{""stable_id"": ""greek-book10-num88"", ""paragraph"": 19, ""xpath"": ""/*/*/*/*[2]/*[2]/*[18]"", ""text_node_path"": ""/TEI[1]/text[1]/body[1]/div1[1]/div2[2]/p[18]/num[6]/tail()"", ""node_offset"": 1, ""unit_offset"": 1117, ""book_offset"": 25473, ""raw_byte"": 53320, ""left"": ""τοῦ ταῦτα κατηγγελκέναι καὶ πολλοὺς ἄλλους, ὧν οὐδεὶς ὑπὸ τῶν τότε βασιλέων οὐδὲν ἔπαθεν, ἀλλ᾽ ὡς προφήτης τοῦ θεοῦ τιμῆς ἔτυχε.  "", ""right"": ""τούτοις καταπραΰναντες τὸ πλῆθος τοῖς λόγοις ἐρρύσαντο τῆς κατεψηφισμένης αὐτοῦ κολάσεως τὸν Ἱερεμίαν, ὃς ἁπάσας αὑτοῦ τὰς προφητείας συγγραψάμενος νηστεύοντος τοῦ δήμου καὶ ἐκκλησιάζοντος ἐν τῷ ἱερῷ μηνὶ ἐνάτῳ τοῦ πέμπτου ἔτους τῆς Ἰωακείμ"", ""parsed_unit_sha256"": ""0737371c85217cb49655a0ba7d63fea0faf46fb47a214295bd5d8cd995241449"", ""raw_unit_sha256"": ""dca3bfe4abb6e7fc55ef556cd0b149e4c7a086116932afe28dd12e2ebe3bbbc1""}"	24497	His itaque uerbis begins the successful calming and written prophecies after the precedent.	False	True
10	94	INTERNAL-BUT-EXACT	HIGH_INDIVIDUALLY_REVIEWED	PRESENT	PROPOSED_INTERNAL_MILESTONE	Audientes itaque principes	latin-book10-num88	"{""stable_id"": ""latin-book10-num88"", ""paragraph"": 18, ""xpath"": ""/*/*[2]/*/*[2]/*[6]/*[1]"", ""text_node_path"": ""/TEI[1]/text[1]/body[1]/div1[1]/div2[6]/p[1]/expan[1]/tail()"", ""node_offset"": 139, ""unit_offset"": 1411, ""book_offset"": 24497, ""raw_byte"": 29602, ""left"": ""to in templo nono quinto anno regis ioachim relegit librum quem de futuris ciuitati et templo et populis conscripsisse uidebatur. "", ""right"": ""Audientes itaque principes telu runt ad eo librum iusseruntque eum et scribam baruch de medio tolli ne quibusdam fierent manifesti. Ipsi uero librum portantes regi dederunt quibus presentibus amicis iussit scribam relegere, et audiens quae "", ""parsed_unit_sha256"": ""b17dc826380868180ac3c52bb8ea79b2b3d3ae1c831cbd27b57673240eabc4ed"", ""raw_unit_sha256"": ""30dd158cb8d5921fbc96ec2b6dd4702363c54efae18087ae70acabce0d47dc17""}"	"{""stable_id"": ""greek-book10-num88"", ""paragraph"": 19, ""xpath"": ""/*/*/*/*[2]/*[2]/*[18]"", ""text_node_path"": ""/TEI[1]/text[1]/body[1]/div1[1]/div2[2]/p[18]/num[7]/tail()"", ""node_offset"": 1, ""unit_offset"": 1475, ""book_offset"": 25831, ""raw_byte"": 54035, ""left"": "" τῆς Ἰωακείμου βασιλείας ἀνέγνω τὴν βίβλον, ἣν περὶ τῶν μελλόντων συμβήσεσθαι τῇ πόλει καὶ τῷ ναῷ καὶ τοῖς ὄχλοις ἦν συντεταχώς.  "", ""right"": ""ἀκούσαντες δ᾽ οἱ ἡγεμόνες λαμβάνουσι παρ᾽ αὐτοῦ τὸ βιβλίον καὶ κελεύουσιν αὐτόν τε καὶ τὸν γραμματέα Βαροῦχον ἐκποδὼν αὑτοὺς ποιῆσαι, μή τισι δῆλοι γένωνται, τὸ δὲ βιβλίον αὐτοὶ φέροντες τῷ βασιλεῖ διδόασιν. ὁ δὲ παρόντων αὐτῷ τῶν φίλων ἐκέ"", ""parsed_unit_sha256"": ""0737371c85217cb49655a0ba7d63fea0faf46fb47a214295bd5d8cd995241449"", ""raw_unit_sha256"": ""dca3bfe4abb6e7fc55ef556cd0b149e4c7a086116932afe28dd12e2ebe3bbbc1""}"	24721	Audientes itaque principes begins receipt of the book and hiding order after its public reading.	False	True
10	95	INTERNAL-BUT-EXACT	HIGH_INDIVIDUALLY_REVIEWED	PRESENT	PROPOSED_INTERNAL_MILESTONE	et audiens quae scripta	latin-book10-num88	"{""stable_id"": ""latin-book10-num88"", ""paragraph"": 18, ""xpath"": ""/*/*[2]/*/*[2]/*[6]/*[1]"", ""text_node_path"": ""/TEI[1]/text[1]/body[1]/div1[1]/div2[6]/p[1]/cb[1]/tail()"", ""node_offset"": 18, ""unit_offset"": 1635, ""book_offset"": 24721, ""raw_byte"": 29891, ""left"": ""tolli ne quibusdam fierent manifesti. Ipsi uero librum portantes regi dederunt quibus presentibus amicis iussit scribam relegere, "", ""right"": ""et audiens quae scripta nos scebantur in libro , iratus rex disrupit eum et igne cremauit, et requisitus hieremias baruch, iussit ad se puniendos adduci. Ili siquidem eius tunc iram declinauerunt. Non post multum uero tempus uenientem contr"", ""parsed_unit_sha256"": ""b17dc826380868180ac3c52bb8ea79b2b3d3ae1c831cbd27b57673240eabc4ed"", ""raw_unit_sha256"": ""30dd158cb8d5921fbc96ec2b6dd4702363c54efae18087ae70acabce0d47dc17""}"	"{""stable_id"": ""greek-book10-num88"", ""paragraph"": 19, ""xpath"": ""/*/*/*/*[2]/*[2]/*[18]"", ""text_node_path"": ""/TEI[1]/text[1]/body[1]/div1[1]/div2[2]/p[18]/num[8]/tail()"", ""node_offset"": 1, ""unit_offset"": 1761, ""book_offset"": 26117, ""raw_byte"": 54609, ""left"": "", τὸ δὲ βιβλίον αὐτοὶ φέροντες τῷ βασιλεῖ διδόασιν. ὁ δὲ παρόντων αὐτῷ τῶν φίλων ἐκέλευσε τὸν αὑτοῦ γραμματέα λαβόντα ἀναγνῶναι.  "", ""right"": ""ἀκούσας δὲ τῶν ἐν τῷ βιβλίῳ καὶ ὀργισθεὶς ὁ βασιλεὺς διέρρηξέ τε καὶ βαλὼν εἰς πῦρ ἠφάνισε, ζητηθέντας δὲ τόν τε Ἱερεμίαν καὶ τὸν γραμματέα Βαροῦχον ἐκέλευσεν ἀχθῆναι πρὸς αὐτὸν κολασθησομένους. οὗτοι μὲν οὖν διαφεύγουσιν αὐτοῦ τὴν ὀργήν. Μ"", ""parsed_unit_sha256"": ""0737371c85217cb49655a0ba7d63fea0faf46fb47a214295bd5d8cd995241449"", ""raw_unit_sha256"": ""dca3bfe4abb6e7fc55ef556cd0b149e4c7a086116932afe28dd12e2ebe3bbbc1""}"	24918	et audiens quae scripta begins the king's reaction after the order to read.	False	True
10	96	EXACT	HIGH	PRESENT	INHERITED_START	Non post multum uero tempus uenientem contra se cu	latin-book10-num96	"{""stable_id"": ""latin-book10-num96"", ""paragraph"": 19, ""xpath"": ""/*/*[2]/*/*[2]/*[6]/*[2]"", ""text_node_path"": ""/TEI[1]/text[1]/body[1]/div1[1]/div2[6]/p[2]/num[1]/tail()"", ""node_offset"": 1, ""unit_offset"": 1, ""book_offset"": 24918, ""raw_byte"": 30151, ""left"": ""t eum et igne cremauit, et requisitus hieremias baruch, iussit ad se puniendos adduci. Ili siquidem eius tunc iram declinauerunt. "", ""right"": ""Non post multum uero tempus uenientem contra se cum magno exercitu regem babyloniorum feoderis uire suscepit propter metum eorum quae dicta fuerant a propheta credens nihil se fore passurum, neque post obscessionem neque per pugnam, Dumque "", ""parsed_unit_sha256"": ""8c73032cbd03518d6170212fe16873e9da86f4214859ef93804bd51b0c67a3cc"", ""raw_unit_sha256"": ""da317c96ea16523cce13880538bee264141ec340f6f4cacb55c66f47c751f63a""}"	"{""stable_id"": ""greek-book10-num96"", ""paragraph"": 20, ""xpath"": ""/*/*/*/*[2]/*[2]/*[19]"", ""text_node_path"": ""/TEI[1]/text[1]/body[1]/div1[1]/div2[2]/p[19]/num[1]/tail()"", ""node_offset"": 1, ""unit_offset"": 1, ""book_offset"": 26356, ""raw_byte"": 55165, ""left"": "" τε Ἱερεμίαν καὶ τὸν γραμματέα Βαροῦχον ἐκέλευσεν ἀχθῆναι πρὸς αὐτὸν κολασθησομένους. οὗτοι μὲν οὖν διαφεύγουσιν αὐτοῦ τὴν ὀργήν. "", ""right"": ""Μετ᾽ οὐ πολὺν δὲ χρόνον στρατευόμενον ἐπ᾽ αὐτὸν τὸν τῶν Βαβυλωνίων βασιλέα δέχεται κατὰ δέος τῶν προειρημένων ὑπὸ τοῦ προφήτου τούτου, οὐδὲν νομίζων πείσεσθαι δεινὸν μηδὲ ἀποκλείσας μηδὲ πολεμήσας,  ἀπελθὼν δ᾽ εἰς αὐτὸν ὁ Βαβυλώνιος οὐκ ἐφύ"", ""parsed_unit_sha256"": ""ce93d1386313fcd7ee13181db9fbef1c973df9a47d9422ee22ab1ca3e752757f"", ""raw_unit_sha256"": ""0b658829f6759c68a37ec4282317ff1a3ba724b606f8141b52b36a14f6470821""}"	25151	Independent printed Greek start and individually read Latin counterpart agree.	False	True
10	97	INTERNAL-BUT-EXACT	HIGH_INDIVIDUALLY_REVIEWED	PRESENT	PROPOSED_INTERNAL_MILESTONE	Dumque rex babyloniae	latin-book10-num96	"{""stable_id"": ""latin-book10-num96"", ""paragraph"": 19, ""xpath"": ""/*/*[2]/*/*[2]/*[6]/*[2]"", ""text_node_path"": ""/TEI[1]/text[1]/body[1]/div1[1]/div2[6]/p[2]/num[1]/tail()"", ""node_offset"": 234, ""unit_offset"": 234, ""book_offset"": 25151, ""raw_byte"": 30384, ""left"": ""cepit propter metum eorum quae dicta fuerant a propheta credens nihil se fore passurum, neque post obscessionem neque per pugnam, "", ""right"": ""Dumque rex babyloniae intrasset in ciuitatem fidem nequaquam seruauit, sed iuuenes fortissimos et pulchritudine decoros hierosolimitanorum occidit una cum rege ioachim quem etiam muros in sepultum proieci iussit. Filium uero eius ioachim co"", ""parsed_unit_sha256"": ""8c73032cbd03518d6170212fe16873e9da86f4214859ef93804bd51b0c67a3cc"", ""raw_unit_sha256"": ""da317c96ea16523cce13880538bee264141ec340f6f4cacb55c66f47c751f63a""}"	"{""stable_id"": ""greek-book10-num96"", ""paragraph"": 20, ""xpath"": ""/*/*/*/*[2]/*[2]/*[19]"", ""text_node_path"": ""/TEI[1]/text[1]/body[1]/div1[1]/div2[2]/p[19]/num[2]/tail()"", ""node_offset"": 1, ""unit_offset"": 200, ""book_offset"": 26555, ""raw_byte"": 55567, ""left"": ""σιλέα δέχεται κατὰ δέος τῶν προειρημένων ὑπὸ τοῦ προφήτου τούτου, οὐδὲν νομίζων πείσεσθαι δεινὸν μηδὲ ἀποκλείσας μηδὲ πολεμήσας,  "", ""right"": ""ἀπελθὼν δ᾽ εἰς αὐτὸν ὁ Βαβυλώνιος οὐκ ἐφύλαξε τὰς πίστεις, ἀλλὰ τοὺς ἀκμαιοτάτους καὶ κάλλει διαφέροντας τῶν Ἱεροσολυμιτῶν ἀπέκτεινε μετὰ τοῦ βασιλέως Ἰωακείμου, ὃν ἄταφον ἐκέλευσε ῥιφῆναι πρὸ τῶν τειχῶν: τὸν δὲ υἱὸν αὐτοῦ Ἰωάκειμον κατέστη"", ""parsed_unit_sha256"": ""ce93d1386313fcd7ee13181db9fbef1c973df9a47d9422ee22ab1ca3e752757f"", ""raw_unit_sha256"": ""0b658829f6759c68a37ec4282317ff1a3ba724b606f8141b52b36a14f6470821""}"	25407	Dumque rex babyloniae intrasset begins the breach and killings after peaceful entry terms.	False	True
10	98	INTERNAL-BUT-EXACT	HIGH_INDIVIDUALLY_REVIEWED	PRESENT	PROPOSED_INTERNAL_MILESTONE	eos autem quierant	latin-book10-num96	"{""stable_id"": ""latin-book10-num96"", ""paragraph"": 19, ""xpath"": ""/*/*[2]/*/*[2]/*[6]/*[2]"", ""text_node_path"": ""/TEI[1]/text[1]/body[1]/div1[1]/div2[6]/p[2]/num[1]/tail()"", ""node_offset"": 490, ""unit_offset"": 490, ""book_offset"": 25407, ""raw_byte"": 30640, ""left"": ""olimitanorum occidit una cum rege ioachim quem etiam muros in sepultum proieci iussit. Filium uero eius ioachim constituit regem, "", ""right"": ""eos autem quierant in dignitatibus constituti numero tria milia captiuos duxit in babyloniam in quos erat prophetae ezechiel cum esset adhuc puer. Hic ergo finis habuit ioachim qui uixit quidem annis sex et triginta. Regnauit autem duodecim"", ""parsed_unit_sha256"": ""8c73032cbd03518d6170212fe16873e9da86f4214859ef93804bd51b0c67a3cc"", ""raw_unit_sha256"": ""da317c96ea16523cce13880538bee264141ec340f6f4cacb55c66f47c751f63a""}"	"{""stable_id"": ""greek-book10-num96"", ""paragraph"": 20, ""xpath"": ""/*/*/*/*[2]/*[2]/*[19]"", ""text_node_path"": ""/TEI[1]/text[1]/body[1]/div1[1]/div2[2]/p[19]/num[3]/tail()"", ""node_offset"": 1, ""unit_offset"": 478, ""book_offset"": 26833, ""raw_byte"": 56131, ""left"": ""ως Ἰωακείμου, ὃν ἄταφον ἐκέλευσε ῥιφῆναι πρὸ τῶν τειχῶν: τὸν δὲ υἱὸν αὐτοῦ Ἰωάκειμον κατέστησε βασιλέα τῆς χώρας καὶ τῆς πόλεως.  "", ""right"": ""τοὺς δ᾽ ἐν ἀξιώματι τρισχιλίους ὄντας τὸν ἀριθμὸν αὐτοῦ αἰχμαλώτους λαβὼν ἀπήγαγεν εἰς τὴν Βαβυλῶνα: ἐν δὲ τούτοις ἦν καὶ ὁ προφήτης Ἰεζεκίηλος παῖς ὤν. καὶ τέλος μὲν τοιοῦτον Ἰωάκειμον τὸν βασιλέα κατέσχε βιώσαντα μὲν ἓξ καὶ τριάκοντα ἔτη "", ""parsed_unit_sha256"": ""ce93d1386313fcd7ee13181db9fbef1c973df9a47d9422ee22ab1ca3e752757f"", ""raw_unit_sha256"": ""0b658829f6759c68a37ec4282317ff1a3ba724b606f8141b52b36a14f6470821""}"	25747	eos autem quierant in dignitatibus begins deportation of dignitaries after the new king's appointment.	False	True
10	99	EXACT	HIGH	PRESENT	INHERITED_START	Regem uero babyloniorum qui ioachim concesserat pr	latin-book10-num99	"{""stable_id"": ""latin-book10-num99"", ""paragraph"": 20, ""xpath"": ""/*/*[2]/*/*[2]/*[7]/*[1]"", ""text_node_path"": ""/TEI[1]/text[1]/body[1]/div1[1]/div2[7]/p[1]/num[1]/tail()"", ""node_offset"": 1, ""unit_offset"": 1, ""book_offset"": 25747, ""raw_byte"": 31086, ""left"": ""ginta. Regnauit autem duodecim. Successos uero eius regni ioachim de matre nomine onos. Regnauit mensibus tribus et diebus decem. "", ""right"": ""Regem uero babyloniorum qui ioachim concesserat principatum repente timor ei invasit, formidatus est enim ne forte habens mali memoriam pro nece paterno prouintiam eius inuaderet, et mittens exercitum regem ioachim in hierosolimis obsedebat"", ""parsed_unit_sha256"": ""d1934bba9e5d389f611bf2efed95e1607423ce4a85e2d27b860d23cd304d0c48"", ""raw_unit_sha256"": ""1c43a55fa7191d8e71f4f085b9d248660a263db96a02abcb2256df994df49a27""}"	"{""stable_id"": ""greek-book10-num99"", ""paragraph"": 21, ""xpath"": ""/*/*/*/*[2]/*[2]/*[20]"", ""text_node_path"": ""/TEI[1]/text[1]/body[1]/div1[1]/div2[2]/p[20]/num[1]/tail()"", ""node_offset"": 1, ""unit_offset"": 1, ""book_offset"": 27231, ""raw_byte"": 56993, ""left"": ""α, ὁ δὲ διαδεξάμενος αὐτοῦ τὴν βασιλείαν Ἰωάκειμος, ἐκ μητρὸς μὲν Νοόστης ὄνομα πολίτιδος δέ, ἐβασίλευσε μῆνας τρεῖς ἡμέρας δέκα. "", ""right"": ""Τὸν δὲ τῶν Βαβυλωνίων βασιλέα δόντα τὴν βασιλείαν Ἰωακείμῳ παραχρῆμα ἔλαβε δέος: ἔδεισε γάρ, μὴ μνησικακήσας αὐτῷ τῆς τοῦ πατρὸς ἀναιρέσεως ἀποστήσῃ τὴν χώραν αὐτοῦ: πέμψας τοιγαροῦν δύναμιν ἐπολιόρκει τὸν Ἰωάκειμον ἐν τοῖς Ἱεροσολύμοις.  ὁ"", ""parsed_unit_sha256"": ""b8b4a5be7f85c46438ba02a1be41b474b289c4ba12447e42711b34f3b3a7baeb"", ""raw_unit_sha256"": ""d2017d4e740398aa2b3fe6505679993838730df4d820c2fd87354653ceb583db""}"	25989	Independent printed Greek start and individually read Latin counterpart agree.	False	True
10	100	INTERNAL-BUT-EXACT	HIGH_INDIVIDUALLY_REVIEWED	PRESENT	PROPOSED_INTERNAL_MILESTONE	Ille uero cum esset natura	latin-book10-num99	"{""stable_id"": ""latin-book10-num99"", ""paragraph"": 20, ""xpath"": ""/*/*[2]/*/*[2]/*[7]/*[1]"", ""text_node_path"": ""/TEI[1]/text[1]/body[1]/div1[1]/div2[7]/p[1]/num[1]/tail()"", ""node_offset"": 243, ""unit_offset"": 243, ""book_offset"": 25989, ""raw_byte"": 31328, ""left"": ""te habens mali memoriam pro nece paterno prouintiam eius inuaderet, et mittens exercitum regem ioachim in hierosolimis obsedebat. "", ""right"": ""Ille uero cum esset natura benignus et iustus, noluit ciuitatem propter se uidere pericula sustinere. Sed sumens matrem et cognatos tradidit obsides ducibus qui fuerant a babylonia regeque directi accipiens ab eis iusiurandum ut nihil mali "", ""parsed_unit_sha256"": ""d1934bba9e5d389f611bf2efed95e1607423ce4a85e2d27b860d23cd304d0c48"", ""raw_unit_sha256"": ""1c43a55fa7191d8e71f4f085b9d248660a263db96a02abcb2256df994df49a27""}"	"{""stable_id"": ""greek-book10-num99"", ""paragraph"": 21, ""xpath"": ""/*/*/*/*[2]/*[2]/*[20]"", ""text_node_path"": ""/TEI[1]/text[1]/body[1]/div1[1]/div2[2]/p[20]/num[2]/tail()"", ""node_offset"": 1, ""unit_offset"": 240, ""book_offset"": 27470, ""raw_byte"": 57476, ""left"": ""αὐτῷ τῆς τοῦ πατρὸς ἀναιρέσεως ἀποστήσῃ τὴν χώραν αὐτοῦ: πέμψας τοιγαροῦν δύναμιν ἐπολιόρκει τὸν Ἰωάκειμον ἐν τοῖς Ἱεροσολύμοις.  "", ""right"": ""ὁ δὲ φύσει χρηστὸς ὢν καὶ δίκαιος οὐκ ἠξίου τὴν πόλιν κινδυνεύουσαν δι᾽ αὐτὸν περιορᾶν, ἀλλ᾽ ἀπάρας τὴν μητέρα καὶ τοὺς συγγενεῖς παραδίδωσι τοῖς πεμφθεῖσιν ὑπὸ τοῦ Βαβυλωνίου στρατηγοῖς ὅρκους παρ᾽ αὐτῶν λαβὼν ὑπὲρ τοῦ μηδὲν μήτ᾽ αὐτοὺς πα"", ""parsed_unit_sha256"": ""b8b4a5be7f85c46438ba02a1be41b474b289c4ba12447e42711b34f3b3a7baeb"", ""raw_unit_sha256"": ""d2017d4e740398aa2b3fe6505679993838730df4d820c2fd87354653ceb583db""}"	26257	Ille uero cum esset natura begins the king's voluntary surrender after the siege.	False	True
10	101	INTERNAL-BUT-EXACT	HIGH_INDIVIDUALLY_REVIEWED	PRESENT	PROPOSED_INTERNAL_MILESTONE	quorum fides nequaquam	latin-book10-num99	"{""stable_id"": ""latin-book10-num99"", ""paragraph"": 20, ""xpath"": ""/*/*[2]/*/*[2]/*[7]/*[1]"", ""text_node_path"": ""/TEI[1]/text[1]/body[1]/div1[1]/div2[7]/p[1]/num[1]/tail()"", ""node_offset"": 511, ""unit_offset"": 511, ""book_offset"": 26257, ""raw_byte"": 31596, ""left"": ""it obsides ducibus qui fuerant a babylonia regeque directi accipiens ab eis iusiurandum ut nihil mali paterentur nec ipse ciuitas "", ""right"": ""quorum fides nequaquam mansit inviolata. Non enim seruauit eam babyloniae rex sed precepit princibus suis ut omnes qui erant in ciuitate uiuenes captiuos sumerent pariter et artifices eosque ad se ligatos adducerent, qui omnis fuerunt decem"", ""parsed_unit_sha256"": ""d1934bba9e5d389f611bf2efed95e1607423ce4a85e2d27b860d23cd304d0c48"", ""raw_unit_sha256"": ""1c43a55fa7191d8e71f4f085b9d248660a263db96a02abcb2256df994df49a27""}"	"{""stable_id"": ""greek-book10-num99"", ""paragraph"": 21, ""xpath"": ""/*/*/*/*[2]/*[2]/*[20]"", ""text_node_path"": ""/TEI[1]/text[1]/body[1]/div1[1]/div2[2]/p[20]/num[3]/tail()"", ""node_offset"": 1, ""unit_offset"": 502, ""book_offset"": 27732, ""raw_byte"": 58010, ""left"": ""ραδίδωσι τοῖς πεμφθεῖσιν ὑπὸ τοῦ Βαβυλωνίου στρατηγοῖς ὅρκους παρ᾽ αὐτῶν λαβὼν ὑπὲρ τοῦ μηδὲν μήτ᾽ αὐτοὺς παθεῖν μήτε τὴν πόλιν.  "", ""right"": ""οἷς οὐδ᾽ ἐνιαυτὸν ἡ πίστις ἔμεινεν: οὐ γὰρ ἐφύλαξεν αὐτὴν ὁ τῶν Βαβυλωνίων βασιλεύς, ἀλλὰ τοῖς στρατηγοῖς ἐπέστειλεν ἅπαντας τοὺς ἐν τῇ πόλει λαβόντας αἰχμαλώτους νέους τὴν ἡλικίαν καὶ τεχνίτας δεδεμένους ἄγειν πρὸς αὑτόν, ἦσαν δὲ οὗτοι πάν"", ""parsed_unit_sha256"": ""b8b4a5be7f85c46438ba02a1be41b474b289c4ba12447e42711b34f3b3a7baeb"", ""raw_unit_sha256"": ""d2017d4e740398aa2b3fe6505679993838730df4d820c2fd87354653ceb583db""}"	26550	quorum fides nequaquam begins the breached pledge after the surrender terms. Revised 102 leaves simulet ioachim here, plausibly corresponding to the Greek concluding Joachim reference; appointment starts later.	False	True
10	102	INTERNAL-BUT-EXACT	EDITORIALLY_ADJUDICATED_WITH_RECORDED_LIMITS	PRESENT_WITH_RECORDED_ALIGNMENT_LIMITS	PROPOSED_INTERNAL_MILESTONE	nomine sedechiam	latin-book10-num99	"{""stable_id"": ""latin-book10-num99"", ""paragraph"": 20, ""xpath"": ""/*/*[2]/*/*[2]/*[7]/*[1]"", ""text_node_path"": ""/TEI[1]/text[1]/body[1]/div1[1]/div2[7]/p[1]/num[1]/tail()"", ""node_offset"": 804, ""unit_offset"": 804, ""book_offset"": 26550, ""raw_byte"": 31889, ""left"": ""pariter et artifices eosque ad se ligatos adducerent, qui omnis fuerunt decem milia et octingenti triginti et duo simulet ioachim "", ""right"": ""nomine sedechiam constituit regem, accipiens abeo iusiurandum ut ei prouintiam custodiret et nihil ostiliter ageret nec faueret aegyptiis. Sedechias autem quidem annorumviginti et unum quando accepit regnum et nomen matris eius amias. Fuit "", ""parsed_unit_sha256"": ""d1934bba9e5d389f611bf2efed95e1607423ce4a85e2d27b860d23cd304d0c48"", ""raw_unit_sha256"": ""1c43a55fa7191d8e71f4f085b9d248660a263db96a02abcb2256df994df49a27""}"	"{""stable_id"": ""greek-book10-num99"", ""paragraph"": 21, ""xpath"": ""/*/*/*/*[2]/*[2]/*[20]"", ""text_node_path"": ""/TEI[1]/text[1]/body[1]/div1[1]/div2[2]/p[20]/num[4]/tail()"", ""node_offset"": 1, ""unit_offset"": 834, ""book_offset"": 28064, ""raw_byte"": 58676, ""left"": ""υς ἄγειν πρὸς αὑτόν, ἦσαν δὲ οὗτοι πάντες εἰς μυρίους ὀκτακοσίους τριακονταδύο, καὶ τὸν Ἰωάκειμον μετὰ τῆς μητρὸς καὶ τῶν φίλων.  "", ""right"": ""τούτους δὴ κομισθέντας πρὸς αὑτὸν εἶχεν ἐν φυλακῇ: τὸν δὲ θεῖον τοῦ Ἰωακείμου Σαχχίαν ἀπέδειξε βασιλέα ὅρκους παρ᾽ αὐτοῦ λαβών, ἦ μὴν φυλάξειν αὐτῷ τὴν χώραν καὶ μηδὲν νεωτερίσειν μηδὲ τοῖς Αἰγυπτίοις εὐνοήσειν. Σαχχίας δ᾽ ἦν ἐτῶν μὲν εἴκοσ"", ""parsed_unit_sha256"": ""b8b4a5be7f85c46438ba02a1be41b474b289c4ba12447e42711b34f3b3a7baeb"", ""raw_unit_sha256"": ""d2017d4e740398aa2b3fe6505679993838730df4d820c2fd87354653ceb583db""}"	26689	Approved first identifiable surviving counterpart: nomine sedechiam. Leave simulet ioachim with 101 exactly as transmitted. The opening imprisonment and uncle details in Greek 102 are not explicitly recoverable in the Latin. No reconstruction; prior cut retained in history.	False	True
10	103	EXACT	HIGH	PRESENT	INHERITED_START	Sedechias autem quidem annorumviginti et unum quan	latin-book10-num103	"{""stable_id"": ""latin-book10-num103"", ""paragraph"": 21, ""xpath"": ""/*/*[2]/*/*[2]/*[7]/*[2]"", ""text_node_path"": ""/TEI[1]/text[1]/body[1]/div1[1]/div2[7]/p[2]/num[1]/tail()"", ""node_offset"": 1, ""unit_offset"": 1, ""book_offset"": 26689, ""raw_byte"": 32093, ""left"": ""dechiam constituit regem, accipiens abeo iusiurandum ut ei prouintiam custodiret et nihil ostiliter ageret nec faueret aegyptiis. "", ""right"": ""Sedechias autem quidem annorumviginti et unum quando accepit regnum et nomen matris eius amias. Fuit contra iustitiam superbus circa quem impii locum maximam habere uidebantur qua propter et propheta hieremias ad eum veniens crebro contesta"", ""parsed_unit_sha256"": ""53a7492f0252d75d83c5e9432828ad8fb9a2482b80d1b7aaf0cafc910b31627c"", ""raw_unit_sha256"": ""f59c473fc5646145ebb9bffe62f06dcbcc58a73507f20cf51cadf844a78dfb2b""}"	"{""stable_id"": ""greek-book10-num103"", ""paragraph"": 22, ""xpath"": ""/*/*/*/*[2]/*[2]/*[21]"", ""text_node_path"": ""/TEI[1]/text[1]/body[1]/div1[1]/div2[2]/p[21]/num[1]/tail()"", ""node_offset"": 1, ""unit_offset"": 1, ""book_offset"": 28276, ""raw_byte"": 59180, ""left"": ""ίαν ἀπέδειξε βασιλέα ὅρκους παρ᾽ αὐτοῦ λαβών, ἦ μὴν φυλάξειν αὐτῷ τὴν χώραν καὶ μηδὲν νεωτερίσειν μηδὲ τοῖς Αἰγυπτίοις εὐνοήσειν. "", ""right"": ""Σαχχίας δ᾽ ἦν ἐτῶν μὲν εἴκοσι καὶ ἑνός, ὅτε τὴν ἀρχὴν παρέλαβεν, ὁμομήτριος μὲν Ἰωακείμου τοῦ ἀδελφοῦ αὐτοῦ, τῶν δὲ δικαίων καὶ τοῦ δέοντος ὑπερόπτης: καὶ γὰρ τὴν ἡλικίαν ἦσαν ἀσεβεῖς περὶ αὐτὸν καὶ ὁ πᾶς ὄχλος ἐπ᾽ ἐξουσίας ὕβριζεν ἃ ἤθελεν"", ""parsed_unit_sha256"": ""b43f8e19eb1eb002304acdd51f499a14b9c15ff496cbee82a97e675e554236ec"", ""raw_unit_sha256"": ""ad65368ee679c14adbb90fd728bd74898b63f5c2b0716b58b327bda9fbf51de9""}"	26865	Independent printed Greek start and individually read Latin counterpart agree.	False	True
10	104	INTERNAL-BUT-EXACT	HIGH_INDIVIDUALLY_REVIEWED	PRESENT	PROPOSED_INTERNAL_MILESTONE	qua propter et propheta	latin-book10-num103	"{""stable_id"": ""latin-book10-num103"", ""paragraph"": 21, ""xpath"": ""/*/*[2]/*/*[2]/*[7]/*[2]"", ""text_node_path"": ""/TEI[1]/text[1]/body[1]/div1[1]/div2[7]/p[2]/cb[1]/tail()"", ""node_offset"": 146, ""unit_offset"": 177, ""book_offset"": 26865, ""raw_byte"": 32282, ""left"": ""quando accepit regnum et nomen matris eius amias. Fuit contra iustitiam superbus circa quem impii locum maximam habere uidebantur "", ""right"": ""qua propter et propheta hieremias ad eum veniens crebro contestabatur dicens, ut reliquas quidem impietates et iniquitates desereret et iustitiae prouideret et neque duces quiessent maligni respiceret, neque falsis prophetis eum seducentibu"", ""parsed_unit_sha256"": ""53a7492f0252d75d83c5e9432828ad8fb9a2482b80d1b7aaf0cafc910b31627c"", ""raw_unit_sha256"": ""f59c473fc5646145ebb9bffe62f06dcbcc58a73507f20cf51cadf844a78dfb2b""}"	"{""stable_id"": ""greek-book10-num103"", ""paragraph"": 22, ""xpath"": ""/*/*/*/*[2]/*[2]/*[21]"", ""text_node_path"": ""/TEI[1]/text[1]/body[1]/div1[1]/div2[2]/p[21]/num[2]/tail()"", ""node_offset"": 1, ""unit_offset"": 244, ""book_offset"": 28519, ""raw_byte"": 59679, ""left"": ""δὲ δικαίων καὶ τοῦ δέοντος ὑπερόπτης: καὶ γὰρ τὴν ἡλικίαν ἦσαν ἀσεβεῖς περὶ αὐτὸν καὶ ὁ πᾶς ὄχλος ἐπ᾽ ἐξουσίας ὕβριζεν ἃ ἤθελεν:  "", ""right"": ""διὸ καὶ ὁ προφήτης Ἱερεμίας πρὸς αὐτὸν ἐλθὼν πολλάκις ἐμαρτύρατο κελεύων τὰς μὲν ἄλλας ἀσεβείας καὶ παρανομίας καταλιπεῖν, προνοεῖν δὲ τοῦ δικαίου, καὶ μήτε τοῖς ἡγεμόσι τῷ εἶναι ἐν αὐτοῖς πονηροὺς προσανέχειν μήτε τοῖς ψευδοπροφήταις ἀπατῶ"", ""parsed_unit_sha256"": ""b43f8e19eb1eb002304acdd51f499a14b9c15ff496cbee82a97e675e554236ec"", ""raw_unit_sha256"": ""ad65368ee679c14adbb90fd728bd74898b63f5c2b0716b58b327bda9fbf51de9""}"	27297	qua propter et propheta begins Jeremiah's admonitions after the impious court.	False	True
10	105	INTERNAL-BUT-EXACT	HIGH_INDIVIDUALLY_REVIEWED	PRESENT	PROPOSED_INTERNAL_MILESTONE	Sedechias autem dum	latin-book10-num103	"{""stable_id"": ""latin-book10-num103"", ""paragraph"": 21, ""xpath"": ""/*/*[2]/*/*[2]/*[7]/*[2]"", ""text_node_path"": ""/TEI[1]/text[1]/body[1]/div1[1]/div2[7]/p[2]/cb[1]/tail()"", ""node_offset"": 578, ""unit_offset"": 609, ""book_offset"": 27297, ""raw_byte"": 32714, ""left"": ""micaret, quia aegyptii contra eum bella rursus inferrent et uincerent. Quoniam haec uerba non essent nec hoc modo uentura forent. "", ""right"": ""Sedechias autem dum audiret prophetam haec dicentem consentiabat ei per omnia tamquam uera loquenti, et quasi prodesset ei ut eius crederet uerbis. Sed rursus amici subuertebant eius mentem, et a prophetis dictis ad ea quae uoluerant adduce"", ""parsed_unit_sha256"": ""53a7492f0252d75d83c5e9432828ad8fb9a2482b80d1b7aaf0cafc910b31627c"", ""raw_unit_sha256"": ""f59c473fc5646145ebb9bffe62f06dcbcc58a73507f20cf51cadf844a78dfb2b""}"	"{""stable_id"": ""greek-book10-num103"", ""paragraph"": 22, ""xpath"": ""/*/*/*/*[2]/*[2]/*[21]"", ""text_node_path"": ""/TEI[1]/text[1]/body[1]/div1[1]/div2[2]/p[21]/num[3]/tail()"", ""node_offset"": 1, ""unit_offset"": 667, ""book_offset"": 28942, ""raw_byte"": 60527, ""left"": ""ν ὁ Βαβυλώνιος καὶ ὡς Αἰγύπτιοι στρατεύσουσιν ἐπ᾽ αὐτὸν καὶ νικήσουσι: ταῦτα γὰρ οὐκ ἀληθῆ λέγειν οὐδ᾽ οὕτως ὀφείλοντα γενέσθαι.  "", ""right"": ""ὁ δὲ Σαχχίας ἐφ᾽ ὅσον μὲν ἤκουσε τοῦ προφήτου ταῦτα λέγοντος ἐπείθετο αὐτῷ καὶ συνῄδει πᾶσιν ὡς ἀληθεύουσι καὶ συμφέρον αὐτῷ πεπιστευκέναι: διέφθειρον δὲ πάλιν αὐτὸν οἱ φίλοι καὶ διῆγον ἀπὸ τῶν τοῦ προφήτου πρὸς ἅπερ ἤθελον.  προεφήτευσε δὲ"", ""parsed_unit_sha256"": ""b43f8e19eb1eb002304acdd51f499a14b9c15ff496cbee82a97e675e554236ec"", ""raw_unit_sha256"": ""ad65368ee679c14adbb90fd728bd74898b63f5c2b0716b58b327bda9fbf51de9""}"	27543	Sedechias autem dum audiret begins royal assent and subsequent corruption after the warnings.	False	True
10	106	INTERNAL-BUT-EXACT	HIGH_INDIVIDUALLY_REVIEWED	PRESENT	PROPOSED_INTERNAL_MILESTONE	Prophetauit autem ezechiel	latin-book10-num103	"{""stable_id"": ""latin-book10-num103"", ""paragraph"": 21, ""xpath"": ""/*/*[2]/*/*[2]/*[7]/*[2]"", ""text_node_path"": ""/TEI[1]/text[1]/body[1]/div1[1]/div2[7]/p[2]/cb[1]/tail()"", ""node_offset"": 824, ""unit_offset"": 855, ""book_offset"": 27543, ""raw_byte"": 32960, ""left"": ""set ei ut eius crederet uerbis. Sed rursus amici subuertebant eius mentem, et a prophetis dictis ad ea quae uoluerant adducebant. "", ""right"": ""Prophetauit autem ezechiel et babylone futura populi calamitates haec misit in hierosolima, sed ezechias eorum prophetis non credidit propter huius modi causam alia siquidem uniuersa consone a prophetis edicta sunt. Quomodo et ciuitas uasta"", ""parsed_unit_sha256"": ""53a7492f0252d75d83c5e9432828ad8fb9a2482b80d1b7aaf0cafc910b31627c"", ""raw_unit_sha256"": ""f59c473fc5646145ebb9bffe62f06dcbcc58a73507f20cf51cadf844a78dfb2b""}"	"{""stable_id"": ""greek-book10-num103"", ""paragraph"": 22, ""xpath"": ""/*/*/*/*[2]/*[2]/*[21]"", ""text_node_path"": ""/TEI[1]/text[1]/body[1]/div1[1]/div2[2]/p[21]/num[4]/tail()"", ""node_offset"": 1, ""unit_offset"": 893, ""book_offset"": 29168, ""raw_byte"": 60988, ""left"": ""ἀληθεύουσι καὶ συμφέρον αὐτῷ πεπιστευκέναι: διέφθειρον δὲ πάλιν αὐτὸν οἱ φίλοι καὶ διῆγον ἀπὸ τῶν τοῦ προφήτου πρὸς ἅπερ ἤθελον.  "", ""right"": ""προεφήτευσε δὲ καὶ Ἰεζεκίηλος ἐν Βαβυλῶνι τὰς μελλούσας τῷ λαῷ συμφορὰς καὶ γράψας ταῦτα ἔπεμψεν εἰς Ἱεροσόλυμα. ταῖς δὲ προφητείαις αὐτῶν Σαχχίας ἠπίστησεν ἐκ τοιαύτης αἰτίας: τὰ μὲν ἄλλα πάντα συμφωνοῦντα εἰπεῖν συνέβη, ὡς ἥ τε πόλις ἁλώσ"", ""parsed_unit_sha256"": ""b43f8e19eb1eb002304acdd51f499a14b9c15ff496cbee82a97e675e554236ec"", ""raw_unit_sha256"": ""ad65368ee679c14adbb90fd728bd74898b63f5c2b0716b58b327bda9fbf51de9""}"	27977	Prophetauit autem ezechiel begins Ezekiel's parallel prophecies after the courtiers' influence; the elected eo quod at 107 separates the discrepancy argument.	False	True
10	107	INTERNAL-BUT-EXACT	EDITORIALLY_ADJUDICATED_WITH_RECORDED_LIMITS	PRESENT_WITH_RECORDED_ALIGNMENT_LIMITS	PROPOSED_INTERNAL_MILESTONE	eo quod	latin-book10-num103	"{""stable_id"": ""latin-book10-num103"", ""paragraph"": 21, ""xpath"": ""/*/*[2]/*/*[2]/*[7]/*[2]"", ""text_node_path"": ""/TEI[1]/text[1]/body[1]/div1[1]/div2[7]/p[2]/cb[1]/tail()"", ""node_offset"": 1258, ""unit_offset"": 1289, ""book_offset"": 27977, ""raw_byte"": 33394, ""left"": ""dabat autem ezechiel dicens. Quia sedechias babyloniam non uideret cum hieremias dixisset quia uinctum eum rex babyloniae duceret "", ""right"": ""eo quod idem uterque dixissent etiam illi quae non concordabant non esse uera dicebat, licet ei omnia secundum eorum euenirent prophetias quae tamen oportunius declarauimus. Interea dum hoc cognouisset babyloniae rex castra mouit aduersus e"", ""parsed_unit_sha256"": ""53a7492f0252d75d83c5e9432828ad8fb9a2482b80d1b7aaf0cafc910b31627c"", ""raw_unit_sha256"": ""f59c473fc5646145ebb9bffe62f06dcbcc58a73507f20cf51cadf844a78dfb2b""}"	"{""stable_id"": ""greek-book10-num103"", ""paragraph"": 22, ""xpath"": ""/*/*/*/*[2]/*[2]/*[21]"", ""text_node_path"": ""/TEI[1]/text[1]/body[1]/div1[1]/div2[2]/p[21]/num[5]/tail()"", ""node_offset"": 1, ""unit_offset"": 1315, ""book_offset"": 29590, ""raw_byte"": 61830, ""left"": ""ὲ Ἰεζεκίηλος εἰπὼν οὐκ ὄψεσθαι Βαβυλῶνα τὸν Σαχχίαν τοῦ Ἱερεμίου φάσκοντος αὐτῷ, ὅτι δεδεμένον αὐτὸν ὁ Βαβυλώνιος ἄξει βασιλεύς.  "", ""right"": ""καὶ διὰ τὸ μὴ ταὐτὸν αὐτοὺς ἑκατέρους λέγειν καὶ περὶ ὧν συμφωνεῖν ἐδόκουν ὡς οὐδ᾽ ἐκεῖνα ἀληθῆ λέγουσι καταγνούς: καίτοι πάντ᾽ αὐτῷ κατὰ τὰς προφητείας ἀπήντησεν, ἅπερ εὐκαιρότερον δηλώσομεν. Τὴν συμμαχίαν δὲ τὴν πρὸς τοὺς Βαβυλωνίους ἐπ᾽ "", ""parsed_unit_sha256"": ""b43f8e19eb1eb002304acdd51f499a14b9c15ff496cbee82a97e675e554236ec"", ""raw_unit_sha256"": ""ad65368ee679c14adbb90fd728bd74898b63f5c2b0716b58b327bda9fbf51de9""}"	28151	Record both differences: Latin idem versus Greek μὴ ταὐτόν, and Latin non concordabant versus Greek συμφωνεῖν. No emendation; the physical eo quod locator remains elected.	False	True
10	108	UNAVAILABLE	HIGH_ABSENCE_IN_THIS_TRANSCRIPTION	UNAVAILABLE	NO_LATIN_START				"{""stable_id"": ""greek-book10-num108"", ""paragraph"": 23, ""xpath"": ""/*/*/*/*[2]/*[2]/*[22]"", ""text_node_path"": ""/TEI[1]/text[1]/body[1]/div1[1]/div2[2]/p[22]/num[1]/tail()"", ""node_offset"": 1, ""unit_offset"": 1, ""book_offset"": 29783, ""raw_byte"": 62301, ""left"": ""εῖν ἐδόκουν ὡς οὐδ᾽ ἐκεῖνα ἀληθῆ λέγουσι καταγνούς: καίτοι πάντ᾽ αὐτῷ κατὰ τὰς προφητείας ἀπήντησεν, ἅπερ εὐκαιρότερον δηλώσομεν. "", ""right"": ""Τὴν συμμαχίαν δὲ τὴν πρὸς τοὺς Βαβυλωνίους ἐπ᾽ ἔτη ὀκτὼ κατασχὼν διέλυσε τὰς πρὸς αὐτοὺς πίστεις καὶ τοῖς Αἰγυπτίοις προστίθεται καταλύσειν τοὺς Βαβυλωνίους ἐλπίσας, αἳ μετ᾽ ἐκείνων ἐγένοντο.  μαθὼν δὲ τοῦτο ὁ τῶν Βαβυλωνίων βασιλεὺς ἐστράτ"", ""parsed_unit_sha256"": ""baf27b6383b446c808627578077adec0bfa3de5c2e32130b893d081e9288885e"", ""raw_unit_sha256"": ""97039e364089cbe55bfd20fbe03bea6936abbbc3b94d9f370e5fd839b3132da5""}"		Unavailable in this transcription: Greek 108 describes maintaining the Babylonian alliance for eight years, repudiating its pledges and turning to the Egyptians in hope of overcoming Babylonian power. That section has no identifiable Latin counterpart. Cause undetermined. Later Egyptian material survives (including after 109); it is not all absent. Preserve the visible [VII.iii.108], which must not assert executable 108, and begin surviving 109 at Interea dum hoc cognouisset.	False	True
10	109	INTERNAL-BUT-EXACT	EDITORIALLY_ADJUDICATED_WITH_RECORDED_LIMITS	PRESENT_WITH_RECORDED_ALIGNMENT_LIMITS	PROPOSED_INTERNAL_MILESTONE	Interea dum hoc cognouisset	latin-book10-num108	"{""stable_id"": ""latin-book10-num108"", ""paragraph"": 22, ""xpath"": ""/*/*[2]/*/*[2]/*[8]/*[1]"", ""text_node_path"": ""/TEI[1]/text[1]/body[1]/div1[1]/div2[8]/p[1]/num[1]/tail()"", ""node_offset"": 1, ""unit_offset"": 1, ""book_offset"": 28151, ""raw_byte"": 33679, ""left"": ""ae non concordabant non esse uera dicebat, licet ei omnia secundum eorum euenirent prophetias quae tamen oportunius declarauimus. "", ""right"": ""Interea dum hoc cognouisset babyloniae rex castra mouit aduersus eum et afflicta prouincia et monitiones eius una diripiens ad ipsam hierosolimorum ciuitatem obsedendam cum magno ueniebat exericitu. Rex autem aegyptius audiens quia sedechia"", ""parsed_unit_sha256"": ""640d9630aaeb7b44a0760f7840f68c980887acbbbf64934bb55993e1f0111a50"", ""raw_unit_sha256"": ""3ab02c90cbdb3e33a7ba5c6acd2bd7d1b015a7277e1281d25e8906efab42a3b0""}"	"{""stable_id"": ""greek-book10-num108"", ""paragraph"": 23, ""xpath"": ""/*/*/*/*[2]/*[2]/*[22]"", ""text_node_path"": ""/TEI[1]/text[1]/body[1]/div1[1]/div2[2]/p[22]/num[2]/tail()"", ""node_offset"": 1, ""unit_offset"": 194, ""book_offset"": 29976, ""raw_byte"": 62696, ""left"": ""ν διέλυσε τὰς πρὸς αὐτοὺς πίστεις καὶ τοῖς Αἰγυπτίοις προστίθεται καταλύσειν τοὺς Βαβυλωνίους ἐλπίσας, αἳ μετ᾽ ἐκείνων ἐγένοντο.  "", ""right"": ""μαθὼν δὲ τοῦτο ὁ τῶν Βαβυλωνίων βασιλεὺς ἐστράτευσεν ἐπ᾽ αὐτὸν καὶ τὴν χώραν κακώσας αὐτοῦ καὶ τὰ φρούρια λαβὼν ἐπ᾽ αὐτὴν ἧκε τὴν τῶν Ἱεροσολυμιτῶν πόλιν πολιορκήσων αὐτήν.  ὁ δ᾽ Αἰγύπτιος ἀκούσας ἐν οἷς ἐστιν ὁ σύμμαχος αὐτοῦ Σαχχίας ἀναλα"", ""parsed_unit_sha256"": ""baf27b6383b446c808627578077adec0bfa3de5c2e32130b893d081e9288885e"", ""raw_unit_sha256"": ""97039e364089cbe55bfd20fbe03bea6936abbbc3b94d9f370e5fd839b3132da5""}"	28350	Executable 109 begins Interea dum hoc cognouisset although the inherited label claims 108. Preserve the visible text, ID, sameAs and chapter structure; future representation needs a data-level identity override.	False	True
10	110	INTERNAL-BUT-EXACT	HIGH_INDIVIDUALLY_REVIEWED	PRESENT	PROPOSED_INTERNAL_MILESTONE	Rex autem aegyptius	latin-book10-num108	"{""stable_id"": ""latin-book10-num108"", ""paragraph"": 22, ""xpath"": ""/*/*[2]/*/*[2]/*[8]/*[1]"", ""text_node_path"": ""/TEI[1]/text[1]/body[1]/div1[1]/div2[8]/p[1]/num[1]/tail()"", ""node_offset"": 200, ""unit_offset"": 200, ""book_offset"": 28350, ""raw_byte"": 33878, ""left"": ""et afflicta prouincia et monitiones eius una diripiens ad ipsam hierosolimorum ciuitatem obsedendam cum magno ueniebat exericitu. "", ""right"": ""Rex autem aegyptius audiens quia sedechias amicus esset sumpta uirtute maxima bellatorum uenit ad iudeam quasi eius soluturus obscescionem. Babylonius autem recessit ab hierosolimis et occurrit aegyptiis eisque congressus proelio superauit,"", ""parsed_unit_sha256"": ""640d9630aaeb7b44a0760f7840f68c980887acbbbf64934bb55993e1f0111a50"", ""raw_unit_sha256"": ""3ab02c90cbdb3e33a7ba5c6acd2bd7d1b015a7277e1281d25e8906efab42a3b0""}"	"{""stable_id"": ""greek-book10-num108"", ""paragraph"": 23, ""xpath"": ""/*/*/*/*[2]/*[2]/*[22]"", ""text_node_path"": ""/TEI[1]/text[1]/body[1]/div1[1]/div2[2]/p[22]/num[3]/tail()"", ""node_offset"": 1, ""unit_offset"": 368, ""book_offset"": 30150, ""raw_byte"": 63058, ""left"": ""ράτευσεν ἐπ᾽ αὐτὸν καὶ τὴν χώραν κακώσας αὐτοῦ καὶ τὰ φρούρια λαβὼν ἐπ᾽ αὐτὴν ἧκε τὴν τῶν Ἱεροσολυμιτῶν πόλιν πολιορκήσων αὐτήν.  "", ""right"": ""ὁ δ᾽ Αἰγύπτιος ἀκούσας ἐν οἷς ἐστιν ὁ σύμμαχος αὐτοῦ Σαχχίας ἀναλαβὼν πολλὴν δύναμιν ἧκεν εἰς τὴν Ἰουδαίαν ὡς λύσων τὴν πολιορκίαν. ὁ δὲ Βαβυλώνιος ἀφίσταται τῶν Ἱεροσολύμων, ἀπαντήσας δὲ τοῖς Αἰγυπτίοις καὶ συμβαλὼν αὐτοῖς τῇ μάχῃ νικᾷ καὶ"", ""parsed_unit_sha256"": ""baf27b6383b446c808627578077adec0bfa3de5c2e32130b893d081e9288885e"", ""raw_unit_sha256"": ""97039e364089cbe55bfd20fbe03bea6936abbbc3b94d9f370e5fd839b3132da5""}"	28637	Rex autem aegyptius begins relief and Egyptian defeat after Babylonian siege; the earlier missing 108 narrative is not supplied from this surviving later account.	False	True
10	111	INTERNAL-BUT-EXACT	HIGH_INDIVIDUALLY_REVIEWED	PRESENT	PROPOSED_INTERNAL_MILESTONE	Dumque discessisset	latin-book10-num108	"{""stable_id"": ""latin-book10-num108"", ""paragraph"": 22, ""xpath"": ""/*/*[2]/*/*[2]/*[8]/*[1]"", ""text_node_path"": ""/TEI[1]/text[1]/body[1]/div1[1]/div2[8]/p[1]/num[1]/tail()"", ""node_offset"": 487, ""unit_offset"": 487, ""book_offset"": 28637, ""raw_byte"": 34165, ""left"": ""recessit ab hierosolimis et occurrit aegyptiis eisque congressus proelio superauit, et eos in fugam uersos de syria coegit exire. "", ""right"": ""Dumque discessisset babyloniorum rex ab hierosolimis decoeperunt falsi prophetae sedechiam dicentes, quia neque babylonios denuo contra cum pugnaret et contribuli eorum quos de prouintia ad babyloniam dimigrauerunt demigrauerunt cum dei uas"", ""parsed_unit_sha256"": ""640d9630aaeb7b44a0760f7840f68c980887acbbbf64934bb55993e1f0111a50"", ""raw_unit_sha256"": ""3ab02c90cbdb3e33a7ba5c6acd2bd7d1b015a7277e1281d25e8906efab42a3b0""}"	"{""stable_id"": ""greek-book10-num108"", ""paragraph"": 23, ""xpath"": ""/*/*/*/*[2]/*[2]/*[22]"", ""text_node_path"": ""/TEI[1]/text[1]/body[1]/div1[1]/div2[2]/p[22]/num[4]/tail()"", ""node_offset"": 1, ""unit_offset"": 665, ""book_offset"": 30447, ""raw_byte"": 63659, ""left"": ""ολύμων, ἀπαντήσας δὲ τοῖς Αἰγυπτίοις καὶ συμβαλὼν αὐτοῖς τῇ μάχῃ νικᾷ καὶ τρεψάμενος αὐτοὺς εἰς φυγὴν ἐξ ὅλης διώκει τῆς Συρίας.  "", ""right"": ""ὡς δ᾽ ἀνεχώρησεν ὁ τῶν Βαβυλωνίων βασιλεὺς ἀπὸ τῶν Ἱεροσολύμων, ἐξηπάτησαν οἱ ψευδοπροφῆται τὸν Σαχχίαν λέγοντες οὔτε τὸν Βαβυλώνιον ἔτι αὐτὸν πολεμήσειν καὶ τοὺς ὁμοφύλους, οὓς ἀναστήσειεν ἐκ τῆς οἰκείας εἰς τὴν Βαβυλῶνα, μετὰ πάντων ἀνήξε"", ""parsed_unit_sha256"": ""baf27b6383b446c808627578077adec0bfa3de5c2e32130b893d081e9288885e"", ""raw_unit_sha256"": ""97039e364089cbe55bfd20fbe03bea6936abbbc3b94d9f370e5fd839b3132da5""}"	28934	Dumque discessisset begins the false reassurance after Babylonian withdrawal.	False	True
10	112	INTERNAL-BUT-EXACT	HIGH_INDIVIDUALLY_REVIEWED	PRESENT	PROPOSED_INTERNAL_MILESTONE	Sed hieremias his	latin-book10-num108	"{""stable_id"": ""latin-book10-num108"", ""paragraph"": 22, ""xpath"": ""/*/*[2]/*/*[2]/*[8]/*[1]"", ""text_node_path"": ""/TEI[1]/text[1]/body[1]/div1[1]/div2[8]/p[1]/corr[1]/tail()"", ""node_offset"": 69, ""unit_offset"": 784, ""book_offset"": 28934, ""raw_byte"": 34541, ""left"": ""m quos de prouintia ad babyloniam dimigrauerunt demigrauerunt cum dei uasis omnibus quæ rex tulerat ad hoc templum reuerterentur. "", ""right"": ""Sed hieremias his contratia atque uera transiens in medium prophetauit dicens quod male quidem facerent illi qui regi talia suaderent. Quando post aegytios nihil iuuari possent. Quos utique deuincens babyloniae rex in hierosolima remearet e"", ""parsed_unit_sha256"": ""640d9630aaeb7b44a0760f7840f68c980887acbbbf64934bb55993e1f0111a50"", ""raw_unit_sha256"": ""3ab02c90cbdb3e33a7ba5c6acd2bd7d1b015a7277e1281d25e8906efab42a3b0""}"	"{""stable_id"": ""greek-book10-num108"", ""paragraph"": 23, ""xpath"": ""/*/*/*/*[2]/*[2]/*[22]"", ""text_node_path"": ""/TEI[1]/text[1]/body[1]/div1[1]/div2[2]/p[22]/num[5]/tail()"", ""node_offset"": 1, ""unit_offset"": 965, ""book_offset"": 30747, ""raw_byte"": 64264, ""left"": ""υς, οὓς ἀναστήσειεν ἐκ τῆς οἰκείας εἰς τὴν Βαβυλῶνα, μετὰ πάντων ἀνήξειν τῶν τοῦ ναοῦ σκευῶν, ὧν ἐσύλησεν ὁ βασιλεὺς ἐκ τοῦ νεώ.  "", ""right"": ""τἀναντία δὲ τούτων καὶ ἀληθῆ προελθὼν Ἱερεμίας προεφήτευσεν, ὡς ‘ποιοῦσι μὲν κακῶς καὶ ἐξαπατῶσι τὸν βασιλέα, παρὰ δὲ τῶν Αἰγυπτίων οὐδὲν αὐτοῖς ἐστιν ὄφελος, ἀλλὰ νικήσας αὐτοὺς ὁ Βαβυλώνιος ἐπιστρατεύσειν εἰς τὰ Ἱεροσόλυμα μέλλει, καὶ πολ"", ""parsed_unit_sha256"": ""baf27b6383b446c808627578077adec0bfa3de5c2e32130b893d081e9288885e"", ""raw_unit_sha256"": ""97039e364089cbe55bfd20fbe03bea6936abbbc3b94d9f370e5fd839b3132da5""}"	29453	Sed hieremias begins the opposing true prediction after the promised vessel return.	False	True
10	113	INTERNAL-BUT-EXACT	HIGH_INDIVIDUALLY_REVIEWED	PRESENT	PROPOSED_INTERNAL_MILESTONE	aquorum seruito nos	latin-book10-num108	"{""stable_id"": ""latin-book10-num108"", ""paragraph"": 22, ""xpath"": ""/*/*[2]/*/*[2]/*[8]/*[1]"", ""text_node_path"": ""/TEI[1]/text[1]/body[1]/div1[1]/div2[8]/p[1]/corr[1]/tail()"", ""node_offset"": 588, ""unit_offset"": 1303, ""book_offset"": 29453, ""raw_byte"": 35060, ""left"": ""ret et eum in super concremaret, ciuitatemque subuerteret et essent fer uituri babylonie regi eiusque nepotibus annis septuaginta "", ""right"": ""aquorum seruito nos in quid tunc remouebunt persi et medi babyloniorum destruentes imperium, et hanc remeantes urbem aedifica uimus templum rursus et hierosolimam denuo reparauimus. Haec dicentes hieremia plurimi quidem crediderunt. Princip"", ""parsed_unit_sha256"": ""640d9630aaeb7b44a0760f7840f68c980887acbbbf64934bb55993e1f0111a50"", ""raw_unit_sha256"": ""3ab02c90cbdb3e33a7ba5c6acd2bd7d1b015a7277e1281d25e8906efab42a3b0""}"	"{""stable_id"": ""greek-book10-num108"", ""paragraph"": 23, ""xpath"": ""/*/*/*/*[2]/*[2]/*[22]"", ""text_node_path"": ""/TEI[1]/text[1]/body[1]/div1[1]/div2[2]/p[22]/num[6]/tail()"", ""node_offset"": 1, ""unit_offset"": 1470, ""book_offset"": 31252, ""raw_byte"": 65278, ""left"": ""τον ἐκφορήσας ἔτι καὶ αὐτὸν ἐμπρήσει καὶ κατασκάψει τὴν πόλιν, καὶ δουλεύσομεν αὐτῷ καὶ τοῖς ἐγγόνοις αὐτοῦ ἐπ᾽ ἔτη ἑβδομήκοντα.  "", ""right"": ""παύσουσι δ᾽ ἡμᾶς τότε τῆς ὑπ᾽ αὐτοῖς δουλείας Πέρσαι τε καὶ Μῆδοι καταλύσαντες Βαβυλωνίους, ἀφ᾽ ὧν εἰς τήνδε ἀπολυθέντες οἰκοδομήσομεν τὸν ναὸν πάλιν καὶ τὰ Ἱεροσόλυμα καταστήσομεν.’  ταῦτα λέγων ὁ Ἱερεμίας ὑπὸ μὲν τῶν πλειόνων ἐπιστεύετο, "", ""parsed_unit_sha256"": ""baf27b6383b446c808627578077adec0bfa3de5c2e32130b893d081e9288885e"", ""raw_unit_sha256"": ""97039e364089cbe55bfd20fbe03bea6936abbbc3b94d9f370e5fd839b3132da5""}"	29635	aquorum seruito begins Persian/Median release after seventy-year subjection; altered temporal forms remain unchanged.	False	True
10	114	INTERNAL-BUT-EXACT	HIGH_INDIVIDUALLY_REVIEWED	PRESENT	PROPOSED_INTERNAL_MILESTONE	Haec dicentes hieremia	latin-book10-num108	"{""stable_id"": ""latin-book10-num108"", ""paragraph"": 22, ""xpath"": ""/*/*[2]/*/*[2]/*[8]/*[1]"", ""text_node_path"": ""/TEI[1]/text[1]/body[1]/div1[1]/div2[8]/p[1]/corr[1]/tail()"", ""node_offset"": 770, ""unit_offset"": 1485, ""book_offset"": 29635, ""raw_byte"": 35242, ""left"": "" medi babyloniorum destruentes imperium, et hanc remeantes urbem aedifica uimus templum rursus et hierosolimam denuo reparauimus. "", ""right"": ""Haec dicentes hieremia plurimi quidem crediderunt. Principes autem et impii excessisse eum a sua mente dicebant eique sub hoc fomite deridebant. Igitur cui placuisset ad patriam properare quae dicitur anatoth uiginti stadii procul a hieroso"", ""parsed_unit_sha256"": ""640d9630aaeb7b44a0760f7840f68c980887acbbbf64934bb55993e1f0111a50"", ""raw_unit_sha256"": ""3ab02c90cbdb3e33a7ba5c6acd2bd7d1b015a7277e1281d25e8906efab42a3b0""}"	"{""stable_id"": ""greek-book10-num108"", ""paragraph"": 23, ""xpath"": ""/*/*/*/*[2]/*[2]/*[22]"", ""text_node_path"": ""/TEI[1]/text[1]/body[1]/div1[1]/div2[2]/p[22]/num[7]/tail()"", ""node_offset"": 1, ""unit_offset"": 1654, ""book_offset"": 31436, ""raw_byte"": 65654, ""left"": ""ε καὶ Μῆδοι καταλύσαντες Βαβυλωνίους, ἀφ᾽ ὧν εἰς τήνδε ἀπολυθέντες οἰκοδομήσομεν τὸν ναὸν πάλιν καὶ τὰ Ἱεροσόλυμα καταστήσομεν.’  "", ""right"": ""ταῦτα λέγων ὁ Ἱερεμίας ὑπὸ μὲν τῶν πλειόνων ἐπιστεύετο, οἱ δὲ ἡγεμόνες καὶ οἱ ἀσεβεῖς ὡς ἐξεστηκότα τῶν φρενῶν αὐτὸν οὕτως ἐξεφαύλιζον. δόξαν δὲ αὐτῷ που καὶ εἰς τὴν πατρίδα παραγενέσθαι λεγομένην Ἀναθὼθ σταδίους δ᾽ ἀπέχουσαν τῶν Ἱεροσολύμω"", ""parsed_unit_sha256"": ""baf27b6383b446c808627578077adec0bfa3de5c2e32130b893d081e9288885e"", ""raw_unit_sha256"": ""97039e364089cbe55bfd20fbe03bea6936abbbc3b94d9f370e5fd839b3132da5""}"	30005	Haec dicentes hieremia begins divided response and arrest after the return promise.	False	True
10	115	INTERNAL-BUT-EXACT	HIGH_INDIVIDUALLY_REVIEWED	PRESENT	PROPOSED_INTERNAL_MILESTONE	Ille uero mentiri	latin-book10-num108	"{""stable_id"": ""latin-book10-num108"", ""paragraph"": 22, ""xpath"": ""/*/*[2]/*/*[2]/*[8]/*[1]"", ""text_node_path"": ""/TEI[1]/text[1]/body[1]/div1[1]/div2[8]/p[1]/corr[1]/tail()"", ""node_offset"": 1140, ""unit_offset"": 1855, ""book_offset"": 30005, ""raw_byte"": 35612, ""left"": ""limis constituta. In ueniens eum initinere quidam principum conprehensum detenuit, calumniam faciens ei quasi ad babylonios iret. "", ""right"": ""Ille uero mentiri quidem illum et calumniae sibi crimen in ferre, seuero ad patriam pro pepare dicebat. Qui ad haec uerba conflexus uinctum deduxit ad uidicem magistratum a quibus omnia uerbera et tormenta perpessus ad necis suppli ciem res"", ""parsed_unit_sha256"": ""640d9630aaeb7b44a0760f7840f68c980887acbbbf64934bb55993e1f0111a50"", ""raw_unit_sha256"": ""3ab02c90cbdb3e33a7ba5c6acd2bd7d1b015a7277e1281d25e8906efab42a3b0""}"	"{""stable_id"": ""greek-book10-num108"", ""paragraph"": 23, ""xpath"": ""/*/*/*/*[2]/*[2]/*[22]"", ""text_node_path"": ""/TEI[1]/text[1]/body[1]/div1[1]/div2[2]/p[22]/num[8]/tail()"", ""node_offset"": 1, ""unit_offset"": 2012, ""book_offset"": 31794, ""raw_byte"": 66377, ""left"": ""ν Ἱεροσολύμων εἴκοσι, συντυχὼν κατὰ τὴν ὁδὸν τῶν ἀρχόντων τις συλλαβὼν κατέσχε συκοφαντῶν ὡς πρὸς τοὺς Βαβυλωνίους αὐτομολοῦντα.  "", ""right"": ""ὁ δὲ ψευδῆ μὲν ἐκεῖνον ἔλεγεν αἰτίαν ἐπιφέρειν αὐτῷ, βαδίζειν δ᾽ αὑτὸν ἔφασκεν εἰς τὴν πατρίδα. ὁ δ᾽ οὐ πεισθεὶς ἀλλὰ λαβὼν αὐτὸν ἤγαγεν εἰς δίκην πρὸς τοὺς ἄρχοντας, ὑφ᾽ ὧν πᾶσαν αἰκίαν καὶ βασάνους ὑπομείνας ἐφυλάττετο πρὸς τιμωρίαν. καὶ "", ""parsed_unit_sha256"": ""baf27b6383b446c808627578077adec0bfa3de5c2e32130b893d081e9288885e"", ""raw_unit_sha256"": ""97039e364089cbe55bfd20fbe03bea6936abbbc3b94d9f370e5fd839b3132da5""}"	30308	Ille uero mentiri begins denial of the desertion charge after the arrest.	False	True
10	116	EXACT	HIGH	PRESENT	INHERITED_START	Anno uero nono sedechiae regis decima die mensis d	latin-book10-num116	"{""stable_id"": ""latin-book10-num116"", ""paragraph"": 23, ""xpath"": ""/*/*[2]/*/*[2]/*[8]/*[2]"", ""text_node_path"": ""/TEI[1]/text[1]/body[1]/div1[1]/div2[8]/p[2]/num[1]/tail()"", ""node_offset"": 1, ""unit_offset"": 1, ""book_offset"": 30308, ""raw_byte"": 35980, ""left"": ""quibus omnia uerbera et tormenta perpessus ad necis suppli ciem reseuabatur. Qui quodam tempus haec prediximus iniuste sustinuit. "", ""right"": ""Anno uero nono sedechiae regis decima die mensis decimi uicesima secunda babyloniae rex ad hierosolima castra metatus est et sedens circa eam decem et nouem menses cum studio magne uirtutis obsidet. Obsessosque hierosolimitas duo mala alia "", ""parsed_unit_sha256"": ""2bf26ea0e6496751144344e84ae687f633330fea10c7310b674ce54ee33bd25f"", ""raw_unit_sha256"": ""bf29f78dbd007f7251c0ef6852d3a44401688d5355c855bec4a83d7f6f7a6f28""}"	"{""stable_id"": ""greek-book10-num116"", ""paragraph"": 24, ""xpath"": ""/*/*/*/*[2]/*[2]/*[23]"", ""text_node_path"": ""/TEI[1]/text[1]/body[1]/div1[1]/div2[2]/p[23]/num[1]/tail()"", ""node_offset"": 1, ""unit_offset"": 1, ""book_offset"": 32093, ""raw_byte"": 67054, ""left"": ""᾽ ὧν πᾶσαν αἰκίαν καὶ βασάνους ὑπομείνας ἐφυλάττετο πρὸς τιμωρίαν. καὶ χρόνον μέν τινα διῆγεν οὕτως ἀδίκως πάσχων τὰ προειρημένα. "", ""right"": ""Ἔτει δ᾽ ἐνάτῳ τῆς Σαχχίου βασιλείας καὶ ἡμέρᾳ δεκάτῃ τοῦ δεκάτου μηνὸς στρατεύει τὸ δεύτερον ὁ τῶν Βαβυλωνίων βασιλεὺς ἐπὶ τὰ Ἱεροσόλυμα καὶ προσκαθίσας αὐτῇ μῆνας ὀκτωκαίδεκα μετὰ πάσης πολιορκεῖ φιλοτιμίας. συνεπέθετο δὲ εἰς ταὐτὸ πολιορκ"", ""parsed_unit_sha256"": ""df43ac6574190e00718c75f67588fb3d15ac266062f8bc3eb6ce5a8142b04f65"", ""raw_unit_sha256"": ""3f3dad7288ce836f9b56bce44f7920ff9a17d2f1827c9b82cabdaa97d159ec71""}"	30619	Independent printed Greek start and individually read Latin counterpart agree.	False	True
10	117	INTERNAL-BUT-EXACT	HIGH_INDIVIDUALLY_REVIEWED	PRESENT	PROPOSED_INTERNAL_MILESTONE	hieremias uero propheta	latin-book10-num116	"{""stable_id"": ""latin-book10-num116"", ""paragraph"": 23, ""xpath"": ""/*/*[2]/*/*[2]/*[8]/*[2]"", ""text_node_path"": ""/TEI[1]/text[1]/body[1]/div1[1]/div2[8]/p[2]/num[1]/tail()"", ""node_offset"": 312, ""unit_offset"": 312, ""book_offset"": 30619, ""raw_byte"": 36291, ""left"": ""uirtutis obsidet. Obsessosque hierosolimitas duo mala alia et maxima deprimebant morbi languor et fames eis uehementer insistens, "", ""right"": ""hieremias uero propheta cum esset in custodia non cessabat sed clamabat. Predicabat aperte momendo populum ut regem babyloniorum portas aperientes exciperent. Hoc facto eos cum omni domo posse saluari, alioquin radicitus asserebat euelli. P"", ""parsed_unit_sha256"": ""2bf26ea0e6496751144344e84ae687f633330fea10c7310b674ce54ee33bd25f"", ""raw_unit_sha256"": ""bf29f78dbd007f7251c0ef6852d3a44401688d5355c855bec4a83d7f6f7a6f28""}"	"{""stable_id"": ""greek-book10-num116"", ""paragraph"": 24, ""xpath"": ""/*/*/*/*[2]/*[2]/*[23]"", ""text_node_path"": ""/TEI[1]/text[1]/body[1]/div1[1]/div2[2]/p[23]/num[2]/tail()"", ""node_offset"": 1, ""unit_offset"": 339, ""book_offset"": 32431, ""raw_byte"": 67734, ""left"": "" συνεπέθετο δὲ εἰς ταὐτὸ πολιορκουμένοις τοῖς Ἱεροσολύμοις δύο τὰ μέγιστα τῶν παθῶν, λιμὸς καὶ φθορὰ λοιμικὴ ἐνσκήψαντα σφοδρῶς.  "", ""right"": ""ἐν δὲ τῇ εἱρκτῇ τυγχάνων ὁ προφήτης Ἱερεμίας οὐχ ἡσύχαζεν, ἀλλ᾽ ἐκεκράγει καὶ ἐκήρυσσε παραινῶν τῷ πλήθει δέξασθαι τὸν Βαβυλώνιον ἀνοίξαντας τὰς πύλας: σωθήσεσθαι γὰρ αὐτοὺς πανοικὶ τοῦτο πράξαντας, εἰ δὲ μή, διαφθαρήσεσθαι.  προύλεγεν δ᾽ ὡ"", ""parsed_unit_sha256"": ""df43ac6574190e00718c75f67588fb3d15ac266062f8bc3eb6ce5a8142b04f65"", ""raw_unit_sha256"": ""3f3dad7288ce836f9b56bce44f7920ff9a17d2f1827c9b82cabdaa97d159ec71""}"	30858	hieremias uero propheta begins continued public advice from custody after siege/famine conditions.	False	True
10	118	INTERNAL-BUT-EXACT	HIGH_INDIVIDUALLY_REVIEWED	PRESENT	PROPOSED_INTERNAL_MILESTONE	Predicabatque pariter	latin-book10-num116	"{""stable_id"": ""latin-book10-num116"", ""paragraph"": 23, ""xpath"": ""/*/*[2]/*/*[2]/*[8]/*[2]"", ""text_node_path"": ""/TEI[1]/text[1]/body[1]/div1[1]/div2[8]/p[2]/cb[1]/tail()"", ""node_offset"": 18, ""unit_offset"": 551, ""book_offset"": 30858, ""raw_byte"": 36543, ""left"": "" regem babyloniorum portas aperientes exciperent. Hoc facto eos cum omni domo posse saluari, alioquin radicitus asserebat euelli. "", ""right"": ""Predicabatque pariter quoniam siqui manserint in ciuitate omnino perirent aut fame sumptas aut gladiis hostium. Si uero ad hostes confugerent et inimicos et mortem quodam modo declinarent. Principes autem haec audientes nec inter ipsa consi"", ""parsed_unit_sha256"": ""2bf26ea0e6496751144344e84ae687f633330fea10c7310b674ce54ee33bd25f"", ""raw_unit_sha256"": ""bf29f78dbd007f7251c0ef6852d3a44401688d5355c855bec4a83d7f6f7a6f28""}"	"{""stable_id"": ""greek-book10-num116"", ""paragraph"": 24, ""xpath"": ""/*/*/*/*[2]/*[2]/*[23]"", ""text_node_path"": ""/TEI[1]/text[1]/body[1]/div1[1]/div2[2]/p[23]/num[3]/tail()"", ""node_offset"": 1, ""unit_offset"": 565, ""book_offset"": 32657, ""raw_byte"": 68189, ""left"": ""τῷ πλήθει δέξασθαι τὸν Βαβυλώνιον ἀνοίξαντας τὰς πύλας: σωθήσεσθαι γὰρ αὐτοὺς πανοικὶ τοῦτο πράξαντας, εἰ δὲ μή, διαφθαρήσεσθαι.  "", ""right"": ""προύλεγεν δ᾽ ὡς εἰ μὲν ἐπιμένοι τις ἐν τῇ πόλει πάντως ἀπολεῖται θατέρῳ ἢ λιμῷ δαπανηθεὶς ἢ σιδήρῳ τῷ τῶν πολεμίων, εἰ δὲ φύγοι πρὸς τοὺς πολεμίους, διαδράσεται τὸν θάνατον.  οὐδὲ ἐν αὐτοῖς δὲ ὄντες τοῖς δεινοῖς ἐπίστευον οἱ ταῦτ᾽ ἀκούοντες"", ""parsed_unit_sha256"": ""df43ac6574190e00718c75f67588fb3d15ac266062f8bc3eb6ce5a8142b04f65"", ""raw_unit_sha256"": ""3f3dad7288ce836f9b56bce44f7920ff9a17d2f1827c9b82cabdaa97d159ec71""}"	31047	Predicabatque pariter begins the stay-versus-flight prediction after surrender advice.	False	True
10	119	INTERNAL-BUT-EXACT	HIGH_INDIVIDUALLY_REVIEWED	PRESENT	PROPOSED_INTERNAL_MILESTONE	Principes autem haec	latin-book10-num116	"{""stable_id"": ""latin-book10-num116"", ""paragraph"": 23, ""xpath"": ""/*/*[2]/*/*[2]/*[8]/*[2]"", ""text_node_path"": ""/TEI[1]/text[1]/body[1]/div1[1]/div2[8]/p[2]/cb[1]/tail()"", ""node_offset"": 207, ""unit_offset"": 740, ""book_offset"": 31047, ""raw_byte"": 36732, ""left"": ""mnino perirent aut fame sumptas aut gladiis hostium. Si uero ad hostes confugerent et inimicos et mortem quodam modo declinarent. "", ""right"": ""Principes autem haec audientes nec inter ipsa consistentes patiebantur eius uerba amino suo percipere. Sed cum ira uenientes indicauere regi eum quasi uesanum occiden dum esse prophetam poscebant quieorum animos frangerat, et malis promissi"", ""parsed_unit_sha256"": ""2bf26ea0e6496751144344e84ae687f633330fea10c7310b674ce54ee33bd25f"", ""raw_unit_sha256"": ""bf29f78dbd007f7251c0ef6852d3a44401688d5355c855bec4a83d7f6f7a6f28""}"	"{""stable_id"": ""greek-book10-num116"", ""paragraph"": 24, ""xpath"": ""/*/*/*/*[2]/*[2]/*[23]"", ""text_node_path"": ""/TEI[1]/text[1]/body[1]/div1[1]/div2[2]/p[23]/num[4]/tail()"", ""node_offset"": 1, ""unit_offset"": 740, ""book_offset"": 32832, ""raw_byte"": 68543, ""left"": ""ει πάντως ἀπολεῖται θατέρῳ ἢ λιμῷ δαπανηθεὶς ἢ σιδήρῳ τῷ τῶν πολεμίων, εἰ δὲ φύγοι πρὸς τοὺς πολεμίους, διαδράσεται τὸν θάνατον.  "", ""right"": ""οὐδὲ ἐν αὐτοῖς δὲ ὄντες τοῖς δεινοῖς ἐπίστευον οἱ ταῦτ᾽ ἀκούοντες τῶν ἡγεμόνων, ἀλλὰ μετ᾽ ὀργῆς ἀπήγγελλον ἐλθόντες πρὸς τὸν βασιλέα, καὶ κατηγοροῦντες κατῃτιῶντο κτεῖναι τὸν προφήτην ὡς μεμηνότα καὶ τὰς ψυχὰς αὐτῶν προκατακλῶντα καὶ ταῖς τ"", ""parsed_unit_sha256"": ""df43ac6574190e00718c75f67588fb3d15ac266062f8bc3eb6ce5a8142b04f65"", ""raw_unit_sha256"": ""3f3dad7288ce836f9b56bce44f7920ff9a17d2f1827c9b82cabdaa97d159ec71""}"	31502	Principes autem haec audientes begins the officials' angry report after the survival prediction.	False	True
10	120	EXACT	HIGH	PRESENT	INHERITED_START	Rex ergo ipsi quidem pro bonitate et iustitia irat	latin-book10-num120	"{""stable_id"": ""latin-book10-num120"", ""paragraph"": 24, ""xpath"": ""/*/*[2]/*/*[2]/*[8]/*[3]"", ""text_node_path"": ""/TEI[1]/text[1]/body[1]/div1[1]/div2[8]/p[3]/unclear[1]/text()"", ""node_offset"": 0, ""unit_offset"": 1, ""book_offset"": 31502, ""raw_byte"": 37369, ""left"": ""o et patriae salute pugnare ille moneret ut ad hostes fugerent uniuersi quia ciuitas capienda foret omnes in ea pariter perituri. "", ""right"": ""Rex ergo ipsi quidem pro bonitate et iustitia iratus non est sed ne principibus tali tempore uideretur esse con rius permisit prophete eis ut facerent quod uellent qui hoc sibi agere concesso mox ingredientes in carcerem et sumentes eum in "", ""parsed_unit_sha256"": ""f34cdb0eded6f0c97ba32c2e3001a710770800d211eb6f1f49296b81f6bff0bd"", ""raw_unit_sha256"": ""1ee077da523429ab0273e393379e270ae83d8f712b8815ad23114c9e0ab52e5f""}"	"{""stable_id"": ""greek-book10-num120"", ""paragraph"": 25, ""xpath"": ""/*/*/*/*[2]/*[2]/*[24]"", ""text_node_path"": ""/TEI[1]/text[1]/body[1]/div1[1]/div2[2]/p[24]/num[1]/tail()"", ""node_offset"": 1, ""unit_offset"": 1, ""book_offset"": 33285, ""raw_byte"": 69530, ""left"": ""πὲρ αὐτοῦ καὶ τῆς πατρίδος κινδυνεῦσαι, ὁ δὲ παρῄνει πρὸς τοὺς πολεμίους φεύγειν ἁλώσεσθαι λέγων τὴν πόλιν καὶ πάντας ἀπολεῖσθαι. "", ""right"": ""Ὁ δὲ βασιλεὺς αὐτὸς μὲν ὑπὸ χρηστότητος καὶ δικαιοσύνης οὐδὲν ἰδίᾳ παρωξύνθη, ἵνα δὲ μὴ τοῖς ἡγεμόσιν ἀπεχθάνηται παρὰ τοιοῦτον καιρὸν ἀντιπράττων αὐτῶν τῇ προαιρέσει, τὸν προφήτην ἐφῆκεν αὐτοῖς ποιεῖν ὅτι ἂν θέλωσιν.  ὡς δὲ τοῦτο ἐφέντος α"", ""parsed_unit_sha256"": ""d76323b555f0b08fbe47d998c309f9109439cda38d413b2721a3f883e1a37efa"", ""raw_unit_sha256"": ""501e649e24ac58a0fdb0b96ce377321ae14eb996a596e39106c3c4ec68a27843""}"	31666	Independent printed Greek start and individually read Latin counterpart agree.	False	True
10	121	INTERNAL-BUT-EXACT	HIGH_INDIVIDUALLY_REVIEWED	PRESENT	PROPOSED_INTERNAL_MILESTONE	qui hoc sibi agere concesso	latin-book10-num120	"{""stable_id"": ""latin-book10-num120"", ""paragraph"": 24, ""xpath"": ""/*/*[2]/*/*[2]/*[8]/*[3]"", ""text_node_path"": ""/TEI[1]/text[1]/body[1]/div1[1]/div2[8]/p[3]/unclear[2]/tail()"", ""node_offset"": 119, ""unit_offset"": 165, ""book_offset"": 31666, ""raw_byte"": 37583, ""left"": ""et iustitia iratus non est sed ne principibus tali tempore uideretur esse con rius permisit prophete eis ut facerent quod uellent "", ""right"": ""qui hoc sibi agere concesso mox ingredientes in carcerem et sumentes eum in quendam lacum plenum ceno deposuerunt ut morte propria suffocatus extingueretur. Ille uero usque ad guttur in luto depositus in his degebat angustus. Quidam uero se"", ""parsed_unit_sha256"": ""f34cdb0eded6f0c97ba32c2e3001a710770800d211eb6f1f49296b81f6bff0bd"", ""raw_unit_sha256"": ""1ee077da523429ab0273e393379e270ae83d8f712b8815ad23114c9e0ab52e5f""}"	"{""stable_id"": ""greek-book10-num120"", ""paragraph"": 25, ""xpath"": ""/*/*/*/*[2]/*[2]/*[24]"", ""text_node_path"": ""/TEI[1]/text[1]/body[1]/div1[1]/div2[2]/p[24]/num[2]/tail()"", ""node_offset"": 1, ""unit_offset"": 220, ""book_offset"": 33504, ""raw_byte"": 69981, ""left"": ""οῖς ἡγεμόσιν ἀπεχθάνηται παρὰ τοιοῦτον καιρὸν ἀντιπράττων αὐτῶν τῇ προαιρέσει, τὸν προφήτην ἐφῆκεν αὐτοῖς ποιεῖν ὅτι ἂν θέλωσιν.  "", ""right"": ""ὡς δὲ τοῦτο ἐφέντος αὐτοῖς τοῦ βασιλέως εὐθὺς εἰς τὴν εἱρκτὴν εἰσελθόντες καὶ παραλαβόντες αὐτὸν εἴς τινα λάκκον βορβόρου πλήρη καθίμησαν, ὅπως ἰδίῳ θανάτῳ πνιγεὶς ἀποθάνῃ. ὁ δὲ πρὸ τοῦ αὐχένος ὑπὸ τοῦ πηλοῦ περισχεθεὶς ἐν τούτοις ἦν.  τῶν "", ""parsed_unit_sha256"": ""d76323b555f0b08fbe47d998c309f9109439cda38d413b2721a3f883e1a37efa"", ""raw_unit_sha256"": ""501e649e24ac58a0fdb0b96ce377321ae14eb996a596e39106c3c4ec68a27843""}"	31892	qui hoc sibi agere concesso begins seizure and the pit after royal permission.	False	True
10	122	INTERNAL-BUT-EXACT	HIGH_INDIVIDUALLY_REVIEWED	PRESENT	PROPOSED_INTERNAL_MILESTONE	Quidam uero seruorum	latin-book10-num120	"{""stable_id"": ""latin-book10-num120"", ""paragraph"": 24, ""xpath"": ""/*/*[2]/*/*[2]/*[8]/*[3]"", ""text_node_path"": ""/TEI[1]/text[1]/body[1]/div1[1]/div2[8]/p[3]/unclear[2]/tail()"", ""node_offset"": 345, ""unit_offset"": 391, ""book_offset"": 31892, ""raw_byte"": 37809, ""left"": "" ceno deposuerunt ut morte propria suffocatus extingueretur. Ille uero usque ad guttur in luto depositus in his degebat angustus. "", ""right"": ""Quidam uero seruorum regis honoribus decoratus genere aethiopus erumnas prophetae regi nuntiauit dicens, non recte amicos et principes eius fecisse prophetam in ceno submergerent quod opus omni morte et uinculis esset amarius. Haec cum audi"", ""parsed_unit_sha256"": ""f34cdb0eded6f0c97ba32c2e3001a710770800d211eb6f1f49296b81f6bff0bd"", ""raw_unit_sha256"": ""1ee077da523429ab0273e393379e270ae83d8f712b8815ad23114c9e0ab52e5f""}"	"{""stable_id"": ""greek-book10-num120"", ""paragraph"": 25, ""xpath"": ""/*/*/*/*[2]/*[2]/*[24]"", ""text_node_path"": ""/TEI[1]/text[1]/body[1]/div1[1]/div2[2]/p[24]/num[3]/tail()"", ""node_offset"": 1, ""unit_offset"": 456, ""book_offset"": 33740, ""raw_byte"": 70464, ""left"": ""λάκκον βορβόρου πλήρη καθίμησαν, ὅπως ἰδίῳ θανάτῳ πνιγεὶς ἀποθάνῃ. ὁ δὲ πρὸ τοῦ αὐχένος ὑπὸ τοῦ πηλοῦ περισχεθεὶς ἐν τούτοις ἦν.  "", ""right"": ""τῶν δ᾽ οἰκετῶν τις τοῦ βασιλέως ἐν τιμῇ τυγχάνων Αἰθίοψ τὸ γένος τὸ περὶ τὸν προφήτην πάθος ἀπήγγειλε τῷ βασιλεῖ φάσκων οὐκ ὀρθῶς ταῦτα τοὺς φίλους καὶ τοὺς ἡγεμόνας αὐτοῦ πεποιηκέναι καταποντίσαντας εἰς βόρβορον τὸν προφήτην καὶ τοῦ διὰ τῶ"", ""parsed_unit_sha256"": ""d76323b555f0b08fbe47d998c309f9109439cda38d413b2721a3f883e1a37efa"", ""raw_unit_sha256"": ""501e649e24ac58a0fdb0b96ce377321ae14eb996a596e39106c3c4ec68a27843""}"	32119	Quidam uero seruorum begins the Ethiopian's appeal after Jeremiah's distress.	False	True
10	123	INTERNAL-BUT-EXACT	HIGH_INDIVIDUALLY_REVIEWED	PRESENT	PROPOSED_INTERNAL_MILESTONE	Haec cum audisset	latin-book10-num120	"{""stable_id"": ""latin-book10-num120"", ""paragraph"": 24, ""xpath"": ""/*/*[2]/*/*[2]/*[8]/*[3]"", ""text_node_path"": ""/TEI[1]/text[1]/body[1]/div1[1]/div2[8]/p[3]/unclear[2]/tail()"", ""node_offset"": 572, ""unit_offset"": 618, ""book_offset"": 32119, ""raw_byte"": 38036, ""left"": ""dicens, non recte amicos et principes eius fecisse prophetam in ceno submergerent quod opus omni morte et uinculis esset amarius. "", ""right"": ""Haec cum audisset rex penitentia ductus quia prophetam princibus tradidisset, iussit aethiopi ut sumptis triginta regis ministris et finibus, et quidquid expediret ad salutis eius utilitatem cum festinatione hieremiam ab traheret. Aethiops "", ""parsed_unit_sha256"": ""f34cdb0eded6f0c97ba32c2e3001a710770800d211eb6f1f49296b81f6bff0bd"", ""raw_unit_sha256"": ""1ee077da523429ab0273e393379e270ae83d8f712b8815ad23114c9e0ab52e5f""}"	"{""stable_id"": ""greek-book10-num120"", ""paragraph"": 25, ""xpath"": ""/*/*/*/*[2]/*[2]/*[24]"", ""text_node_path"": ""/TEI[1]/text[1]/body[1]/div1[1]/div2[2]/p[24]/num[4]/tail()"", ""node_offset"": 1, ""unit_offset"": 765, ""book_offset"": 34049, ""raw_byte"": 71086, ""left"": ""έναι καταποντίσαντας εἰς βόρβορον τὸν προφήτην καὶ τοῦ διὰ τῶν δεσμῶν θανάτου πικρότερον οὕτως ἐσόμενον ἐπινοήσαντας κατ᾽ αὐτοῦ.  "", ""right"": ""ταῦτ᾽ ἀκούσας ὁ βασιλεὺς καὶ μετανοήσας ἐν τῷ παραδοῦναι τὸν προφήτην τοῖς ἡγεμόσιν ἐκέλευσε τὸν Αἰθίοπα τριάκοντα τῶν βασιλικῶν παραλαβόντα καὶ σχοίνους καὶ πᾶν ὃ πρὸς τὴν τοῦ προφήτου σωτηρίαν ἐπινοεῖν χρήσιμον μετὰ σπουδῆς ἀνελκύσαι τὸν "", ""parsed_unit_sha256"": ""d76323b555f0b08fbe47d998c309f9109439cda38d413b2721a3f883e1a37efa"", ""raw_unit_sha256"": ""501e649e24ac58a0fdb0b96ce377321ae14eb996a596e39106c3c4ec68a27843""}"	32450	Haec cum audisset rex begins repentance and rescue orders after the complaint.	False	True
10	124	EXACT	HIGH	PRESENT	INHERITED_START	Euocante uero eum rege latenter et requirente siqu	latin-book10-num124	"{""stable_id"": ""latin-book10-num124"", ""paragraph"": 25, ""xpath"": ""/*/*[2]/*/*[2]/*[8]/*[4]"", ""text_node_path"": ""/TEI[1]/text[1]/body[1]/div1[1]/div2[8]/p[4]/num[1]/tail()"", ""node_offset"": 1, ""unit_offset"": 1, ""book_offset"": 32450, ""raw_byte"": 38432, ""left"": ""atione hieremiam ab traheret. Aethiops autem sumens quod preceperat rex prophetam de lacu reduxit et sine custodia esse permisit. "", ""right"": ""Euocante uero eum rege latenter et requirente siquid diuinum ei in rebus presentibus possit possit edicere. Ille habere siquidem quod diceret adserebat. Sed non sibi fore credendum necdum moneret audiendum, quando iam quasi malum aliquod ag"", ""parsed_unit_sha256"": ""3902b3f1514551e8184636a78b99d80378c6984531479948a05a57b9a2928add"", ""raw_unit_sha256"": ""a7d353cd7698140a1ca3c587b97aa9aa97acd2d8cd99984340d36fc4e04fd755""}"	"{""stable_id"": ""greek-book10-num124"", ""paragraph"": 26, ""xpath"": ""/*/*/*/*[2]/*[2]/*[25]"", ""text_node_path"": ""/TEI[1]/text[1]/body[1]/div1[1]/div2[2]/p[25]/num[1]/tail()"", ""node_offset"": 1, ""unit_offset"": 1, ""book_offset"": 34396, ""raw_byte"": 71858, ""left"": "" σπουδῆς ἀνελκύσαι τὸν Ἱερεμίαν. ὁ δ᾽ Αἰθίοψ παραλαβὼν οὓς ἐπετάγη ἀνέσπασεν ἐκ τοῦ βορβόρου τὸν προφήτην καὶ διαφῆκεν ἀφύλακτον. "", ""right"": ""Μεταπεμψαμένου δ᾽ αὐτὸν κρύφα τοῦ βασιλέως καὶ τί δύναται φράζειν αὐτῷ παρὰ τοῦ θεοῦ καὶ πρὸς τὰ παρόντα σημαίνειν ἐρομένου, ἔχειν μὲν ἔλεγεν, οὐ πιστευθήσεσθαι δ᾽ εἰπὼν οὐδὲ παραινέσας ἀκουσθήσεσθαι, ἀλλ᾽ ‘ὡς δὴ μέγα κακόν τι εἰργασμένον ἀ"", ""parsed_unit_sha256"": ""9c049b5dfa0a15af574a75c48ccaeac11d464641cf4ca40753977f01acc8e73c"", ""raw_unit_sha256"": ""1907592b1d13c6c45992e573cfb9eaa2e6d25d2a62afa117fa1310f74a725f84""}"	32915	Independent printed Greek start and individually read Latin counterpart agree.	False	True
10	125	INTERNAL-BUT-EXACT	HIGH_INDIVIDUALLY_REVIEWED	PRESENT	PROPOSED_INTERNAL_MILESTONE	quia nec ipse eum	latin-book10-num124	"{""stable_id"": ""latin-book10-num124"", ""paragraph"": 25, ""xpath"": ""/*/*[2]/*/*[2]/*[8]/*[4]"", ""text_node_path"": ""/TEI[1]/text[1]/body[1]/div1[1]/div2[8]/p[4]/cb[1]/tail()"", ""node_offset"": 284, ""unit_offset"": 466, ""book_offset"": 32915, ""raw_byte"": 39032, ""left"": "" esse dicebant audientes que fallebant, sed et si nunc ueritatem dixero morte me condempnes. Cumque rex eius uirandum prebuisset, "", ""right"": ""quia nec ipse eum permimeret nec princibus supplicii uire traderet data fide securus ut suadebat ei ut babylonios traderet ciuitatem. Haec enim dicebat ei deum perse prophetare si liberari uellit, et a presentia pericula declinari, et neque"", ""parsed_unit_sha256"": ""3902b3f1514551e8184636a78b99d80378c6984531479948a05a57b9a2928add"", ""raw_unit_sha256"": ""a7d353cd7698140a1ca3c587b97aa9aa97acd2d8cd99984340d36fc4e04fd755""}"	"{""stable_id"": ""greek-book10-num124"", ""paragraph"": 26, ""xpath"": ""/*/*/*/*[2]/*[2]/*[25]"", ""text_node_path"": ""/TEI[1]/text[1]/body[1]/div1[1]/div2[2]/p[25]/num[2]/tail()"", ""node_offset"": 1, ""unit_offset"": 479, ""book_offset"": 34874, ""raw_byte"": 72813, ""left"": ""ντες καὶ ἀπατῶντες ὑμᾶς; εὐλαβοῦμαι δὲ νῦν γε τὴν ἀλήθειαν εἰπεῖν, μή με κατακρίνῃς θανάτῳ.’ τοῦ δὲ βασιλέως ὅρκους αὐτῷ δόντος,  "", ""right"": ""ὡς οὔτε αὐτὸς αὐτὸν ἀναιρήσει οὔτε τοῖς ἡγεμόσιν ἐκδώσει, θαρσήσας τῇ δεδομένῃ πίστει συνεβούλευσεν αὐτῷ παραδοῦναι τὴν πόλιν τοῖς Βαβυλωνίοις:  ταῦτα δὲ αὐτῷ τὸν θεὸν δι᾽ αὐτοῦ προφητεύειν ἔλεγεν, εἴ γε βούλεται σώζεσθαι καὶ τὸν ἐφεστῶτα κ"", ""parsed_unit_sha256"": ""9c049b5dfa0a15af574a75c48ccaeac11d464641cf4ca40753977f01acc8e73c"", ""raw_unit_sha256"": ""1907592b1d13c6c45992e573cfb9eaa2e6d25d2a62afa117fa1310f74a725f84""}"	33049	quia nec ipse begins the content of the royal oath after its introductory frame.	False	True
10	126	INTERNAL-BUT-EXACT	HIGH_INDIVIDUALLY_REVIEWED	PRESENT	PROPOSED_INTERNAL_MILESTONE	Haec enim dicebat	latin-book10-num124	"{""stable_id"": ""latin-book10-num124"", ""paragraph"": 25, ""xpath"": ""/*/*[2]/*/*[2]/*[8]/*[4]"", ""text_node_path"": ""/TEI[1]/text[1]/body[1]/div1[1]/div2[8]/p[4]/cb[1]/tail()"", ""node_offset"": 418, ""unit_offset"": 600, ""book_offset"": 33049, ""raw_byte"": 39166, ""left"": "" nec ipse eum permimeret nec princibus supplicii uire traderet data fide securus ut suadebat ei ut babylonios traderet ciuitatem. "", ""right"": ""Haec enim dicebat ei deum perse prophetare si liberari uellit, et a presentia pericula declinari, et neque ciuitatem usque ad fundamenta deieci, nec templum ab hostibus concremari. Quod sinon fieret ipse malorum auctor et sibi et ciuitati h"", ""parsed_unit_sha256"": ""3902b3f1514551e8184636a78b99d80378c6984531479948a05a57b9a2928add"", ""raw_unit_sha256"": ""a7d353cd7698140a1ca3c587b97aa9aa97acd2d8cd99984340d36fc4e04fd755""}"	"{""stable_id"": ""greek-book10-num124"", ""paragraph"": 26, ""xpath"": ""/*/*/*/*[2]/*[2]/*[25]"", ""text_node_path"": ""/TEI[1]/text[1]/body[1]/div1[1]/div2[2]/p[25]/num[3]/tail()"", ""node_offset"": 1, ""unit_offset"": 624, ""book_offset"": 35019, ""raw_byte"": 73114, ""left"": ""ὐτὸν ἀναιρήσει οὔτε τοῖς ἡγεμόσιν ἐκδώσει, θαρσήσας τῇ δεδομένῃ πίστει συνεβούλευσεν αὐτῷ παραδοῦναι τὴν πόλιν τοῖς Βαβυλωνίοις:  "", ""right"": ""ταῦτα δὲ αὐτῷ τὸν θεὸν δι᾽ αὐτοῦ προφητεύειν ἔλεγεν, εἴ γε βούλεται σώζεσθαι καὶ τὸν ἐφεστῶτα κίνδυνον διαφυγεῖν καὶ μήτε τὴν πόλιν εἰς ἔδαφος πεσεῖν, μήτε τὸν ναὸν ἐμπρησθέντα * γὰρ αὐτὸν τούτων παραίτιον ἔσεσθαι τῶν κακῶν τοῖς πολίταις κα"", ""parsed_unit_sha256"": ""9c049b5dfa0a15af574a75c48ccaeac11d464641cf4ca40753977f01acc8e73c"", ""raw_unit_sha256"": ""1907592b1d13c6c45992e573cfb9eaa2e6d25d2a62afa117fa1310f74a725f84""}"	33317	Haec enim dicebat begins the divine basis and consequences of surrender after the advice.	False	True
10	127	INTERNAL-BUT-EXACT	HIGH_INDIVIDUALLY_REVIEWED	PRESENT	PROPOSED_INTERNAL_MILESTONE	Haec audiens rex	latin-book10-num124	"{""stable_id"": ""latin-book10-num124"", ""paragraph"": 25, ""xpath"": ""/*/*[2]/*/*[2]/*[8]/*[4]"", ""text_node_path"": ""/TEI[1]/text[1]/body[1]/div1[1]/div2[8]/p[4]/cb[1]/tail()"", ""node_offset"": 686, ""unit_offset"": 868, ""book_offset"": 33317, ""raw_byte"": 39434, ""left"": ""eieci, nec templum ab hostibus concremari. Quod sinon fieret ipse malorum auctor et sibi et ciuitati huius calamitatis existeret. "", ""right"": ""Haec audiens rex uelle siquidem haec quae monebat facere dixit et expedire sibi sed metuere contribulos qui ad regem babyloniae perrexissent, ne accusantibus eum periculo subiaceret quem propheta confortabat et frustra supplicium suspicare "", ""parsed_unit_sha256"": ""3902b3f1514551e8184636a78b99d80378c6984531479948a05a57b9a2928add"", ""raw_unit_sha256"": ""a7d353cd7698140a1ca3c587b97aa9aa97acd2d8cd99984340d36fc4e04fd755""}"	"{""stable_id"": ""greek-book10-num124"", ""paragraph"": 26, ""xpath"": ""/*/*/*/*[2]/*[2]/*[25]"", ""text_node_path"": ""/TEI[1]/text[1]/body[1]/div1[1]/div2[2]/p[25]/num[4]/tail()"", ""node_offset"": 1, ""unit_offset"": 894, ""book_offset"": 35289, ""raw_byte"": 73658, ""left"": ""ος πεσεῖν, μήτε τὸν ναὸν ἐμπρησθέντα * γὰρ αὐτὸν τούτων παραίτιον ἔσεσθαι τῶν κακῶν τοῖς πολίταις καὶ αὑτῷ πανοικὶ τῆς συμφορᾶς.  "", ""right"": ""ὁ δὲ ταῦτ᾽ ἀκούσας βούλεσθαι μὲν αὐτὸς ἔφη ποιεῖν ἃ παραινεῖ καὶ λέγει συνοίσειν αὐτῷ γινόμενα, δεδιέναι δὲ τοὺς αὐτομολήσαντας τῶν ὁμοφύλων πρὸς τοὺς Βαβυλωνίους, μὴ διαβληθεὶς ὑπ᾽ αὐτῶν τῷ βασιλεῖ κολασθῇ.  παρεθάρσυνε δὲ αὐτὸν ὁ προφήτης"", ""parsed_unit_sha256"": ""9c049b5dfa0a15af574a75c48ccaeac11d464641cf4ca40753977f01acc8e73c"", ""raw_unit_sha256"": ""1907592b1d13c6c45992e573cfb9eaa2e6d25d2a62afa117fa1310f74a725f84""}"	33499	Haec audiens rex begins the king's willingness and fear after the warning.	False	True
10	128	INTERNAL-BUT-EXACT	HIGH_INDIVIDUALLY_REVIEWED	PRESENT	PROPOSED_INTERNAL_MILESTONE	quem propheta confortabat	latin-book10-num124	"{""stable_id"": ""latin-book10-num124"", ""paragraph"": 25, ""xpath"": ""/*/*[2]/*/*[2]/*[8]/*[4]"", ""text_node_path"": ""/TEI[1]/text[1]/body[1]/div1[1]/div2[8]/p[4]/cb[1]/tail()"", ""node_offset"": 868, ""unit_offset"": 1050, ""book_offset"": 33499, ""raw_byte"": 39616, ""left"": ""cere dixit et expedire sibi sed metuere contribulos qui ad regem babyloniae perrexissent, ne accusantibus eum periculo subiaceret "", ""right"": ""quem propheta confortabat et frustra supplicium suspicare dicebat, nihil mali passurum si babyloniis traderet ciuitatem. Nec ipsum nec filios nec uxores eius, in super et quia templum maneret inle sum. Et hieremiam quidem cum haec dixisset "", ""parsed_unit_sha256"": ""3902b3f1514551e8184636a78b99d80378c6984531479948a05a57b9a2928add"", ""raw_unit_sha256"": ""a7d353cd7698140a1ca3c587b97aa9aa97acd2d8cd99984340d36fc4e04fd755""}"	"{""stable_id"": ""greek-book10-num124"", ""paragraph"": 26, ""xpath"": ""/*/*/*/*[2]/*[2]/*[25]"", ""text_node_path"": ""/TEI[1]/text[1]/body[1]/div1[1]/div2[2]/p[25]/num[5]/tail()"", ""node_offset"": 1, ""unit_offset"": 1103, ""book_offset"": 35498, ""raw_byte"": 74087, ""left"": ""ν αὐτῷ γινόμενα, δεδιέναι δὲ τοὺς αὐτομολήσαντας τῶν ὁμοφύλων πρὸς τοὺς Βαβυλωνίους, μὴ διαβληθεὶς ὑπ᾽ αὐτῶν τῷ βασιλεῖ κολασθῇ.  "", ""right"": ""παρεθάρσυνε δὲ αὐτὸν ὁ προφήτης καὶ μάτην ὑπονοεῖν τὴν τιμωρίαν ἔλεγεν: οὐδενὸς γὰρ κακοῦ πειραθήσεσθαι παραδόντα τοῖς Βαβυλωνίοις οὔτ᾽ αὐτὸν οὔτε τὰ τέκνα οὔτε τὰς γυναῖκας, μενεῖν δὲ καὶ τὸν ναὸν ἀπαθῆ.  καὶ τὸν μὲν Ἱερεμίαν ταῦτ᾽ εἰπόντα"", ""parsed_unit_sha256"": ""9c049b5dfa0a15af574a75c48ccaeac11d464641cf4ca40753977f01acc8e73c"", ""raw_unit_sha256"": ""1907592b1d13c6c45992e573cfb9eaa2e6d25d2a62afa117fa1310f74a725f84""}"	33701	quem propheta confortabat begins reassurance after the fear of defectors.	False	True
10	129	INTERNAL-BUT-EXACT	HIGH_INDIVIDUALLY_REVIEWED	PRESENT	PROPOSED_INTERNAL_MILESTONE	Et hieremiam quidem	latin-book10-num124	"{""stable_id"": ""latin-book10-num124"", ""paragraph"": 25, ""xpath"": ""/*/*[2]/*/*[2]/*[8]/*[4]"", ""text_node_path"": ""/TEI[1]/text[1]/body[1]/div1[1]/div2[8]/p[4]/cb[1]/tail()"", ""node_offset"": 1070, ""unit_offset"": 1252, ""book_offset"": 33701, ""raw_byte"": 39818, ""left"": "" mali passurum si babyloniis traderet ciuitatem. Nec ipsum nec filios nec uxores eius, in super et quia templum maneret inle sum. "", ""right"": ""Et hieremiam quidem cum haec dixisset rex praecipiens ut nulli ciuiumque locuti fuerant proderet. Sed neque princibus appareret quasi cognoscentes eum arege uocatum requirerent ut quid cum eo locutus fuerat eisque quoque narrari diceret, qu"", ""parsed_unit_sha256"": ""3902b3f1514551e8184636a78b99d80378c6984531479948a05a57b9a2928add"", ""raw_unit_sha256"": ""a7d353cd7698140a1ca3c587b97aa9aa97acd2d8cd99984340d36fc4e04fd755""}"	"{""stable_id"": ""greek-book10-num124"", ""paragraph"": 26, ""xpath"": ""/*/*/*/*[2]/*[2]/*[25]"", ""text_node_path"": ""/TEI[1]/text[1]/body[1]/div1[1]/div2[2]/p[25]/num[6]/tail()"", ""node_offset"": 1, ""unit_offset"": 1309, ""book_offset"": 35704, ""raw_byte"": 74509, ""left"": ""νὸς γὰρ κακοῦ πειραθήσεσθαι παραδόντα τοῖς Βαβυλωνίοις οὔτ᾽ αὐτὸν οὔτε τὰ τέκνα οὔτε τὰς γυναῖκας, μενεῖν δὲ καὶ τὸν ναὸν ἀπαθῆ.  "", ""right"": ""καὶ τὸν μὲν Ἱερεμίαν ταῦτ᾽ εἰπόντα ὁ βασιλεὺς ἀπέλυσεν προστάξας αὐτῷ πρὸς μηδένα τῶν πολιτῶν ἐξενεγκεῖν τὰ δόξαντ᾽ αὐτοῖς, ἀλλὰ μηδὲ τοῖς ἡγεμόσιν, εἰ μαθόντες αὐτὸν ὑπ᾽ αὐτοῦ μετάπεμπτον γεγονέναι πυνθάνονται τί κληθεὶς εἴποι πρὸς αὐτόν, "", ""parsed_unit_sha256"": ""9c049b5dfa0a15af574a75c48ccaeac11d464641cf4ca40753977f01acc8e73c"", ""raw_unit_sha256"": ""1907592b1d13c6c45992e573cfb9eaa2e6d25d2a62afa117fa1310f74a725f84""}"	34016	Et hieremiam quidem begins dismissal and secrecy instructions after the assurance of safety.	False	True
10	130	INTERNAL-BUT-EXACT	HIGH_INDIVIDUALLY_REVIEWED	PRESENT	PROPOSED_INTERNAL_MILESTONE	Qui scilicet hoc	latin-book10-num124	"{""stable_id"": ""latin-book10-num124"", ""paragraph"": 25, ""xpath"": ""/*/*[2]/*/*[2]/*[8]/*[4]"", ""text_node_path"": ""/TEI[1]/text[1]/body[1]/div1[1]/div2[8]/p[4]/corr[1]/tail()"", ""node_offset"": 49, ""unit_offset"": 1567, ""book_offset"": 34016, ""raw_byte"": 40146, ""left"": ""cum eo locutus fuerat eisque quoque narrari diceret, quia popossisset poposcisset ne in uincula aut in carcerem denuo truderetur. "", ""right"": ""Qui scilicet hoc eis dicebat dum uenientes a propheta requirerent quod locutus fuisset ad regem. Haec quidem ita sunt gesta. Babylonios autem obsessionem grauius in ferebat faciens turres cum magnis aedificiis et aggeres ingentes exaltans e"", ""parsed_unit_sha256"": ""3902b3f1514551e8184636a78b99d80378c6984531479948a05a57b9a2928add"", ""raw_unit_sha256"": ""a7d353cd7698140a1ca3c587b97aa9aa97acd2d8cd99984340d36fc4e04fd755""}"	"{""stable_id"": ""greek-book10-num124"", ""paragraph"": 26, ""xpath"": ""/*/*/*/*[2]/*[2]/*[25]"", ""text_node_path"": ""/TEI[1]/text[1]/body[1]/div1[1]/div2[2]/p[25]/num[7]/tail()"", ""node_offset"": 1, ""unit_offset"": 1644, ""book_offset"": 36039, ""raw_byte"": 75184, ""left"": ""ονται τί κληθεὶς εἴποι πρὸς αὐτόν, φράζειν τι τούτων, ἀλλὰ σκήπτεσθαι πρὸς αὐτούς, ὅτι δεηθείη μὴ ἐν δεσμῷ τυγχάνειν καὶ φυλακῇ.  "", ""right"": ""καὶ δὴ τοῦτο πρὸς αὐτοὺς ἔλεγεν: ἐπυνθάνοντο γὰρ ἐλθόντες πρὸς τὸν προφήτην, τί περὶ αὐτῶν ἀφίκοιτο πρὸς τὸν βασιλέα σκήπτεσθαι. ταῦτα μὲν οὕτως ἐλέχθη. Τῆς δὲ πολιορκίας τῶν Ἱεροσολύμων ὁ Βαβυλώνιος ἐντεταμένως σφόδρα καὶ προθύμως εἴχετο: "", ""parsed_unit_sha256"": ""9c049b5dfa0a15af574a75c48ccaeac11d464641cf4ca40753977f01acc8e73c"", ""raw_unit_sha256"": ""1907592b1d13c6c45992e573cfb9eaa2e6d25d2a62afa117fa1310f74a725f84""}"	34141	Qui scilicet hoc begins the actual explanation to officials after the cover-story instruction.	False	True
10	131	EXACT	HIGH	PRESENT	INHERITED_START	Babylonios autem obsessionem grauius in ferebat fa	latin-book10-num131	"{""stable_id"": ""latin-book10-num131"", ""paragraph"": 26, ""xpath"": ""/*/*[2]/*/*[2]/*[8]/*[5]"", ""text_node_path"": ""/TEI[1]/text[1]/body[1]/div1[1]/div2[8]/p[5]/num[1]/tail()"", ""node_offset"": 1, ""unit_offset"": 1, ""book_offset"": 34141, ""raw_byte"": 40336, ""left"": ""tur. Qui scilicet hoc eis dicebat dum uenientes a propheta requirerent quod locutus fuisset ad regem. Haec quidem ita sunt gesta. "", ""right"": ""Babylonios autem obsessionem grauius in ferebat faciens turres cum magnis aedificiis et aggeres ingentes exaltans exquibus resistebat de muris pugnare nitentibus multasque machinationes erexit aequans muris percircuitum cititatis. Illi siqu"", ""parsed_unit_sha256"": ""e293f5a3f8bb9d0e64d110e831c8cc8b9e041990c06082e27c6fc2ccde80e70c"", ""raw_unit_sha256"": ""9214eca76dec6646af7773b31886753c325821bb0dcf1db78cacdbd978392ff2""}"	"{""stable_id"": ""greek-book10-num131"", ""paragraph"": 27, ""xpath"": ""/*/*/*/*[2]/*[2]/*[26]"", ""text_node_path"": ""/TEI[1]/text[1]/body[1]/div1[1]/div2[2]/p[26]/num[1]/tail()"", ""node_offset"": 1, ""unit_offset"": 1, ""book_offset"": 36192, ""raw_byte"": 75572, ""left"": ""ς ἔλεγεν: ἐπυνθάνοντο γὰρ ἐλθόντες πρὸς τὸν προφήτην, τί περὶ αὐτῶν ἀφίκοιτο πρὸς τὸν βασιλέα σκήπτεσθαι. ταῦτα μὲν οὕτως ἐλέχθη. "", ""right"": ""Τῆς δὲ πολιορκίας τῶν Ἱεροσολύμων ὁ Βαβυλώνιος ἐντεταμένως σφόδρα καὶ προθύμως εἴχετο: πύργους τε γὰρ μεγάλων οἰκοδομήσας χωμάτων ἀπ᾽ αὐτῶν ἀνεῖργε τοὺς τοῖς τείχεσιν ἐφεστῶτας, καὶ πολλὰ περὶ τὸν κύκλον ὅλον ἤγειρε χώματα τοῖς τείχεσι τὸ ὕ"", ""parsed_unit_sha256"": ""79bc1b238e25b953d127c499b6a84f2013bab591d991a5127f26d521093a95f5"", ""raw_unit_sha256"": ""eaf34055dae211052b5febb4a392f96f326d28cbae13d1c236dd65db1dfdd59c""}"	34372	Independent printed Greek start and individually read Latin counterpart agree.	False	True
10	132	INTERNAL-BUT-EXACT	HIGH_INDIVIDUALLY_REVIEWED	PRESENT	PROPOSED_INTERNAL_MILESTONE	Illi siquidem quaerant	latin-book10-num131	"{""stable_id"": ""latin-book10-num131"", ""paragraph"": 26, ""xpath"": ""/*/*[2]/*/*[2]/*[8]/*[5]"", ""text_node_path"": ""/TEI[1]/text[1]/body[1]/div1[1]/div2[8]/p[5]/num[1]/tail()"", ""node_offset"": 232, ""unit_offset"": 232, ""book_offset"": 34372, ""raw_byte"": 40567, ""left"": ""tes exaltans exquibus resistebat de muris pugnare nitentibus multasque machinationes erexit aequans muris percircuitum cititatis. "", ""right"": ""Illi siquidem quaerant intra urbem fortiter promptissime resistebant, neque famen ne lango languore fatigati et licet his passionibus agerentur animos forte uidenbantur ad proelium adnullo adinuentiones inimicorum et machinamenta expauescen"", ""parsed_unit_sha256"": ""e293f5a3f8bb9d0e64d110e831c8cc8b9e041990c06082e27c6fc2ccde80e70c"", ""raw_unit_sha256"": ""9214eca76dec6646af7773b31886753c325821bb0dcf1db78cacdbd978392ff2""}"	"{""stable_id"": ""greek-book10-num131"", ""paragraph"": 27, ""xpath"": ""/*/*/*/*[2]/*[2]/*[26]"", ""text_node_path"": ""/TEI[1]/text[1]/body[1]/div1[1]/div2[2]/p[26]/num[2]/tail()"", ""node_offset"": 1, ""unit_offset"": 251, ""book_offset"": 36442, ""raw_byte"": 76076, ""left"": ""ς χωμάτων ἀπ᾽ αὐτῶν ἀνεῖργε τοὺς τοῖς τείχεσιν ἐφεστῶτας, καὶ πολλὰ περὶ τὸν κύκλον ὅλον ἤγειρε χώματα τοῖς τείχεσι τὸ ὕψος ἴσα.  "", ""right"": ""καρτερῶς δὲ καὶ προθύμως ἔφερον οἱ ἐντὸς τὴν πολιορκίαν: ἔκαμνον γὰρ οὔτε πρὸς τὸν λιμὸν οὔτε πρὸς τὴν νόσον τὴν λοιμικήν, ἀλλὰ καίπερ ἔνδον ὑπὸ τούτων ἐλαυνόμενοι τῶν παθῶν τὰς ψυχὰς ἔρρωντο πρὸς τὸν πόλεμον, μήτε πρὸς τὰς ἐπινοίας τῶν ἐχθ"", ""parsed_unit_sha256"": ""79bc1b238e25b953d127c499b6a84f2013bab591d991a5127f26d521093a95f5"", ""raw_unit_sha256"": ""eaf34055dae211052b5febb4a392f96f326d28cbae13d1c236dd65db1dfdd59c""}"	34698	Illi siquidem quaerant begins the defenders' endurance after siege works.	False	True
10	133	INTERNAL-BUT-EXACT	HIGH_INDIVIDUALLY_REVIEWED	PRESENT	PROPOSED_INTERNAL_MILESTONE	ita ut magnum certamen	latin-book10-num131	"{""stable_id"": ""latin-book10-num131"", ""paragraph"": 26, ""xpath"": ""/*/*[2]/*/*[2]/*[8]/*[5]"", ""text_node_path"": ""/TEI[1]/text[1]/body[1]/div1[1]/div2[8]/p[5]/corr[1]/tail()"", ""node_offset"": 229, ""unit_offset"": 558, ""book_offset"": 34698, ""raw_byte"": 40919, ""left"": ""tiones inimicorum et machinamenta expauescentes, sed contrarias machinationes in omnibus quae sa ciebant illi opponere cogitantes "", ""right"": ""ita ut magnum certamen esset babyloniis simulet hierosolimitis uelocitatis atque prudentiae. His quidem nihil arbritrantibus amplius commodi quam captionem illius ciuitatis. His autem salutem suam non inalia causa ponentibus nisi magno stud"", ""parsed_unit_sha256"": ""e293f5a3f8bb9d0e64d110e831c8cc8b9e041990c06082e27c6fc2ccde80e70c"", ""raw_unit_sha256"": ""9214eca76dec6646af7773b31886753c325821bb0dcf1db78cacdbd978392ff2""}"	"{""stable_id"": ""greek-book10-num131"", ""paragraph"": 27, ""xpath"": ""/*/*/*/*[2]/*[2]/*[26]"", ""text_node_path"": ""/TEI[1]/text[1]/body[1]/div1[1]/div2[2]/p[26]/num[3]/tail()"", ""node_offset"": 1, ""unit_offset"": 594, ""book_offset"": 36785, ""raw_byte"": 76767, ""left"": ""ε πρὸς τὰς ἐπινοίας τῶν ἐχθρῶν καὶ τὰ μηχανήματα καταπληττόμενοι, ἀλλ᾽ ἀντιμηχανήματα πρὸς πάντα τὰ παρ᾽ ἐκείνων ἀντεπινοοῦντες:  "", ""right"": ""ὡς εἶναι τὸν ὅλον ἀγῶνα καὶ τοῖς Βαβυλωνίοις καὶ τοῖς Ἱεροσολυμίταις τῆς ὀξύτητος καὶ συνέσεως, τῶν μὲν πλέον ἐν ταύτῃ δυνηθῆναι τὴν ἀναίρεσιν οἰομένων εἶναι τῆς πόλεως, τῶν δὲ τὴν σωτηρίαν ἐν οὐκ ἄλλῳ τιθεμένων ἢ ἐν τῷ μὴ καμεῖν μηδ᾽ ἀπειπ"", ""parsed_unit_sha256"": ""79bc1b238e25b953d127c499b6a84f2013bab591d991a5127f26d521093a95f5"", ""raw_unit_sha256"": ""eaf34055dae211052b5febb4a392f96f326d28cbae13d1c236dd65db1dfdd59c""}"	35031	ita ut magnum certamen begins the resulting contest in ingenuity after the defenders' countermeasures.	False	True
10	134	INTERNAL-BUT-EXACT	HIGH_INDIVIDUALLY_REVIEWED	PRESENT	PROPOSED_INTERNAL_MILESTONE	ut haec passi	latin-book10-num131	"{""stable_id"": ""latin-book10-num131"", ""paragraph"": 26, ""xpath"": ""/*/*[2]/*/*[2]/*[8]/*[5]"", ""text_node_path"": ""/TEI[1]/text[1]/body[1]/div1[1]/div2[8]/p[5]/corr[1]/tail()"", ""node_offset"": 562, ""unit_offset"": 891, ""book_offset"": 35031, ""raw_byte"": 41252, ""left"": ""alia causa ponentibus nisi magno studio laborarent, et non disperarent excogitare quibus modis hostibus machinamenta destruerent, "", ""right"": ""ut haec passi sunt mensibus octo et decem donec fame uastarentur et gladiis quos deturribus iaculabantur aduersus eos hostes. Capta est uero ciuitas undecimo anno sedchiae regis quarto mense die nona. Coeperunt que principes babyloniorum qu"", ""parsed_unit_sha256"": ""e293f5a3f8bb9d0e64d110e831c8cc8b9e041990c06082e27c6fc2ccde80e70c"", ""raw_unit_sha256"": ""9214eca76dec6646af7773b31886753c325821bb0dcf1db78cacdbd978392ff2""}"	"{""stable_id"": ""greek-book10-num131"", ""paragraph"": 27, ""xpath"": ""/*/*/*/*[2]/*[2]/*[26]"", ""text_node_path"": ""/TEI[1]/text[1]/body[1]/div1[1]/div2[2]/p[26]/num[4]/tail()"", ""node_offset"": 1, ""unit_offset"": 908, ""book_offset"": 37099, ""raw_byte"": 77403, ""left"": ""ηρίαν ἐν οὐκ ἄλλῳ τιθεμένων ἢ ἐν τῷ μὴ καμεῖν μηδ᾽ ἀπειπεῖν ἀντεφευρίσκοντας οἷς μάταια τὰ τῶν ἐχθρῶν ἀπελεγχθήσεται μηχανήματα.  "", ""right"": ""καὶ ταῦθ᾽ ὑπέμειναν ἐπὶ μῆνας ὀκτωκαίδεκα ἕως οὗ διεφθάρησαν ὑπὸ τοῦ λιμοῦ καὶ τῶν βελῶν, ἅπερ ἀπὸ τῶν πύργων εἰς αὐτοὺς ἠκόντιζον οἱ πολέμιοι. Ἡιρέθη δ᾽ ἡ πόλις ἑνδεκάτῳ ἔτει τῆς Σαχχίου βασιλείας τοῦ τετάρτου μηνὸς τῇ ἐνάτῃ ἡμέρᾳ. εἷλον δ"", ""parsed_unit_sha256"": ""79bc1b238e25b953d127c499b6a84f2013bab591d991a5127f26d521093a95f5"", ""raw_unit_sha256"": ""eaf34055dae211052b5febb4a392f96f326d28cbae13d1c236dd65db1dfdd59c""}"	35157	ut haec passi sunt begins the eighteen-month endurance after competing siege ingenuity; transmitted ut is retained.	False	True
10	135	EXACT	HIGH_INDIVIDUALLY_REVIEWED	PRESENT	INHERITED_START	Capta est uero ciuitas undecimo anno sedchiae regi	latin-book10-num135	"{""stable_id"": ""latin-book10-num135"", ""paragraph"": 27, ""xpath"": ""/*/*[2]/*/*[2]/*[8]/*[6]"", ""text_node_path"": ""/TEI[1]/text[1]/body[1]/div1[1]/div2[8]/p[6]/num[1]/tail()"", ""node_offset"": 1, ""unit_offset"": 1, ""book_offset"": 35157, ""raw_byte"": 41444, ""left"": ""nt, ut haec passi sunt mensibus octo et decem donec fame uastarentur et gladiis quos deturribus iaculabantur aduersus eos hostes. "", ""right"": ""Capta est uero ciuitas undecimo anno sedchiae regis quarto mense die nona. Coeperunt que principes babyloniorum quibus obsessio a rege nabuchodonosor uidebatur esse commissa. Ipse autem in arabatha ciuitate morabatur. Nomina uero principum "", ""parsed_unit_sha256"": ""d50ef963f99aac30c801be4ac51e9e54080ac053e7582c3e2cebf2733c7ab107"", ""raw_unit_sha256"": ""12cf108d325293cbc38571b32fdfabf858a55ac21b98c0fdd5bb90e8e096741e""}"	"{""stable_id"": ""greek-book10-num135"", ""paragraph"": 28, ""xpath"": ""/*/*/*/*[2]/*[2]/*[27]"", ""text_node_path"": ""/TEI[1]/text[1]/body[1]/div1[1]/div2[2]/p[27]/num[1]/tail()"", ""node_offset"": 1, ""unit_offset"": 1, ""book_offset"": 37243, ""raw_byte"": 77779, ""left"": ""ειναν ἐπὶ μῆνας ὀκτωκαίδεκα ἕως οὗ διεφθάρησαν ὑπὸ τοῦ λιμοῦ καὶ τῶν βελῶν, ἅπερ ἀπὸ τῶν πύργων εἰς αὐτοὺς ἠκόντιζον οἱ πολέμιοι. "", ""right"": ""Ἡιρέθη δ᾽ ἡ πόλις ἑνδεκάτῳ ἔτει τῆς Σαχχίου βασιλείας τοῦ τετάρτου μηνὸς τῇ ἐνάτῃ ἡμέρᾳ. εἷλον δ᾽ οὖν οἱ ἡγεμόνες τῶν Βαβυλωνίων, οἷς ἐπίστευσε τὴν πολιορκίαν ὁ Ναβουχοδονόσορος: αὐτὸς γὰρ ἐν Ἀραβαθᾶ διέτριβε πόλει. τὰ δὲ τῶν ἡγεμόνων ὀνόμα"", ""parsed_unit_sha256"": ""78c6a09d943e8df2cf750a49108b0e82013d49ede76286b5d86b4eee23e7b209"", ""raw_unit_sha256"": ""e1fbfae6ed5ce4cc6792cd1464f9faf250cb63d199676e320a3f697dbaf785af""}"	35495	Capta est uero ciuitas begins capture date and commanders after siege losses.	False	True
10	136	INTERNAL-BUT-EXACT	HIGH_INDIVIDUALLY_REVIEWED	PRESENT	PROPOSED_INTERNAL_MILESTONE	Capta siquidem ciuitate	latin-book10-num135	"{""stable_id"": ""latin-book10-num135"", ""paragraph"": 27, ""xpath"": ""/*/*[2]/*/*[2]/*[8]/*[6]"", ""text_node_path"": ""/TEI[1]/text[1]/body[1]/div1[1]/div2[8]/p[6]/num[1]/tail()"", ""node_offset"": 339, ""unit_offset"": 339, ""book_offset"": 35495, ""raw_byte"": 41782, ""left"": ""orabatur. Nomina uero principum qui hierosolimam subdiderunt haec sunt, ergel lasar. Rarem, Matussem, Egarus, Nabusarcham, Saris. "", ""right"": ""Capta siquidem ciuitate circa mediam noctem et principibus hostium ingressis in templum. Cognosces hoc sedechias rex sumptis uxoribus et filiis, et principibus, et amicis de ciuitate fugit per desertum ualde tutissimum, quod dum a quibusdam"", ""parsed_unit_sha256"": ""d50ef963f99aac30c801be4ac51e9e54080ac053e7582c3e2cebf2733c7ab107"", ""raw_unit_sha256"": ""12cf108d325293cbc38571b32fdfabf858a55ac21b98c0fdd5bb90e8e096741e""}"	"{""stable_id"": ""greek-book10-num135"", ""paragraph"": 28, ""xpath"": ""/*/*/*/*[2]/*[2]/*[27]"", ""text_node_path"": ""/TEI[1]/text[1]/body[1]/div1[1]/div2[2]/p[27]/num[2]/tail()"", ""node_offset"": 1, ""unit_offset"": 378, ""book_offset"": 37620, ""raw_byte"": 78528, ""left"": ""τις ἐπιζητήσειε γνῶναι, οἵτινες τὰ Ἱεροσόλυμα πορθήσαντες ὑπέταξαν, ἦν Ῥεγάλσαρος, Ἀρέμαντος, Σεμέγαρος, Ναβώσαρις, Ἀχαράμψαρις.  "", ""right"": ""ἁλούσης δὲ τῆς πόλεως περὶ μέσην νύκτα καὶ τῶν ἡγεμόνων τῶν πολεμίων εἰσελθόντων εἰς τὸ ἱερὸν γνοὺς ὁ Σαχχίας ὁ βασιλεύς, παραλαβὼν τὰς γυναῖκας καὶ τὰ τέκνα καὶ τοὺς ἡγεμόνας καὶ τοὺς φίλους φεύγει μετ᾽ αὐτῶν ἐκ τῆς πόλεως διὰ τῆς καρτερᾶς"", ""parsed_unit_sha256"": ""78c6a09d943e8df2cf750a49108b0e82013d49ede76286b5d86b4eee23e7b209"", ""raw_unit_sha256"": ""e1fbfae6ed5ce4cc6792cd1464f9faf250cb63d199676e320a3f697dbaf785af""}"	35715	Capta siquidem ciuitate begins the midnight capture and royal flight after commanders' names.	False	True
10	137	INTERNAL-BUT-EXACT	HIGH_INDIVIDUALLY_REVIEWED	PRESENT	PROPOSED_INTERNAL_MILESTONE	quod dum a quibusdam	latin-book10-num135	"{""stable_id"": ""latin-book10-num135"", ""paragraph"": 27, ""xpath"": ""/*/*[2]/*/*[2]/*[8]/*[6]"", ""text_node_path"": ""/TEI[1]/text[1]/body[1]/div1[1]/div2[8]/p[6]/num[1]/tail()"", ""node_offset"": 559, ""unit_offset"": 559, ""book_offset"": 35715, ""raw_byte"": 42002, ""left"": ""ognosces hoc sedechias rex sumptis uxoribus et filiis, et principibus, et amicis de ciuitate fugit per desertum ualde tutissimum, "", ""right"": ""quod dum a quibusdam tradicus principibus babyloniorum indicatum fuisset, diluculo eum persequuti sunt. Egressi quidem circa hiericuntem adprehendissent eum circum dederunt. Amici uero et principes qui cum sedechia fugiebant dum hostes prox"", ""parsed_unit_sha256"": ""d50ef963f99aac30c801be4ac51e9e54080ac053e7582c3e2cebf2733c7ab107"", ""raw_unit_sha256"": ""12cf108d325293cbc38571b32fdfabf858a55ac21b98c0fdd5bb90e8e096741e""}"	"{""stable_id"": ""greek-book10-num135"", ""paragraph"": 28, ""xpath"": ""/*/*/*/*[2]/*[2]/*[27]"", ""text_node_path"": ""/TEI[1]/text[1]/body[1]/div1[1]/div2[2]/p[27]/num[3]/tail()"", ""node_offset"": 1, ""unit_offset"": 649, ""book_offset"": 37891, ""raw_byte"": 79074, ""left"": ""κας καὶ τὰ τέκνα καὶ τοὺς ἡγεμόνας καὶ τοὺς φίλους φεύγει μετ᾽ αὐτῶν ἐκ τῆς πόλεως διὰ τῆς καρτερᾶς φάραγγος καὶ διὰ τῆς ἐρήμου.  "", ""right"": ""φρασάντων δὲ τοῦτό τινων αὐτομόλων τοῖς Βαβυλωνίοις ὑπὸ τὸν ὄρθρον ὥρμησαν διώκειν αὐτόν, καταλαβόντες δὲ οὐκ ἄπωθεν Ἱεριχοῦντος ἐκυκλώσαντο αὐτόν: οἱ δὲ φίλοι καὶ οἱ ἡγεμόνες οἱ συμφυγόντες τῷ Σαχχίᾳ ἐπεὶ τοὺς πολεμίους ἐγγὺς ὄντας εἶδον, "", ""parsed_unit_sha256"": ""78c6a09d943e8df2cf750a49108b0e82013d49ede76286b5d86b4eee23e7b209"", ""raw_unit_sha256"": ""e1fbfae6ed5ce4cc6792cd1464f9faf250cb63d199676e320a3f697dbaf785af""}"	36062	quod dum a quibusdam begins discovery and pursuit after the desert escape.	False	True
10	138	INTERNAL-BUT-EXACT	HIGH_INDIVIDUALLY_REVIEWED	PRESENT	PROPOSED_INTERNAL_MILESTONE	quam conprehensum cum paucis	latin-book10-num135	"{""stable_id"": ""latin-book10-num135"", ""paragraph"": 27, ""xpath"": ""/*/*[2]/*/*[2]/*[8]/*[6]"", ""text_node_path"": ""/TEI[1]/text[1]/body[1]/div1[1]/div2[8]/p[6]/note[1]/tail()"", ""node_offset"": 250, ""unit_offset"": 906, ""book_offset"": 36062, ""raw_byte"": 42426, ""left"": ""giebant dum hostes proximos esse conspicerent, dispersi sunt alter ad alium locum fugiens, et unus quisque se liberare constendes "", ""right"": ""quam conprehensum cum paucis hostes cum uxoribus atque filiis duxerunt ad regem. Uenientemque ad se regem nabuchodosor impium et infelicem uocare coepit, et iurisiurandi memorem quod prebuerat ut ei prouinciam custodiret. Super haec autem o"", ""parsed_unit_sha256"": ""d50ef963f99aac30c801be4ac51e9e54080ac053e7582c3e2cebf2733c7ab107"", ""raw_unit_sha256"": ""12cf108d325293cbc38571b32fdfabf858a55ac21b98c0fdd5bb90e8e096741e""}"	"{""stable_id"": ""greek-book10-num135"", ""paragraph"": 28, ""xpath"": ""/*/*/*/*[2]/*[2]/*[27]"", ""text_node_path"": ""/TEI[1]/text[1]/body[1]/div1[1]/div2[2]/p[27]/num[4]/tail()"", ""node_offset"": 1, ""unit_offset"": 967, ""book_offset"": 38209, ""raw_byte"": 79717, ""left"": ""ες τῷ Σαχχίᾳ ἐπεὶ τοὺς πολεμίους ἐγγὺς ὄντας εἶδον, καταλιπόντες αὐτὸν διεσπάρησαν ἄλλος ἀλλαχοῦ καὶ σώζειν ἑαυτὸν ἕκαστος ἔγνω.  "", ""right"": ""περιλειφθέντα τε αὐτὸν σὺν ὀλίγοις ζωγρήσαντες οἱ πολέμιοι μετὰ τῶν τέκνων καὶ τῶν γυναικῶν ἤγαγον πρὸς τὸν βασιλέα. παραγενόμενον δ᾽ αὐτὸν ὁ Ναβουχοδονόσαρος ἀσεβῆ καὶ παράσπονδον ἀποκαλεῖν ἤρξατο καὶ ἀμνήμονα τῶν πρόσω λόγων, οὓς ἐποιήσατ"", ""parsed_unit_sha256"": ""78c6a09d943e8df2cf750a49108b0e82013d49ede76286b5d86b4eee23e7b209"", ""raw_unit_sha256"": ""e1fbfae6ed5ce4cc6792cd1464f9faf250cb63d199676e320a3f697dbaf785af""}"	36284	quam conprehensum begins capture and the king's audience after the escort dispersal.	False	True
10	139	INTERNAL-BUT-EXACT	HIGH_INDIVIDUALLY_REVIEWED	PRESENT	PROPOSED_INTERNAL_MILESTONE	Super haec autem	latin-book10-num135	"{""stable_id"": ""latin-book10-num135"", ""paragraph"": 27, ""xpath"": ""/*/*[2]/*/*[2]/*[8]/*[6]"", ""text_node_path"": ""/TEI[1]/text[1]/body[1]/div1[1]/div2[8]/p[6]/note[1]/tail()"", ""node_offset"": 472, ""unit_offset"": 1128, ""book_offset"": 36284, ""raw_byte"": 42648, ""left"": ""e ad se regem nabuchodosor impium et infelicem uocare coepit, et iurisiurandi memorem quod prebuerat ut ei prouinciam custodiret. "", ""right"": ""Super haec autem obiurgauit ingratum. Quod dum abeo percepisset imperium quod eius fratre tulerat et illi tribuerat contra munificum largitorem egisse uidebatur hostiliter. Dixitque post haec, magnus deus qui habens tuam nequititiam nequiti"", ""parsed_unit_sha256"": ""d50ef963f99aac30c801be4ac51e9e54080ac053e7582c3e2cebf2733c7ab107"", ""raw_unit_sha256"": ""12cf108d325293cbc38571b32fdfabf858a55ac21b98c0fdd5bb90e8e096741e""}"	"{""stable_id"": ""greek-book10-num135"", ""paragraph"": 28, ""xpath"": ""/*/*/*/*[2]/*[2]/*[27]"", ""text_node_path"": ""/TEI[1]/text[1]/body[1]/div1[1]/div2[2]/p[27]/num[5]/tail()"", ""node_offset"": 1, ""unit_offset"": 1245, ""book_offset"": 38487, ""raw_byte"": 80277, ""left"": ""οδονόσαρος ἀσεβῆ καὶ παράσπονδον ἀποκαλεῖν ἤρξατο καὶ ἀμνήμονα τῶν πρόσω λόγων, οὓς ἐποιήσατο σώζειν αὐτῷ τὴν χώραν ὑποσχόμενος.  "", ""right"": ""ὠνείδιζε δὲ καὶ ἀχαριστίαν παρ᾽ αὐτοῦ μὲν λαβόντι τὴν βασιλείαν, Ἰωακείμου γὰρ αὐτὴν οὖσαν ἀφελόμενον ἐκείνῳ δοῦναι, χρησαμένῳ δὲ τῇ δυνάμει κατὰ τοῦ παρασχόντος: ‘ἀλλὰ μέγας, εἶπεν, ὁ θεός, ὃς μισήσας σου τὸν τρόπον ὑποχείριον ἡμῖν ἔθηκε.’"", ""parsed_unit_sha256"": ""78c6a09d943e8df2cf750a49108b0e82013d49ede76286b5d86b4eee23e7b209"", ""raw_unit_sha256"": ""e1fbfae6ed5ce4cc6792cd1464f9faf250cb63d199676e320a3f697dbaf785af""}"	36562	Super haec autem obiurgauit begins the additional ingratitude reproach after oath-breaking.	False	True
10	140	INTERNAL-BUT-EXACT	HIGH_INDIVIDUALLY_REVIEWED	PRESENT	PROPOSED_INTERNAL_MILESTONE	His igitur uerbis	latin-book10-num135	"{""stable_id"": ""latin-book10-num135"", ""paragraph"": 27, ""xpath"": ""/*/*[2]/*/*[2]/*[8]/*[6]"", ""text_node_path"": ""/TEI[1]/text[1]/body[1]/div1[1]/div2[8]/p[6]/corr[1]/tail()"", ""node_offset"": 36, ""unit_offset"": 1406, ""book_offset"": 36562, ""raw_byte"": 43004, ""left"": ""se uidebatur hostiliter. Dixitque post haec, magnus deus qui habens tuam nequititiam nequitiam odio nostro te subuigauit imperio. "", ""right"": ""His igitur uerbis usus aduersur sedechiam filios eius iussit pariter et amicos continuo perimi. Ipso scilicet sedechiam et aliis captiuis inspicientibus. Deinde oculos eruens sedechiae eumque uincens perduxit in babyloniam, haec autem perue"", ""parsed_unit_sha256"": ""d50ef963f99aac30c801be4ac51e9e54080ac053e7582c3e2cebf2733c7ab107"", ""raw_unit_sha256"": ""12cf108d325293cbc38571b32fdfabf858a55ac21b98c0fdd5bb90e8e096741e""}"	"{""stable_id"": ""greek-book10-num135"", ""paragraph"": 28, ""xpath"": ""/*/*/*/*[2]/*[2]/*[27]"", ""text_node_path"": ""/TEI[1]/text[1]/body[1]/div1[1]/div2[2]/p[27]/num[6]/tail()"", ""node_offset"": 1, ""unit_offset"": 1487, ""book_offset"": 38729, ""raw_byte"": 80767, ""left"": ""ναι, χρησαμένῳ δὲ τῇ δυνάμει κατὰ τοῦ παρασχόντος: ‘ἀλλὰ μέγας, εἶπεν, ὁ θεός, ὃς μισήσας σου τὸν τρόπον ὑποχείριον ἡμῖν ἔθηκε.’  "", ""right"": ""χρησάμενος δὲ τούτοις πρὸς Σαχχίαν τοῖς λόγοις τοὺς υἱοὺς ἐκέλευσεν ἀνελεῖν καὶ τοὺς φίλους παραχρῆμα αὐτοῦ τε Σαχχίου καὶ τῶν ἄλλων αἰχμαλώτων βλεπόντων, ἔπειτα τοὺς ὀφθαλμοὺς ἐκκόψας τοῦ Σαχχίου δήσας ἤγαγεν εἰς Βαβυλῶνα.  καὶ ταῦτ᾽ αὐτῷ "", ""parsed_unit_sha256"": ""78c6a09d943e8df2cf750a49108b0e82013d49ede76286b5d86b4eee23e7b209"", ""raw_unit_sha256"": ""e1fbfae6ed5ce4cc6792cd1464f9faf250cb63d199676e320a3f697dbaf785af""}"	36786	His igitur uerbis begins execution and blinding after the reproach.	False	True
10	141	INTERNAL-BUT-EXACT	HIGH_INDIVIDUALLY_REVIEWED	PRESENT	PROPOSED_INTERNAL_MILESTONE	haec autem peruenerunt	latin-book10-num135	"{""stable_id"": ""latin-book10-num135"", ""paragraph"": 27, ""xpath"": ""/*/*[2]/*/*[2]/*[8]/*[6]"", ""text_node_path"": ""/TEI[1]/text[1]/body[1]/div1[1]/div2[8]/p[6]/corr[1]/tail()"", ""node_offset"": 260, ""unit_offset"": 1630, ""book_offset"": 36786, ""raw_byte"": 43228, ""left"": "". Ipso scilicet sedechiam et aliis captiuis inspicientibus. Deinde oculos eruens sedechiae eumque uincens perduxit in babyloniam, "", ""right"": ""haec autem peruenerunt quia conprehensus duceretur ad babylonium et loqueretur ei ore suo ut uideret eius secuti hieremias dixit. Caecatus cecatus autem eductus ad babyloniam non uidit sicut ezechiel predixit. Hic igitur quae sufficienter p"", ""parsed_unit_sha256"": ""d50ef963f99aac30c801be4ac51e9e54080ac053e7582c3e2cebf2733c7ab107"", ""raw_unit_sha256"": ""12cf108d325293cbc38571b32fdfabf858a55ac21b98c0fdd5bb90e8e096741e""}"	"{""stable_id"": ""greek-book10-num135"", ""paragraph"": 28, ""xpath"": ""/*/*/*/*[2]/*[2]/*[27]"", ""text_node_path"": ""/TEI[1]/text[1]/body[1]/div1[1]/div2[2]/p[27]/num[7]/tail()"", ""node_offset"": 1, ""unit_offset"": 1712, ""book_offset"": 38954, ""raw_byte"": 81224, ""left"": ""αχρῆμα αὐτοῦ τε Σαχχίου καὶ τῶν ἄλλων αἰχμαλώτων βλεπόντων, ἔπειτα τοὺς ὀφθαλμοὺς ἐκκόψας τοῦ Σαχχίου δήσας ἤγαγεν εἰς Βαβυλῶνα.  "", ""right"": ""καὶ ταῦτ᾽ αὐτῷ συνέβη, ἃ Ἱερεμίας τε καὶ Ἰεζεκίηλος προεφήτευσαν αὐτῷ, ὅτι συλληφθεὶς ἀχθήσεται πρὸς τὸν Βαβυλώνιον καὶ λαλήσει αὐτῷ κατὰ στόμα καὶ ὄψεται τοῖς ὀφθαλμοῖς τοὺς ὀφθαλμοὺς αὐτοῦ. καὶ ταῦτα μὲν Ἱερεμίας εἶπε, τυφλωθεὶς δὲ καὶ ἀχ"", ""parsed_unit_sha256"": ""78c6a09d943e8df2cf750a49108b0e82013d49ede76286b5d86b4eee23e7b209"", ""raw_unit_sha256"": ""e1fbfae6ed5ce4cc6792cd1464f9faf250cb63d199676e320a3f697dbaf785af""}"	36996	haec autem peruenerunt begins prophetic fulfilment after removal to Babylon.	False	True
10	142	EXACT	HIGH	PRESENT	INHERITED_START	Hic igitur quae sufficienter possunt dei manifesta	latin-book10-num142	"{""stable_id"": ""latin-book10-num142"", ""paragraph"": 28, ""xpath"": ""/*/*[2]/*/*[2]/*[8]/*[7]"", ""text_node_path"": ""/TEI[1]/text[1]/body[1]/div1[1]/div2[8]/p[7]/num[1]/tail()"", ""node_offset"": 1, ""unit_offset"": 1, ""book_offset"": 36996, ""raw_byte"": 43518, ""left"": ""i ore suo ut uideret eius secuti hieremias dixit. Caecatus cecatus autem eductus ad babyloniam non uidit sicut ezechiel predixit. "", ""right"": ""Hic igitur quae sufficienter possunt dei manifestare naturam nescientibus explenauimus, quoniam diuersa est atque, multimoda et universa ordine suo conspiciens, et quae congruanti agi praedicens ignorantiam que hominum et infidelitatem reda"", ""parsed_unit_sha256"": ""1748287ebec15db3c6334e10f0f5c444f5f21b22827e1de0dc6c5052827116da"", ""raw_unit_sha256"": ""0cff1f44de251024786e91e206ee07bf809275b708be7de398f9487e4909843b""}"	"{""stable_id"": ""greek-book10-num142"", ""paragraph"": 29, ""xpath"": ""/*/*/*/*[2]/*[2]/*[28]"", ""text_node_path"": ""/TEI[1]/text[1]/body[1]/div1[1]/div2[2]/p[28]/num[1]/tail()"", ""node_offset"": 1, ""unit_offset"": 1, ""book_offset"": 39254, ""raw_byte"": 81908, ""left"": ""τοὺς ὀφθαλμοὺς αὐτοῦ. καὶ ταῦτα μὲν Ἱερεμίας εἶπε, τυφλωθεὶς δὲ καὶ ἀχθεὶς εἰς Βαβυλῶνα ταύτην οὐκ εἶδε καθὼς Ἰεζεκίηλος προεῖπε. "", ""right"": ""Ταῦτα μὲν οὖν ἱκανῶς ἐμφανίσαι δυνάμενα τὴν τοῦ θεοῦ φύσιν τοῖς ἀγνοοῦσιν εἰρήκαμεν, ὅτι ποικίλη τέ ἐστι καὶ πολύτροπος καὶ καθ᾽ ὥραν ἀπαντᾷ τεταγμένως, ἅ τε δεῖ γενέσθαι προλέγει, τήν τε τῶν ἀνθρώπων ἄγνοιαν καὶ ἀπιστίαν, ὑφ᾽ ἧς οὐδὲν προϊ"", ""parsed_unit_sha256"": ""024103b834b1057f41e3f37b38a92ee85c55ef89976bb282264684f6532feaed"", ""raw_unit_sha256"": ""e410639e8831cf312e399e5ff2d438bed5dbb47af1af82d047926856d2f5e18b""}"	37438	Independent printed Greek start and individually read Latin counterpart agree.	False	True
10	143	EXACT	HIGH	PRESENT	INHERITED_START	Igitur qui degenere dauid regnauerunt huius modi c	latin-book10-num143	"{""stable_id"": ""latin-book10-num143"", ""paragraph"": 29, ""xpath"": ""/*/*[2]/*/*[2]/*[8]/*[8]"", ""text_node_path"": ""/TEI[1]/text[1]/body[1]/div1[1]/div2[8]/p[8]/num[1]/tail()"", ""node_offset"": 1, ""unit_offset"": 1, ""book_offset"": 37438, ""raw_byte"": 44026, ""left"": ""ea quae praedicabantur custodire nollent, calamitatibus noscuntur esse contraditi ita ut esset inspossibile ut ab ea declinarent. "", ""right"": ""Igitur qui degenere dauid regnauerunt huius modi conuersationem habere noscuntur. Fuerunt autem uiginti et uno usque ad ultimum regem, regnauerunt que omnes annis non gentis et quattuor decim et mensibus sex diesque decem, ex quibus princip"", ""parsed_unit_sha256"": ""58366cd44d71f7d2099be20bad304170abc648db501cb8778d0f9e29c4f5b8ed"", ""raw_unit_sha256"": ""a0647b5e7b69767c55b493ca63f0c24e5a75a6b08ac51a973679d09e114862d9""}"	"{""stable_id"": ""greek-book10-num143"", ""paragraph"": 30, ""xpath"": ""/*/*/*/*[2]/*[2]/*[29]"", ""text_node_path"": ""/TEI[1]/text[1]/body[1]/div1[1]/div2[2]/p[29]/num[1]/tail()"", ""node_offset"": 1, ""unit_offset"": 1, ""book_offset"": 39623, ""raw_byte"": 82722, ""left"": ""ϊδεῖν εἰάθησαν τῶν ἀποβησομένων, ἀφύλακτοι δὲ ταῖς συμφοραῖς παρεδόθησαν, ὡς ἀμήχανον αὐτοῖς εἶναι τὴν ἐξ αὐτῶν πεῖραν διαφυγεῖν. "", ""right"": ""Οἱ μὲν οὖν ἐκ τοῦ Δαυίδου γένους βασιλεύσαντες οὕτως κατέστρεψαν τὸν βίον, εἴκοσι μὲν καὶ εἷς γενόμενοι μέχρι τοῦ τελευταίου βασιλέως, ἔτη δὲ πάντες βασιλεύσαντες πεντακόσια καὶ δεκατέσσαρα καὶ μῆνας ἓξ καὶ ἡμέρας δέκα, ἐξ ὧν εἴκοσι τὴν ἀρχ"", ""parsed_unit_sha256"": ""578a8a502645813074b9e8d68e86cfd3c1d1f452bef68f3e4f0c481ef62b8eaf"", ""raw_unit_sha256"": ""b1e25d59b21646a6ce1526cb37fffdc414b0bdafa0f245828ede98c1e0ec8713""}"	37756	Independent printed Greek start and individually read Latin counterpart agree.	False	True
10	144	EXACT	HIGH	PRESENT	INHERITED_START	Porro babylonius misit principem militia suae nabu	latin-book10-num144	"{""stable_id"": ""latin-book10-num144"", ""paragraph"": 30, ""xpath"": ""/*/*[2]/*/*[2]/*[8]/*[9]"", ""text_node_path"": ""/TEI[1]/text[1]/body[1]/div1[1]/div2[8]/p[9]/num[1]/tail()"", ""node_offset"": 1, ""unit_offset"": 1, ""book_offset"": 37756, ""raw_byte"": 44409, ""left"": ""cim et mensibus sex diesque decem, ex quibus principatum tenuit primus eorum saul annis uiginti non tamen ex ea tribu consistens. "", ""right"": ""Porro babylonius misit principem militia suae nabuzardan in hierosolima aut expoliaret et templum precipiens ut et illud incenderet et regalia pariter et ciuitatem ad pauimentum usque deponeret et populum in babuloniam migraret. Qui dum uen"", ""parsed_unit_sha256"": ""f3f5386115abd52b448a3b615460253666cc6c3394d8f24de356ddd9744a7204"", ""raw_unit_sha256"": ""2a0f2d757da71aa3269674c3948f2d92ce0f4ee56d5865aaa153517095cf7f3c""}"	"{""stable_id"": ""greek-book10-num144"", ""paragraph"": 31, ""xpath"": ""/*/*/*/*[2]/*[2]/*[30]"", ""text_node_path"": ""/TEI[1]/text[1]/body[1]/div1[1]/div2[2]/p[30]/num[1]/tail()"", ""node_offset"": 1, ""unit_offset"": 1, ""book_offset"": 39939, ""raw_byte"": 83426, ""left"": ""αρα καὶ μῆνας ἓξ καὶ ἡμέρας δέκα, ἐξ ὧν εἴκοσι τὴν ἀρχὴν κατέσχεν ὁ πρῶτος αὐτῶν βασιλεὺς Σαοῦλος οὐκ ἐκ τῆς αὐτῆς φυλῆς ὑπάρχων. "", ""right"": ""Ὁ δὲ Βαβυλώνιος πέμπει τὸν αὑτοῦ στρατηγὸν Ναβουζαρδάνην εἰς Ἱεροσόλυμα συλήσοντα τὸν ναόν, προστάξας ἅμα καὶ καταπρῆσαι αὐτόν τε καὶ τὰ βασίλεια τήν τε πόλιν εἰς ἔδαφος καθελεῖν καὶ τὸν λαὸν εἰς τὴν Βαβυλωνίαν μεταστῆσαι.  ὃς γενόμενος ἐν "", ""parsed_unit_sha256"": ""9ec395a17dfa428308f52e2eb164fc138e0d6aa37f079a6dfaf2ba537866100b"", ""raw_unit_sha256"": ""ca2a4c3e5579abc635ce98e3f3fce9d96607623fd53463a43371b46a70805402""}"	37985	Independent printed Greek start and individually read Latin counterpart agree.	False	True
10	145	INTERNAL-BUT-EXACT	HIGH_INDIVIDUALLY_REVIEWED	PRESENT	PROPOSED_INTERNAL_MILESTONE	Qui dum uenisset ad hierosolimam	latin-book10-num144	"{""stable_id"": ""latin-book10-num144"", ""paragraph"": 30, ""xpath"": ""/*/*[2]/*/*[2]/*[8]/*[9]"", ""text_node_path"": ""/TEI[1]/text[1]/body[1]/div1[1]/div2[8]/p[9]/num[1]/tail()"", ""node_offset"": 230, ""unit_offset"": 230, ""book_offset"": 37985, ""raw_byte"": 44638, ""left"": ""recipiens ut et illud incenderet et regalia pariter et ciuitatem ad pauimentum usque deponeret et populum in babuloniam migraret. "", ""right"": ""Qui dum uenisset ad hierosolimam undecimo annos sedechiae regis et templum subuertit et uasa dei aurea argenteaque tulit, nec non et maximum cantarum quem posuit salomon in super et columnas aereas et capita earum aureasque mensas et candel"", ""parsed_unit_sha256"": ""f3f5386115abd52b448a3b615460253666cc6c3394d8f24de356ddd9744a7204"", ""raw_unit_sha256"": ""2a0f2d757da71aa3269674c3948f2d92ce0f4ee56d5865aaa153517095cf7f3c""}"	"{""stable_id"": ""greek-book10-num144"", ""paragraph"": 31, ""xpath"": ""/*/*/*/*[2]/*[2]/*[30]"", ""text_node_path"": ""/TEI[1]/text[1]/body[1]/div1[1]/div2[2]/p[30]/num[2]/tail()"", ""node_offset"": 1, ""unit_offset"": 225, ""book_offset"": 40163, ""raw_byte"": 83876, ""left"": ""οστάξας ἅμα καὶ καταπρῆσαι αὐτόν τε καὶ τὰ βασίλεια τήν τε πόλιν εἰς ἔδαφος καθελεῖν καὶ τὸν λαὸν εἰς τὴν Βαβυλωνίαν μεταστῆσαι.  "", ""right"": ""ὃς γενόμενος ἐν τοῖς Ἱεροσολύμοις ἑνδεκάτῳ ἔτει τῆς Σαχχίου βασιλείας συλᾷ τε τὸν ναὸν καὶ βαστάζει τὰ σκεύη τοῦ θεοῦ χρυσᾶ τε καὶ ἀργυρᾶ καὶ δὴ καὶ τὸν μέγαν λουτῆρα, ὃν Σολόμων ἀνέθηκεν, ἔτι γε μὴν τοὺς στύλους τοὺς χαλκοῦς καὶ τὰς κεφαλὰ"", ""parsed_unit_sha256"": ""9ec395a17dfa428308f52e2eb164fc138e0d6aa37f079a6dfaf2ba537866100b"", ""raw_unit_sha256"": ""ca2a4c3e5579abc635ce98e3f3fce9d96607623fd53463a43371b46a70805402""}"	38230	Qui dum uenisset begins the general's arrival and temple plunder after his commission.	False	True
10	146	INTERNAL-BUT-EXACT	HIGH_INDIVIDUALLY_REVIEWED	PRESENT	PROPOSED_INTERNAL_MILESTONE	et haec auferens	latin-book10-num144	"{""stable_id"": ""latin-book10-num144"", ""paragraph"": 30, ""xpath"": ""/*/*[2]/*/*[2]/*[8]/*[9]"", ""text_node_path"": ""/TEI[1]/text[1]/body[1]/div1[1]/div2[8]/p[9]/num[1]/tail()"", ""node_offset"": 475, ""unit_offset"": 475, ""book_offset"": 38230, ""raw_byte"": 44883, ""left"": ""tulit, nec non et maximum cantarum quem posuit salomon in super et columnas aereas et capita earum aureasque mensas et candelabra "", ""right"": ""et haec auferens templum quoque succendit, mense quinto initio mensis anno undecimo sedechiae regis octauo decimo autem nabucodonosor. Succendit autem et regalia ciuitatemque destruxit. Et templum ita concrematum est post trecentos et suptu"", ""parsed_unit_sha256"": ""f3f5386115abd52b448a3b615460253666cc6c3394d8f24de356ddd9744a7204"", ""raw_unit_sha256"": ""2a0f2d757da71aa3269674c3948f2d92ce0f4ee56d5865aaa153517095cf7f3c""}"	"{""stable_id"": ""greek-book10-num144"", ""paragraph"": 31, ""xpath"": ""/*/*/*/*[2]/*[2]/*[30]"", ""text_node_path"": ""/TEI[1]/text[1]/body[1]/div1[1]/div2[2]/p[30]/num[3]/tail()"", ""node_offset"": 1, ""unit_offset"": 514, ""book_offset"": 40452, ""raw_byte"": 84454, ""left"": ""λουτῆρα, ὃν Σολόμων ἀνέθηκεν, ἔτι γε μὴν τοὺς στύλους τοὺς χαλκοῦς καὶ τὰς κεφαλὰς αὐτῶν τάς τε χρυσᾶς τραπέζας καὶ τὰς λυχνίας.  "", ""right"": ""βαστάσας δὴ ταῦτα ἀνῆψε τὸν ναὸν μηνὶ πέμπτῳ τῇ νουμηνίᾳ ἑνδεκάτῳ ἔτει τῆς Σαχχίου βασιλείας, ὀκτωκαιδεκάτῳ δὲ τῆς Ναβουχοδονοσόρου: ἐνέπρησε δὲ καὶ τὰ βασίλεια καὶ τὴν πόλιν κατέστρεψεν.  ἐνεπρήσθη δὲ ὁ ναὸς μετὰ τετρακόσια ἔτη καὶ ἑβδομήκ"", ""parsed_unit_sha256"": ""9ec395a17dfa428308f52e2eb164fc138e0d6aa37f079a6dfaf2ba537866100b"", ""raw_unit_sha256"": ""ca2a4c3e5579abc635ce98e3f3fce9d96607623fd53463a43371b46a70805402""}"	38416	et haec auferens begins burning after the plunder list.	False	True
10	147	INTERNAL-BUT-EXACT	HIGH_INDIVIDUALLY_REVIEWED	PRESENT	PROPOSED_INTERNAL_MILESTONE	Et templum ita	latin-book10-num144	"{""stable_id"": ""latin-book10-num144"", ""paragraph"": 30, ""xpath"": ""/*/*[2]/*/*[2]/*[8]/*[9]"", ""text_node_path"": ""/TEI[1]/text[1]/body[1]/div1[1]/div2[8]/p[9]/cb[1]/tail()"", ""node_offset"": 60, ""unit_offset"": 661, ""book_offset"": 38416, ""raw_byte"": 45082, ""left"": ""initio mensis anno undecimo sedechiae regis octauo decimo autem nabucodonosor. Succendit autem et regalia ciuitatemque destruxit. "", ""right"": ""Et templum ita concrematum est post trecentos et suptuaginta annos et menses sex diesque decem, exquo eum constat aedificatum, ab egressu autem populi tunc erant anni mille sexaginta duo menses diesque decem. A diluuio uero usque ad uastati"", ""parsed_unit_sha256"": ""f3f5386115abd52b448a3b615460253666cc6c3394d8f24de356ddd9744a7204"", ""raw_unit_sha256"": ""2a0f2d757da71aa3269674c3948f2d92ce0f4ee56d5865aaa153517095cf7f3c""}"	"{""stable_id"": ""greek-book10-num144"", ""paragraph"": 31, ""xpath"": ""/*/*/*/*[2]/*[2]/*[30]"", ""text_node_path"": ""/TEI[1]/text[1]/body[1]/div1[1]/div2[2]/p[30]/num[4]/tail()"", ""node_offset"": 1, ""unit_offset"": 703, ""book_offset"": 40641, ""raw_byte"": 84840, ""left"": ""δεκάτῳ ἔτει τῆς Σαχχίου βασιλείας, ὀκτωκαιδεκάτῳ δὲ τῆς Ναβουχοδονοσόρου: ἐνέπρησε δὲ καὶ τὰ βασίλεια καὶ τὴν πόλιν κατέστρεψεν.  "", ""right"": ""ἐνεπρήσθη δὲ ὁ ναὸς μετὰ τετρακόσια ἔτη καὶ ἑβδομήκοντα καὶ μῆνας ἓξ καὶ δέκα ἡμέρας, ἀφ᾽ οὗ κατεσκευάσθη: τῇ δ᾽ ἐξ Αἰγύπτου μεταναστάσει τοῦ λαοῦ τότε ἦν ἔτη χίλια ἑξηκονταδύο μῆνες ἓξ ἡμέραι δέκα: τῷ δὲ κατακλυσμῷ μέχρι τῆς τοῦ ναοῦ πορθή"", ""parsed_unit_sha256"": ""9ec395a17dfa428308f52e2eb164fc138e0d6aa37f079a6dfaf2ba537866100b"", ""raw_unit_sha256"": ""ca2a4c3e5579abc635ce98e3f3fce9d96607623fd53463a43371b46a70805402""}"	38759	Et templum ita concrematum begins chronological reckoning after destruction; differing year totals remain untouched.	False	True
10	148	INTERNAL-BUT-EXACT	HIGH_INDIVIDUALLY_REVIEWED	PRESENT	PROPOSED_INTERNAL_MILESTONE	Ex quo uero factus	latin-book10-num144	"{""stable_id"": ""latin-book10-num144"", ""paragraph"": 30, ""xpath"": ""/*/*[2]/*/*[2]/*[8]/*[9]"", ""text_node_path"": ""/TEI[1]/text[1]/body[1]/div1[1]/div2[8]/p[9]/cb[1]/tail()"", ""node_offset"": 403, ""unit_offset"": 1004, ""book_offset"": 38759, ""raw_byte"": 45425, ""left"": ""luuio uero usque ad uastationem templi omne tempus fuit annorum mille non gentorum quinquaginta septem, mensium sex dierum decem. "", ""right"": ""Ex quo uero factus est adam usque ad ea quae praeuenerunt templo anni sunt tria milia quingenti tredecim menses sex dies decem. Tantus ergo numerus annorum, quae cumque uero gesta sunt singula ut praeuenire manifestauimus. Princeps itaque r"", ""parsed_unit_sha256"": ""f3f5386115abd52b448a3b615460253666cc6c3394d8f24de356ddd9744a7204"", ""raw_unit_sha256"": ""2a0f2d757da71aa3269674c3948f2d92ce0f4ee56d5865aaa153517095cf7f3c""}"	"{""stable_id"": ""greek-book10-num144"", ""paragraph"": 31, ""xpath"": ""/*/*/*/*[2]/*[2]/*[30]"", ""text_node_path"": ""/TEI[1]/text[1]/body[1]/div1[1]/div2[2]/p[30]/num[5]/tail()"", ""node_offset"": 1, ""unit_offset"": 1024, ""book_offset"": 40962, ""raw_byte"": 85484, ""left"": ""ι δέκα: τῷ δὲ κατακλυσμῷ μέχρι τῆς τοῦ ναοῦ πορθήσεως χρόνος ἦν ὁ πᾶς ἐτῶν χιλίων ἐνακοσίων πεντηκονταεπτὰ μηνῶν ἓξ ἡμερῶν δέκα:  "", ""right"": ""ἐξ οὗ δ᾽ ἐγεννήθη ὁ Ἄδαμος μέχρι τῶν περὶ τὸν ναὸν συμβάντων ἔτη ἐστὶ τετρακισχίλια πεντακόσια δεκατρία μῆνες ἓξ ἡμέραι δέκα. τοσοῦτον μὲν οὖν τὸ τούτων τῶν ἐτῶν πλῆθος: ὅσα γε μὴν ἐπράχθη καθ᾽ ἕκαστον τῶν συμβεβηκότων δεδηλώκαμεν.  ὁ δὲ στ"", ""parsed_unit_sha256"": ""9ec395a17dfa428308f52e2eb164fc138e0d6aa37f079a6dfaf2ba537866100b"", ""raw_unit_sha256"": ""ca2a4c3e5579abc635ce98e3f3fce9d96607623fd53463a43371b46a70805402""}"	38982	Ex quo uero factus est adam begins the Adam-to-temple interval after the previous chronological total.	False	True
10	149	INTERNAL-BUT-EXACT	HIGH_INDIVIDUALLY_REVIEWED	PRESENT	PROPOSED_INTERNAL_MILESTONE	Princeps itaque regis	latin-book10-num144	"{""stable_id"": ""latin-book10-num144"", ""paragraph"": 30, ""xpath"": ""/*/*[2]/*/*[2]/*[8]/*[9]"", ""text_node_path"": ""/TEI[1]/text[1]/body[1]/div1[1]/div2[8]/p[9]/cb[1]/tail()"", ""node_offset"": 626, ""unit_offset"": 1227, ""book_offset"": 38982, ""raw_byte"": 45648, ""left"": ""ti tredecim menses sex dies decem. Tantus ergo numerus annorum, quae cumque uero gesta sunt singula ut praeuenire manifestauimus. "", ""right"": ""Princeps itaque regis babylonis post quam hi rosolimam subuertit templum sumens captiuos migrauit eos et ponitificem et zardan et sacerdotem iosaddach secundarium et custodes templi tres, et eunuchum quierat super armatos et amicos sedechia"", ""parsed_unit_sha256"": ""f3f5386115abd52b448a3b615460253666cc6c3394d8f24de356ddd9744a7204"", ""raw_unit_sha256"": ""2a0f2d757da71aa3269674c3948f2d92ce0f4ee56d5865aaa153517095cf7f3c""}"	"{""stable_id"": ""greek-book10-num144"", ""paragraph"": 31, ""xpath"": ""/*/*/*/*[2]/*[2]/*[30]"", ""text_node_path"": ""/TEI[1]/text[1]/body[1]/div1[1]/div2[2]/p[30]/num[6]/tail()"", ""node_offset"": 1, ""unit_offset"": 1257, ""book_offset"": 41195, ""raw_byte"": 85954, ""left"": "" μῆνες ἓξ ἡμέραι δέκα. τοσοῦτον μὲν οὖν τὸ τούτων τῶν ἐτῶν πλῆθος: ὅσα γε μὴν ἐπράχθη καθ᾽ ἕκαστον τῶν συμβεβηκότων δεδηλώκαμεν.  "", ""right"": ""ὁ δὲ στρατηγὸς τοῦ Βαβυλωνίων βασιλέως κατασκάψας τὰ Ἱεροσόλυμα καὶ τὸν λαὸν μεταναστήσας ἔλαβεν αἰχμαλώτους τὸν ἀρχιερέα Σεβαῖον καὶ τὸν μετ᾽ αὐτὸν ἱερέα Σεφενίαν καὶ τοὺς φυλάσσοντας τὸ ἱερὸν ἡγεμόνας, τρεῖς δὲ ἦσαν οὗτοι, καὶ τὸν ἐπὶ τῶν"", ""parsed_unit_sha256"": ""9ec395a17dfa428308f52e2eb164fc138e0d6aa37f079a6dfaf2ba537866100b"", ""raw_unit_sha256"": ""ca2a4c3e5579abc635ce98e3f3fce9d96607623fd53463a43371b46a70805402""}"	39385	Princeps itaque regis begins the capture of priests/officials after the chronological close; ends before elected 150 despite the inherited num151 label.	False	True
10	150	INTERNAL-BUT-EXACT	EDITORIALLY_ADJUDICATED_WITH_RECORDED_LIMITS	PRESENT_WITH_RECORDED_ALIGNMENT_LIMITS	PROPOSED_INTERNAL_MILESTONE	Rex autem pontifices	latin-book10-num151	"{""stable_id"": ""latin-book10-num151"", ""paragraph"": 31, ""xpath"": ""/*/*[2]/*/*[2]/*[8]/*[10]"", ""text_node_path"": ""/TEI[1]/text[1]/body[1]/div1[1]/div2[8]/p[10]/num[1]/tail()"", ""node_offset"": 1, ""unit_offset"": 1, ""book_offset"": 39385, ""raw_byte"": 46130, ""left"": "" principes saxaginta sexaginta quos omnes cum uasis quae depredatus est deduxit ad regem in arabatha prouintiae syriae ciuitatem. "", ""right"": ""Rex autem pontifices quidem et principum ubi capita iussit abscidi. Ipse uero omnes captiuos et sedechiam deduxit in babyloniam. Uinctum uero circum egit et iosadach pontifices filium sareae pontificis quaem occidit babylonius in arabatha s"", ""parsed_unit_sha256"": ""d364758353011bf89e119f0b1c85c65218b4f20556559fac3fa1c12efb449ad0"", ""raw_unit_sha256"": ""8bd496a0290a0c4d430771c445a0faef0b6d7c063fc7a79f654ec9dacb5a07a4""}"	"{""stable_id"": ""greek-book10-num144"", ""paragraph"": 31, ""xpath"": ""/*/*/*/*[2]/*[2]/*[30]"", ""text_node_path"": ""/TEI[1]/text[1]/body[1]/div1[1]/div2[2]/p[30]/num[7]/tail()"", ""node_offset"": 1, ""unit_offset"": 1694, ""book_offset"": 41632, ""raw_byte"": 86833, ""left"": ""α αὐτοῦ καὶ ἄλλους ἡγεμόνας ἑξήκοντα, οὓς ἅπαντας μεθ᾽ ὧν ἐσύλησε σκευῶν ἐκόμισε πρὸς τὸν βασιλέα εἰς Σαλάβαθα πόλιν τῆς Συρίας.  "", ""right"": ""ὁ δὲ βασιλεὺς τοῦ μὲν ἀρχιερέως καὶ τῶν ἡγεμόνων ἐκέλευσεν ἐκεῖ τὰς κεφαλὰς ἀποτεμεῖν, αὐτὸς δὲ πάντας τοὺς αἰχμαλώτους καὶ τὸν Σαχχίαν εἰς Βαβυλῶνα δέσμιον ἐπήγετο καὶ Ἰωσάδακον τὸν ἀρχιερέα ὄντα υἱὸν Σαραία τοῦ ἀρχιερέως, ὃν ἀπέκτεινεν ὁ "", ""parsed_unit_sha256"": ""9ec395a17dfa428308f52e2eb164fc138e0d6aa37f079a6dfaf2ba537866100b"", ""raw_unit_sha256"": ""ca2a4c3e5579abc635ce98e3f3fce9d96607623fd53463a43371b46a70805402""}"	39673	Executable 150 starts Rex autem pontifices in paragraph num151. Preserve its visible inherited 151 label and prevent it asserting a false executable 151 at this location.	False	True
10	151	INTERNAL-BUT-EXACT	EDITORIALLY_ADJUDICATED_WITH_RECORDED_LIMITS	PRESENT_WITH_RECORDED_ALIGNMENT_LIMITS	PROPOSED_INTERNAL_MILESTONE	Igitur quia genus explanauimus	latin-book10-num151	"{""stable_id"": ""latin-book10-num151"", ""paragraph"": 31, ""xpath"": ""/*/*[2]/*/*[2]/*[8]/*[10]"", ""text_node_path"": ""/TEI[1]/text[1]/body[1]/div1[1]/div2[8]/p[10]/num[1]/tail()"", ""node_offset"": 289, ""unit_offset"": 289, ""book_offset"": 39673, ""raw_byte"": 46418, ""left"": ""osadach pontifices filium sareae pontificis quaem occidit babylonius in arabatha syriae ciuitatem sicut dudum iam designatum est. "", ""right"": ""Igitur quia genus explanauimus, et qui fuerunt et eorum tempora cuncta narrauimus. Necessarium uidi caui etiam nomina reserare pontificum qui pontificatum regum temporibus habuerunt. Primus siquidem sadoch pontifex templi quod salomon eadif"", ""parsed_unit_sha256"": ""d364758353011bf89e119f0b1c85c65218b4f20556559fac3fa1c12efb449ad0"", ""raw_unit_sha256"": ""8bd496a0290a0c4d430771c445a0faef0b6d7c063fc7a79f654ec9dacb5a07a4""}"	"{""stable_id"": ""greek-book10-num151"", ""paragraph"": 32, ""xpath"": ""/*/*/*/*[2]/*[2]/*[31]"", ""text_node_path"": ""/TEI[1]/text[1]/body[1]/div1[1]/div2[2]/p[31]/num[1]/tail()"", ""node_offset"": 1, ""unit_offset"": 1, ""book_offset"": 41944, ""raw_byte"": 87538, ""left"": "" ἀρχιερέα ὄντα υἱὸν Σαραία τοῦ ἀρχιερέως, ὃν ἀπέκτεινεν ὁ Βαβυλώνιος ἐν Ἀριβαθᾶ πόλει τῆς Συρίας, ὡς καὶ πρότερον ἡμῖν δεδήλωται. "", ""right"": ""Ἐπεὶ δὲ τὸ γένος διεξήλθομεν τὸ τῶν βασιλέων καὶ τίνες ἦσαν δεδηλώκαμεν καὶ τοὺς χρόνους αὐτῶν, ἀναγκαῖον ἡγησάμην καὶ τῶν ἀρχιερέων εἰπεῖν τὰ ὀνόματα καὶ τίνες ἦσαν οἱ τὴν ἀρχιερωσύνην καταδείξαντες ἐπὶ τοῖς βασιλεῦσι.  πρῶτος μὲν οὖν Σάδω"", ""parsed_unit_sha256"": ""7c024671e341aba8ee2730fadee9b6316dd84ffa1bf9da0b0c938a596bf27968"", ""raw_unit_sha256"": ""bd640905a8cad35d13c82b748d2499514d9792c55f85d1137eae774dd7e0fb0f""}"	39856	Executable 151 begins internally at Igitur quia genus explanauimus, independently of the visible inherited 151 label before 150.	False	True
10	152	INTERNAL-BUT-EXACT	HIGH_INDIVIDUALLY_REVIEWED	PRESENT	PROPOSED_INTERNAL_MILESTONE	Primus siquidem sadoch	latin-book10-num151	"{""stable_id"": ""latin-book10-num151"", ""paragraph"": 31, ""xpath"": ""/*/*[2]/*/*[2]/*[8]/*[10]"", ""text_node_path"": ""/TEI[1]/text[1]/body[1]/div1[1]/div2[8]/p[10]/num[1]/tail()"", ""node_offset"": 472, ""unit_offset"": 472, ""book_offset"": 39856, ""raw_byte"": 46601, ""left"": ""um tempora cuncta narrauimus. Necessarium uidi caui etiam nomina reserare pontificum qui pontificatum regum temporibus habuerunt. "", ""right"": ""Primus siquidem sadoch pontifex templi quod salomon eadificauit. Post eum uero filius achimaas in eius honore successit. Post achimam zacharias. Post autem ioram, et post eum axioramus. Deinde fide as post fideam uero sudeas. Post hunc uero"", ""parsed_unit_sha256"": ""d364758353011bf89e119f0b1c85c65218b4f20556559fac3fa1c12efb449ad0"", ""raw_unit_sha256"": ""8bd496a0290a0c4d430771c445a0faef0b6d7c063fc7a79f654ec9dacb5a07a4""}"	"{""stable_id"": ""greek-book10-num151"", ""paragraph"": 32, ""xpath"": ""/*/*/*/*[2]/*[2]/*[31]"", ""text_node_path"": ""/TEI[1]/text[1]/body[1]/div1[1]/div2[2]/p[31]/num[2]/tail()"", ""node_offset"": 1, ""unit_offset"": 222, ""book_offset"": 42165, ""raw_byte"": 87990, ""left"": ""τῶν, ἀναγκαῖον ἡγησάμην καὶ τῶν ἀρχιερέων εἰπεῖν τὰ ὀνόματα καὶ τίνες ἦσαν οἱ τὴν ἀρχιερωσύνην καταδείξαντες ἐπὶ τοῖς βασιλεῦσι.  "", ""right"": ""πρῶτος μὲν οὖν Σάδωκος ἀρχιερεὺς ἐγένετο τοῦ ναοῦ, ὃν Σολόμων ᾠκοδόμησε: μετ᾽ αὐτὸν δ᾽ ὁ υἱὸς Ἀχιμᾶς διαδέχεται τὴν τιμὴν καὶ μετὰ Ἀχιμᾶν Ἀζαρίας, τούτου δὲ Ἰώραμος, τοῦ δὲ Ἰωράμου Ἴως, μετ᾽ αὐτὸν δὲ Ἀξιώραμος,  τοῦ δὲ Ἀξιωράμου Φιδέας, τοῦ"", ""parsed_unit_sha256"": ""7c024671e341aba8ee2730fadee9b6316dd84ffa1bf9da0b0c938a596bf27968"", ""raw_unit_sha256"": ""bd640905a8cad35d13c82b748d2499514d9792c55f85d1137eae774dd7e0fb0f""}"	40042	Primus siquidem sadoch begins the priest list after the elected genealogical introduction at 151.	False	True
10	153	INTERNAL-BUT-EXACT	HIGH_INDIVIDUALLY_REVIEWED	PRESENT	PROPOSED_INTERNAL_MILESTONE	Deinde fide as	latin-book10-num151	"{""stable_id"": ""latin-book10-num151"", ""paragraph"": 31, ""xpath"": ""/*/*[2]/*/*[2]/*[8]/*[10]"", ""text_node_path"": ""/TEI[1]/text[1]/body[1]/div1[1]/div2[8]/p[10]/num[1]/tail()"", ""node_offset"": 658, ""unit_offset"": 658, ""book_offset"": 40042, ""raw_byte"": 46787, ""left"": ""ficauit. Post eum uero filius achimaas in eius honore successit. Post achimam zacharias. Post autem ioram, et post eum axioramus. "", ""right"": ""Deinde fide as post fideam uero sudeas. Post hunc uero hilus. Hilo uero successit iothan. Cui rursus urias, uriae uero nerias. Post neriam uero odeas fuit. Post hunc uero sallom einde deinde elchias. Post hunc zaroch. Post hunc fuit iosadac"", ""parsed_unit_sha256"": ""d364758353011bf89e119f0b1c85c65218b4f20556559fac3fa1c12efb449ad0"", ""raw_unit_sha256"": ""8bd496a0290a0c4d430771c445a0faef0b6d7c063fc7a79f654ec9dacb5a07a4""}"	"{""stable_id"": ""greek-book10-num151"", ""paragraph"": 32, ""xpath"": ""/*/*/*/*[2]/*[2]/*[31]"", ""text_node_path"": ""/TEI[1]/text[1]/body[1]/div1[1]/div2[2]/p[31]/num[3]/tail()"", ""node_offset"": 1, ""unit_offset"": 434, ""book_offset"": 42377, ""raw_byte"": 88425, ""left"": ""ν δ᾽ ὁ υἱὸς Ἀχιμᾶς διαδέχεται τὴν τιμὴν καὶ μετὰ Ἀχιμᾶν Ἀζαρίας, τούτου δὲ Ἰώραμος, τοῦ δὲ Ἰωράμου Ἴως, μετ᾽ αὐτὸν δὲ Ἀξιώραμος,  "", ""right"": ""τοῦ δὲ Ἀξιωράμου Φιδέας, τοῦ δὲ Φιδέα Σουδαίας, τοῦ δὲ Σουδαία Ἰουῆλος, τοῦ δὲ Ἰώθαμος, Ἰωθάμου δὲ Οὐρίας, Οὐρία δὲ Νηρίας, Νηρία δὲ Ὠδαίας, τοῦ δὲ Σαλοῦμος, Σαλούμου δὲ Ἐλκίας, Ἐλκία δ᾽ Ἄζαρος, τοῦ δὲ Ἰωσάδακος ὁ αἰχμαλωτισθεὶς εἰς Βαβυλῶν"", ""parsed_unit_sha256"": ""7c024671e341aba8ee2730fadee9b6316dd84ffa1bf9da0b0c938a596bf27968"", ""raw_unit_sha256"": ""bd640905a8cad35d13c82b748d2499514d9792c55f85d1137eae774dd7e0fb0f""}"	40405	Deinde fide as begins the next priest after Axioramus; preserves the name's transmitted division.	False	True
10	154	EXACT	HIGH	PRESENT	INHERITED_START	Ueniens autem in babyloniam rex sedechiam quidem h	latin-book10-num154	"{""stable_id"": ""latin-book10-num154"", ""paragraph"": 32, ""xpath"": ""/*/*[2]/*/*[2]/*[8]/*[11]"", ""text_node_path"": ""/TEI[1]/text[1]/body[1]/div1[1]/div2[8]/p[11]/num[1]/tail()"", ""node_offset"": 1, ""unit_offset"": 1, ""book_offset"": 40405, ""raw_byte"": 47308, ""left"": ""iosadach qui captiuus in babylo loniamniam ductus est. Isti siquidem omnes in pontificatum filios patri per ordinem successerunt. "", ""right"": ""Ueniens autem in babyloniam rex sedechiam quidem habuit donet aduixit in carcerem quem dum regu..riter sepe.lisset uasa quae in hierosolimorum templo fuerat depraedatus diis dicauit suis et populum in babyloniorum regionem constituit, ponti"", ""parsed_unit_sha256"": ""9f8f22a705ead412d4d83e0d73b24db62dd26ea777d8e3b2237cee5f7eabafc5"", ""raw_unit_sha256"": ""f00f050f630f5c8e72d008393b096d4c06fb929c8d1dbe9340a116711bae93ee""}"	"{""stable_id"": ""greek-book10-num154"", ""paragraph"": 33, ""xpath"": ""/*/*/*/*[2]/*[2]/*[32]"", ""text_node_path"": ""/TEI[1]/text[1]/body[1]/div1[1]/div2[2]/p[32]/num[1]/tail()"", ""node_offset"": 1, ""unit_offset"": 1, ""book_offset"": 42679, ""raw_byte"": 89098, ""left"": ""κίας, Ἐλκία δ᾽ Ἄζαρος, τοῦ δὲ Ἰωσάδακος ὁ αἰχμαλωτισθεὶς εἰς Βαβυλῶνα. οὗτοι πάντες παῖς παρὰ πατρὸς διεδέξαντο τὴν ἀρχιερωσύνην. "", ""right"": ""Παραγενόμενος δ᾽ εἰς Βαβυλῶνα ὁ βασιλεὺς Σαχχίαν μὲν εἶχεν ἄχρις οὗ καὶ ἐτελεύτησεν ἐν εἱρκτῇ, θάψας δ᾽ αὐτὸν βασιλικῶς τὰ σκεύη τὰ ἐκ τοῦ Ἱεροσολύμων συληθέντα ναοῦ ἀνέθηκε τοῖς ἰδίοις θεοῖς, τὸν δὲ λαὸν κατῴκισεν ἐν τῇ Βαβυλωνίτιδι χώρᾳ, "", ""parsed_unit_sha256"": ""9d4adea9e191cf18048ec57ff80b59804cc04cbc9dbaedac658395b2817fc4a5"", ""raw_unit_sha256"": ""6d67bda10186d2daa27f47d29431804aa2e2152e48e1740b7aefd90e09b54f45""}"	40675	Independent printed Greek start and individually read Latin counterpart agree.	False	True
10	155	EXACT	HIGH	PRESENT	INHERITED_START	Princeps itaque militiae nabuza ranis dum captiuas	latin-book10-num155	"{""stable_id"": ""latin-book10-num155"", ""paragraph"": 33, ""xpath"": ""/*/*[2]/*/*[2]/*[9]/*[1]"", ""text_node_path"": ""/TEI[1]/text[1]/body[1]/div1[1]/div2[9]/p[1]/num[1]/tail()"", ""node_offset"": 1, ""unit_offset"": 1, ""book_offset"": 40675, ""raw_byte"": 47818, ""left"": ""um templo fuerat depraedatus diis dicauit suis et populum in babyloniorum regionem constituit, pontificem uero soluit a uinculis. "", ""right"": ""Princeps itaque militiae nabuza ranis dum captiuas et populum hebraeorum et pauperes et eos qui se tradiderunt de relinquit. Constituens eis principem nomine godoliam filium icam de nobilibus natum mansuetum et iustum. iussit que utopus in "", ""parsed_unit_sha256"": ""63b2399956b7fd7dbf6f1709b16d93da3322b9f12926d473707ade8c6bc6e0b5"", ""raw_unit_sha256"": ""b10c1d71c371b1b61d1975b2074fc6b9d9db65014889c4d85119d9604b85e049""}"	"{""stable_id"": ""greek-book10-num155"", ""paragraph"": 34, ""xpath"": ""/*/*/*/*[2]/*[2]/*[33]"", ""text_node_path"": ""/TEI[1]/text[1]/body[1]/div1[1]/div2[2]/p[33]/num[1]/tail()"", ""node_offset"": 1, ""unit_offset"": 1, ""book_offset"": 42955, ""raw_byte"": 89730, ""left"": ""ύμων συληθέντα ναοῦ ἀνέθηκε τοῖς ἰδίοις θεοῖς, τὸν δὲ λαὸν κατῴκισεν ἐν τῇ Βαβυλωνίτιδι χώρᾳ, τὸν δὲ ἀρχιερέα ἀπέλυσε τῶν δεσμῶν. "", ""right"": ""Ὁ δὲ στρατηγὸς Ναβουζαρδάνης αἰχμαλωτίσας τὸν τῶν Ἑβραίων λαὸν τοὺς πένητας καὶ αὐτομόλους ἐκεῖ κατέλιπεν ἀποδείξας αὐτῶν ἡγεμόνα Γαδαλίαν ὄνομ᾽ Ἀϊκάμου παῖδα τῶν εὖ γεγονότων ἐπιεικῆ καὶ δίκαιον, ἐπέταξε δ᾽ αὐτοῖς τὴν χώραν ἐργαζομένοις τῷ"", ""parsed_unit_sha256"": ""d608f1de7426b4a6a816841a7c1734ce1f4e8f16e02251cce8a918f353cf751e"", ""raw_unit_sha256"": ""a871139257a048e2937f534776efe5b75a7d9cbbcfbfa3aca206390cca422f6d""}"	40978	Independent printed Greek start and individually read Latin counterpart agree.	False	True
10	156	INTERNAL-BUT-EXACT	HIGH_INDIVIDUALLY_REVIEWED	PRESENT	PROPOSED_INTERNAL_MILESTONE	Hieremiam uero prophetam	latin-book10-num155	"{""stable_id"": ""latin-book10-num155"", ""paragraph"": 33, ""xpath"": ""/*/*[2]/*/*[2]/*[9]/*[1]"", ""text_node_path"": ""/TEI[1]/text[1]/body[1]/div1[1]/div2[9]/p[1]/num[1]/tail()"", ""node_offset"": 304, ""unit_offset"": 304, ""book_offset"": 40978, ""raw_byte"": 48121, ""left"": "" icam de nobilibus natum mansuetum et iustum. iussit que utopus in terra prouintiae facientes regi definita tributa persoluerent. "", ""right"": ""Hieremiam uero prophetam soluit de carcere, eique suadit ut ad babyloniam cum eo ueniret. Fuerant enim hoc ei a rege iussum ut illi per omnia placida ministraret. Quisi nollet hoc facere ut indicaret ubi manere uellet quatenus hoc regi sign"", ""parsed_unit_sha256"": ""63b2399956b7fd7dbf6f1709b16d93da3322b9f12926d473707ade8c6bc6e0b5"", ""raw_unit_sha256"": ""b10c1d71c371b1b61d1975b2074fc6b9d9db65014889c4d85119d9604b85e049""}"	"{""stable_id"": ""greek-book10-num155"", ""paragraph"": 34, ""xpath"": ""/*/*/*/*[2]/*[2]/*[33]"", ""text_node_path"": ""/TEI[1]/text[1]/body[1]/div1[1]/div2[2]/p[33]/num[2]/tail()"", ""node_offset"": 1, ""unit_offset"": 275, ""book_offset"": 43229, ""raw_byte"": 90288, ""left"": "" Ἀϊκάμου παῖδα τῶν εὖ γεγονότων ἐπιεικῆ καὶ δίκαιον, ἐπέταξε δ᾽ αὐτοῖς τὴν χώραν ἐργαζομένοις τῷ βασιλεῖ τελεῖν φόρον ὡρισμένον.  "", ""right"": ""Ἱερεμίαν δὲ τὸν προφήτην λαβὼν ἐκ τῆς εἱρκτῆς ἔπειθεν εἰς Βαβυλῶνα σὺν αὐτῷ παραγενέσθαι: κεκελεῦσθαι γὰρ ὑπὸ τοῦ βασιλέως πάντ᾽ αὐτῷ χορηγεῖν: εἰ δὲ τοῦτο μὴ βούλεται, δηλοῦν αὐτῷ ποῦ μένειν διέγνωκεν, ἵνα τοῦτο ἐπισταλῇ τῷ βασιλεῖ.  ὁ δὲ "", ""parsed_unit_sha256"": ""d608f1de7426b4a6a816841a7c1734ce1f4e8f16e02251cce8a918f353cf751e"", ""raw_unit_sha256"": ""a871139257a048e2937f534776efe5b75a7d9cbbcfbfa3aca206390cca422f6d""}"	41228	Hieremiam uero prophetam begins release and the invitation to Babylon after the tribute instructions.	False	True
10	157	INTERNAL-BUT-EXACT	HIGH_INDIVIDUALLY_REVIEWED	PRESENT	PROPOSED_INTERNAL_MILESTONE	Propheta uero nec	latin-book10-num155	"{""stable_id"": ""latin-book10-num155"", ""paragraph"": 33, ""xpath"": ""/*/*[2]/*/*[2]/*[9]/*[1]"", ""text_node_path"": ""/TEI[1]/text[1]/body[1]/div1[1]/div2[9]/p[1]/note[1]/tail()"", ""node_offset"": 194, ""unit_offset"": 554, ""book_offset"": 41228, ""raw_byte"": 48449, ""left"": ""sum ut illi per omnia placida ministraret. Quisi nollet hoc facere ut indicaret ubi manere uellet quatenus hoc regi significaret. "", ""right"": ""Propheta uero nec sequi noluit nec alibi commorari, sed libenter habere dixit et deserta patriae et miserrimis habitare reliquiis. Cognoscens autem eius uoluntatem militiae princeps godoliae quem constituerat in hierosolimorum urbem precepi"", ""parsed_unit_sha256"": ""63b2399956b7fd7dbf6f1709b16d93da3322b9f12926d473707ade8c6bc6e0b5"", ""raw_unit_sha256"": ""b10c1d71c371b1b61d1975b2074fc6b9d9db65014889c4d85119d9604b85e049""}"	"{""stable_id"": ""greek-book10-num155"", ""paragraph"": 34, ""xpath"": ""/*/*/*/*[2]/*[2]/*[33]"", ""text_node_path"": ""/TEI[1]/text[1]/body[1]/div1[1]/div2[2]/p[33]/num[3]/tail()"", ""node_offset"": 1, ""unit_offset"": 510, ""book_offset"": 43464, ""raw_byte"": 90768, ""left"": "" ὑπὸ τοῦ βασιλέως πάντ᾽ αὐτῷ χορηγεῖν: εἰ δὲ τοῦτο μὴ βούλεται, δηλοῦν αὐτῷ ποῦ μένειν διέγνωκεν, ἵνα τοῦτο ἐπισταλῇ τῷ βασιλεῖ.  "", ""right"": ""ὁ δὲ προφήτης οὔθ᾽ ἕπεσθαι ἤθελεν οὔτ᾽ ἀλλαχόσε που μένειν, ἡδέως δ᾽ εἶχεν ἐπὶ τοῖς ἐρειπίοις τῆς πατρίδος καὶ τοῖς ταλαιπώροις αὐτῆς διαζῆσαι λειψάνοις. γνοὺς δ᾽ αὐτοῦ τὴν προαίρεσιν ὁ στρατηγός, τῷ Γαδαλίᾳ προστάξας, ὃν κατέλιπεν, αὐτίκα "", ""parsed_unit_sha256"": ""d608f1de7426b4a6a816841a7c1734ce1f4e8f16e02251cce8a918f353cf751e"", ""raw_unit_sha256"": ""a871139257a048e2937f534776efe5b75a7d9cbbcfbfa3aca206390cca422f6d""}"	41613	Propheta uero begins Jeremiah's choice after the invitation; preserve nec sequi noluit without correction.	False	True
10	158	INTERNAL-BUT-EXACT	HIGH_INDIVIDUALLY_REVIEWED	PRESENT	PROPOSED_INTERNAL_MILESTONE	Et hieremias quidem	latin-book10-num155	"{""stable_id"": ""latin-book10-num155"", ""paragraph"": 33, ""xpath"": ""/*/*[2]/*/*[2]/*[9]/*[1]"", ""text_node_path"": ""/TEI[1]/text[1]/body[1]/div1[1]/div2[9]/p[1]/note[1]/tail()"", ""node_offset"": 579, ""unit_offset"": 939, ""book_offset"": 41613, ""raw_byte"": 48834, ""left"": ""dentiam in omnibus haberet eique ministraret quibus egeret et donatis prophetae multas pretiosisque muneribus dimisit ad propria. "", ""right"": ""Et hieremias quidem mansit apud godoliam in ciuitate prouintiae quae dicitur masphacha. Rogauitque nabuzardanen ut cum eu dimitteret discipulum baruc filium nerei ex magna ualde familia, et qui lingua patria precipuae fuerat eruditus, haec "", ""parsed_unit_sha256"": ""63b2399956b7fd7dbf6f1709b16d93da3322b9f12926d473707ade8c6bc6e0b5"", ""raw_unit_sha256"": ""b10c1d71c371b1b61d1975b2074fc6b9d9db65014889c4d85119d9604b85e049""}"	"{""stable_id"": ""greek-book10-num155"", ""paragraph"": 34, ""xpath"": ""/*/*/*/*[2]/*[2]/*[33]"", ""text_node_path"": ""/TEI[1]/text[1]/body[1]/div1[1]/div2[2]/p[33]/num[4]/tail()"", ""node_offset"": 1, ""unit_offset"": 861, ""book_offset"": 43815, ""raw_byte"": 91470, ""left"": "" κατέλιπεν, αὐτίκα πᾶσαν αὐτοῦ ποιεῖσθαι πρόνοιαν καὶ χορηγίαν ὅσων ἂν δέηται δωρησάμενός τε αὐτὸν δωρεαῖς πολυτελέσιν ἀπέλυσεν.  "", ""right"": ""καὶ Ἱερεμίας μὲν κατέμεινεν εἰς Δάναν ἐν πόλει τῆς χώρας Μοσφοθᾶ καλουμένῃ παρακαλέσας τὸν Ναβουζαρδάνην, ἵν᾽ αὐτῷ συναπολύσῃ τὸν μαθητὴν Βαροῦχον Νήρου δὲ παῖδα ἐξ ἐπισήμου σφόδρα οἰκίας ὄντα καὶ τῇ πατρίῳ γλώττῃ διαφερόντως πεπαιδευμένον."", ""parsed_unit_sha256"": ""d608f1de7426b4a6a816841a7c1734ce1f4e8f16e02251cce8a918f353cf751e"", ""raw_unit_sha256"": ""a871139257a048e2937f534776efe5b75a7d9cbbcfbfa3aca206390cca422f6d""}"	41848	Et hieremias quidem begins the residence and Baruch request after dismissal with gifts.	False	True
10	159	EXACT	HIGH_INDIVIDUALLY_REVIEWED	PRESENT	INHERITED_START	haec dum fecisset nabuzardanis in babylonia prophe	latin-book10-num159	"{""stable_id"": ""latin-book10-num159"", ""paragraph"": 34, ""xpath"": ""/*/*[2]/*/*[2]/*[9]/*[2]"", ""text_node_path"": ""/TEI[1]/text[1]/body[1]/div1[1]/div2[9]/p[2]/num[1]/tail()"", ""node_offset"": 1, ""unit_offset"": 1, ""book_offset"": 41848, ""raw_byte"": 49133, ""left"": ""rdanen ut cum eu dimitteret discipulum baruc filium nerei ex magna ualde familia, et qui lingua patria precipuae fuerat eruditus, "", ""right"": ""haec dum fecisset nabuzardanis in babylonia prophetus est. At illi qui obsessa hierosolimorum urbe dissegerant, dispersi per certa loca dum recessisse babylonios cognouissent, et quasdam reliquias in hierosolimorum terra reliquisse ut qui e"", ""parsed_unit_sha256"": ""f418842aa067927a4ca9e99351ae511e63cdf3863f5bbc348691539e53722cc2"", ""raw_unit_sha256"": ""948591ef004b55a95451a40172b6f7e093a5199b35510e61a994b649ae58527f""}"	"{""stable_id"": ""greek-book10-num159"", ""paragraph"": 35, ""xpath"": ""/*/*/*/*[2]/*[2]/*[34]"", ""text_node_path"": ""/TEI[1]/text[1]/body[1]/div1[1]/div2[2]/p[34]/num[1]/tail()"", ""node_offset"": 1, ""unit_offset"": 1, ""book_offset"": 44056, ""raw_byte"": 92030, ""left"": ""ὐτῷ συναπολύσῃ τὸν μαθητὴν Βαροῦχον Νήρου δὲ παῖδα ἐξ ἐπισήμου σφόδρα οἰκίας ὄντα καὶ τῇ πατρίῳ γλώττῃ διαφερόντως πεπαιδευμένον. "", ""right"": ""Ναβουζαρδάνης δὲ ταῦτα διαπραξάμενος ὥρμησεν εἰς Βαβυλῶνα. οἱ δὲ πολιορκουμένων Ἱεροσολύμων φυγόντες διασκεδασθέντες κατὰ τὴν χώραν, ἐπειδὴ τοὺς Βαβυλωνίους ἤκουσαν ἀνακεχωρηκότας καὶ λείψανά τινα καταλελοιπότας ἐν τῇ τῶν Ἱεροσολυμιτῶν γῇ κ"", ""parsed_unit_sha256"": ""088270a79e1e50d8cee148aa4988373ed9ce54462d65c782d0b1828b39f2b7ad"", ""raw_unit_sha256"": ""41b6c01f0f3661629b60dc8dc7c13b70d13234672431ad652a70e694904f0971""}"	42165	haec dum fecisset begins the general's departure and refugees' gathering after Baruch's description.	False	True
10	160	INTERNAL-BUT-EXACT	HIGH_INDIVIDUALLY_REVIEWED	PRESENT	PROPOSED_INTERNAL_MILESTONE	Erant autem principes	latin-book10-num159	"{""stable_id"": ""latin-book10-num159"", ""paragraph"": 34, ""xpath"": ""/*/*[2]/*/*[2]/*[9]/*[2]"", ""text_node_path"": ""/TEI[1]/text[1]/body[1]/div1[1]/div2[9]/p[2]/unclear[1]/tail()"", ""node_offset"": 34, ""unit_offset"": 318, ""book_offset"": 42165, ""raw_byte"": 49485, ""left"": ""reliquias in hierosolimorum terra reliquisse ut qui eam incolerent super essent undique collecti uenerunt ad godoliam in masphat. "", ""right"": ""Erant autem principes eorum ioad filius carii et zereas et iezo nias simul et alii. Porro de genere regioerat quidam ismahel uir magnus et callidus, qui dum obsederetur hierosolimamam ad regem euasit aminitarum nomine uacha lim et illo temp"", ""parsed_unit_sha256"": ""f418842aa067927a4ca9e99351ae511e63cdf3863f5bbc348691539e53722cc2"", ""raw_unit_sha256"": ""948591ef004b55a95451a40172b6f7e093a5199b35510e61a994b649ae58527f""}"	"{""stable_id"": ""greek-book10-num159"", ""paragraph"": 35, ""xpath"": ""/*/*/*/*[2]/*[2]/*[34]"", ""text_node_path"": ""/TEI[1]/text[1]/body[1]/div1[1]/div2[2]/p[34]/num[2]/tail()"", ""node_offset"": 1, ""unit_offset"": 331, ""book_offset"": 44386, ""raw_byte"": 92688, ""left"": ""αλελοιπότας ἐν τῇ τῶν Ἱεροσολυμιτῶν γῇ καὶ τοὺς ταύτην ἐργασομένους, συλλεχθέντες πανταχόθεν ἧκον πρὸς τὸν Γαδαλίαν εἰς Μασαφθά.  "", ""right"": ""ἡγεμόνες δ᾽ ἦσαν ἐν αὐτοῖς Ἰωάδης υἱὸς Καρίου καὶ Σερέας καὶ Ἰωαζανίας καὶ ἕτεροι πρὸς τούτοις, ἐκ δὲ τοῦ βασιλικοῦ γένους ἦν τις Ἰσμάηλος πονηρὸς ἀνὴρ καὶ δολιώτατος, ὃς πολιορκουμένων τῶν Ἱεροσολύμων ἔφυγε πρὸς τὸν Ἀμμανιτῶν βασιλέα Βααλε"", ""parsed_unit_sha256"": ""088270a79e1e50d8cee148aa4988373ed9ce54462d65c782d0b1828b39f2b7ad"", ""raw_unit_sha256"": ""41b6c01f0f3661629b60dc8dc7c13b70d13234672431ad652a70e694904f0971""}"	42426	Erant autem principes begins the leaders' names after their assembly at Mizpah.	False	True
10	161	INTERNAL-BUT-EXACT	HIGH_INDIVIDUALLY_REVIEWED	PRESENT	PROPOSED_INTERNAL_MILESTONE	Igitur qui ad hierosilimam	latin-book10-num159	"{""stable_id"": ""latin-book10-num159"", ""paragraph"": 34, ""xpath"": ""/*/*[2]/*/*[2]/*[9]/*[2]"", ""text_node_path"": ""/TEI[1]/text[1]/body[1]/div1[1]/div2[9]/p[2]/unclear[4]/tail()"", ""node_offset"": 51, ""unit_offset"": 579, ""book_offset"": 42426, ""raw_byte"": 49869, ""left"": ""gnus et callidus, qui dum obsederetur hierosolimamam ad regem euasit aminitarum nomine uacha lim et illo tempore ibi moratus est. "", ""right"": ""Igitur qui ad hierosilimam cucurrerant, fecit godolias ibi manere nequaquam babylonios metuentes colentesque terram nihil mali passuros esse dicebat, et hec quoque uir amento firmauit adiciens quia solacium cunctis preberet et siquis ab ali"", ""parsed_unit_sha256"": ""f418842aa067927a4ca9e99351ae511e63cdf3863f5bbc348691539e53722cc2"", ""raw_unit_sha256"": ""948591ef004b55a95451a40172b6f7e093a5199b35510e61a994b649ae58527f""}"	"{""stable_id"": ""greek-book10-num159"", ""paragraph"": 35, ""xpath"": ""/*/*/*/*[2]/*[2]/*[34]"", ""text_node_path"": ""/TEI[1]/text[1]/body[1]/div1[1]/div2[2]/p[34]/num[3]/tail()"", ""node_offset"": 1, ""unit_offset"": 616, ""book_offset"": 44671, ""raw_byte"": 93266, ""left"": "" δολιώτατος, ὃς πολιορκουμένων τῶν Ἱεροσολύμων ἔφυγε πρὸς τὸν Ἀμμανιτῶν βασιλέα Βααλεὶμ καὶ συνδιήγαγεν αὐτῷ τὸν χρόνον ἐκεῖνον.  "", ""right"": ""τούτους τοίνυν γενομένους αὐτοῦ Γαδαλίας ἔπεισε μένειν αὐτίκα μηδὲν δεδιότας τοὺς Βαβυλωνίους: γεωργοῦντας γὰρ τὴν χώραν οὐδὲν πείσεσθαι δεινόν. ταῦτα ὀμνὺς αὐτοῖς διεβεβαιοῦτο καὶ προστάτην αὐτὸν ἔχειν λέγων, ὥστε εἴ τις ἐνοχλοίη τεύξεσθαι"", ""parsed_unit_sha256"": ""088270a79e1e50d8cee148aa4988373ed9ce54462d65c782d0b1828b39f2b7ad"", ""raw_unit_sha256"": ""41b6c01f0f3661629b60dc8dc7c13b70d13234672431ad652a70e694904f0971""}"	42708	Igitur qui begins Gedaliah's reassurance after the assembled leaders; preserve the Latin Jerusalem place wording.	False	True
10	162	INTERNAL-BUT-EXACT	HIGH_INDIVIDUALLY_REVIEWED	PRESENT	PROPOSED_INTERNAL_MILESTONE	sua fitque ut singuli	latin-book10-num159	"{""stable_id"": ""latin-book10-num159"", ""paragraph"": 34, ""xpath"": ""/*/*[2]/*/*[2]/*[9]/*[2]"", ""text_node_path"": ""/TEI[1]/text[1]/body[1]/div1[1]/div2[9]/p[2]/unclear[4]/tail()"", ""node_offset"": 333, ""unit_offset"": 861, ""book_offset"": 42708, ""raw_byte"": 50151, ""left"": "" hec quoque uir amento firmauit adiciens quia solacium cunctis preberet et siquis ab aliquo grauaretur illius mereretur auxilium, "", ""right"": ""sua fitque ut singuli in qua uellent ciuitate morarentur, et ut mitteret cum eis qui eorum habitacula repararent et ipse quoque faceret dum tempu esset ut triticum et uinum et oleum reconderent quatenus hyemis tempore pabulis non egerent. H"", ""parsed_unit_sha256"": ""f418842aa067927a4ca9e99351ae511e63cdf3863f5bbc348691539e53722cc2"", ""raw_unit_sha256"": ""948591ef004b55a95451a40172b6f7e093a5199b35510e61a994b649ae58527f""}"	"{""stable_id"": ""greek-book10-num159"", ""paragraph"": 35, ""xpath"": ""/*/*/*/*[2]/*[2]/*[34]"", ""text_node_path"": ""/TEI[1]/text[1]/body[1]/div1[1]/div2[2]/p[34]/num[4]/tail()"", ""node_offset"": 1, ""unit_offset"": 873, ""book_offset"": 44928, ""raw_byte"": 93781, ""left"": ""πείσεσθαι δεινόν. ταῦτα ὀμνὺς αὐτοῖς διεβεβαιοῦτο καὶ προστάτην αὐτὸν ἔχειν λέγων, ὥστε εἴ τις ἐνοχλοίη τεύξεσθαι τῆς προθυμίας:  "", ""right"": ""καὶ συνεβούλευε κατοικεῖν εἰς ἣν ἕκαστος βούλεται πόλιν ἀποστέλλοντα μετὰ τῶν ἰδίων καὶ ἀνακτίζειν τὰ ἐδάφη καὶ κατοικεῖν: προεῖπέ τε παρασκευάζεσθαι αὐτοὺς ἕως ἔτι καιρός ἐστι σῖτον καὶ οἶνον καὶ ἔλαιον, ὅπως ἔχωσι διὰ τοῦ χειμῶνος τρέφεσθ"", ""parsed_unit_sha256"": ""088270a79e1e50d8cee148aa4988373ed9ce54462d65c782d0b1828b39f2b7ad"", ""raw_unit_sha256"": ""41b6c01f0f3661629b60dc8dc7c13b70d13234672431ad652a70e694904f0971""}"	43024	sua fitque begins settlement advice after the protection promise; the broken spelling is left untouched.	False	True
10	163	EXACT	HIGH	PRESENT	INHERITED_START	Fame uero discurrentes gentes iudeae quia ueniente	latin-book10-num163	"{""stable_id"": ""latin-book10-num163"", ""paragraph"": 35, ""xpath"": ""/*/*[2]/*/*[2]/*[9]/*[3]"", ""text_node_path"": ""/TEI[1]/text[1]/body[1]/div1[1]/div2[9]/p[3]/num[1]/tail()"", ""node_offset"": 1, ""unit_offset"": 1, ""book_offset"": 43024, ""raw_byte"": 50532, ""left"": ""nderent quatenus hyemis tempore pabulis non egerent. Haec cum dixisset dimisit eos ad prouintiae loca quea unus quisque uoluerat. "", ""right"": ""Fame uero discurrentes gentes iudeae quia uenientes ad se de fuga godolias clementissime susceperet et ad terram colendam habitare dimiserat ut rege babylonii tributa persoluerent, concurrerunt ad godoliam omnes et in prouintia habitarum co"", ""parsed_unit_sha256"": ""559eccb453342ada945ccafbda47fb8f16612c55c60fefbe180c99593f2ba8f8"", ""raw_unit_sha256"": ""4ae9101211cac848a81921c991aaf0953f930c8887ecf110eb499af3a912211f""}"	"{""stable_id"": ""greek-book10-num163"", ""paragraph"": 36, ""xpath"": ""/*/*/*/*[2]/*[2]/*[35]"", ""text_node_path"": ""/TEI[1]/text[1]/body[1]/div1[1]/div2[2]/p[35]/num[1]/tail()"", ""node_offset"": 1, ""unit_offset"": 1, ""book_offset"": 45254, ""raw_byte"": 94510, ""left"": "" ἔλαιον, ὅπως ἔχωσι διὰ τοῦ χειμῶνος τρέφεσθαι. ταῦτα διαλεχθεὶς πρὸς αὐτοὺς ἀπέλυσε διὰ τῆς χώρας εἰς ὃν ἕκαστος ἐβούλετο τόπον. "", ""right"": ""Διαδραμούσης δὲ φήμης εἰς τὰ περὶ τὴν Ἰουδαίαν ἔθνη, ὅτι τοὺς ἀπὸ τῆς φυγῆς παρ᾽ αὐτὸν ἐλθόντας Γαδαλίας ἐδέξατο φιλανθρώπως καὶ τὴν γῆν αὐτοῖς γεωργοῦσι κατοικεῖν ἐφῆκεν, ἐφ᾽ ᾧ τελεῖν φόρον τῷ Βαβυλωνίῳ, συνέδραμον αὐτοὶ πρὸς τὸν Γαδαλίαν "", ""parsed_unit_sha256"": ""d96d206afd92f304b5371e11fce157a339c146df00543eaffd3384e2b0e4a8c2"", ""raw_unit_sha256"": ""0c09a575616d6c1ca0f367f2595c6d8c84905a4406be53964b3c82cb8e944467""}"	43262	Independent printed Greek start and individually read Latin counterpart agree.	False	True
10	164	INTERNAL-BUT-EXACT	HIGH_INDIVIDUALLY_REVIEWED	PRESENT	PROPOSED_INTERNAL_MILESTONE	considerantes que prouintiam	latin-book10-num163	"{""stable_id"": ""latin-book10-num163"", ""paragraph"": 35, ""xpath"": ""/*/*[2]/*/*[2]/*[9]/*[3]"", ""text_node_path"": ""/TEI[1]/text[1]/body[1]/div1[1]/div2[9]/p[3]/num[1]/tail()"", ""node_offset"": 239, ""unit_offset"": 239, ""book_offset"": 43262, ""raw_byte"": 50770, ""left"": ""rram colendam habitare dimiserat ut rege babylonii tributa persoluerent, concurrerunt ad godoliam omnes et in prouintia habitarum "", ""right"": ""considerantes que prouintiam in pace regi et godoliae benignitatem atque clementiam iohannes et principes qui cum eo erant ualde dilexerunt eum dicebantque mitten dum ad regem aminitarum bachalim ut ismahel latenter accideret quatenus ipse "", ""parsed_unit_sha256"": ""559eccb453342ada945ccafbda47fb8f16612c55c60fefbe180c99593f2ba8f8"", ""raw_unit_sha256"": ""4ae9101211cac848a81921c991aaf0953f930c8887ecf110eb499af3a912211f""}"	"{""stable_id"": ""greek-book10-num163"", ""paragraph"": 36, ""xpath"": ""/*/*/*/*[2]/*[2]/*[35]"", ""text_node_path"": ""/TEI[1]/text[1]/body[1]/div1[1]/div2[2]/p[35]/num[2]/tail()"", ""node_offset"": 1, ""unit_offset"": 267, ""book_offset"": 45520, ""raw_byte"": 95051, ""left"": "" αὐτοῖς γεωργοῦσι κατοικεῖν ἐφῆκεν, ἐφ᾽ ᾧ τελεῖν φόρον τῷ Βαβυλωνίῳ, συνέδραμον αὐτοὶ πρὸς τὸν Γαδαλίαν καὶ τὴν χώραν κατῴκησαν.  "", ""right"": ""κατανοήσαντες δὲ τὴν χώραν καὶ τὴν τοῦ Γαδαλίου χρηστότητα καὶ φιλανθρωπίαν Ἰωάννης καὶ οἱ μετ᾽ αὐτοῦ ἡγεμόνες ὑπερηγάπησαν αὐτὸν καὶ Βαάλιμον τὸν τῶν Ἀμμανιτῶν βασιλέα ἔλεγον πέμψαι Ἰσμάηλον ἀποκτενοῦντα αὐτὸν δόλῳ κρυφίως, ὅπως αὐτὸς ἄρχῃ"", ""parsed_unit_sha256"": ""d96d206afd92f304b5371e11fce157a339c146df00543eaffd3384e2b0e4a8c2"", ""raw_unit_sha256"": ""0c09a575616d6c1ca0f367f2595c6d8c84905a4406be53964b3c82cb8e944467""}"	43586	considerantes que begins appreciation and the plot warning after resettlement.	False	True
10	165	INTERNAL-BUT-EXACT	HIGH_INDIVIDUALLY_REVIEWED	PRESENT	PROPOSED_INTERNAL_MILESTONE	cu uis dolum	latin-book10-num163	"{""stable_id"": ""latin-book10-num163"", ""paragraph"": 35, ""xpath"": ""/*/*[2]/*/*[2]/*[9]/*[3]"", ""text_node_path"": ""/TEI[1]/text[1]/body[1]/div1[1]/div2[9]/p[3]/num[1]/tail()"", ""node_offset"": 563, ""unit_offset"": 563, ""book_offset"": 43586, ""raw_byte"": 51094, ""left"": ""m ut ismahel latenter accideret quatenus ipse securus esset in israel, quia illa erat de regio genere qui solus poterat debellare "", ""right"": ""cu uis dolum dicebant posse declinare si potius ismahel ipse perimeret ut metum de cetero non haberet adiciens in super se timere ne godoliam magis ab illo perempto funditus irsaelitarum reliquiae deperirent. Ille uero adquiescere noluit di"", ""parsed_unit_sha256"": ""559eccb453342ada945ccafbda47fb8f16612c55c60fefbe180c99593f2ba8f8"", ""raw_unit_sha256"": ""4ae9101211cac848a81921c991aaf0953f930c8887ecf110eb499af3a912211f""}"	"{""stable_id"": ""greek-book10-num163"", ""paragraph"": 36, ""xpath"": ""/*/*/*/*[2]/*[2]/*[35]"", ""text_node_path"": ""/TEI[1]/text[1]/body[1]/div1[1]/div2[2]/p[35]/num[3]/tail()"", ""node_offset"": 1, ""unit_offset"": 570, ""book_offset"": 45823, ""raw_byte"": 95668, ""left"": ""ον πέμψαι Ἰσμάηλον ἀποκτενοῦντα αὐτὸν δόλῳ κρυφίως, ὅπως αὐτὸς ἄρχῃ τῶν Ἰσραηλιτῶν: εἶναι γὰρ αὐτὸν ἐκ τοῦ γένους τοῦ βασιλικοῦ.  "", ""right"": ""ῥύσεσθαί γε μὴν ἔλεγον αὐτὸν τῆς ἐπιβουλῆς, ἂν αὐτοῖς ἐφῇ κτεῖναι τὸν Ἰσμάηλον, ὡς οὐδενὸς γνωσομένου: δεδιέναι γὰρ ἔφασκον, μὴ φονευθεὶς αὐτὸς ὑπ᾽ ἐκείνου παντελὴς ἀπώλεια γένηται τῶν ὑπολελειμμένων τῆς τῶν Ἰσραηλιτῶν ἰσχύος.  ὁ δ᾽ ἀπιστεῖ"", ""parsed_unit_sha256"": ""d96d206afd92f304b5371e11fce157a339c146df00543eaffd3384e2b0e4a8c2"", ""raw_unit_sha256"": ""0c09a575616d6c1ca0f367f2595c6d8c84905a4406be53964b3c82cb8e944467""}"	43795	cu uis dolum begins the offer to avert the plot after Ishmael's royal ancestry; transmitted fragmentation remains.	False	True
10	166	INTERNAL-BUT-EXACT	HIGH_INDIVIDUALLY_REVIEWED	PRESENT	PROPOSED_INTERNAL_MILESTONE	Ille uero adquiescere	latin-book10-num163	"{""stable_id"": ""latin-book10-num163"", ""paragraph"": 35, ""xpath"": ""/*/*[2]/*/*[2]/*[9]/*[3]"", ""text_node_path"": ""/TEI[1]/text[1]/body[1]/div1[1]/div2[9]/p[3]/num[1]/tail()"", ""node_offset"": 772, ""unit_offset"": 772, ""book_offset"": 43795, ""raw_byte"": 51303, ""left"": "" de cetero non haberet adiciens in super se timere ne godoliam magis ab illo perempto funditus irsaelitarum reliquiae deperirent. "", ""right"": ""Ille uero adquiescere noluit dicens non esset rectum contrauirum qui nihil ad huc gesserat malignitatis insidias exercere, non enim uero simile esset quia in tali desolatione huius modi malitiam exerceret, et quem in tanta necessitate fouer"", ""parsed_unit_sha256"": ""559eccb453342ada945ccafbda47fb8f16612c55c60fefbe180c99593f2ba8f8"", ""raw_unit_sha256"": ""4ae9101211cac848a81921c991aaf0953f930c8887ecf110eb499af3a912211f""}"	"{""stable_id"": ""greek-book10-num163"", ""paragraph"": 36, ""xpath"": ""/*/*/*/*[2]/*[2]/*[35]"", ""text_node_path"": ""/TEI[1]/text[1]/body[1]/div1[1]/div2[2]/p[35]/num[4]/tail()"", ""node_offset"": 1, ""unit_offset"": 798, ""book_offset"": 46051, ""raw_byte"": 96138, ""left"": ""νου: δεδιέναι γὰρ ἔφασκον, μὴ φονευθεὶς αὐτὸς ὑπ᾽ ἐκείνου παντελὴς ἀπώλεια γένηται τῶν ὑπολελειμμένων τῆς τῶν Ἰσραηλιτῶν ἰσχύος.  "", ""right"": ""ὁ δ᾽ ἀπιστεῖν αὐτοῖς ὡμολόγει κατ᾽ ἀνδρὸς εὖ πεπονθότος ἐπιβουλὴν τοιαύτην ἐμφανίσασιν: οὐ γὰρ εἰκὸς εἶναι παρὰ τηλικαύτην ἐρημίαν ὧν ἔχρῃζε μὴ διαμαρτόντα οὕτως πονηρὸν εἰς τὸν εὐεργετήσαντα καὶ ἀνόσιον εὑρεθῆναι, ὡς τῷ μὲν τὸ ἀδίκημα τὸ μ"", ""parsed_unit_sha256"": ""d96d206afd92f304b5371e11fce157a339c146df00543eaffd3384e2b0e4a8c2"", ""raw_unit_sha256"": ""0c09a575616d6c1ca0f367f2595c6d8c84905a4406be53964b3c82cb8e944467""}"	44085	Ille uero adquiescere noluit begins Gedaliah's refusal after the fear of national destruction.	False	True
10	167	INTERNAL-BUT-EXACT	HIGH_INDIVIDUALLY_REVIEWED	PRESENT	PROPOSED_INTERNAL_MILESTONE	Sed et si ediuerso	latin-book10-num163	"{""stable_id"": ""latin-book10-num163"", ""paragraph"": 35, ""xpath"": ""/*/*[2]/*/*[2]/*[9]/*[3]"", ""text_node_path"": ""/TEI[1]/text[1]/body[1]/div1[1]/div2[9]/p[3]/num[1]/tail()"", ""node_offset"": 1062, ""unit_offset"": 1062, ""book_offset"": 44085, ""raw_byte"": 51593, ""left"": ""li desolatione huius modi malitiam exerceret, et quem in tanta necessitate fouerat et ab inimicis aliis eripuerat ipse perimeret. "", ""right"": ""Sed et si ediuerso faceret illi dolum melius esse ut ipse perimeretur, ab illo potius quam homo quia dillum confugerat suam que salutem et tradiderat et commendauerat uitam dolo perimeretur istorum, et iohannes quidem et principes qui cum e"", ""parsed_unit_sha256"": ""559eccb453342ada945ccafbda47fb8f16612c55c60fefbe180c99593f2ba8f8"", ""raw_unit_sha256"": ""4ae9101211cac848a81921c991aaf0953f930c8887ecf110eb499af3a912211f""}"	"{""stable_id"": ""greek-book10-num163"", ""paragraph"": 36, ""xpath"": ""/*/*/*/*[2]/*[2]/*[35]"", ""text_node_path"": ""/TEI[1]/text[1]/body[1]/div1[1]/div2[2]/p[35]/num[5]/tail()"", ""node_offset"": 1, ""unit_offset"": 1127, ""book_offset"": 46380, ""raw_byte"": 96811, ""left"": ""σιον εὑρεθῆναι, ὡς τῷ μὲν τὸ ἀδίκημα τὸ μὴ ὑπ᾽ ἄλλων ἐπιβουλευόμενον σῶσαι, σπουδάζειν δὲ αὐτὸν αὐτόχειρα ζητεῖν αὐτοῦ γενέσθαι.  "", ""right"": ""οὐ μὴν ἀλλ᾽ εἰ ταῦτ᾽ ἀληθῆ δεῖ δοκεῖν, ἄμεινον ἔφασκεν ἀποθανεῖν αὐτὸν ὑπ᾽ ἐκείνου μᾶλλον, ἢ καταφυγόντα πρὸς αὐτὸν ἄνθρωπον καὶ πιστεύσαντα τὴν ἰδίαν σωτηρίαν καὶ παρακαταθέμενον αὐτῷ διαφθεῖραι. Καὶ ὁ μὲν Ἰωάννης καὶ οἱ σὺν αὐτῷ τῶν ἡγεμό"", ""parsed_unit_sha256"": ""d96d206afd92f304b5371e11fce157a339c146df00543eaffd3384e2b0e4a8c2"", ""raw_unit_sha256"": ""0c09a575616d6c1ca0f367f2595c6d8c84905a4406be53964b3c82cb8e944467""}"	44284	Sed et si ediuerso begins the hypothetical preference to suffer rather than betray after his disbelief.	False	True
10	168	EXACT	HIGH	PRESENT	INHERITED_START	et iohannes quidem et principes qui cum eo erant c	latin-book10-num168	"{""stable_id"": ""latin-book10-num168"", ""paragraph"": 36, ""xpath"": ""/*/*[2]/*/*[2]/*[9]/*[4]"", ""text_node_path"": ""/TEI[1]/text[1]/body[1]/div1[1]/div2[9]/p[4]/num[1]/tail()"", ""node_offset"": 1, ""unit_offset"": 1, ""book_offset"": 44284, ""raw_byte"": 51921, ""left"": "", ab illo potius quam homo quia dillum confugerat suam que salutem et tradiderat et commendauerat uitam dolo perimeretur istorum, "", ""right"": ""et iohannes quidem et principes qui cum eo erant cum non potuissent persuadere godoliae protinus recesserunt tempore siquidem dierum triginta transacto uenit ad godoliam in ciuitatem aspha ismahel cum uiris decem quos gotholias splendidis a"", ""parsed_unit_sha256"": ""b7a9690dc7281a07654c20e3e78afedd5ddf0aa2ed91d3de2587ef58483f995d"", ""raw_unit_sha256"": ""1f39425cca3067ad805d0304254d57bf6be084e71594a69ca81db800363344e6""}"	"{""stable_id"": ""greek-book10-num168"", ""paragraph"": 37, ""xpath"": ""/*/*/*/*[2]/*[2]/*[36]"", ""text_node_path"": ""/TEI[1]/text[1]/body[1]/div1[1]/div2[2]/p[36]/num[1]/tail()"", ""node_offset"": 1, ""unit_offset"": 1, ""book_offset"": 46577, ""raw_byte"": 97294, ""left"": ""τὸν ὑπ᾽ ἐκείνου μᾶλλον, ἢ καταφυγόντα πρὸς αὐτὸν ἄνθρωπον καὶ πιστεύσαντα τὴν ἰδίαν σωτηρίαν καὶ παρακαταθέμενον αὐτῷ διαφθεῖραι. "", ""right"": ""Καὶ ὁ μὲν Ἰωάννης καὶ οἱ σὺν αὐτῷ τῶν ἡγεμόνων μὴ δυνηθέντες πεῖσαι τὸν Γαδαλίαν ἀπῆλθον. χρόνου δὲ διελθόντος ἡμερῶν τριάκοντα παραγίνεται πρὸς Γαδαλίαν εἰς Μασφαθὰ πόλιν Ἰσμάηλος μετ᾽ ἀνδρῶν δέκα, οὓς λαμπρᾷ τραπέζῃ καὶ ξενίοις ὑποδεξάμεν"", ""parsed_unit_sha256"": ""8dcb05407515a2bf2791e3a0daf8b6623c9d9a68d51211f47e1a5b5858df04f9"", ""raw_unit_sha256"": ""f7748f0d26262e29edae097c02f2a1f9363f612b50ddcbccb8f8dcf4174bd6c3""}"	44638	Independent printed Greek start and individually read Latin counterpart agree.	False	True
10	169	INTERNAL-BUT-EXACT	HIGH_INDIVIDUALLY_REVIEWED	PRESENT	PROPOSED_INTERNAL_MILESTONE	quem ismahel uidens	latin-book10-num168	"{""stable_id"": ""latin-book10-num168"", ""paragraph"": 36, ""xpath"": ""/*/*[2]/*/*[2]/*[9]/*[4]"", ""text_node_path"": ""/TEI[1]/text[1]/body[1]/div1[1]/div2[9]/p[4]/num[1]/tail()"", ""node_offset"": 355, ""unit_offset"": 355, ""book_offset"": 44638, ""raw_byte"": 52275, ""left"": ""ias splendidis aepulis muneribus que suscepit. Tunc go tholia inter conuiuia ismahel sepius ut ad solet inuitato de ebriatus est, "", ""right"": ""quem ismahel uidens ita uino repletum et uelut insensatum sopore ebrietatis conuersum surgens cum decem suis amicis eum occidit et qui cum eo inconuiuio recumbebant, et post horum peremptionem egressus per noctem cunctos pariter in ciuitate"", ""parsed_unit_sha256"": ""b7a9690dc7281a07654c20e3e78afedd5ddf0aa2ed91d3de2587ef58483f995d"", ""raw_unit_sha256"": ""1f39425cca3067ad805d0304254d57bf6be084e71594a69ca81db800363344e6""}"	"{""stable_id"": ""greek-book10-num168"", ""paragraph"": 37, ""xpath"": ""/*/*/*/*[2]/*[2]/*[36]"", ""text_node_path"": ""/TEI[1]/text[1]/body[1]/div1[1]/div2[2]/p[36]/num[2]/tail()"", ""node_offset"": 1, ""unit_offset"": 311, ""book_offset"": 46887, ""raw_byte"": 97918, ""left"": "" μετ᾽ ἀνδρῶν δέκα, οὓς λαμπρᾷ τραπέζῃ καὶ ξενίοις ὑποδεξάμενος εἰς μέθην προήχθη φιλοφρονούμενος τὸν Ἰσμάηλον καὶ τοὺς σὺν αὐτῷ.  "", ""right"": ""θεασάμενος δ᾽ αὐτὸν οὕτως ἔχοντα καὶ βεβαπτισμένον εἰς ἀναισθησίαν καὶ ὕπνον ὑπὸ τῆς μέθης ὁ Ἰσμάηλος ἀναπηδήσας μετὰ τῶν δέκα φίλων ἀποσφάττει τὸν Γαδαλίαν καὶ τοὺς κατακειμένους σὺν αὐτῷ ἐν τῷ συμποσίῳ. καὶ μετὰ τὴν τούτων ἀναίρεσιν ἐξελθ"", ""parsed_unit_sha256"": ""8dcb05407515a2bf2791e3a0daf8b6623c9d9a68d51211f47e1a5b5858df04f9"", ""raw_unit_sha256"": ""f7748f0d26262e29edae097c02f2a1f9363f612b50ddcbccb8f8dcf4174bd6c3""}"	44959	quem ismahel uidens begins the assassination after drunken insensibility.	False	True
10	170	INTERNAL-BUT-EXACT	HIGH_INDIVIDUALLY_REVIEWED	PRESENT	PROPOSED_INTERNAL_MILESTONE	Altera uero die	latin-book10-num168	"{""stable_id"": ""latin-book10-num168"", ""paragraph"": 36, ""xpath"": ""/*/*[2]/*/*[2]/*[9]/*[4]"", ""text_node_path"": ""/TEI[1]/text[1]/body[1]/div1[1]/div2[9]/p[4]/del[1]/tail()"", ""node_offset"": 36, ""unit_offset"": 676, ""book_offset"": 44959, ""raw_byte"": 52637, ""left"": ""m egressus per noctem cunctos pariter in ciuitate uideos et milites trucidauit quia babylonnis quia babyloniis fuerant derelicti. "", ""right"": ""Altera uero die cum muneribus ueniebant ad godoliam de prouintia octuaginta uiri nihil scientes quod de eo fuerat gestum, quos cum uidisset ismahel eos quasi ad godoliam accessuros interius euocauit, quibus ingressi aula cunctos occidit, eo"", ""parsed_unit_sha256"": ""b7a9690dc7281a07654c20e3e78afedd5ddf0aa2ed91d3de2587ef58483f995d"", ""raw_unit_sha256"": ""1f39425cca3067ad805d0304254d57bf6be084e71594a69ca81db800363344e6""}"	"{""stable_id"": ""greek-book10-num168"", ""paragraph"": 37, ""xpath"": ""/*/*/*/*[2]/*[2]/*[36]"", ""text_node_path"": ""/TEI[1]/text[1]/body[1]/div1[1]/div2[2]/p[36]/num[3]/tail()"", ""node_offset"": 1, ""unit_offset"": 672, ""book_offset"": 47248, ""raw_byte"": 98647, ""left"": ""σιν ἐξελθὼν νυκτὸς ἅπαντας φονεύει τοὺς ἐν τῇ πόλει Ἰουδαίους καὶ τοὺς ὑπὸ τῶν Βαβυλωνίων καταλειφθέντας ἐν αὐτῇ τῶν στρατιωτῶν.  "", ""right"": ""τῇ δ᾽ ἐπιούσῃ μετὰ δώρων ἧκον πρὸς Γαδαλίαν τῶν ἀπὸ τῆς χώρας ὀγδοήκοντα μηδενὸς τὰ περὶ αὐτὸν ἐγνωκότος. ἰδὼν δὲ αὐτοὺς Ἰσμάηλος εἴσω τε αὐτοὺς καλεῖ ὡς πρὸς Γαδαλίαν, καὶ παρελθόντων ἀποκλείσας τὴν αὔλειον ἐφόνευσε καὶ τὰ σώματα αὐτῶν εἰς"", ""parsed_unit_sha256"": ""8dcb05407515a2bf2791e3a0daf8b6623c9d9a68d51211f47e1a5b5858df04f9"", ""raw_unit_sha256"": ""f7748f0d26262e29edae097c02f2a1f9363f612b50ddcbccb8f8dcf4174bd6c3""}"	45260	Altera uero die begins the eighty visitors after the garrison's killing.	False	True
10	171	INTERNAL-BUT-EXACT	HIGH_INDIVIDUALLY_REVIEWED	PRESENT	PROPOSED_INTERNAL_MILESTONE	Ex his octuaginta	latin-book10-num168	"{""stable_id"": ""latin-book10-num168"", ""paragraph"": 36, ""xpath"": ""/*/*[2]/*/*[2]/*[9]/*[4]"", ""text_node_path"": ""/TEI[1]/text[1]/body[1]/div1[1]/div2[9]/p[4]/del[1]/tail()"", ""node_offset"": 337, ""unit_offset"": 977, ""book_offset"": 45260, ""raw_byte"": 52938, ""left"": ""ccessuros interius euocauit, quibus ingressi aula cunctos occidit, eorumque corpora in lacum profundissimum neuiderentur abiecit. "", ""right"": ""Ex his octuaginta uiris alii qui ereti sunt qui sero gauerunt non prius occidi ante quam ocul occultas in agris diuitias et pallea simul et uestes reconditas et frumenta monstrarent. Haec audiens ismahel pepercit eis. Populum uero qui erat "", ""parsed_unit_sha256"": ""b7a9690dc7281a07654c20e3e78afedd5ddf0aa2ed91d3de2587ef58483f995d"", ""raw_unit_sha256"": ""1f39425cca3067ad805d0304254d57bf6be084e71594a69ca81db800363344e6""}"	"{""stable_id"": ""greek-book10-num168"", ""paragraph"": 37, ""xpath"": ""/*/*/*/*[2]/*[2]/*[36]"", ""text_node_path"": ""/TEI[1]/text[1]/body[1]/div1[1]/div2[2]/p[36]/num[4]/tail()"", ""node_offset"": 1, ""unit_offset"": 967, ""book_offset"": 47543, ""raw_byte"": 99244, ""left"": ""αν, καὶ παρελθόντων ἀποκλείσας τὴν αὔλειον ἐφόνευσε καὶ τὰ σώματα αὐτῶν εἰς λάκκον τινὰ βαθύν, ὡς ἂν ἀφανῆ γένοιτο, κατεπόντισε.  "", ""right"": ""διεσώθησαν δὲ τῶν ὀγδοήκοντα τούτων ἀνδρῶν οἳ μὴ πρότερον ἀναιρεθῆναι παρεκάλεσαν πρὶν ἢ τὰ κεκρυμμένα ἐν τοῖς ἀγροῖς αὐτῷ παραδῶσιν ἔπιπλά τε καὶ ἐσθῆτα καὶ σῖτον. ταῦτ᾽ ἀκούσας ἐφείσατο τῶν ἀνδρῶν τούτων Ἰσμάηλος:  τὸν δ᾽ ἐν τῇ Μασφάθῃ λα"", ""parsed_unit_sha256"": ""8dcb05407515a2bf2791e3a0daf8b6623c9d9a68d51211f47e1a5b5858df04f9"", ""raw_unit_sha256"": ""f7748f0d26262e29edae097c02f2a1f9363f612b50ddcbccb8f8dcf4174bd6c3""}"	45478	Ex his octuaginta begins the spared visitors after bodies were hidden.	False	True
10	172	INTERNAL-BUT-EXACT	HIGH_INDIVIDUALLY_REVIEWED	PRESENT	PROPOSED_INTERNAL_MILESTONE	Populum uero qui	latin-book10-num168	"{""stable_id"": ""latin-book10-num168"", ""paragraph"": 36, ""xpath"": ""/*/*[2]/*/*[2]/*[9]/*[4]"", ""text_node_path"": ""/TEI[1]/text[1]/body[1]/div1[1]/div2[9]/p[4]/corr[1]/tail()"", ""node_offset"": 119, ""unit_offset"": 1195, ""book_offset"": 45478, ""raw_byte"": 53247, ""left"": "" ocul occultas in agris diuitias et pallea simul et uestes reconditas et frumenta monstrarent. Haec audiens ismahel pepercit eis. "", ""right"": ""Populum uero qui erat in masphat cum uxoribus et filiis captiuum duxit inter quos et filias sedechiae regis quas nabuzardan babyloniorum princeps gotholiae reliquerat conseruandas, et dum egisset uenit ad regem aminitarum. Audiens autem ioh"", ""parsed_unit_sha256"": ""b7a9690dc7281a07654c20e3e78afedd5ddf0aa2ed91d3de2587ef58483f995d"", ""raw_unit_sha256"": ""1f39425cca3067ad805d0304254d57bf6be084e71594a69ca81db800363344e6""}"	"{""stable_id"": ""greek-book10-num168"", ""paragraph"": 37, ""xpath"": ""/*/*/*/*[2]/*[2]/*[36]"", ""text_node_path"": ""/TEI[1]/text[1]/body[1]/div1[1]/div2[2]/p[36]/num[5]/tail()"", ""node_offset"": 1, ""unit_offset"": 1184, ""book_offset"": 47760, ""raw_byte"": 99691, ""left"": ""ἢ τὰ κεκρυμμένα ἐν τοῖς ἀγροῖς αὐτῷ παραδῶσιν ἔπιπλά τε καὶ ἐσθῆτα καὶ σῖτον. ταῦτ᾽ ἀκούσας ἐφείσατο τῶν ἀνδρῶν τούτων Ἰσμάηλος:  "", ""right"": ""τὸν δ᾽ ἐν τῇ Μασφάθῃ λαὸν σὺν γυναιξὶ καὶ νηπίοις ᾐχμαλώτισεν, ἐν οἷς καὶ τοῦ βασιλέως Σαχχίου θυγατέρας, ἃς Ναβουζαρδάνης ὁ τῶν Βαβυλωνίων στρατηγὸς παρὰ Γαδαλίᾳ καταλελοίπει. ταῦτα διαπραξάμενος ἀφικνεῖται πρὸς τὸν Ἀμμανιτῶν βασιλέα. Ἀκού"", ""parsed_unit_sha256"": ""8dcb05407515a2bf2791e3a0daf8b6623c9d9a68d51211f47e1a5b5858df04f9"", ""raw_unit_sha256"": ""f7748f0d26262e29edae097c02f2a1f9363f612b50ddcbccb8f8dcf4174bd6c3""}"	45701	Populum uero begins capture of the remaining populace after the spared men's explanation.	False	True
10	173	EXACT	HIGH	PRESENT	INHERITED_START	Audiens autem iohannes et principes qui cum eo era	latin-book10-num173	"{""stable_id"": ""latin-book10-num173"", ""paragraph"": 37, ""xpath"": ""/*/*[2]/*/*[2]/*[9]/*[5]"", ""text_node_path"": ""/TEI[1]/text[1]/body[1]/div1[1]/div2[9]/p[5]/num[1]/tail()"", ""node_offset"": 1, ""unit_offset"": 1, ""book_offset"": 45701, ""raw_byte"": 53533, ""left"": ""edechiae regis quas nabuzardan babyloniorum princeps gotholiae reliquerat conseruandas, et dum egisset uenit ad regem aminitarum. "", ""right"": ""Audiens autem iohannes et principes qui cum eo erant quae in masphat gesta ab ismahel mortem que gotholiae minis ex asperati sunt, ad sumeri tes singuli arma sua egressi sunt ut ismahel uiriliter expugnarent, quem dum pre hendissent circa f"", ""parsed_unit_sha256"": ""942dbf65a6170d897be56953ad79f36681c63ff148c5a0f40d65cffe67c2aed3"", ""raw_unit_sha256"": ""1b26fe0eb11a20b818d5cab8e1682ac7c60baff9124e5d9a02b3a0ece380d212""}"	"{""stable_id"": ""greek-book10-num173"", ""paragraph"": 38, ""xpath"": ""/*/*/*/*[2]/*[2]/*[37]"", ""text_node_path"": ""/TEI[1]/text[1]/body[1]/div1[1]/div2[2]/p[37]/num[1]/tail()"", ""node_offset"": 1, ""unit_offset"": 1, ""book_offset"": 47996, ""raw_byte"": 100240, ""left"": ""ἃς Ναβουζαρδάνης ὁ τῶν Βαβυλωνίων στρατηγὸς παρὰ Γαδαλίᾳ καταλελοίπει. ταῦτα διαπραξάμενος ἀφικνεῖται πρὸς τὸν Ἀμμανιτῶν βασιλέα. "", ""right"": ""Ἀκούσας δ᾽ ὁ Ἰωάννης καὶ οἱ σὺν αὐτῷ ἡγεμόνες τὰ ἐν τῇ Μασφαθῇ τὰ πεπραγμένα ὑπὸ Ἰσμαήλου καὶ τὸν Γαδαλίου θάνατον ἠγανάκτησαν, καὶ τοὺς ἰδίους ἕκαστος ὁπλίτας παραλαβὼν ὥρμησαν πολεμήσοντες τὸν Ἰσμάηλον καὶ καταλαμβάνουσιν αὐτὸν πρὸς τῇ πη"", ""parsed_unit_sha256"": ""6244100542aa660a025af1d1606e5f600de05fa43975e32e0e33caec8a6d7464"", ""raw_unit_sha256"": ""856aa898d89ac3d8bba6ff866bd8591a2a361a0fdebb4e5c9d87c56854e2cf2e""}"	45955	Independent printed Greek start and individually read Latin counterpart agree.	False	True
10	174	INTERNAL-BUT-EXACT	HIGH_INDIVIDUALLY_REVIEWED	PRESENT	PROPOSED_INTERNAL_MILESTONE	illi qui ab ismahel	latin-book10-num173	"{""stable_id"": ""latin-book10-num173"", ""paragraph"": 37, ""xpath"": ""/*/*[2]/*/*[2]/*[9]/*[5]"", ""text_node_path"": ""/TEI[1]/text[1]/body[1]/div1[1]/div2[9]/p[5]/num[1]/tail()"", ""node_offset"": 255, ""unit_offset"": 255, ""book_offset"": 45955, ""raw_byte"": 53787, ""left"": "" sunt, ad sumeri tes singuli arma sua egressi sunt ut ismahel uiriliter expugnarent, quem dum pre hendissent circa fontem cebron, "", ""right"": ""illi qui ab ismahel captuii ducebantur uidentes iohannem et principes solacium sibi uenisse iudicantes et relinquentes eum illos coeperant ad iohannem secontulerunt, ismahel itaque cum uiris octo regem aminitarum. Iohannes autem sumens quos"", ""parsed_unit_sha256"": ""942dbf65a6170d897be56953ad79f36681c63ff148c5a0f40d65cffe67c2aed3"", ""raw_unit_sha256"": ""1b26fe0eb11a20b818d5cab8e1682ac7c60baff9124e5d9a02b3a0ece380d212""}"	"{""stable_id"": ""greek-book10-num173"", ""paragraph"": 38, ""xpath"": ""/*/*/*/*[2]/*[2]/*[37]"", ""text_node_path"": ""/TEI[1]/text[1]/body[1]/div1[1]/div2[2]/p[37]/num[2]/tail()"", ""node_offset"": 1, ""unit_offset"": 256, ""book_offset"": 48251, ""raw_byte"": 100762, ""left"": ""ν, καὶ τοὺς ἰδίους ἕκαστος ὁπλίτας παραλαβὼν ὥρμησαν πολεμήσοντες τὸν Ἰσμάηλον καὶ καταλαμβάνουσιν αὐτὸν πρὸς τῇ πηγῇ ἐν Ἰβρῶνι.  "", ""right"": ""οἱ δὲ αἰχμαλωτισθέντες ὑπὸ Ἰσμαήλου τὸν Ἰωάννην ἰδόντες καὶ τοὺς ἡγεμόνας εὐθύμως διετέθησαν βοήθειαν αὑτοῖς ἥκειν ὑπολαμβάνοντες, καὶ καταλιπόντες τὸν αἰχμαλωτίσαντα πρὸς Ἰωάννην ἀνεχώρησαν. Ἰσμάηλος μὲν οὖν μετ᾽ ἀνδρῶν ὀκτὼ φεύγει πρὸς τὸ"", ""parsed_unit_sha256"": ""6244100542aa660a025af1d1606e5f600de05fa43975e32e0e33caec8a6d7464"", ""raw_unit_sha256"": ""856aa898d89ac3d8bba6ff866bd8591a2a361a0fdebb4e5c9d87c56854e2cf2e""}"	46169	illi qui ab ismahel begins captives' reaction after interception near the spring.	False	True
10	175	INTERNAL-BUT-EXACT	HIGH_INDIVIDUALLY_REVIEWED	PRESENT	PROPOSED_INTERNAL_MILESTONE	Iohannes autem sumens	latin-book10-num173	"{""stable_id"": ""latin-book10-num173"", ""paragraph"": 37, ""xpath"": ""/*/*[2]/*/*[2]/*[9]/*[5]"", ""text_node_path"": ""/TEI[1]/text[1]/body[1]/div1[1]/div2[9]/p[5]/cb[1]/tail()"", ""node_offset"": 118, ""unit_offset"": 469, ""book_offset"": 46169, ""raw_byte"": 54014, ""left"": ""uenisse iudicantes et relinquentes eum illos coeperant ad iohannem secontulerunt, ismahel itaque cum uiris octo regem aminitarum. "", ""right"": ""Iohannes autem sumens quos de manibus eripuerat ismahel et eunuchos et mulieres et infantes uenit ad quendam locum quem cau lus appelant et illo die ibi mansit. Deliberauerant autem ut inde surgentes abirent in aegyptum metuentes ne oes bab"", ""parsed_unit_sha256"": ""942dbf65a6170d897be56953ad79f36681c63ff148c5a0f40d65cffe67c2aed3"", ""raw_unit_sha256"": ""1b26fe0eb11a20b818d5cab8e1682ac7c60baff9124e5d9a02b3a0ece380d212""}"	"{""stable_id"": ""greek-book10-num173"", ""paragraph"": 38, ""xpath"": ""/*/*/*/*[2]/*[2]/*[37]"", ""text_node_path"": ""/TEI[1]/text[1]/body[1]/div1[1]/div2[2]/p[37]/num[3]/tail()"", ""node_offset"": 1, ""unit_offset"": 522, ""book_offset"": 48517, ""raw_byte"": 101306, ""left"": ""αταλιπόντες τὸν αἰχμαλωτίσαντα πρὸς Ἰωάννην ἀνεχώρησαν. Ἰσμάηλος μὲν οὖν μετ᾽ ἀνδρῶν ὀκτὼ φεύγει πρὸς τὸν τῶν Ἀμμανιτῶν βασιλέα.  "", ""right"": ""ὁ δὲ Ἰωάννης παραλαβὼν οὓς ἀνέσωσεν ἐκ τῶν Ἰσμαήλου χειρῶν καὶ τοὺς εὐνούχους καὶ τὰς γυναῖκας καὶ τὰ νήπια εἴς τινα τόπον Μάνδρα λεγόμενον παραγίνεται. καὶ τὴν μὲν ἡμέραν ἐκείνην ἐπέμεινεν αὐτόθι, διεγνώκεισαν δ᾽ ἐκεῖθεν ἄραντες εἰς Αἴγυπτ"", ""parsed_unit_sha256"": ""6244100542aa660a025af1d1606e5f600de05fa43975e32e0e33caec8a6d7464"", ""raw_unit_sha256"": ""856aa898d89ac3d8bba6ff866bd8591a2a361a0fdebb4e5c9d87c56854e2cf2e""}"	46485	Iohannes autem sumens begins removal of the rescued group after Ishmael's escape.	False	True
10	176	EXACT	HIGH	PRESENT	INHERITED_START	et dum in tali consilio permanerent, pitierunt hie	latin-book10-num176	"{""stable_id"": ""latin-book10-num176"", ""paragraph"": 38, ""xpath"": ""/*/*[2]/*/*[2]/*[9]/*[6]"", ""text_node_path"": ""/TEI[1]/text[1]/body[1]/div1[1]/div2[9]/p[6]/num[1]/tail()"", ""node_offset"": 1, ""unit_offset"": 1, ""book_offset"": 46485, ""raw_byte"": 54394, ""left"": ""nde surgentes abirent in aegyptum metuentes ne oes babylonii perimerent propter godoliae mortem qui ab eis dux fuerat institutus, "", ""right"": ""et dum in tali consilio permanerent, pitierunt hieremiam prophetam iohannes et principes qui cum eo erant ut deum consuleret, quatenus eis mangustia constitutis quid deberent facere demonstraret. Cumque propheta oraturum se pro eis apud deu"", ""parsed_unit_sha256"": ""208c88e16d8426f41eb52917d82bb32e57dc19b7cfde8991471b8ce0998101a1"", ""raw_unit_sha256"": ""38c337a9437e7c99ab62817ff42f2c4e1910000b9f73e3ba6f7e1c8561781ee1""}"	"{""stable_id"": ""greek-book10-num176"", ""paragraph"": 39, ""xpath"": ""/*/*/*/*[2]/*[2]/*[38]"", ""text_node_path"": ""/TEI[1]/text[1]/body[1]/div1[1]/div2[2]/p[38]/num[1]/tail()"", ""node_offset"": 1, ""unit_offset"": 1, ""book_offset"": 48910, ""raw_byte"": 102168, ""left"": ""ὴ κτείνωσιν αὐτοὺς οἱ Βαβυλώνιοι μείναντας ἐν τῇ χώρᾳ ὑπὲρ Γαδαλία τοῦ κατασταθέντος ὑπ᾽ αὐτῶν ἡγεμόνος ὀργισθέντες πεφονευμένου. "", ""right"": ""Ὄντων δ᾽ ἐπὶ ταύτης τῆς βουλῆς προσίασιν Ἱερεμίᾳ τῷ προφήτῃ Ἰωάννης ὁ τοῦ Καρίου καὶ οἱ ἡγεμόνες οἱ σὺν αὐτῷ παρακαλοῦντες δεηθῆναι τοῦ θεοῦ, ὅπως ἀμηχανοῦσιν αὐτοῖς περὶ τοῦ τί χρὴ ποιεῖν τοῦτ᾽ αὐτοῖς ὑποδείξῃ, ὀμόσαντες ποιήσειν ὅ τι ἂν α"", ""parsed_unit_sha256"": ""500d5442e2e38fb175c7899a0a9804b30cd3cbd06e6404101c77bae4600e4fbc"", ""raw_unit_sha256"": ""1b7bb08eb8c52508d79d5ec5df986e15e67d5b8916cb288fe8311fce5dbbcb8f""}"	46681	Independent printed Greek start and individually read Latin counterpart agree.	False	True
10	177	INTERNAL-BUT-EXACT	HIGH_INDIVIDUALLY_REVIEWED	PRESENT	PROPOSED_INTERNAL_MILESTONE	Cumque propheta oraturum	latin-book10-num176	"{""stable_id"": ""latin-book10-num176"", ""paragraph"": 38, ""xpath"": ""/*/*[2]/*/*[2]/*[9]/*[6]"", ""text_node_path"": ""/TEI[1]/text[1]/body[1]/div1[1]/div2[9]/p[6]/num[1]/tail()"", ""node_offset"": 197, ""unit_offset"": 197, ""book_offset"": 46681, ""raw_byte"": 54590, ""left"": "" iohannes et principes qui cum eo erant ut deum consuleret, quatenus eis mangustia constitutis quid deberent facere demonstraret. "", ""right"": ""Cumque propheta oraturum se pro eis apud deum conpromisset post dies decem apparuit eis deus dicens ut indicaret iohanni et principibus suis et universis quoniam consistentibus eis in illa prouintia ferre prouidentia diuina solatium et a ba"", ""parsed_unit_sha256"": ""208c88e16d8426f41eb52917d82bb32e57dc19b7cfde8991471b8ce0998101a1"", ""raw_unit_sha256"": ""38c337a9437e7c99ab62817ff42f2c4e1910000b9f73e3ba6f7e1c8561781ee1""}"	"{""stable_id"": ""greek-book10-num176"", ""paragraph"": 39, ""xpath"": ""/*/*/*/*[2]/*[2]/*[38]"", ""text_node_path"": ""/TEI[1]/text[1]/body[1]/div1[1]/div2[2]/p[38]/num[2]/tail()"", ""node_offset"": 1, ""unit_offset"": 263, ""book_offset"": 49172, ""raw_byte"": 102708, ""left"": ""τοῦ θεοῦ, ὅπως ἀμηχανοῦσιν αὐτοῖς περὶ τοῦ τί χρὴ ποιεῖν τοῦτ᾽ αὐτοῖς ὑποδείξῃ, ὀμόσαντες ποιήσειν ὅ τι ἂν αὐτοῖς Ἱερεμίας εἴπῃ.  "", ""right"": ""ὑποσχομένου δὲ τοῦ προφήτου διακονήσειν αὐτοῖς πρὸς τὸν θεὸν συνέβη μετὰ δέκα ἡμέρας αὐτῷ φανέντα τὸν θεὸν εἰπεῖν δηλῶσαι Ἰωάννῃ καὶ τοῖς ἄλλοις ἡγεμόσι καὶ τῷ λαῷ παντί, ὅτι ‘μένουσι μὲν αὐτοῖς ἐν ἐκείνῃ τῇ χώρᾳ παρέσται καὶ πρόνοιαν ἕξει "", ""parsed_unit_sha256"": ""500d5442e2e38fb175c7899a0a9804b30cd3cbd06e6404101c77bae4600e4fbc"", ""raw_unit_sha256"": ""1b7bb08eb8c52508d79d5ec5df986e15e67d5b8916cb288fe8311fce5dbbcb8f""}"	47081	Cumque propheta oraturum begins the promise and ten-day answer after the people's inquiry.	False	True
10	178	INTERNAL-BUT-EXACT	HIGH_INDIVIDUALLY_REVIEWED	PRESENT	PROPOSED_INTERNAL_MILESTONE	Hec cum dixisset	latin-book10-num176	"{""stable_id"": ""latin-book10-num176"", ""paragraph"": 38, ""xpath"": ""/*/*[2]/*/*[2]/*[9]/*[6]"", ""text_node_path"": ""/TEI[1]/text[1]/body[1]/div1[1]/div2[9]/p[6]/num[1]/tail()"", ""node_offset"": 597, ""unit_offset"": 597, ""book_offset"": 47081, ""raw_byte"": 54990, ""left"": ""e inle sos. Proficiscentes autem in aegyptum perituros et ab aegyptiis illa passuros quae olim frates eorum constante est passos. "", ""right"": ""Hec cum dixisset iohanni et populo deum propheta predicere non ei credebant quia deus eos prouintiam habitare preceperat, sed ut prestaret baruch suo discipulo mentiretur quidem de diuino mandato. Suaderet autem eis ibi manere ut a babyloni"", ""parsed_unit_sha256"": ""208c88e16d8426f41eb52917d82bb32e57dc19b7cfde8991471b8ce0998101a1"", ""raw_unit_sha256"": ""38c337a9437e7c99ab62817ff42f2c4e1910000b9f73e3ba6f7e1c8561781ee1""}"	"{""stable_id"": ""greek-book10-num176"", ""paragraph"": 39, ""xpath"": ""/*/*/*/*[2]/*[2]/*[38]"", ""text_node_path"": ""/TEI[1]/text[1]/body[1]/div1[1]/div2[2]/p[38]/num[3]/tail()"", ""node_offset"": 1, ""unit_offset"": 683, ""book_offset"": 49592, ""raw_byte"": 103556, ""left"": ""ῖς, πορευομένους δὲ εἰς Αἴγυπτον ἀπολείψει καὶ ταὐτὰ διαθήσει ὀργισθείς, ἃ καὶ τοὺς ἀδελφοὺς αὑτῶν ἔμπροσθεν οἴδατε πεπονθότας.’  "", ""right"": ""ταῦτα εἰπὼν τῷ Ἰωάννῃ καὶ τῷ λαῷ τὸν θεὸν αὐτοῖς προλέγειν ὁ προφήτης οὐκ ἐπιστεύετο, ὡς κατὰ ἐντολὴν τὴν ἐκείνου μένειν αὐτοὺς ἐν τῇ χώρᾳ κελεύει, χαριζόμενον δὲ Βαρούχῳ τῷ ἰδίῳ μαθητῇ καταψεύδεσθαι μὲν τοῦ θεοῦ, πείθειν δὲ μένειν αὐτόθι, "", ""parsed_unit_sha256"": ""500d5442e2e38fb175c7899a0a9804b30cd3cbd06e6404101c77bae4600e4fbc"", ""raw_unit_sha256"": ""1b7bb08eb8c52508d79d5ec5df986e15e67d5b8916cb288fe8311fce5dbbcb8f""}"	47336	Hec cum dixisset begins disbelief and the Baruch allegation after the warning.	False	True
10	179	INTERNAL-BUT-EXACT	HIGH_INDIVIDUALLY_REVIEWED	PRESENT	PROPOSED_INTERNAL_MILESTONE	Populus et iohannes	latin-book10-num176	"{""stable_id"": ""latin-book10-num176"", ""paragraph"": 38, ""xpath"": ""/*/*[2]/*/*[2]/*[9]/*[6]"", ""text_node_path"": ""/TEI[1]/text[1]/body[1]/div1[1]/div2[9]/p[6]/num[1]/tail()"", ""node_offset"": 852, ""unit_offset"": 852, ""book_offset"": 47336, ""raw_byte"": 55245, ""left"": "" ut prestaret baruch suo discipulo mentiretur quidem de diuino mandato. Suaderet autem eis ibi manere ut a babyloniis interirent. "", ""right"": ""Populus et iohannes non oboedientes consilio dei quo eos monuerat propheta discesserunt ab aegyptum dicentes et hieremiam pariter et baruch, dumque illic essent indicauit prophetae diuinitas uenturum regem babyloniorum ad eagyptum iussit ut"", ""parsed_unit_sha256"": ""208c88e16d8426f41eb52917d82bb32e57dc19b7cfde8991471b8ce0998101a1"", ""raw_unit_sha256"": ""38c337a9437e7c99ab62817ff42f2c4e1910000b9f73e3ba6f7e1c8561781ee1""}"	"{""stable_id"": ""greek-book10-num176"", ""paragraph"": 39, ""xpath"": ""/*/*/*/*[2]/*[2]/*[38]"", ""text_node_path"": ""/TEI[1]/text[1]/body[1]/div1[1]/div2[2]/p[38]/num[4]/tail()"", ""node_offset"": 1, ""unit_offset"": 961, ""book_offset"": 49870, ""raw_byte"": 104120, ""left"": ""χαριζόμενον δὲ Βαρούχῳ τῷ ἰδίῳ μαθητῇ καταψεύδεσθαι μὲν τοῦ θεοῦ, πείθειν δὲ μένειν αὐτόθι, ὡς ἂν ὑπὸ τῶν Βαβυλωνίων διαφθαρῶσι.  "", ""right"": ""παρακούσας οὖν ὅ τε λαὸς καὶ Ἰωάννης τῆς τοῦ θεοῦ συμβουλίας, ἣν αὐτοῖς διὰ τοῦ προφήτου παρῄνεσεν, ἀπῆρεν εἰς τὴν Αἴγυπτον ἄγων καὶ τὸν Ἱερεμίαν καὶ τὸν Βαροῦχον. Γενομένων δὲ αὐτῶν ἐκεῖ σημαίνει τὸ θεῖον τῷ προφήτῃ μέλλοντα στρατεύειν ἐπὶ"", ""parsed_unit_sha256"": ""500d5442e2e38fb175c7899a0a9804b30cd3cbd06e6404101c77bae4600e4fbc"", ""raw_unit_sha256"": ""1b7bb08eb8c52508d79d5ec5df986e15e67d5b8916cb288fe8311fce5dbbcb8f""}"	47477	Populus et iohannes begins disobedient departure after the alleged Babylonian betrayal.	False	True
10	180	EXACT	HIGH	PRESENT	INHERITED_START	dumque illic essent indicauit prophetae diuinitas 	latin-book10-num180	"{""stable_id"": ""latin-book10-num180"", ""paragraph"": 39, ""xpath"": ""/*/*[2]/*/*[2]/*[9]/*[7]"", ""text_node_path"": ""/TEI[1]/text[1]/body[1]/div1[1]/div2[9]/p[7]/num[1]/tail()"", ""node_offset"": 1, ""unit_offset"": 1, ""book_offset"": 47477, ""raw_byte"": 55451, ""left"": ""iohannes non oboedientes consilio dei quo eos monuerat propheta discesserunt ab aegyptum dicentes et hieremiam pariter et baruch, "", ""right"": ""dumque illic essent indicauit prophetae diuinitas uenturum regem babyloniorum ad eagyptum iussit ut predicere populo aegypti uenturam captiuitatem et quia alio quidem eorum occideret, alios captiuos sumens in babylonia perduceret et haec it"", ""parsed_unit_sha256"": ""ca19171f802f50ab6a62e3a2cc69098904339a83a7b19ea20f0d11c15cec2a10"", ""raw_unit_sha256"": ""6e07922b7f82f4c635b5dd465b7aa6d48c15bd71fad735ef74e8f292ccb2194a""}"	"{""stable_id"": ""greek-book10-num180"", ""paragraph"": 40, ""xpath"": ""/*/*/*/*[2]/*[2]/*[39]"", ""text_node_path"": ""/TEI[1]/text[1]/body[1]/div1[1]/div2[2]/p[39]/num[1]/tail()"", ""node_offset"": 1, ""unit_offset"": 1, ""book_offset"": 50034, ""raw_byte"": 104531, ""left"": ""ης τῆς τοῦ θεοῦ συμβουλίας, ἣν αὐτοῖς διὰ τοῦ προφήτου παρῄνεσεν, ἀπῆρεν εἰς τὴν Αἴγυπτον ἄγων καὶ τὸν Ἱερεμίαν καὶ τὸν Βαροῦχον. "", ""right"": ""Γενομένων δὲ αὐτῶν ἐκεῖ σημαίνει τὸ θεῖον τῷ προφήτῃ μέλλοντα στρατεύειν ἐπὶ τοὺς Αἰγυπτίους τὸν βασιλέα τῶν Βαβυλωνίων, καὶ προειπεῖν ἐκέλευε τῷ λαῷ τήν τε ἅλωσιν τῆς Αἰγύπτου, καὶ ὅτι τοὺς μὲν αὐτῶν ἀποκτενεῖ, τοὺς δὲ αἰχμαλώτους λαβὼν εἰ"", ""parsed_unit_sha256"": ""ed34119a7b044b54afad7936719bded69e426fbe83adaa4cadfb38145ee8ee33"", ""raw_unit_sha256"": ""d8e9fb2ece37d4d615fe461c4ef522cc94818a47a069b3531c1a774f9ab1a16d""}"	47707	Independent printed Greek start and individually read Latin counterpart agree.	False	True
10	181	INTERNAL-BUT-EXACT	HIGH_INDIVIDUALLY_REVIEWED	PRESENT	PROPOSED_INTERNAL_MILESTONE	et haec ita conpleta est	latin-book10-num180	"{""stable_id"": ""latin-book10-num180"", ""paragraph"": 39, ""xpath"": ""/*/*[2]/*/*[2]/*[9]/*[7]"", ""text_node_path"": ""/TEI[1]/text[1]/body[1]/div1[1]/div2[9]/p[7]/num[1]/tail()"", ""node_offset"": 231, ""unit_offset"": 231, ""book_offset"": 47707, ""raw_byte"": 55681, ""left"": ""predicere populo aegypti uenturam captiuitatem et quia alio quidem eorum occideret, alios captiuos sumens in babylonia perduceret "", ""right"": ""et haec ita conpleta est. Quinto siquidem anno captiuitatis hiersolimorum qui est tertius et uicesimus regni nabochodonosor castra metatus est. Idem nabuchodonosor in inferiori syria eamque detinens expugnauit et ammanitas et moabitas. Cumq"", ""parsed_unit_sha256"": ""ca19171f802f50ab6a62e3a2cc69098904339a83a7b19ea20f0d11c15cec2a10"", ""raw_unit_sha256"": ""6e07922b7f82f4c635b5dd465b7aa6d48c15bd71fad735ef74e8f292ccb2194a""}"	"{""stable_id"": ""greek-book10-num180"", ""paragraph"": 40, ""xpath"": ""/*/*/*/*[2]/*[2]/*[39]"", ""text_node_path"": ""/TEI[1]/text[1]/body[1]/div1[1]/div2[2]/p[39]/num[2]/tail()"", ""node_offset"": 1, ""unit_offset"": 259, ""book_offset"": 50292, ""raw_byte"": 105055, ""left"": ""ειπεῖν ἐκέλευε τῷ λαῷ τήν τε ἅλωσιν τῆς Αἰγύπτου, καὶ ὅτι τοὺς μὲν αὐτῶν ἀποκτενεῖ, τοὺς δὲ αἰχμαλώτους λαβὼν εἰς Βαβυλῶνα ἄξει.  "", ""right"": ""καὶ ταῦτα συνέβη: τῷ γὰρ πέμπτῳ τῆς Ἱεροσολύμων πορθήσεως ἔτει, ὅ ἐστι τρίτον καὶ εἰκοστὸν τῆς Ναβουχοδονοσόρου βασιλείας, στρατεύει Ναβουχοδονόσορος ἐπὶ τὴν κοίλην Συρίαν, καὶ κατασχὼν αὐτὴν ἐπολέμησε καὶ Μωαβίταις καὶ Ἀμμανίταις.  ποιησάμ"", ""parsed_unit_sha256"": ""ed34119a7b044b54afad7936719bded69e426fbe83adaa4cadfb38145ee8ee33"", ""raw_unit_sha256"": ""d8e9fb2ece37d4d615fe461c4ef522cc94818a47a069b3531c1a774f9ab1a16d""}"	47943	et haec ita conpleta begins fulfilment and dated campaign after the prediction.	False	True
10	182	INTERNAL-BUT-EXACT	HIGH_INDIVIDUALLY_REVIEWED	PRESENT	PROPOSED_INTERNAL_MILESTONE	Cumque subdidisset	latin-book10-num180	"{""stable_id"": ""latin-book10-num180"", ""paragraph"": 39, ""xpath"": ""/*/*[2]/*/*[2]/*[9]/*[7]"", ""text_node_path"": ""/TEI[1]/text[1]/body[1]/div1[1]/div2[9]/p[7]/num[1]/tail()"", ""node_offset"": 467, ""unit_offset"": 467, ""book_offset"": 47943, ""raw_byte"": 55917, ""left"": ""ni nabochodonosor castra metatus est. Idem nabuchodonosor in inferiori syria eamque detinens expugnauit et ammanitas et moabitas. "", ""right"": ""Cumque subdidisset has gentes perrexit ad aegyptum eamque subuertit et regem quidem qui tunc erat occidit. Alium que ei in ea constituens denuo videos captiuos duxit in babyloniam et ebraeorum quidem genus huius moditer minum eufraten trans"", ""parsed_unit_sha256"": ""ca19171f802f50ab6a62e3a2cc69098904339a83a7b19ea20f0d11c15cec2a10"", ""raw_unit_sha256"": ""6e07922b7f82f4c635b5dd465b7aa6d48c15bd71fad735ef74e8f292ccb2194a""}"	"{""stable_id"": ""greek-book10-num180"", ""paragraph"": 40, ""xpath"": ""/*/*/*/*[2]/*[2]/*[39]"", ""text_node_path"": ""/TEI[1]/text[1]/body[1]/div1[1]/div2[2]/p[39]/num[3]/tail()"", ""node_offset"": 1, ""unit_offset"": 492, ""book_offset"": 50525, ""raw_byte"": 105524, ""left"": ""ονοσόρου βασιλείας, στρατεύει Ναβουχοδονόσορος ἐπὶ τὴν κοίλην Συρίαν, καὶ κατασχὼν αὐτὴν ἐπολέμησε καὶ Μωαβίταις καὶ Ἀμμανίταις.  "", ""right"": ""ποιησάμενος δὲ ὑπήκοα ταῦτα τὰ ἔθνη ἐνέβαλεν εἰς τὴν Αἴγυπτον καταστρεψόμενος αὐτήν, καὶ τὸν μὲν τότε βασιλέα κτείνει, καταστήσας δὲ ἕτερον τοὺς ἐν αὐτῇ πάλιν Ἰουδαίους αἰχμαλωτίσας ἤγαγεν εἰς Βαβυλῶνα.  καὶ τὸ μὲν Ἑβραίων γένος ἐν τοιούτῳ "", ""parsed_unit_sha256"": ""ed34119a7b044b54afad7936719bded69e426fbe83adaa4cadfb38145ee8ee33"", ""raw_unit_sha256"": ""d8e9fb2ece37d4d615fe461c4ef522cc94818a47a069b3531c1a774f9ab1a16d""}"	48123	Cumque subdidisset begins the Egyptian invasion after Moab/Ammon subjection.	False	True
10	183	INTERNAL-BUT-EXACT	HIGH_INDIVIDUALLY_REVIEWED	PRESENT	PROPOSED_INTERNAL_MILESTONE	et ebraeorum quidem	latin-book10-num180	"{""stable_id"": ""latin-book10-num180"", ""paragraph"": 39, ""xpath"": ""/*/*[2]/*/*[2]/*[9]/*[7]"", ""text_node_path"": ""/TEI[1]/text[1]/body[1]/div1[1]/div2[9]/p[7]/cb[1]/tail()"", ""node_offset"": 173, ""unit_offset"": 647, ""book_offset"": 48123, ""raw_byte"": 56162, ""left"": "" eamque subuertit et regem quidem qui tunc erat occidit. Alium que ei in ea constituens denuo videos captiuos duxit in babyloniam "", ""right"": ""et ebraeorum quidem genus huius moditer minum eufraten transisse percepsimus. Igitur per assyri corruit populus decem tribuum de samaria cum regnaret apud eos osias deinde tribuum multitudo nabuchodonosor rege babyloniorum et chaldeorum cap"", ""parsed_unit_sha256"": ""ca19171f802f50ab6a62e3a2cc69098904339a83a7b19ea20f0d11c15cec2a10"", ""raw_unit_sha256"": ""6e07922b7f82f4c635b5dd465b7aa6d48c15bd71fad735ef74e8f292ccb2194a""}"	"{""stable_id"": ""greek-book10-num180"", ""paragraph"": 40, ""xpath"": ""/*/*/*/*[2]/*[2]/*[39]"", ""text_node_path"": ""/TEI[1]/text[1]/body[1]/div1[1]/div2[2]/p[39]/num[4]/tail()"", ""node_offset"": 1, ""unit_offset"": 696, ""book_offset"": 50729, ""raw_byte"": 105938, ""left"": ""νος αὐτήν, καὶ τὸν μὲν τότε βασιλέα κτείνει, καταστήσας δὲ ἕτερον τοὺς ἐν αὐτῇ πάλιν Ἰουδαίους αἰχμαλωτίσας ἤγαγεν εἰς Βαβυλῶνα.  "", ""right"": ""καὶ τὸ μὲν Ἑβραίων γένος ἐν τοιούτῳ τέλει γενόμενον παρειλήφαμεν δὶς ἐλθὸν πέραν Εὐφράτου: ὑπὸ Ἀσσυρίων μὲν γὰρ ἐξέπεσεν ὁ τῶν δέκα φυλῶν λαὸς ἀπὸ Σαμαρείας βασιλεύοντος αὐτῶν Ὠσήου, ἔπειτα τῶν δύο φυλῶν ὑπὸ Ναβουχοδονοσόρου τοῦ τῶν Βαβυλων"", ""parsed_unit_sha256"": ""ed34119a7b044b54afad7936719bded69e426fbe83adaa4cadfb38145ee8ee33"", ""raw_unit_sha256"": ""d8e9fb2ece37d4d615fe461c4ef522cc94818a47a069b3531c1a774f9ab1a16d""}"	48393	et ebraeorum quidem begins the retrospective double deportation after the Egyptian captives.	False	True
10	184	INTERNAL-BUT-EXACT	HIGH_INDIVIDUALLY_REVIEWED	PRESENT	PROPOSED_INTERNAL_MILESTONE	salamanases transmigrans	latin-book10-num180	"{""stable_id"": ""latin-book10-num180"", ""paragraph"": 39, ""xpath"": ""/*/*[2]/*/*[2]/*[9]/*[7]"", ""text_node_path"": ""/TEI[1]/text[1]/body[1]/div1[1]/div2[9]/p[7]/cb[1]/tail()"", ""node_offset"": 443, ""unit_offset"": 917, ""book_offset"": 48393, ""raw_byte"": 56432, ""left"": "" regnaret apud eos osias deinde tribuum multitudo nabuchodonosor rege babyloniorum et chaldeorum captis hierosolimis est uastata, "", ""right"": ""salamanases transmigrans israelitas in eorum regionem instituit, ut eorum gentem, qui prius in interiori parte perfide et mediae morabantur. Tunc tamen samaritae uocati sunt uocabulum prouintiae sumentes in qua habitare uidebantur. Babyloni"", ""parsed_unit_sha256"": ""ca19171f802f50ab6a62e3a2cc69098904339a83a7b19ea20f0d11c15cec2a10"", ""raw_unit_sha256"": ""6e07922b7f82f4c635b5dd465b7aa6d48c15bd71fad735ef74e8f292ccb2194a""}"	"{""stable_id"": ""greek-book10-num180"", ""paragraph"": 40, ""xpath"": ""/*/*/*/*[2]/*[2]/*[39]"", ""text_node_path"": ""/TEI[1]/text[1]/body[1]/div1[1]/div2[2]/p[39]/num[5]/tail()"", ""node_offset"": 1, ""unit_offset"": 1005, ""book_offset"": 51038, ""raw_byte"": 106560, ""left"": ""ου, ἔπειτα τῶν δύο φυλῶν ὑπὸ Ναβουχοδονοσόρου τοῦ τῶν Βαβυλωνίων βασιλέως καὶ τῶν Χαλδαίων ὃς ὑπελείφθη τῶν Ἱεροσολύμων ἁλόντων.  "", ""right"": ""Σαλμανάσσης μὲν οὖν ἀναστήσας τοὺς Ἰσραηλίτας κατῴκισεν ἀντ᾽ αὐτῶν τὸ τῶν Χουθαίων ἔθνος, οἳ πρότερον ἐνδοτέρω τῆς Περσίδος καὶ τῆς Μηδίας ἦσαν, τότε μέντοι Σαμαρεῖς ἐκλήθησαν τὴν τῆς χώρας εἰς ἣν κατῳκίσθησαν προσηγορίαν ἀναλαβόντες: ὁ δὲ "", ""parsed_unit_sha256"": ""ed34119a7b044b54afad7936719bded69e426fbe83adaa4cadfb38145ee8ee33"", ""raw_unit_sha256"": ""d8e9fb2ece37d4d615fe461c4ef522cc94818a47a069b3531c1a774f9ab1a16d""}"	48824	salamanases transmigrans begins the replacement population after Jerusalem's deportation summary.	False	True
10	185	INTERNAL-BUT-EXACT	HIGH_INDIVIDUALLY_REVIEWED	PRESENT	PROPOSED_INTERNAL_MILESTONE	omnis siquidem tempus	latin-book10-num180	"{""stable_id"": ""latin-book10-num180"", ""paragraph"": 39, ""xpath"": ""/*/*[2]/*/*[2]/*[9]/*[7]"", ""text_node_path"": ""/TEI[1]/text[1]/body[1]/div1[1]/div2[9]/p[7]/cb[1]/tail()"", ""node_offset"": 874, ""unit_offset"": 1348, ""book_offset"": 48824, ""raw_byte"": 56863, ""left"": ""aliam in eorum fecit habitare prouintia, et propterea desolata omni iudaea et hierosolima et templum annis septuaginta, permansit "", ""right"": ""omnis siquidem tempus a captiuitate israelitarum usque ad duarum tribuum migrationem fuit annorum centum et triginta mensium sex, dierum quindecim. Porro rex babyloniorum nabuchodonosor sumens omnes iudeorum nobiliores et congnatos regis eo"", ""parsed_unit_sha256"": ""ca19171f802f50ab6a62e3a2cc69098904339a83a7b19ea20f0d11c15cec2a10"", ""raw_unit_sha256"": ""6e07922b7f82f4c635b5dd465b7aa6d48c15bd71fad735ef74e8f292ccb2194a""}"	"{""stable_id"": ""greek-book10-num180"", ""paragraph"": 40, ""xpath"": ""/*/*/*/*[2]/*[2]/*[39]"", ""text_node_path"": ""/TEI[1]/text[1]/body[1]/div1[1]/div2[2]/p[39]/num[6]/tail()"", ""node_offset"": 1, ""unit_offset"": 1426, ""book_offset"": 51459, ""raw_byte"": 107405, ""left"": ""ν ἔθνος εἰς τὴν χώραν αὐτῶν κατῴκισε καὶ διὰ τοῦτο ἔρημος ἡ Ἰουδαία πᾶσα καὶ Ἱεροσόλυμα καὶ ὁ ναὸς διέμεινεν ἔτεσιν ἑβδομήκοντα.  "", ""right"": ""τὸν δὲ σύμπαντα χρόνον, ὃς ἀπὸ τῆς τῶν Ἰσραηλιτῶν αἰχμαλωσίας ἐπὶ τὴν τῶν δύο φυλῶν ἀνάστασιν ἐληλύθει, ἑκατὸν ἔτη καὶ τριάκοντα καὶ μῆνας ἓξ καὶ δέκα ἡμέρας συνέβη γενέσθαι. Ὁ δὲ τῶν Βαβυλωνίων βασιλεὺς Ναβουχοδονόσορος τοὺς εὐγενεστάτους "", ""parsed_unit_sha256"": ""ed34119a7b044b54afad7936719bded69e426fbe83adaa4cadfb38145ee8ee33"", ""raw_unit_sha256"": ""d8e9fb2ece37d4d615fe461c4ef522cc94818a47a069b3531c1a774f9ab1a16d""}"	48972	omnis siquidem tempus begins the interval between captivities after the seventy-year desolation.	False	True
10	186	EXACT	HIGH	PRESENT	INHERITED_START	Porro rex babyloniorum nabuchodonosor sumens omnes	latin-book10-num186	"{""stable_id"": ""latin-book10-num186"", ""paragraph"": 40, ""xpath"": ""/*/*[2]/*/*[2]/*[10]/*[1]"", ""text_node_path"": ""/TEI[1]/text[1]/body[1]/div1[1]/div2[10]/p[1]/num[1]/tail()"", ""node_offset"": 1, ""unit_offset"": 1, ""book_offset"": 48972, ""raw_byte"": 57118, ""left"": ""pus a captiuitate israelitarum usque ad duarum tribuum migrationem fuit annorum centum et triginta mensium sex, dierum quindecim. "", ""right"": ""Porro rex babyloniorum nabuchodonosor sumens omnes iudeorum nobiliores et congnatos regis eorum sedechiae qui et puritate corporum et aspectu pulchritudine resplendebant pedago gis eos pro diligentia exhibenda exhibenda contraditit eosque c"", ""parsed_unit_sha256"": ""9fcbb5dd514678e427b5d07031071dfcc712a7a55b793b5985715521d67672d1"", ""raw_unit_sha256"": ""a88e25b451b8aae0389db1d0d7c47b8fa57614d97ec3eb1309d5c7795e008a68""}"	"{""stable_id"": ""greek-book10-num186"", ""paragraph"": 41, ""xpath"": ""/*/*/*/*[2]/*[2]/*[40]"", ""text_node_path"": ""/TEI[1]/text[1]/body[1]/div1[1]/div2[2]/p[40]/num[1]/tail()"", ""node_offset"": 1, ""unit_offset"": 1, ""book_offset"": 51634, ""raw_byte"": 107837, ""left"": ""ιτῶν αἰχμαλωσίας ἐπὶ τὴν τῶν δύο φυλῶν ἀνάστασιν ἐληλύθει, ἑκατὸν ἔτη καὶ τριάκοντα καὶ μῆνας ἓξ καὶ δέκα ἡμέρας συνέβη γενέσθαι. "", ""right"": ""Ὁ δὲ τῶν Βαβυλωνίων βασιλεὺς Ναβουχοδονόσορος τοὺς εὐγενεστάτους λαβὼν τῶν Ἰουδαίων παῖδας καὶ τοὺς Σαχχίου τοῦ βασιλέως αὐτῶν συγγενεῖς, οἳ καὶ ταῖς ἀκμαῖς τῶν σωμάτων καὶ ταῖς εὐμορφίαις τῶν ὄψεων ἦσαν περίβλεπτοι, παιδαγωγοῖς καὶ τῇ δι᾽ "", ""parsed_unit_sha256"": ""99fb46a863463a47f81b2293220580eb72660ad912b3eeaa4a5e1d2c375c7561"", ""raw_unit_sha256"": ""c730da688eeaaa0e6e82ca9dc0d00b1055b93b4130aa94e20317c7c85ead9c0b""}"	49221	Independent printed Greek start and individually read Latin counterpart agree.	False	True
10	187	INTERNAL-BUT-EXACT	HIGH_INDIVIDUALLY_REVIEWED	PRESENT	PROPOSED_INTERNAL_MILESTONE	quod etiam eis	latin-book10-num186	"{""stable_id"": ""latin-book10-num186"", ""paragraph"": 40, ""xpath"": ""/*/*[2]/*/*[2]/*[10]/*[1]"", ""text_node_path"": ""/TEI[1]/text[1]/body[1]/div1[1]/div2[10]/p[1]/corr[1]/tail()"", ""node_offset"": 30, ""unit_offset"": 250, ""book_offset"": 49221, ""raw_byte"": 57380, ""left"": ""te corporum et aspectu pulchritudine resplendebant pedago gis eos pro diligentia exhibenda exhibenda contraditit eosque castrauit "", ""right"": ""quod etiam eis quoque quos coeperat exalus gentibus quas uastane rat cum essent in aetatis huius pulchiritu dine constituti decisse dinoscitur iussitque eis ministrari demensa sua cibos et erudiri prouintialibus litteris pariter et chaldeis"", ""parsed_unit_sha256"": ""9fcbb5dd514678e427b5d07031071dfcc712a7a55b793b5985715521d67672d1"", ""raw_unit_sha256"": ""a88e25b451b8aae0389db1d0d7c47b8fa57614d97ec3eb1309d5c7795e008a68""}"	"{""stable_id"": ""greek-book10-num186"", ""paragraph"": 41, ""xpath"": ""/*/*/*/*[2]/*[2]/*[40]"", ""text_node_path"": ""/TEI[1]/text[1]/body[1]/div1[1]/div2[2]/p[40]/num[2]/tail()"", ""node_offset"": 1, ""unit_offset"": 298, ""book_offset"": 51931, ""raw_byte"": 108439, ""left"": ""ν καὶ ταῖς εὐμορφίαις τῶν ὄψεων ἦσαν περίβλεπτοι, παιδαγωγοῖς καὶ τῇ δι᾽ αὐτῶν θεραπείᾳ παραδίδωσι ποιήσας τινὰς αὐτῶν ἐκτομίας:  "", ""right"": ""τὸ δ᾽ αὐτὸ καὶ τοὺς ἄλλων ἐθνῶν ὅσα κατεστρέψατο ληφθέντας ἐν ὥρᾳ τῆς ἡλικίας διαθεὶς ἐχορήγει μὲν αὐτοῖς τὰ ἀπὸ τῆς τραπέζης αὐτοῦ εἰς δίαιταν, ἐπαίδευε δὲ καὶ τὰ ἐπιχώρια καὶ τὰ τῶν Χαλδαίων ἐξεδίδασκε γράμματα: ἦσαν δὲ οὗτοι σοφίαν ἱκανο"", ""parsed_unit_sha256"": ""99fb46a863463a47f81b2293220580eb72660ad912b3eeaa4a5e1d2c375c7561"", ""raw_unit_sha256"": ""c730da688eeaaa0e6e82ca9dc0d00b1055b93b4130aa94e20317c7c85ead9c0b""}"	49538	quod etiam eis quoque begins extension of court training to other peoples after the Jewish royal youths.	False	True
10	188	INTERNAL-BUT-EXACT	HIGH_INDIVIDUALLY_REVIEWED	PRESENT	PROPOSED_INTERNAL_MILESTONE	in quos erant	latin-book10-num186	"{""stable_id"": ""latin-book10-num186"", ""paragraph"": 40, ""xpath"": ""/*/*[2]/*/*[2]/*[10]/*[1]"", ""text_node_path"": ""/TEI[1]/text[1]/body[1]/div1[1]/div2[10]/p[1]/corr[1]/tail()"", ""node_offset"": 347, ""unit_offset"": 567, ""book_offset"": 49538, ""raw_byte"": 57697, ""left"": ""t erudiri prouintialibus litteris pariter et chaldeis Erant autem isti sapientia quidem idonei habentes autem exercitium potiorum "", ""right"": ""in quos erant aliquid degenere sedechiae quattuor optimi et natura benigni. Alius quidem daniel, alius autem annanias alius misahel quartus autem uocabatur azarias. Horum babyloniorum rex nomina commutauit et aliis iussit appellari uocabuli"", ""parsed_unit_sha256"": ""9fcbb5dd514678e427b5d07031071dfcc712a7a55b793b5985715521d67672d1"", ""raw_unit_sha256"": ""a88e25b451b8aae0389db1d0d7c47b8fa57614d97ec3eb1309d5c7795e008a68""}"	"{""stable_id"": ""greek-book10-num186"", ""paragraph"": 41, ""xpath"": ""/*/*/*/*[2]/*[2]/*[40]"", ""text_node_path"": ""/TEI[1]/text[1]/body[1]/div1[1]/div2[2]/p[40]/num[3]/tail()"", ""node_offset"": 1, ""unit_offset"": 569, ""book_offset"": 52202, ""raw_byte"": 108992, ""left"": ""αν, ἐπαίδευε δὲ καὶ τὰ ἐπιχώρια καὶ τὰ τῶν Χαλδαίων ἐξεδίδασκε γράμματα: ἦσαν δὲ οὗτοι σοφίαν ἱκανοὶ περὶ ἣν ἐκέλευε διατρίβειν.  "", ""right"": ""ἦσαν δ᾽ ἐν τούτοις τῶν ἐκ τοῦ Σαχχίου γένους τέσσαρες καλοί τε καὶ ἀγαθοὶ τὰς φύσεις, ὧν ὁ μὲν Δανίηλος ἐκαλεῖτο, ὁ δὲ Ἀνανίας, ὁ δὲ Μισάηλος, ὁ δὲ τέταρτος Ἀζαρίας. τούτους ὁ Βαβυλώνιος μετωνόμασε καὶ χρῆσθαι προσέταξεν ἑτέροις ὀνόμασι.  κ"", ""parsed_unit_sha256"": ""99fb46a863463a47f81b2293220580eb72660ad912b3eeaa4a5e1d2c375c7561"", ""raw_unit_sha256"": ""c730da688eeaaa0e6e82ca9dc0d00b1055b93b4130aa94e20317c7c85ead9c0b""}"	49780	in quos erant begins the four named youths after the educational preparation.	False	True
10	189	INTERNAL-BUT-EXACT	HIGH_INDIVIDUALLY_REVIEWED	PRESENT	PROPOSED_INTERNAL_MILESTONE	et danielem quidem	latin-book10-num186	"{""stable_id"": ""latin-book10-num186"", ""paragraph"": 40, ""xpath"": ""/*/*[2]/*/*[2]/*[10]/*[1]"", ""text_node_path"": ""/TEI[1]/text[1]/body[1]/div1[1]/div2[10]/p[1]/corr[1]/tail()"", ""node_offset"": 589, ""unit_offset"": 809, ""book_offset"": 49780, ""raw_byte"": 57939, ""left"": ""anias alius misahel quartus autem uocabatur azarias. Horum babyloniorum rex nomina commutauit et aliis iussit appellari uocabulis "", ""right"": ""et danielem quidem uocabat baldazarananiam uero sidrach, misahel autem misach azariam uero abdenago. Hos autem rex cum esset nimis ingeniosi et circa litterum doctrinas assidui habebat in honore et dilecti precipua. Placuitque danihel cum c"", ""parsed_unit_sha256"": ""9fcbb5dd514678e427b5d07031071dfcc712a7a55b793b5985715521d67672d1"", ""raw_unit_sha256"": ""a88e25b451b8aae0389db1d0d7c47b8fa57614d97ec3eb1309d5c7795e008a68""}"	"{""stable_id"": ""greek-book10-num186"", ""paragraph"": 41, ""xpath"": ""/*/*/*/*[2]/*[2]/*[40]"", ""text_node_path"": ""/TEI[1]/text[1]/body[1]/div1[1]/div2[2]/p[40]/num[4]/tail()"", ""node_offset"": 1, ""unit_offset"": 808, ""book_offset"": 52441, ""raw_byte"": 109467, ""left"": ""ῖτο, ὁ δὲ Ἀνανίας, ὁ δὲ Μισάηλος, ὁ δὲ τέταρτος Ἀζαρίας. τούτους ὁ Βαβυλώνιος μετωνόμασε καὶ χρῆσθαι προσέταξεν ἑτέροις ὀνόμασι.  "", ""right"": ""καὶ τὸν μὲν Δανίηλον ἐκάλουν Βαλτάσαρον, τὸν δ᾽ Ἀνανίαν Σεδράχην, Μισάηλον δὲ Μισάχην, τὸν δ᾽ Ἀζαρίαν Ἀβδεναγώ. τούτους ὁ βασιλεὺς δι᾽ ὑπερβολὴν εὐφυΐας καὶ σπουδῆς τῆς περὶ τὴν παίδευσιν καὶ σοφίας ἐν προκοπῇ γενομένους εἶχεν ἐν τιμῇ καὶ σ"", ""parsed_unit_sha256"": ""99fb46a863463a47f81b2293220580eb72660ad912b3eeaa4a5e1d2c375c7561"", ""raw_unit_sha256"": ""c730da688eeaaa0e6e82ca9dc0d00b1055b93b4130aa94e20317c7c85ead9c0b""}"	49996	et danielem quidem begins assigned names after the renaming instruction.	False	True
10	190	EXACT	HIGH	PRESENT	INHERITED_START	Placuitque danihel cum cognatis suis ut se a cibis	latin-book10-num190	"{""stable_id"": ""latin-book10-num190"", ""paragraph"": 41, ""xpath"": ""/*/*[2]/*/*[2]/*[10]/*[2]"", ""text_node_path"": ""/TEI[1]/text[1]/body[1]/div1[1]/div2[10]/p[2]/num[1]/tail()"", ""node_offset"": 1, ""unit_offset"": 1, ""book_offset"": 49996, ""raw_byte"": 58271, ""left"": ""uero abdenago. Hos autem rex cum esset nimis ingeniosi et circa litterum doctrinas assidui habebat in honore et dilecti precipua. "", ""right"": ""Placuitque danihel cum cognatis suis ut se a cibis regiae mensae suspenderent, et ab omnibus animatis generaliter abstinerent, et accedentes ad archan eunuchum cui eorum diligentia fuerat a rege commissa rogauerunt eum ut ea quae rex uisser"", ""parsed_unit_sha256"": ""322cecc6e426c09dd3bbc198d60910810cef6486f6e31792a721c3cdb6a3ca03"", ""raw_unit_sha256"": ""30c330ff77a07506cc57666b4f1ff4e59af8d109217b4e65a305f92eb225a47d""}"	"{""stable_id"": ""greek-book10-num190"", ""paragraph"": 42, ""xpath"": ""/*/*/*/*[2]/*[2]/*[41]"", ""text_node_path"": ""/TEI[1]/text[1]/body[1]/div1[1]/div2[2]/p[41]/num[1]/tail()"", ""node_offset"": 1, ""unit_offset"": 1, ""book_offset"": 52698, ""raw_byte"": 110054, ""left"": ""εὺς δι᾽ ὑπερβολὴν εὐφυΐας καὶ σπουδῆς τῆς περὶ τὴν παίδευσιν καὶ σοφίας ἐν προκοπῇ γενομένους εἶχεν ἐν τιμῇ καὶ στέργων διετέλει. "", ""right"": ""Δόξαν δὲ Δανιήλῳ μετὰ τῶν συγγενῶν σκληραγωγεῖν ἑαυτὸν καὶ τῶν ἀπὸ τῆς βασιλικῆς τραπέζης ἐδεσμάτων ἀπέχεσθαι καὶ καθόλου πάντων τῶν ἐμψύχων, προσελθὼν Ἀσχάνῃ τῷ τὴν ἐπιμέλειαν αὐτῶν ἐμπεπιστευμένῳ εὐνούχῳ τὰ μὲν παρὰ τοῦ βασιλέως αὐτοῖς κο"", ""parsed_unit_sha256"": ""3a50320aabc0f701b3499b56ad90c56fb24ec1921c29d1dc746bc58131f19cd6"", ""raw_unit_sha256"": ""20c03da5f799255a7a634a81e3584a7c1749cfdec8b010bb2c0eba288dc4dcd7""}"	50401	Independent printed Greek start and individually read Latin counterpart agree.	False	True
10	191	INTERNAL-BUT-EXACT	HIGH_INDIVIDUALLY_REVIEWED	PRESENT	PROPOSED_INTERNAL_MILESTONE	Ille uero paratum	latin-book10-num190	"{""stable_id"": ""latin-book10-num190"", ""paragraph"": 41, ""xpath"": ""/*/*[2]/*/*[2]/*[10]/*[2]"", ""text_node_path"": ""/TEI[1]/text[1]/body[1]/div1[1]/div2[10]/p[2]/num[1]/tail()"", ""node_offset"": 406, ""unit_offset"": 406, ""book_offset"": 50401, ""raw_byte"": 58676, ""left"": ""is legum comedenda preberet uel quid inanimatum uelled ad istos cibos se esse dicentes deditos et ad alios sibi ualde contrarios. "", ""right"": ""Ille uero paratum quidem se esse dicebat eorum uoluntatibus oboedire, sed metuere regem ne per corporis maciem uultusque mutationem proderentur regi eo quod abd aepulis abstinerent dicens esse consequens ut pro qualitate ciborum eorum quoqu"", ""parsed_unit_sha256"": ""322cecc6e426c09dd3bbc198d60910810cef6486f6e31792a721c3cdb6a3ca03"", ""raw_unit_sha256"": ""30c330ff77a07506cc57666b4f1ff4e59af8d109217b4e65a305f92eb225a47d""}"	"{""stable_id"": ""greek-book10-num190"", ""paragraph"": 42, ""xpath"": ""/*/*/*/*[2]/*[2]/*[41]"", ""text_node_path"": ""/TEI[1]/text[1]/body[1]/div1[1]/div2[2]/p[41]/num[2]/tail()"", ""node_offset"": 1, ""unit_offset"": 459, ""book_offset"": 53156, ""raw_byte"": 110976, ""left"": "" εἰς διατροφὴν καὶ εἴ τι τῶν ἀψύχων ἕτερον βούλοιτο: πρὸς γὰρ τὴν τοιαύτην δίαιταν αὐτοὺς κεκινῆσθαι, τῆς δ᾽ ἑτέρας περιφρονεῖν.  "", ""right"": ""ὁ δ᾽ εἶναι μὲν ἕτοιμος ἔλεγεν ὑπηρετεῖν αὐτῶν τῇ προαιρέσει, ὑφορᾶσθαι δέ, μὴ κατάδηλοι τῷ βασιλεῖ γενηθέντες ἐκ τῆς τῶν σωμάτων ἰσχνότητος καὶ τῆς τροπῆς τῶν χαρακτήρων, συμμεταβάλλειν γὰρ αὐτοῖς ἀνάγκη τὰ σώματα καὶ τὰς χρόας ἅμα τῇ διαίτ"", ""parsed_unit_sha256"": ""3a50320aabc0f701b3499b56ad90c56fb24ec1921c29d1dc746bc58131f19cd6"", ""raw_unit_sha256"": ""20c03da5f799255a7a634a81e3584a7c1749cfdec8b010bb2c0eba288dc4dcd7""}"	50770	Ille uero paratum begins the steward's qualified consent after the dietary request.	False	True
10	192	INTERNAL-BUT-EXACT	HIGH_INDIVIDUALLY_REVIEWED	PRESENT	PROPOSED_INTERNAL_MILESTONE	Dum igitur archanis	latin-book10-num190	"{""stable_id"": ""latin-book10-num190"", ""paragraph"": 41, ""xpath"": ""/*/*[2]/*/*[2]/*[10]/*[2]"", ""text_node_path"": ""/TEI[1]/text[1]/body[1]/div1[1]/div2[10]/p[2]/add[1]/tail()"", ""node_offset"": 210, ""unit_offset"": 775, ""book_offset"": 50770, ""raw_byte"": 59086, ""left"": ""ue coleret corpora mutarentur et dum alii pueri bene refecti a rege uiderentur isti ei periculi et supplicii auctorem existerent. "", ""right"": ""Dum igitur archanis formidinem hanc haberet persuaserunt ei ut pro experimento decim diebus, haec ministraret illis et dum habitus eorum corporis minime uerteretur ad peius in his sine dubio permanerent tamquam ex hoc ledi non possent, si u"", ""parsed_unit_sha256"": ""322cecc6e426c09dd3bbc198d60910810cef6486f6e31792a721c3cdb6a3ca03"", ""raw_unit_sha256"": ""30c330ff77a07506cc57666b4f1ff4e59af8d109217b4e65a305f92eb225a47d""}"	"{""stable_id"": ""greek-book10-num190"", ""paragraph"": 42, ""xpath"": ""/*/*/*/*[2]/*[2]/*[41]"", ""text_node_path"": ""/TEI[1]/text[1]/body[1]/div1[1]/div2[2]/p[41]/num[3]/tail()"", ""node_offset"": 1, ""unit_offset"": 802, ""book_offset"": 53499, ""raw_byte"": 111664, ""left"": "" καὶ τὰς χρόας ἅμα τῇ διαίτῃ, καὶ μάλιστα τῶν ἄλλων παίδων εὐπαθούντων ἐλεγχθέντες αἴτιοι κινδύνου καὶ τιμωρίας αὐτῷ καταστῶσιν.  "", ""right"": ""ἔχοντα τοίνυν πρὸς τοῦτ᾽ εὐλαβῶς τὸν Ἀσχάνην πείθουσιν ἐπὶ δέκα ἡμέρας ταῦτα παρασχεῖν αὐτοῖς πείρας ἕνεκα καὶ μὴ μεταβαλούσης μὲν αὐτοῖς τῆς τῶν σωμάτων ἕξεως ἐπιμένειν τοῖς αὐτοῖς, ὡς οὐδὲν ἔτι εἰς αὐτὴν βλαβησομένων, εἰ δὲ μειωθέντας ἴδο"", ""parsed_unit_sha256"": ""3a50320aabc0f701b3499b56ad90c56fb24ec1921c29d1dc746bc58131f19cd6"", ""raw_unit_sha256"": ""20c03da5f799255a7a634a81e3584a7c1749cfdec8b010bb2c0eba288dc4dcd7""}"	51094	Dum igitur archanis begins the ten-day trial after the steward's fear.	False	True
10	193	INTERNAL-BUT-EXACT	HIGH_INDIVIDUALLY_REVIEWED	PRESENT	PROPOSED_INTERNAL_MILESTONE	quos dum non solum	latin-book10-num190	"{""stable_id"": ""latin-book10-num190"", ""paragraph"": 41, ""xpath"": ""/*/*[2]/*/*[2]/*[10]/*[2]"", ""text_node_path"": ""/TEI[1]/text[1]/body[1]/div1[1]/div2[10]/p[2]/add[1]/tail()"", ""node_offset"": 534, ""unit_offset"": 1099, ""book_offset"": 51094, ""raw_byte"": 59410, ""left"": ""manerent tamquam ex hoc ledi non possent, si uero eius subtiliores inspicere et deteriores ab aliis ad propria conuiua reuocaret, "", ""right"": ""quos dum non solum cibus ille non noceret sed etiam magis quam aliorum pinguiora atque deteriora eorum corpora reperiret, ita ut illi quibus regalia conuiuia preparabantur inferiores essent. Danihel autem et qui cum eo erant crederentur in "", ""parsed_unit_sha256"": ""322cecc6e426c09dd3bbc198d60910810cef6486f6e31792a721c3cdb6a3ca03"", ""raw_unit_sha256"": ""30c330ff77a07506cc57666b4f1ff4e59af8d109217b4e65a305f92eb225a47d""}"	"{""stable_id"": ""greek-book10-num190"", ""paragraph"": 42, ""xpath"": ""/*/*/*/*[2]/*[2]/*[41]"", ""text_node_path"": ""/TEI[1]/text[1]/body[1]/div1[1]/div2[2]/p[41]/num[4]/tail()"", ""node_offset"": 1, ""unit_offset"": 1114, ""book_offset"": 53811, ""raw_byte"": 112298, ""left"": "" ὡς οὐδὲν ἔτι εἰς αὐτὴν βλαβησομένων, εἰ δὲ μειωθέντας ἴδοι καὶ κάκιον τῶν ἄλλων ἔχοντας, ἐπὶ τὴν προτέραν αὐτοὺς δίαιταν ἄγειν.  "", ""right"": ""ὡς δὲ οὐ μόνον οὐδὲν αὐτοὺς ἐλύπει τὴν τροφὴν ἐκείνην προσφερομένους, ἀλλὰ καὶ τῶν ἄλλων εὐτραφέστεροι τὰ σώματα καὶ μείζονες ἐγίνοντο, ὡς τοὺς μὲν ἐνδεεστέρους ὑπολαμβάνειν οἷς τὴν βασιλικὴν συνέβαινεν εἶναι χορηγίαν, τοὺς δὲ μετὰ τοῦ Δανι"", ""parsed_unit_sha256"": ""3a50320aabc0f701b3499b56ad90c56fb24ec1921c29d1dc746bc58131f19cd6"", ""raw_unit_sha256"": ""20c03da5f799255a7a634a81e3584a7c1749cfdec8b010bb2c0eba288dc4dcd7""}"	51517	quos dum non solum begins the bodily result after the trial conditions; preserve deteriora despite the differing Greek description.	False	True
10	194	INTERNAL-BUT-EXACT	HIGH_INDIVIDUALLY_REVIEWED	PRESENT	PROPOSED_INTERNAL_MILESTONE	At illi dum	latin-book10-num190	"{""stable_id"": ""latin-book10-num190"", ""paragraph"": 41, ""xpath"": ""/*/*[2]/*/*[2]/*[10]/*[2]"", ""text_node_path"": ""/TEI[1]/text[1]/body[1]/div1[1]/div2[10]/p[2]/add[2]/tail()"", ""node_offset"": 117, ""unit_offset"": 1522, ""book_offset"": 51517, ""raw_byte"": 59874, ""left"": ""citer archanmis eaquidem quae demensa regis cotidie illis pueris mittebantur ipse sumebat et illis quae detenta sunt minista bat. "", ""right"": ""At illi dum et animae eorum propter hoc essent limpide et ad doctrinas euectae corpora que ad laborem acta consisterent. Non enim uat animas hebetes habebant et prociborum uarietate confusas aut corpora per easdem epulas molliora omnes uelo"", ""parsed_unit_sha256"": ""322cecc6e426c09dd3bbc198d60910810cef6486f6e31792a721c3cdb6a3ca03"", ""raw_unit_sha256"": ""30c330ff77a07506cc57666b4f1ff4e59af8d109217b4e65a305f92eb225a47d""}"	"{""stable_id"": ""greek-book10-num190"", ""paragraph"": 42, ""xpath"": ""/*/*/*/*[2]/*[2]/*[41]"", ""text_node_path"": ""/TEI[1]/text[1]/body[1]/div1[1]/div2[2]/p[41]/num[5]/tail()"", ""node_offset"": 1, ""unit_offset"": 1556, ""book_offset"": 54253, ""raw_byte"": 113188, ""left"": ""άνης ἃ μὲν ἀπὸ τοῦ δείπνου καθ᾽ ἡμέραν συνήθως ἔπεμπε τοῖς παισὶν ὁ βασιλεὺς αὐτὸς ἐλάμβανεν, ἐχορήγει δ᾽ αὐτοῖς τὰ προειρημένα.  "", ""right"": ""οἱ δὲ ὡς καὶ τῶν ψυχῶν αὐτοῖς διὰ τοῦτο καθαρῶν καὶ πρὸς τὴν παιδείαν ἀκραιφνῶν γεγενημένων καὶ τῶν σωμάτων πρὸς φιλοπονίαν εὐτονωτέρων, οὔτε γὰρ ἐκείνας ἐφείλκοντο καὶ βαρείας εἶχον ὑπὸ τροφῆς ποικίλης οὔτε ταῦτα μαλακώτερα διὰ τὴν αὐτὴν α"", ""parsed_unit_sha256"": ""3a50320aabc0f701b3499b56ad90c56fb24ec1921c29d1dc746bc58131f19cd6"", ""raw_unit_sha256"": ""20c03da5f799255a7a634a81e3584a7c1749cfdec8b010bb2c0eba288dc4dcd7""}"	51959	At illi dum et animae begins clarity and fitness for study after the food arrangement.	False	True
10	195	EXACT	HIGH	PRESENT	INHERITED_START	Igitur post annum secundum aegyptiace uastationis 	latin-book10-num195	"{""stable_id"": ""latin-book10-num195"", ""paragraph"": 42, ""xpath"": ""/*/*[2]/*/*[2]/*[10]/*[3]"", ""text_node_path"": ""/TEI[1]/text[1]/body[1]/div1[1]/div2[10]/p[3]/num[1]/tail()"", ""node_offset"": 1, ""unit_offset"": 1, ""book_offset"": 51959, ""raw_byte"": 60486, ""left"": ""daeos precipue tamen danihel sapientia erat idoneus et ad somniorum interpretationes expertus eique reuelabatur aperte diuinitas. "", ""right"": ""Igitur post annum secundum aegyptiace uastationis rex nabucodonosor uidit somnium ualde mirabile cuius explanationem ipse ei persomnium deus apæruit quidum euigilans oblitus mox uocauit chaldaeos et magos atque diuinos seque dixit uidisse o"", ""parsed_unit_sha256"": ""e9485d4b9dac6bcd521780c35121ac84a626eee6d54d6ec836ffde382f05d88a"", ""raw_unit_sha256"": ""b262cee297b8c6bee0878462df0ada8a555eb741033452895f5a18a56d0ecaff""}"	"{""stable_id"": ""greek-book10-num195"", ""paragraph"": 43, ""xpath"": ""/*/*/*/*[2]/*[2]/*[42]"", ""text_node_path"": ""/TEI[1]/text[1]/body[1]/div1[1]/div2[2]/p[42]/num[1]/tail()"", ""node_offset"": 1, ""unit_offset"": 1, ""book_offset"": 54699, ""raw_byte"": 114156, ""left"": ""αλδαίοις. μάλιστα δὲ Δανίηλος ἱκανῶς ἤδη σοφίας ἐμπείρως ἔχων περὶ κρίσεις ὀνείρων ἐσπουδάκει, καὶ τὸ θεῖον αὐτῷ φανερὸν ἐγίνετο. "", ""right"": ""Μετὰ δ᾽ ἔτος δεύτερον τῆς Αἰγύπτου πορθήσεως ὁ βασιλεὺς Ναβουχοδονόσορος ὄναρ ἰδὼν θαυμαστόν, οὗ τὴν ἔκβασιν κατὰ τοὺς ὕπνους αὐτὸς αὐτῷ ἐδήλωσεν ὁ θεός, τούτου μὲν ἐπιλανθάνεται διαναστὰς ἐκ τῆς κοίτης, μεταπεμψάμενος δὲ τοὺς Χαλδαίους καὶ"", ""parsed_unit_sha256"": ""5f6024fe25c4375068bb843e2de314f78fbb9a949994bcd869b68fd7791288a9"", ""raw_unit_sha256"": ""fe89cb304a7aed1c4898b14a2bcfcc6d55a07821e47ca4765272fb8fa4cf83f1""}"	52312	Independent printed Greek start and individually read Latin counterpart agree.	False	True
10	196	INTERNAL-BUT-EXACT	HIGH_INDIVIDUALLY_REVIEWED	PRESENT	PROPOSED_INTERNAL_MILESTONE	Illis uero dicentibus	latin-book10-num195	"{""stable_id"": ""latin-book10-num195"", ""paragraph"": 42, ""xpath"": ""/*/*[2]/*/*[2]/*[10]/*[3]"", ""text_node_path"": ""/TEI[1]/text[1]/body[1]/div1[1]/div2[10]/p[3]/unclear[1]/tail()"", ""node_offset"": 316, ""unit_offset"": 354, ""book_offset"": 52312, ""raw_byte"": 60880, ""left"": ""e dixit uidisse omnium et expositionem eius, et haec simul oblitum iussitque ut diceret et somnium et quod significare uideretur. "", ""right"": ""Illis uero dicentibus hoc inuenire esse hominibus inpossibile sed si uisionem exponeret somnii explanationem ab eis audiret. Inter minatus est eis mortem nisi somnium eius dicerent, et dum faterentur non posse quod iubebat fieri omnes una p"", ""parsed_unit_sha256"": ""e9485d4b9dac6bcd521780c35121ac84a626eee6d54d6ec836ffde382f05d88a"", ""raw_unit_sha256"": ""b262cee297b8c6bee0878462df0ada8a555eb741033452895f5a18a56d0ecaff""}"	"{""stable_id"": ""greek-book10-num195"", ""paragraph"": 43, ""xpath"": ""/*/*/*/*[2]/*[2]/*[42]"", ""text_node_path"": ""/TEI[1]/text[1]/body[1]/div1[1]/div2[2]/p[42]/num[2]/tail()"", ""node_offset"": 1, ""unit_offset"": 420, ""book_offset"": 55118, ""raw_byte"": 114991, ""left"": ""ακὼς ἔλεγεν αὐτοῖς, καὶ τὸ συμβεβηκὸς περὶ τὴν λήθην ὧν εἶδε μηνύων ἐκέλευεν αὐτοὺς λέγειν, ὅτι τε ἦν τὸ ὄναρ καὶ τί τὸ σημεῖον.  "", ""right"": ""τῶν δὲ ἀδύνατον εἶναι λεγόντων ἀνθρώποις τοῦτο εὑρεῖν, εἰ δὲ αὐτοῖς ἐκθοῖτο τὴν ὄψιν τοῦ ἐνυπνίου φράσειν τὸ σημεῖον ὑποσχομένων, θάνατον ἠπείλησεν αὐτοῖς, εἰ μὴ τὸ ὄναρ εἴποιεν, προσέταξε τε πάντας αὐτοὺς ἀναιρεθῆναι ποιῆσαι τὸ κελευσθὲν ὁ"", ""parsed_unit_sha256"": ""5f6024fe25c4375068bb843e2de314f78fbb9a949994bcd869b68fd7791288a9"", ""raw_unit_sha256"": ""fe89cb304a7aed1c4898b14a2bcfcc6d55a07821e47ca4765272fb8fa4cf83f1""}"	52569	Illis uero dicentibus begins the experts' response after the demand to reveal the dream.	False	True
10	197	INTERNAL-BUT-EXACT	HIGH_INDIVIDUALLY_REVIEWED	PRESENT	PROPOSED_INTERNAL_MILESTONE	Danihel autem audiens	latin-book10-num195	"{""stable_id"": ""latin-book10-num195"", ""paragraph"": 42, ""xpath"": ""/*/*[2]/*/*[2]/*[10]/*[3]"", ""text_node_path"": ""/TEI[1]/text[1]/body[1]/div1[1]/div2[10]/p[3]/unclear[1]/tail()"", ""node_offset"": 573, ""unit_offset"": 611, ""book_offset"": 52569, ""raw_byte"": 61137, ""left"": ""ter minatus est eis mortem nisi somnium eius dicerent, et dum faterentur non posse quod iubebat fieri omnes una praecepit occidi. "", ""right"": ""Danihel autem audiens quia omnes sapientes rex iussisset interimi inter et ipse cum suis cognatis periculo subiaceret ad quendam arioch cui fuirat principatus commissus super regis armigeros, eumque rogauit ut ei causam ediceret pro quare r"", ""parsed_unit_sha256"": ""e9485d4b9dac6bcd521780c35121ac84a626eee6d54d6ec836ffde382f05d88a"", ""raw_unit_sha256"": ""b262cee297b8c6bee0878462df0ada8a555eb741033452895f5a18a56d0ecaff""}"	"{""stable_id"": ""greek-book10-num195"", ""paragraph"": 43, ""xpath"": ""/*/*/*/*[2]/*[2]/*[42]"", ""text_node_path"": ""/TEI[1]/text[1]/body[1]/div1[1]/div2[2]/p[42]/num[3]/tail()"", ""node_offset"": 1, ""unit_offset"": 687, ""book_offset"": 55385, ""raw_byte"": 115534, ""left"": "" ἠπείλησεν αὐτοῖς, εἰ μὴ τὸ ὄναρ εἴποιεν, προσέταξε τε πάντας αὐτοὺς ἀναιρεθῆναι ποιῆσαι τὸ κελευσθὲν ὁμολογήσαντας μὴ δύνασθαι.  "", ""right"": ""Δανίηλος δ᾽ ἀκούσας, ὅτι προσέταξε πάντας τοὺς σοφοὺς ὁ βασιλεὺς ἀποθανεῖν, ἐν τούτοις δὲ καὶ αὐτὸν μετὰ τῶν συγγενῶν κινδυνεύειν, πρόσεισιν Ἀριόχῃ τῷ τὴν ἐπὶ τῶν σωματοφυλάκων τοῦ βασιλέως ἀρχὴν πεπιστευμένῳ.  δεηθεὶς δὲ παρ᾽ αὐτοῦ τὴν αἰτ"", ""parsed_unit_sha256"": ""5f6024fe25c4375068bb843e2de314f78fbb9a949994bcd869b68fd7791288a9"", ""raw_unit_sha256"": ""fe89cb304a7aed1c4898b14a2bcfcc6d55a07821e47ca4765272fb8fa4cf83f1""}"	52761	Danihel autem audiens begins Daniel's intervention after the execution order.	False	True
10	198	INTERNAL-BUT-EXACT	HIGH_INDIVIDUALLY_REVIEWED	PRESENT	PROPOSED_INTERNAL_MILESTONE	eumque rogauit	latin-book10-num195	"{""stable_id"": ""latin-book10-num195"", ""paragraph"": 42, ""xpath"": ""/*/*[2]/*/*[2]/*[10]/*[3]"", ""text_node_path"": ""/TEI[1]/text[1]/body[1]/div1[1]/div2[10]/p[3]/unclear[1]/tail()"", ""node_offset"": 765, ""unit_offset"": 803, ""book_offset"": 52761, ""raw_byte"": 61329, ""left"": ""imi inter et ipse cum suis cognatis periculo subiaceret ad quendam arioch cui fuirat principatus commissus super regis armigeros, "", ""right"": ""eumque rogauit ut ei causam ediceret pro quare rex omnes sapientes et chaldaeos et magog iussisset occidi. Et dum de somno cognouisset, et quia iussisset rex indicari sibi quam uideret uisionem quod dum non potuissent facere ad suum interit"", ""parsed_unit_sha256"": ""e9485d4b9dac6bcd521780c35121ac84a626eee6d54d6ec836ffde382f05d88a"", ""raw_unit_sha256"": ""b262cee297b8c6bee0878462df0ada8a555eb741033452895f5a18a56d0ecaff""}"	"{""stable_id"": ""greek-book10-num195"", ""paragraph"": 43, ""xpath"": ""/*/*/*/*[2]/*[2]/*[42]"", ""text_node_path"": ""/TEI[1]/text[1]/body[1]/div1[1]/div2[2]/p[42]/num[4]/tail()"", ""node_offset"": 1, ""unit_offset"": 898, ""book_offset"": 55596, ""raw_byte"": 115964, ""left"": ""ύτοις δὲ καὶ αὐτὸν μετὰ τῶν συγγενῶν κινδυνεύειν, πρόσεισιν Ἀριόχῃ τῷ τὴν ἐπὶ τῶν σωματοφυλάκων τοῦ βασιλέως ἀρχὴν πεπιστευμένῳ.  "", ""right"": ""δεηθεὶς δὲ παρ᾽ αὐτοῦ τὴν αἰτίαν μαθεῖν, δι᾽ ἣν ὁ βασιλεὺς πάντας εἴη προστεταχὼς ἀναιρεθῆναι τοὺς σοφοὺς καὶ Χαλδαίους καὶ μάγους, καὶ μαθὼν τὸ περὶ τὸ ἐνύπνιον καὶ ὅτι κελευσθέντες ὑπὸ τοῦ βασιλέως τοῦτ᾽ αὐτῷ δηλοῦν ἐπιλελησμένῳ φήσαντες "", ""parsed_unit_sha256"": ""5f6024fe25c4375068bb843e2de314f78fbb9a949994bcd869b68fd7791288a9"", ""raw_unit_sha256"": ""fe89cb304a7aed1c4898b14a2bcfcc6d55a07821e47ca4765272fb8fa4cf83f1""}"	53193	eumque rogauit begins the request for the cause after Arioch's office.	False	True
10	199	INTERNAL-BUT-EXACT	HIGH_INDIVIDUALLY_REVIEWED	PRESENT	PROPOSED_INTERNAL_MILESTONE	Arioch uero nuntiauit	latin-book10-num195	"{""stable_id"": ""latin-book10-num195"", ""paragraph"": 42, ""xpath"": ""/*/*[2]/*/*[2]/*[10]/*[3]"", ""text_node_path"": ""/TEI[1]/text[1]/body[1]/div1[1]/div2[10]/p[3]/corr[1]/tail()"", ""node_offset"": 89, ""unit_offset"": 1235, ""book_offset"": 53193, ""raw_byte"": 61809, ""left"": ""unam noctem peteret ut a magorum magnorum nece se retineret sperare dicens quod ea nocte supplicans deo somnium regis agnosceret. "", ""right"": ""Arioch uero nuntiauit regi quas posceret danihel. Tunc ille puer cum suis cognatis ad habitaculum proprium uenientes tota nocte rogauit deum ut ei somnium indicaret, ne magi et chaldaei et inter eos illi perirent sed ut eos potus abira regi"", ""parsed_unit_sha256"": ""e9485d4b9dac6bcd521780c35121ac84a626eee6d54d6ec836ffde382f05d88a"", ""raw_unit_sha256"": ""b262cee297b8c6bee0878462df0ada8a555eb741033452895f5a18a56d0ecaff""}"	"{""stable_id"": ""greek-book10-num195"", ""paragraph"": 43, ""xpath"": ""/*/*/*/*[2]/*[2]/*[42]"", ""text_node_path"": ""/TEI[1]/text[1]/body[1]/div1[1]/div2[2]/p[42]/num[5]/tail()"", ""node_offset"": 1, ""unit_offset"": 1350, ""book_offset"": 56048, ""raw_byte"": 116872, ""left"": ""αν αἰτήσασθαι νύκτα τοῖς μάγοις καὶ ταύτῃ τὴν ἀναίρεσιν ἐπισχεῖν: ἐλπίζειν γὰρ δι᾽ αὐτῆς δεηθεὶς τοῦ θεοῦ γνώσεσθαι τὸ ἐνύπνιον.  "", ""right"": ""ὁ δὲ Ἀριόχης ταῦτ᾽ ἀπήγγειλε τῷ βασιλεῖ Δανίηλον ἀξιοῦν. καὶ ὁ μὲν κελεύει τὴν ἀναίρεσιν ἐπισχεῖν τῶν μάγων ἕως γνῷ τὴν ὑπόσχεσιν τὴν Δανιήλου: ὁ δὲ παῖς μετὰ τῶν συγγενῶν ὑποχωρήσας πρὸς ἑαυτὸν δι᾽ ὅλης ἱκετεύει τὸν θεὸν τῆς νυκτὸς γνωρίσα"", ""parsed_unit_sha256"": ""5f6024fe25c4375068bb843e2de314f78fbb9a949994bcd869b68fd7791288a9"", ""raw_unit_sha256"": ""fe89cb304a7aed1c4898b14a2bcfcc6d55a07821e47ca4765272fb8fa4cf83f1""}"	53525	Arioch uero nuntiauit begins the report and prayer after Daniel's request for time; compressed royal response is not reconstructed.	False	True
10	200	INTERNAL-BUT-EXACT	HIGH_INDIVIDUALLY_REVIEWED	PRESENT	PROPOSED_INTERNAL_MILESTONE	deus autem misericordiam	latin-book10-num195	"{""stable_id"": ""latin-book10-num195"", ""paragraph"": 42, ""xpath"": ""/*/*[2]/*/*[2]/*[10]/*[3]"", ""text_node_path"": ""/TEI[1]/text[1]/body[1]/div1[1]/div2[10]/p[3]/unclear[4]/text()"", ""node_offset"": 19, ""unit_offset"": 1567, ""book_offset"": 53525, ""raw_byte"": 62214, ""left"": ""i perirent sed ut eos potus abira regis eriperet atque ostendere uisionem quam reuelatam sibi nocte praeterita noscebatur oblitus "", ""right"": ""deus autem misericordiam habens illorum qui periculo subiacebant simul et danihelem et somnum eius et mo du meius explanationis in notauit ut ab eo rex etiam significaretur cognosceret. Danihel autem a deo sibi reuelata cognoscens gauisus s"", ""parsed_unit_sha256"": ""e9485d4b9dac6bcd521780c35121ac84a626eee6d54d6ec836ffde382f05d88a"", ""raw_unit_sha256"": ""b262cee297b8c6bee0878462df0ada8a555eb741033452895f5a18a56d0ecaff""}"	"{""stable_id"": ""greek-book10-num195"", ""paragraph"": 43, ""xpath"": ""/*/*/*/*[2]/*[2]/*[42]"", ""text_node_path"": ""/TEI[1]/text[1]/body[1]/div1[1]/div2[2]/p[42]/num[6]/tail()"", ""node_offset"": 1, ""unit_offset"": 1819, ""book_offset"": 56517, ""raw_byte"": 117815, ""left"": "" ὀργῆς ἐμφανίσαντα τὴν ὄψιν αὐτῷ καὶ ποιήσαντα δήλην, ἧς ὁ βασιλεὺς ἐπελέληστο διὰ τῆς παρελθούσης νυκτὸς ἰδὼν κατὰ τοὺς ὕπνους.  "", ""right"": ""ὁ δὲ θεὸς ἅμα τούς τε κινδυνεύοντας ἐλεήσας καὶ τὸν Δανίηλον τῆς σοφίας ἀγασάμενος τό τε ὄναρ αὐτῷ γνώριμον ἐποίησε καὶ τὴν κρίσιν, ὡς ἂν καὶ τὸ σημαινόμενον ὁ βασιλεὺς παρ᾽ αὐτοῦ μάθοι.  Δανίηλος δὲ γνοὺς παρὰ τοῦ θεοῦ ταῦτα περιχαρὴς ἀνίσ"", ""parsed_unit_sha256"": ""5f6024fe25c4375068bb843e2de314f78fbb9a949994bcd869b68fd7791288a9"", ""raw_unit_sha256"": ""fe89cb304a7aed1c4898b14a2bcfcc6d55a07821e47ca4765272fb8fa4cf83f1""}"	53711	deus autem misericordiam begins revelation after the night's prayer.	False	True
10	201	INTERNAL-BUT-EXACT	HIGH_INDIVIDUALLY_REVIEWED	PRESENT	PROPOSED_INTERNAL_MILESTONE	Danihel autem a deo	latin-book10-num195	"{""stable_id"": ""latin-book10-num195"", ""paragraph"": 42, ""xpath"": ""/*/*[2]/*/*[2]/*[10]/*[3]"", ""text_node_path"": ""/TEI[1]/text[1]/body[1]/div1[1]/div2[10]/p[3]/unclear[4]/tail()"", ""node_offset"": 1, ""unit_offset"": 1753, ""book_offset"": 53711, ""raw_byte"": 62425, ""left"": ""iacebant simul et danihelem et somnum eius et mo du meius explanationis in notauit ut ab eo rex etiam significaretur cognosceret. "", ""right"": ""Danihel autem a deo sibi reuelata cognoscens gauisus surrexit et hoc fratibus indicans illos quidem qui deuita iam disperauerant et parati uidebantur ad mortem ad securitatem et spem uitae reduxit. Deo autem gratias precipuas egit qui miser"", ""parsed_unit_sha256"": ""e9485d4b9dac6bcd521780c35121ac84a626eee6d54d6ec836ffde382f05d88a"", ""raw_unit_sha256"": ""b262cee297b8c6bee0878462df0ada8a555eb741033452895f5a18a56d0ecaff""}"	"{""stable_id"": ""greek-book10-num195"", ""paragraph"": 43, ""xpath"": ""/*/*/*/*[2]/*[2]/*[42]"", ""text_node_path"": ""/TEI[1]/text[1]/body[1]/div1[1]/div2[2]/p[42]/num[7]/tail()"", ""node_offset"": 1, ""unit_offset"": 2007, ""book_offset"": 56705, ""raw_byte"": 118195, ""left"": ""ον τῆς σοφίας ἀγασάμενος τό τε ὄναρ αὐτῷ γνώριμον ἐποίησε καὶ τὴν κρίσιν, ὡς ἂν καὶ τὸ σημαινόμενον ὁ βασιλεὺς παρ᾽ αὐτοῦ μάθοι.  "", ""right"": ""Δανίηλος δὲ γνοὺς παρὰ τοῦ θεοῦ ταῦτα περιχαρὴς ἀνίσταται καὶ τοῖς ἀδελφοῖς δηλώσας τοὺς μὲν ἀπεγνωκότας ἤδη τοῦ ζῆν καὶ πρὸς τῷ τεθνάναι τὴν διάνοιαν ἔχοντας εἰς εὐθυμίαν καὶ τὰς περὶ τοῦ βίου διήγειρεν ἐλπίδας,  εὐχαριστήσας δὲ τῷ θεῷ μετ"", ""parsed_unit_sha256"": ""5f6024fe25c4375068bb843e2de314f78fbb9a949994bcd869b68fd7791288a9"", ""raw_unit_sha256"": ""fe89cb304a7aed1c4898b14a2bcfcc6d55a07821e47ca4765272fb8fa4cf83f1""}"	53909	Danihel autem a deo begins Daniel's joy and his companions' revived hope after revelation.	False	True
10	202	INTERNAL-BUT-EXACT	HIGH_INDIVIDUALLY_REVIEWED	PRESENT	PROPOSED_INTERNAL_MILESTONE	Deo autem gratias	latin-book10-num195	"{""stable_id"": ""latin-book10-num195"", ""paragraph"": 42, ""xpath"": ""/*/*[2]/*/*[2]/*[10]/*[3]"", ""text_node_path"": ""/TEI[1]/text[1]/body[1]/div1[1]/div2[10]/p[3]/unclear[5]/tail()"", ""node_offset"": 154, ""unit_offset"": 1951, ""book_offset"": 53909, ""raw_byte"": 62658, ""left"": "" fratibus indicans illos quidem qui deuita iam disperauerant et parati uidebantur ad mortem ad securitatem et spem uitae reduxit. "", ""right"": ""Deo autem gratias precipuas egit qui misericordiam diam eorum aetatis habuisset, factoque die uenit ad arioch inpetens ut eum introducere deberet ad regem, ac dicens reuelare somnium quod uiderat transacta nocte narrare. Ingressus igitur ad"", ""parsed_unit_sha256"": ""e9485d4b9dac6bcd521780c35121ac84a626eee6d54d6ec836ffde382f05d88a"", ""raw_unit_sha256"": ""b262cee297b8c6bee0878462df0ada8a555eb741033452895f5a18a56d0ecaff""}"	"{""stable_id"": ""greek-book10-num195"", ""paragraph"": 43, ""xpath"": ""/*/*/*/*[2]/*[2]/*[42]"", ""text_node_path"": ""/TEI[1]/text[1]/body[1]/div1[1]/div2[2]/p[42]/num[8]/tail()"", ""node_offset"": 1, ""unit_offset"": 2221, ""book_offset"": 56919, ""raw_byte"": 118632, ""left"": ""τοὺς μὲν ἀπεγνωκότας ἤδη τοῦ ζῆν καὶ πρὸς τῷ τεθνάναι τὴν διάνοιαν ἔχοντας εἰς εὐθυμίαν καὶ τὰς περὶ τοῦ βίου διήγειρεν ἐλπίδας,  "", ""right"": ""εὐχαριστήσας δὲ τῷ θεῷ μετ᾽ αὐτῶν ἔλεον λαβόντι τῆς ἡλικίας αὐτῶν γενομένης ἡμέρας παραγίνεται πρὸς Ἀριόχην καὶ ἄγειν αὐτὸν ἠξίου πρὸς τὸν βασιλέα: δηλῶσαι γὰρ αὐτῷ βούλεσθαι τὸ ἐνύπνιον, ὅ φησιν ἰδεῖν πρὸ τῆς παρελθούσης νυκτός. Εἰσελθὼν δ"", ""parsed_unit_sha256"": ""5f6024fe25c4375068bb843e2de314f78fbb9a949994bcd869b68fd7791288a9"", ""raw_unit_sha256"": ""fe89cb304a7aed1c4898b14a2bcfcc6d55a07821e47ca4765272fb8fa4cf83f1""}"	54130	Deo autem gratias begins thanksgiving and the approach to Arioch after reassurance.	False	True
10	203	EXACT	HIGH	PRESENT	INHERITED_START	Ingressus igitur ad regem danihel hoc primo poposc	latin-book10-num203	"{""stable_id"": ""latin-book10-num203"", ""paragraph"": 43, ""xpath"": ""/*/*[2]/*/*[2]/*[10]/*[4]"", ""text_node_path"": ""/TEI[1]/text[1]/body[1]/div1[1]/div2[10]/p[4]/num[1]/tail()"", ""node_offset"": 1, ""unit_offset"": 1, ""book_offset"": 54130, ""raw_byte"": 62942, ""left"": ""ie uenit ad arioch inpetens ut eum introducere deberet ad regem, ac dicens reuelare somnium quod uiderat transacta nocte narrare. "", ""right"": ""Ingressus igitur ad regem danihel hoc primo poposcit ne sapientior putaretur ab aliis chaldeis et magis quia dum illi somnium nequaquam inuenire potuissent ipse indicaturus accederet et quando non experimento humano quia maioris studio ment"", ""parsed_unit_sha256"": ""3455ecc499ca39761cda6b00b1376f798277fad93f487d8aea914ba171124f14"", ""raw_unit_sha256"": ""2c31233e5950d9df013b2d00cd40c06170d3c942ddde4f39ddec9a3abe8e2350""}"	"{""stable_id"": ""greek-book10-num203"", ""paragraph"": 44, ""xpath"": ""/*/*/*/*[2]/*[2]/*[43]"", ""text_node_path"": ""/TEI[1]/text[1]/body[1]/div1[1]/div2[2]/p[43]/num[1]/tail()"", ""node_offset"": 1, ""unit_offset"": 1, ""book_offset"": 57149, ""raw_byte"": 119174, ""left"": ""Ἀριόχην καὶ ἄγειν αὐτὸν ἠξίου πρὸς τὸν βασιλέα: δηλῶσαι γὰρ αὐτῷ βούλεσθαι τὸ ἐνύπνιον, ὅ φησιν ἰδεῖν πρὸ τῆς παρελθούσης νυκτός. "", ""right"": ""Εἰσελθὼν δὲ πρὸς τὸν βασιλέα Δανίηλος παρῃτεῖτο πρῶτον μὴ σοφώτερον αὐτὸν δόξαι τῶν ἄλλων Χαλδαίων καὶ μάγων, ὅτι μηδενὸς ἐκείνων τὸ ὄναρ εὑρεῖν δυνηθέντος αὐτὸς αὐτὸ μέλλοι λέγειν: οὐ γὰρ κατ᾽ ἐμπειρίαν οὐδ᾽ ὅτι τὴν διάνοιαν αὐτῶν μᾶλλον ἐ"", ""parsed_unit_sha256"": ""4432a2766df40621d03cdc5b9ca0ad9afe6467dbd729a595f7c25f67620c1bf9"", ""raw_unit_sha256"": ""df9e7259515fc8990bac6f45c6c961eca763a90ba4c366de8236733334710e33""}"	54564	Independent printed Greek start and individually read Latin counterpart agree.	False	True
10	204	INTERNAL-BUT-EXACT	HIGH_INDIVIDUALLY_REVIEWED	PRESENT	PROPOSED_INTERNAL_MILESTONE	Non enim minus	latin-book10-num203	"{""stable_id"": ""latin-book10-num203"", ""paragraph"": 43, ""xpath"": ""/*/*[2]/*/*[2]/*[10]/*[4]"", ""text_node_path"": ""/TEI[1]/text[1]/body[1]/div1[1]/div2[10]/p[4]/add[1]/tail()"", ""node_offset"": 152, ""unit_offset"": 435, ""book_offset"": 54564, ""raw_byte"": 63417, ""left"": ""um qui inmortis uidebamur periculo constituti et mei simul et qui eiusdem sunt geniti somnium et explanationem mihi eius aperuit. "", ""right"": ""Non enim minus pro illis quam pro nobis ipsis vitae terminum te iubente multatis sollicitus eram. Dum utique iniuste uiros bonos et optimos mori praeciperas quos nihil quoque fit humanae sapientiae praecepisti facere sed quod dei solius est"", ""parsed_unit_sha256"": ""3455ecc499ca39761cda6b00b1376f798277fad93f487d8aea914ba171124f14"", ""raw_unit_sha256"": ""2c31233e5950d9df013b2d00cd40c06170d3c942ddde4f39ddec9a3abe8e2350""}"	"{""stable_id"": ""greek-book10-num203"", ""paragraph"": 44, ""xpath"": ""/*/*/*/*[2]/*[2]/*[43]"", ""text_node_path"": ""/TEI[1]/text[1]/body[1]/div1[1]/div2[2]/p[43]/num[2]/tail()"", ""node_offset"": 1, ""unit_offset"": 417, ""book_offset"": 57565, ""raw_byte"": 120015, ""left"": ""θεὸς κινδυνεύοντας ἀποθανεῖν δεηθέντι περί τε τῆς ἐμῆς ψυχῆς καὶ τῶν ὁμοεθνῶν καὶ τὸ ὄναρ καὶ τὴν κρίσιν αὐτοῦ φανερὰν ἐποίησεν.  "", ""right"": ""οὐχ ἧττον γὰρ τῆς ἐφ᾽ ἡμῖν αὐτοῖς καταδικασθεῖσιν ὑπὸ σοῦ μὴ ζῆν λύπης περὶ τῆς σῆς αὐτοῦ δόξης ἐφρόντιζον ἀδίκως οὕτως ἄνδρας καὶ ταῦτα καλοὺς κἀγαθοὺς ἀποθανεῖν κελεύσαντος, οἷς οὐδὲν μὲν ἀνθρωπίνης σοφίας ἐχόμενον προσέταξας, ὃ δ᾽ ἦν θεο"", ""parsed_unit_sha256"": ""4432a2766df40621d03cdc5b9ca0ad9afe6467dbd729a595f7c25f67620c1bf9"", ""raw_unit_sha256"": ""df9e7259515fc8990bac6f45c6c961eca763a90ba4c366de8236733334710e33""}"	54829	Non enim minus begins Daniel's concern for the condemned after disclosure of divine help.	False	True
10	205	INTERNAL-BUT-EXACT	HIGH_INDIVIDUALLY_REVIEWED	PRESENT	PROPOSED_INTERNAL_MILESTONE	tibi siquidem cogitanti	latin-book10-num203	"{""stable_id"": ""latin-book10-num203"", ""paragraph"": 43, ""xpath"": ""/*/*[2]/*/*[2]/*[10]/*[4]"", ""text_node_path"": ""/TEI[1]/text[1]/body[1]/div1[1]/div2[10]/p[4]/unclear[1]/tail()"", ""node_offset"": 194, ""unit_offset"": 700, ""book_offset"": 54829, ""raw_byte"": 63717, ""left"": ""imos mori praeciperas quos nihil quoque fit humanae sapientiae praecepisti facere sed quod dei solius est ab eis exigere uoluisti "", ""right"": ""tibi siquidem cogitanti quis possit totius mundi tenere principatum. Uolens deus regnatur deus ostendere huius modi somnium reuelauit. Uidisti enim statuam ualde proceram. Cuius caput quidem erat aureum, humeri uero et brachia argenta uente"", ""parsed_unit_sha256"": ""3455ecc499ca39761cda6b00b1376f798277fad93f487d8aea914ba171124f14"", ""raw_unit_sha256"": ""2c31233e5950d9df013b2d00cd40c06170d3c942ddde4f39ddec9a3abe8e2350""}"	"{""stable_id"": ""greek-book10-num203"", ""paragraph"": 44, ""xpath"": ""/*/*/*/*[2]/*[2]/*[43]"", ""text_node_path"": ""/TEI[1]/text[1]/body[1]/div1[1]/div2[2]/p[43]/num[3]/tail()"", ""node_offset"": 1, ""unit_offset"": 686, ""book_offset"": 57834, ""raw_byte"": 120570, ""left"": ""λοὺς κἀγαθοὺς ἀποθανεῖν κελεύσαντος, οἷς οὐδὲν μὲν ἀνθρωπίνης σοφίας ἐχόμενον προσέταξας, ὃ δ᾽ ἦν θεοῦ τοῦτο ἀπῄτεις παρ᾽ αὐτῶν.  "", ""right"": ""σοὶ τοίνυν φροντίζοντι περὶ τοῦ τίς ἄρξει τοῦ κόσμου παντὸς μετὰ σέ, κοιμηθέντι βουλόμενος δηλῶσαι πάντας ὁ θεὸς τοὺς βασιλεύσοντας ὄναρ ἔδειξε τοιοῦτον:  ἔδοξας ὁρᾶν ἀνδριάντα μέγαν ἑστῶτα, οὗ τὴν μὲν κεφαλὴν συνέβαινεν εἶναι χρυσῆν, τοὺς "", ""parsed_unit_sha256"": ""4432a2766df40621d03cdc5b9ca0ad9afe6467dbd729a595f7c25f67620c1bf9"", ""raw_unit_sha256"": ""df9e7259515fc8990bac6f45c6c961eca763a90ba4c366de8236733334710e33""}"	54964	tibi siquidem cogitanti begins the reason for the royal dream after the impossible demand.	False	True
10	206	INTERNAL-BUT-EXACT	HIGH_INDIVIDUALLY_REVIEWED	PRESENT	PROPOSED_INTERNAL_MILESTONE	Uidisti enim statuam	latin-book10-num203	"{""stable_id"": ""latin-book10-num203"", ""paragraph"": 43, ""xpath"": ""/*/*[2]/*/*[2]/*[10]/*[4]"", ""text_node_path"": ""/TEI[1]/text[1]/body[1]/div1[1]/div2[10]/p[4]/unclear[2]/tail()"", ""node_offset"": 41, ""unit_offset"": 835, ""book_offset"": 54964, ""raw_byte"": 63887, ""left"": ""siquidem cogitanti quis possit totius mundi tenere principatum. Uolens deus regnatur deus ostendere huius modi somnium reuelauit. "", ""right"": ""Uidisti enim statuam ualde proceram. Cuius caput quidem erat aureum, humeri uero et brachia argenta uenter autem et se mora aerea, crura pedesque ferrei. Deinde uidisti lapidem de monte abruptum cecidisse super statuam eamque prostratam con"", ""parsed_unit_sha256"": ""3455ecc499ca39761cda6b00b1376f798277fad93f487d8aea914ba171124f14"", ""raw_unit_sha256"": ""2c31233e5950d9df013b2d00cd40c06170d3c942ddde4f39ddec9a3abe8e2350""}"	"{""stable_id"": ""greek-book10-num203"", ""paragraph"": 44, ""xpath"": ""/*/*/*/*[2]/*[2]/*[43]"", ""text_node_path"": ""/TEI[1]/text[1]/body[1]/div1[1]/div2[2]/p[43]/num[4]/tail()"", ""node_offset"": 1, ""unit_offset"": 841, ""book_offset"": 57989, ""raw_byte"": 120884, ""left"": ""ρὶ τοῦ τίς ἄρξει τοῦ κόσμου παντὸς μετὰ σέ, κοιμηθέντι βουλόμενος δηλῶσαι πάντας ὁ θεὸς τοὺς βασιλεύσοντας ὄναρ ἔδειξε τοιοῦτον:  "", ""right"": ""ἔδοξας ὁρᾶν ἀνδριάντα μέγαν ἑστῶτα, οὗ τὴν μὲν κεφαλὴν συνέβαινεν εἶναι χρυσῆν, τοὺς δὲ ὤμους καὶ τοὺς βραχίονας ἀργυροῦς, τὴν δὲ γαστέρα καὶ τοὺς μηροὺς χαλκέους, κνήμας δὲ καὶ πόδας σιδηροῦς.  εἶτα λίθον ἐξ ὄρους ἀπορραγέντα ἐμπεσεῖν τῷ ἀ"", ""parsed_unit_sha256"": ""4432a2766df40621d03cdc5b9ca0ad9afe6467dbd729a595f7c25f67620c1bf9"", ""raw_unit_sha256"": ""df9e7259515fc8990bac6f45c6c961eca763a90ba4c366de8236733334710e33""}"	55118	Uidisti enim statuam begins the dream image after its introduction.	False	True
10	207	INTERNAL-BUT-EXACT	HIGH_INDIVIDUALLY_REVIEWED	PRESENT	PROPOSED_INTERNAL_MILESTONE	Deinde uidisti lapidem	latin-book10-num203	"{""stable_id"": ""latin-book10-num203"", ""paragraph"": 43, ""xpath"": ""/*/*[2]/*/*[2]/*[10]/*[4]"", ""text_node_path"": ""/TEI[1]/text[1]/body[1]/div1[1]/div2[10]/p[4]/unclear[4]/tail()"", ""node_offset"": 2, ""unit_offset"": 989, ""book_offset"": 55118, ""raw_byte"": 64111, ""left"": ""de proceram. Cuius caput quidem erat aureum, humeri uero et brachia argenta uenter autem et se mora aerea, crura pedesque ferrei. "", ""right"": ""Deinde uidisti lapidem de monte abruptum cecidisse super statuam eamque prostratam conteruisse totam ei nullam eius partem intergram relinquisse. Aurum uero et ar gentum et aes plus farina contritum et spiritu uehemente flante diruptum atqu"", ""parsed_unit_sha256"": ""3455ecc499ca39761cda6b00b1376f798277fad93f487d8aea914ba171124f14"", ""raw_unit_sha256"": ""2c31233e5950d9df013b2d00cd40c06170d3c942ddde4f39ddec9a3abe8e2350""}"	"{""stable_id"": ""greek-book10-num203"", ""paragraph"": 44, ""xpath"": ""/*/*/*/*[2]/*[2]/*[43]"", ""text_node_path"": ""/TEI[1]/text[1]/body[1]/div1[1]/div2[2]/p[43]/num[5]/tail()"", ""node_offset"": 1, ""unit_offset"": 1036, ""book_offset"": 58184, ""raw_byte"": 121280, ""left"": "" εἶναι χρυσῆν, τοὺς δὲ ὤμους καὶ τοὺς βραχίονας ἀργυροῦς, τὴν δὲ γαστέρα καὶ τοὺς μηροὺς χαλκέους, κνήμας δὲ καὶ πόδας σιδηροῦς.  "", ""right"": ""εἶτα λίθον ἐξ ὄρους ἀπορραγέντα ἐμπεσεῖν τῷ ἀνδριάντι καὶ τοῦτον καταβαλόντα συνθρύψαι καὶ μηδὲν αὐτοῦ μέρος ὁλόκληρον ἀφεῖναι, ὡς τὸν μὲν χρυσὸν καὶ τὸν ἄργυρον καὶ τὸν χαλκὸν καὶ τὸν σίδηρον ἀλεύρων λεπτότερον γενέσθαι, καὶ τὰ μὲν ἀνέμου "", ""parsed_unit_sha256"": ""4432a2766df40621d03cdc5b9ca0ad9afe6467dbd729a595f7c25f67620c1bf9"", ""raw_unit_sha256"": ""df9e7259515fc8990bac6f45c6c961eca763a90ba4c366de8236733334710e33""}"	55444	Deinde uidisti lapidem begins the stone's descent after the statue's materials.	False	True
10	208	INTERNAL-BUT-EXACT	HIGH_INDIVIDUALLY_REVIEWED	PRESENT	PROPOSED_INTERNAL_MILESTONE	Somnium itaque quod	latin-book10-num203	"{""stable_id"": ""latin-book10-num203"", ""paragraph"": 43, ""xpath"": ""/*/*[2]/*/*[2]/*[10]/*[4]"", ""text_node_path"": ""/TEI[1]/text[1]/body[1]/div1[1]/div2[10]/p[4]/unclear[7]/tail()"", ""node_offset"": 150, ""unit_offset"": 1315, ""book_offset"": 55444, ""raw_byte"": 64612, ""left"": ""um et spiritu uehemente flante diruptum atque dispersum. Lapidem uero creuisse tantum ita ut omnis terra ab eo uideretur impleta. "", ""right"": ""Somnium itaque quod uidisti hoc est cuius interpretatio hunc habet modum. Caput quidem aureum te significat et quian te te ingente babylonia regnauerunt. Duae inquit manus et humeri indicant, quoniam a duobus regibus uesteri possit destrui "", ""parsed_unit_sha256"": ""3455ecc499ca39761cda6b00b1376f798277fad93f487d8aea914ba171124f14"", ""raw_unit_sha256"": ""2c31233e5950d9df013b2d00cd40c06170d3c942ddde4f39ddec9a3abe8e2350""}"	"{""stable_id"": ""greek-book10-num203"", ""paragraph"": 44, ""xpath"": ""/*/*/*/*[2]/*[2]/*[43]"", ""text_node_path"": ""/TEI[1]/text[1]/body[1]/div1[1]/div2[2]/p[43]/num[6]/tail()"", ""node_offset"": 1, ""unit_offset"": 1415, ""book_offset"": 58563, ""raw_byte"": 122044, ""left"": ""ς σφοδροτέρου ὑπὸ τῆς βίας ἁρπαγέντα διασπαρῆναι, τὸν δὲ λίθον αὐξῆσαι τοσοῦτον, ὡς ἅπασαν δοκεῖν τὴν γῆν ὑπ᾽ αὐτοῦ πεπληρῶσθαι.  "", ""right"": ""τὸ μὲν οὖν ὄναρ, ὅπερ εἶδες, τοῦτ᾽ ἔστιν, ἡ δὲ κρίσις αὐτοῦ τοῦτον ἔχει τὸν τρόπον: ἡ μὲν χρυσῆ κεφαλὴ σέ τε ἐδήλου καὶ τοὺς πρὸ σοῦ βασιλέας Βαβυλωνίους ὄντας: αἱ δὲ χεῖρες καὶ οἱ ὦμοι σημαίνουσιν ὑπὸ δύο καταλυθήσεσθαι βασιλέων τὴν ἡγεμον"", ""parsed_unit_sha256"": ""4432a2766df40621d03cdc5b9ca0ad9afe6467dbd729a595f7c25f67620c1bf9"", ""raw_unit_sha256"": ""df9e7259515fc8990bac6f45c6c961eca763a90ba4c366de8236733334710e33""}"	55705	Somnium itaque begins the transition from recital to interpretation after the stone filled the earth.	False	True
10	209	INTERNAL-BUT-EXACT	HIGH_INDIVIDUALLY_REVIEWED	PRESENT	PROPOSED_INTERNAL_MILESTONE	Denuo alter quidem	latin-book10-num203	"{""stable_id"": ""latin-book10-num203"", ""paragraph"": 43, ""xpath"": ""/*/*[2]/*/*[2]/*[10]/*[4]"", ""text_node_path"": ""/TEI[1]/text[1]/body[1]/div1[1]/div2[10]/p[4]/expan[1]/tail()"", ""node_offset"": 37, ""unit_offset"": 1576, ""book_offset"": 55705, ""raw_byte"": 64888, ""left"": ""babylonia regnauerunt. Duae inquit manus et humeri indicant, quoniam a duobus regibus uesteri possit destrui principatus illorum. "", ""right"": ""Denuo alter quidem ab occidente erit destructurus imperium simili aeramento cuius rursus regnum cessare facit, qui ferro uidetur aequalis, tenebatque omnia quam deferri natura fit robustior auro argento simul et aere significat quidem et de"", ""parsed_unit_sha256"": ""3455ecc499ca39761cda6b00b1376f798277fad93f487d8aea914ba171124f14"", ""raw_unit_sha256"": ""2c31233e5950d9df013b2d00cd40c06170d3c942ddde4f39ddec9a3abe8e2350""}"	"{""stable_id"": ""greek-book10-num203"", ""paragraph"": 44, ""xpath"": ""/*/*/*/*[2]/*[2]/*[43]"", ""text_node_path"": ""/TEI[1]/text[1]/body[1]/div1[1]/div2[2]/p[43]/num[7]/tail()"", ""node_offset"": 1, ""unit_offset"": 1666, ""book_offset"": 58814, ""raw_byte"": 122549, ""left"": ""οὺς πρὸ σοῦ βασιλέας Βαβυλωνίους ὄντας: αἱ δὲ χεῖρες καὶ οἱ ὦμοι σημαίνουσιν ὑπὸ δύο καταλυθήσεσθαι βασιλέων τὴν ἡγεμονίαν ὑμῶν:  "", ""right"": ""τὴν δὲ ἐκείνων ἕτερός τις ἀπὸ τῆς δύσεως καθαιρήσει χαλκὸν ἠμφιεσμένος, καὶ ταύτην ἄλλη παύσει τὴν ἰσχὺν ὁμοία σιδήρῳ καὶ κρατήσει δὲ εἰς ἅπαντα διὰ τὴν τοῦ σιδήρου φύσιν: εἶναι γὰρ αὐτὴν στερροτέραν τῆς τοῦ χρυσοῦ καὶ τοῦ ἀργύρου καὶ τοῦ χ"", ""parsed_unit_sha256"": ""4432a2766df40621d03cdc5b9ca0ad9afe6467dbd729a595f7c25f67620c1bf9"", ""raw_unit_sha256"": ""df9e7259515fc8990bac6f45c6c961eca763a90ba4c366de8236733334710e33""}"	55922	Denuo alter quidem begins the next western power after the preceding dominion.	False	True
10	210	INTERNAL-BUT-EXACT	HIGH_INDIVIDUALLY_REVIEWED	PRESENT	PROPOSED_INTERNAL_MILESTONE	significat quidem et de lapide	latin-book10-num203	"{""stable_id"": ""latin-book10-num203"", ""paragraph"": 43, ""xpath"": ""/*/*[2]/*/*[2]/*[10]/*[4]"", ""text_node_path"": ""/TEI[1]/text[1]/body[1]/div1[1]/div2[10]/p[4]/expan[1]/tail()"", ""node_offset"": 254, ""unit_offset"": 1793, ""book_offset"": 55922, ""raw_byte"": 65105, ""left"": ""s regnum cessare facit, qui ferro uidetur aequalis, tenebatque omnia quam deferri natura fit robustior auro argento simul et aere "", ""right"": ""significat quidem et de lapide regi danihel quod mihi non placuit indicare, sed praeterita quae sunt iam facta describere non futura tractare. Siquis autem integritatem desiderans uult haec perscrutari et de incertis ut rum siant studet agn"", ""parsed_unit_sha256"": ""3455ecc499ca39761cda6b00b1376f798277fad93f487d8aea914ba171124f14"", ""raw_unit_sha256"": ""2c31233e5950d9df013b2d00cd40c06170d3c942ddde4f39ddec9a3abe8e2350""}"	"{""stable_id"": ""greek-book10-num203"", ""paragraph"": 44, ""xpath"": ""/*/*/*/*[2]/*[2]/*[43]"", ""text_node_path"": ""/TEI[1]/text[1]/body[1]/div1[1]/div2[2]/p[43]/num[8]/tail()"", ""node_offset"": 1, ""unit_offset"": 1914, ""book_offset"": 59062, ""raw_byte"": 123051, ""left"": ""καὶ κρατήσει δὲ εἰς ἅπαντα διὰ τὴν τοῦ σιδήρου φύσιν: εἶναι γὰρ αὐτὴν στερροτέραν τῆς τοῦ χρυσοῦ καὶ τοῦ ἀργύρου καὶ τοῦ χαλκοῦ.  "", ""right"": ""ἐδήλωσε δὲ καὶ περὶ τοῦ λίθου Δανίηλος τῷ βασιλεῖ, ἀλλ᾽ ἐμοὶ μὲν οὐκ ἔδοξε τοῦτο ἱστορεῖν τὰ παρελθόντα καὶ τὰ γεγενημένα συγγράφειν οὐ τὰ μέλλοντα ὀφείλοντι, εἰ δέ τις τῆς ἀκριβείας γλιχόμενος οὐ περιίσταται πολυπραγμονεῖν, ὡς καὶ περὶ τῶν"", ""parsed_unit_sha256"": ""4432a2766df40621d03cdc5b9ca0ad9afe6467dbd729a595f7c25f67620c1bf9"", ""raw_unit_sha256"": ""df9e7259515fc8990bac6f45c6c961eca763a90ba4c366de8236733334710e33""}"	56246	significat quidem et de lapide begins the author's interpretive reservation after the iron comparison.	False	True
10	211	EXACT	HIGH	PRESENT	INHERITED_START	Rex itaque nabucodonosor haec audiens et somnium s	latin-book10-num211	"{""stable_id"": ""latin-book10-num211"", ""paragraph"": 44, ""xpath"": ""/*/*[2]/*/*[2]/*[10]/*[5]"", ""text_node_path"": ""/TEI[1]/text[1]/body[1]/div1[1]/div2[10]/p[5]/num[1]/tail()"", ""node_offset"": 1, ""unit_offset"": 1, ""book_offset"": 56246, ""raw_byte"": 65491, ""left"": ""crutari et de incertis ut rum siant studet agnoscere, festinet librum legere danihelis quem inueniet inter litteras esse diuinas. "", ""right"": ""Rex itaque nabucodonosor haec audiens et somnium suum agnoscens obstipuit ingenium danihelis et procidens in faciem eo modo quo deus adoratur eum salutauit daniel ei que sacrificari quasi deo praecepit. Cui etiam rea rex dum fecisset statua"", ""parsed_unit_sha256"": ""1090c5da5165404db23dbb0e44e8f0c5552cd4a3a3a15a7f3fcfebcac3f068c3"", ""raw_unit_sha256"": ""7fb62a6ba0e8ac1404817b7edfd12d763e8e762b569b2ad0ce9d67e5d9881917""}"	"{""stable_id"": ""greek-book10-num211"", ""paragraph"": 45, ""xpath"": ""/*/*/*/*[2]/*[2]/*[44]"", ""text_node_path"": ""/TEI[1]/text[1]/body[1]/div1[1]/div2[2]/p[44]/num[1]/tail()"", ""node_offset"": 1, ""unit_offset"": 1, ""book_offset"": 59429, ""raw_byte"": 123855, ""left"": ""τῶν ἀδήλων τί γενήσεται βούλεσθαι μαθεῖν, σπουδασάτω τὸ βιβλίον ἀναγνῶναι τὸ Δανιήλου: εὑρήσει δὲ τοῦτο ἐν τοῖς ἱεροῖς γράμμασιν. "", ""right"": ""Ὁ δὲ βασιλεὺς Ναβουχοδονόσαρος ἀκηκοὼς ταῦτα καὶ ἐπιγνοὺς τὸ ὄναρ ἐξεπλάγη τὴν τοῦ Δανιήλου φύσιν καὶ πεσὼν ἐπὶ πρόσωπον, ᾧ τρόπῳ τὸν θεὸν προσκυνοῦσι, τούτῳ τὸν Δανίηλον ἠσπάζετο:  καὶ θύειν δὲ ὡς θεῷ προσέταξεν, οὐ μὴν ἀλλὰ καὶ τὴν προσηγ"", ""parsed_unit_sha256"": ""87a920d0294ae290edb68dafece51d58f5cc1bb241dfe20f6d693ff5234eb95e"", ""raw_unit_sha256"": ""41522acd33f4299a81f5661dc28413c23ab837ba85bbf3b3b3221c487794724c""}"	56409	Independent printed Greek start and individually read Latin counterpart agree.	False	True
10	212	INTERNAL-BUT-EXACT	HIGH_INDIVIDUALLY_REVIEWED	PRESENT	PROPOSED_INTERNAL_MILESTONE	ei que sacrificari	latin-book10-num211	"{""stable_id"": ""latin-book10-num211"", ""paragraph"": 44, ""xpath"": ""/*/*[2]/*/*[2]/*[10]/*[5]"", ""text_node_path"": ""/TEI[1]/text[1]/body[1]/div1[1]/div2[10]/p[5]/num[1]/tail()"", ""node_offset"": 164, ""unit_offset"": 164, ""book_offset"": 56409, ""raw_byte"": 65654, ""left"": ""iens et somnium suum agnoscens obstipuit ingenium danihelis et procidens in faciem eo modo quo deus adoratur eum salutauit daniel "", ""right"": ""ei que sacrificari quasi deo praecepit. Cui etiam rea rex dum fecisset statuam auream altitudine sexaginta cubitorum latitudine sex et eam statuisset in maximo babyloniae campo decicaturus eam conuocauit terrae cui praeerat preerat. Princip"", ""parsed_unit_sha256"": ""1090c5da5165404db23dbb0e44e8f0c5552cd4a3a3a15a7f3fcfebcac3f068c3"", ""raw_unit_sha256"": ""7fb62a6ba0e8ac1404817b7edfd12d763e8e762b569b2ad0ce9d67e5d9881917""}"	"{""stable_id"": ""greek-book10-num211"", ""paragraph"": 45, ""xpath"": ""/*/*/*/*[2]/*[2]/*[44]"", ""text_node_path"": ""/TEI[1]/text[1]/body[1]/div1[1]/div2[2]/p[44]/num[2]/tail()"", ""node_offset"": 1, ""unit_offset"": 183, ""book_offset"": 59611, ""raw_byte"": 124229, ""left"": ""γνοὺς τὸ ὄναρ ἐξεπλάγη τὴν τοῦ Δανιήλου φύσιν καὶ πεσὼν ἐπὶ πρόσωπον, ᾧ τρόπῳ τὸν θεὸν προσκυνοῦσι, τούτῳ τὸν Δανίηλον ἠσπάζετο:  "", ""right"": ""καὶ θύειν δὲ ὡς θεῷ προσέταξεν, οὐ μὴν ἀλλὰ καὶ τὴν προσηγορίαν αὐτῷ τοῦ ἰδίου θεοῦ θέμενος ἁπάσης ἐπίτροπον τῆς βασιλείας ἐποίησε καὶ τοὺς συγγενεῖς αὐτοῦ, οὓς ὑπὸ φθόνου καὶ βασκανίας εἰς κίνδυνον ἐμπεσεῖν συνέβη τῷ βασιλεῖ προσκρούσαντας"", ""parsed_unit_sha256"": ""87a920d0294ae290edb68dafece51d58f5cc1bb241dfe20f6d693ff5234eb95e"", ""raw_unit_sha256"": ""41522acd33f4299a81f5661dc28413c23ab837ba85bbf3b3b3221c487794724c""}"	56463	ei que sacrificari begins the command to sacrifice after royal obeisance. The broken Cui etiam rea stays in this interval by the editor's 213 decision; do not expand its damaged appointment wording.	False	True
10	213	INTERNAL-BUT-EXACT	EDITORIALLY_ADJUDICATED_WITH_RECORDED_LIMITS	PRESENT_WITH_RECORDED_ALIGNMENT_LIMITS	PROPOSED_INTERNAL_MILESTONE	rex dum fecisset	latin-book10-num211	"{""stable_id"": ""latin-book10-num211"", ""paragraph"": 44, ""xpath"": ""/*/*[2]/*/*[2]/*[10]/*[5]"", ""text_node_path"": ""/TEI[1]/text[1]/body[1]/div1[1]/div2[10]/p[5]/num[1]/tail()"", ""node_offset"": 218, ""unit_offset"": 218, ""book_offset"": 56463, ""raw_byte"": 65708, ""left"": ""helis et procidens in faciem eo modo quo deus adoratur eum salutauit daniel ei que sacrificari quasi deo praecepit. Cui etiam rea "", ""right"": ""rex dum fecisset statuam auream altitudine sexaginta cubitorum latitudine sex et eam statuisset in maximo babyloniae campo decicaturus eam conuocauit terrae cui praeerat preerat. Principes uniuersas eis primo praecipiens ut dum audirent tub"", ""parsed_unit_sha256"": ""1090c5da5165404db23dbb0e44e8f0c5552cd4a3a3a15a7f3fcfebcac3f068c3"", ""raw_unit_sha256"": ""7fb62a6ba0e8ac1404817b7edfd12d763e8e762b569b2ad0ce9d67e5d9881917""}"	"{""stable_id"": ""greek-book10-num211"", ""paragraph"": 45, ""xpath"": ""/*/*/*/*[2]/*[2]/*[44]"", ""text_node_path"": ""/TEI[1]/text[1]/body[1]/div1[1]/div2[2]/p[44]/num[3]/tail()"", ""node_offset"": 1, ""unit_offset"": 445, ""book_offset"": 59873, ""raw_byte"": 124759, ""left"": ""αὶ τοὺς συγγενεῖς αὐτοῦ, οὓς ὑπὸ φθόνου καὶ βασκανίας εἰς κίνδυνον ἐμπεσεῖν συνέβη τῷ βασιλεῖ προσκρούσαντας ἐξ αἰτίας τοιαύτης:  "", ""right"": ""ὁ βασιλεὺς κατασκευάσας χρύσεον ἀνδριάντα πηχῶν τὸ μὲν ὕψος ἑξήκοντα τὸ πλάτος δὲ ἕξ, στήσας αὐτὸν ἐν τῷ μεγάλῳ τῆς Βαβυλῶνος πεδίῳ καὶ μέλλων καθιεροῦν αὐτὸν συνεκάλεσεν ἐξ ἁπάσης ἧς ἦρχε γῆς τοὺς πρώτους πρῶτον αὐτοῖς προστάξας, ὅταν σημα"", ""parsed_unit_sha256"": ""87a920d0294ae290edb68dafece51d58f5cc1bb241dfe20f6d693ff5234eb95e"", ""raw_unit_sha256"": ""41522acd33f4299a81f5661dc28413c23ab837ba85bbf3b3b3221c487794724c""}"	56828	Leave Cui etiam rea with 212; 213 begins rex dum fecisset. Preserve the broken wording and punctuation.	False	True
10	214	INTERNAL-BUT-EXACT	HIGH_INDIVIDUALLY_REVIEWED	PRESENT	PROPOSED_INTERNAL_MILESTONE	Omnibus ergo tubae	latin-book10-num211	"{""stable_id"": ""latin-book10-num211"", ""paragraph"": 44, ""xpath"": ""/*/*[2]/*/*[2]/*[10]/*[5]"", ""text_node_path"": ""/TEI[1]/text[1]/body[1]/div1[1]/div2[10]/p[5]/corr[1]/tail()"", ""node_offset"": 188, ""unit_offset"": 583, ""book_offset"": 56828, ""raw_byte"": 66086, ""left"": ""t tubae sonum prostrati statuam pariter adorarent. Qui uero hoc non facerent eos in igni caminum interminatus est esse mittendos. "", ""right"": ""Omnibus ergo tubae sonum adorantibus simulacrum. Danihel autem et cognati eius minime fecisse dicuntur nolentes utique leges preuauicare paternas. Qui dum uincti fuisset repente in ignem missi et in opinabiliter diuina prouinden tia liberat"", ""parsed_unit_sha256"": ""1090c5da5165404db23dbb0e44e8f0c5552cd4a3a3a15a7f3fcfebcac3f068c3"", ""raw_unit_sha256"": ""7fb62a6ba0e8ac1404817b7edfd12d763e8e762b569b2ad0ce9d67e5d9881917""}"	"{""stable_id"": ""greek-book10-num211"", ""paragraph"": 45, ""xpath"": ""/*/*/*/*[2]/*[2]/*[44]"", ""text_node_path"": ""/TEI[1]/text[1]/body[1]/div1[1]/div2[2]/p[44]/num[4]/tail()"", ""node_offset"": 1, ""unit_offset"": 828, ""book_offset"": 60256, ""raw_byte"": 125525, ""left"": ""ωσι τῆς σάλπιγγος, τότε πεσόντας προσκυνεῖν τὸν ἀνδριάντα: τοὺς δὲ μὴ ποιήσαντας ἠπείλησεν εἰς τὴν τοῦ πυρὸς ἐμβληθῆναι κάμινον.  "", ""right"": ""πάντων οὖν μετὰ τὸ σημαινούσης ἐπακοῦσαι τῆς σάλπιγγος προσκυνούντων τὸν ἀνδριάντα τοὺς Δανιήλου συγγενεῖς οὐ ποιῆσαι τοῦτό φασι μὴ βουληθέντας παραβῆναι τοὺς πατρίους νόμους. καὶ οἱ μὲν ἐλεγχθέντες εὐθὺς εἰς τὸ πῦρ ἐμβληθέντες θείᾳ σώζοντα"", ""parsed_unit_sha256"": ""87a920d0294ae290edb68dafece51d58f5cc1bb241dfe20f6d693ff5234eb95e"", ""raw_unit_sha256"": ""41522acd33f4299a81f5661dc28413c23ab837ba85bbf3b3b3221c487794724c""}"	57126	Omnibus ergo begins obedience and the refusal narrative after the furnace threat; retain the Latin's inclusion of Daniel.	False	True
10	215	INTERNAL-BUT-EXACT	HIGH_INDIVIDUALLY_REVIEWED	PRESENT	PROPOSED_INTERNAL_MILESTONE	Reor itaque eo	latin-book10-num211	"{""stable_id"": ""latin-book10-num211"", ""paragraph"": 44, ""xpath"": ""/*/*[2]/*/*[2]/*[10]/*[5]"", ""text_node_path"": ""/TEI[1]/text[1]/body[1]/div1[1]/div2[10]/p[5]/add[1]/tail()"", ""node_offset"": 15, ""unit_offset"": 881, ""book_offset"": 57126, ""raw_byte"": 66438, ""left"": ""t repente in ignem missi et in opinabiliter diuina prouinden tia liberati mortis pericula fugierunt non enim contingit eos ignis. "", ""right"": ""Reor itaque eo quod nihil iniuste fecissent in caminum missi non sunt ab igne contacti, et facta est flammae natura dueblior debilior habens in se dei minisros qui eorum corpora esse talia prepauit ut non potuissent ab igni consumi. Hoc erg"", ""parsed_unit_sha256"": ""1090c5da5165404db23dbb0e44e8f0c5552cd4a3a3a15a7f3fcfebcac3f068c3"", ""raw_unit_sha256"": ""7fb62a6ba0e8ac1404817b7edfd12d763e8e762b569b2ad0ce9d67e5d9881917""}"	"{""stable_id"": ""greek-book10-num211"", ""paragraph"": 45, ""xpath"": ""/*/*/*/*[2]/*[2]/*[44]"", ""text_node_path"": ""/TEI[1]/text[1]/body[1]/div1[1]/div2[2]/p[44]/num[5]/tail()"", ""node_offset"": 1, ""unit_offset"": 1118, ""book_offset"": 60546, ""raw_byte"": 126107, ""left"": ""ατρίους νόμους. καὶ οἱ μὲν ἐλεγχθέντες εὐθὺς εἰς τὸ πῦρ ἐμβληθέντες θείᾳ σώζονται προνοίᾳ καὶ παραδόξως διαφεύγουσι τὸν θάνατον.  "", ""right"": ""* ἀλλὰ κατὰ λογισμὸν οἶμαι τῷ μηδὲν ἀδικήσαντας εἰς αὐτὸ βληθῆναι οὐχ ἥψατο, καίειν δ᾽ ἀσθενὲς ἦν ἔχον ἐν ἑαυτῷ τοὺς παῖδας τοῦ θεοῦ κρείττονα τὰ σώματα αὐτῶν ὥστε μὴ δαπανηθῆναι ὑπὸ τοῦ πυρὸς παρασκευάσαντος. τοῦτο συνέστησεν αὐτοὺς τῷ βασ"", ""parsed_unit_sha256"": ""87a920d0294ae290edb68dafece51d58f5cc1bb241dfe20f6d693ff5234eb95e"", ""raw_unit_sha256"": ""41522acd33f4299a81f5661dc28413c23ab837ba85bbf3b3b3221c487794724c""}"	57467	Reor itaque begins explanation of the fire's failure after the escape; the Greek lacuna signal does not authorize supplied Latin.	False	True
10	216	EXACT	HIGH	PRESENT	INHERITED_START	Post paululum itaque tempus denuo uidit insomnis r	latin-book10-num216	"{""stable_id"": ""latin-book10-num216"", ""paragraph"": 45, ""xpath"": ""/*/*[2]/*/*[2]/*[10]/*[6]"", ""text_node_path"": ""/TEI[1]/text[1]/body[1]/div1[1]/div2[10]/p[6]/num[1]/tail()"", ""node_offset"": 1, ""unit_offset"": 1, ""book_offset"": 57467, ""raw_byte"": 66896, ""left"": ""sent ab igni consumi. Hoc ergo factum ostendit eos apud regem iustos atque religiosos proqua hababantur ab eo in honore precipuo. "", ""right"": ""Post paululum itaque tempus denuo uidit insomnis rex aliam uisionem quia cassu rus de regno cum bestus esset habitaturus et degisset hoc modo annis octo in deserto reciperet denuo principatum hoc cum iudisset somnium magos denuo conuocauit "", ""parsed_unit_sha256"": ""e097ebd28892c3257313b34f62b56e730af6a867d75229cf843146ff44c104c3"", ""raw_unit_sha256"": ""450b8ff948e7bf7ebbd874d86663b9dcd52c51a68594b5080d423aa94d109d07""}"	"{""stable_id"": ""greek-book10-num216"", ""paragraph"": 46, ""xpath"": ""/*/*/*/*[2]/*[2]/*[45]"", ""text_node_path"": ""/TEI[1]/text[1]/body[1]/div1[1]/div2[2]/p[45]/num[1]/tail()"", ""node_offset"": 1, ""unit_offset"": 1, ""book_offset"": 60878, ""raw_byte"": 126853, ""left"": ""σαντος. τοῦτο συνέστησεν αὐτοὺς τῷ βασιλεῖ ὡς δικαίους καὶ θεοφιλεῖς, διὸ μετὰ ταῦτα πάσης ἀξιούμενοι παρ᾽ αὐτοῦ τιμῆς διετέλουν. "", ""right"": ""Ὀλίγῳ δ᾽ ὕστερον χρόνῳ πάλιν ὁρᾷ κατὰ τοὺς ὕπνους ὁ βασιλεὺς ὄψιν ἑτέραν, ὡς ἐκπεσὼν τῆς ἀρχῆς μετὰ θηρίων ἕξει τὴν δίαιταν καὶ διαζήσας οὕτως ἐπὶ τῆς ἐρημίας ἔτεσιν ἑπτὰ αὖθις τὴν ἀρχὴν ἀπολήψεται. τοῦτο θεασάμενος τοὖναρ πάλιν τοὺς μάγους"", ""parsed_unit_sha256"": ""8377936aa9323bb7f360b8d649844d6aa7d0f6181c4326cb10cf6a7432123cbf"", ""raw_unit_sha256"": ""5fb3511a49b82edd16c08936d79b15d539d50d05fff0d95eb2e89e8807afb05a""}"	57772	Independent printed Greek start and individually read Latin counterpart agree.	False	True
10	217	INTERNAL-BUT-EXACT	HIGH_INDIVIDUALLY_REVIEWED	PRESENT	PROPOSED_INTERNAL_MILESTONE	et aliorum quidem	latin-book10-num216	"{""stable_id"": ""latin-book10-num216"", ""paragraph"": 45, ""xpath"": ""/*/*[2]/*/*[2]/*[10]/*[6]"", ""text_node_path"": ""/TEI[1]/text[1]/body[1]/div1[1]/div2[10]/p[6]/num[1]/tail()"", ""node_offset"": 306, ""unit_offset"": 306, ""book_offset"": 57772, ""raw_byte"": 67201, ""left"": ""enuo principatum hoc cum iudisset somnium magos denuo conuocauit eisque referent quod uiderat interpraetationem congruam exigebat "", ""right"": ""et aliorum quidem nemo potuit uirtutem somnii conprehendere neque regi manisfestare. Danihel uero solus hoc exposuit ut sicut ei predixerat ita praeuenit. Nam cum habitasset praedictum tempus in heremo nullusque praesumpsisset octo annis re"", ""parsed_unit_sha256"": ""e097ebd28892c3257313b34f62b56e730af6a867d75229cf843146ff44c104c3"", ""raw_unit_sha256"": ""450b8ff948e7bf7ebbd874d86663b9dcd52c51a68594b5080d423aa94d109d07""}"	"{""stable_id"": ""greek-book10-num216"", ""paragraph"": 46, ""xpath"": ""/*/*/*/*[2]/*[2]/*[45]"", ""text_node_path"": ""/TEI[1]/text[1]/body[1]/div1[1]/div2[2]/p[45]/num[2]/tail()"", ""node_offset"": 1, ""unit_offset"": 312, ""book_offset"": 61189, ""raw_byte"": 127485, ""left"": ""ἀρχὴν ἀπολήψεται. τοῦτο θεασάμενος τοὖναρ πάλιν τοὺς μάγους συγκαλέσας ἀνέκρινεν αὐτοὺς περὶ αὐτοῦ καὶ τί σημαίνοι λέγειν ἠξίου.  "", ""right"": ""τῶν μὲν οὖν ἄλλων οὐθεὶς ἠδυνήθη τὴν τοῦ ἐνυπνίου διάνοιαν εὑρεῖν οὐδ᾽ ἐμφανίσαι τῷ βασιλεῖ, Δανίηλος δὲ μόνος καὶ τοῦτ᾽ ἔκρινε καὶ καθὼς οὗτος αὐτῷ προεῖπεν ἀπέβη. διατρίψας γὰρ ἐπὶ τῆς ἐρημίας τὸν προειρημένον χρόνον οὐδενὸς τολμήσαντος ἐ"", ""parsed_unit_sha256"": ""8377936aa9323bb7f360b8d649844d6aa7d0f6181c4326cb10cf6a7432123cbf"", ""raw_unit_sha256"": ""5fb3511a49b82edd16c08936d79b15d539d50d05fff0d95eb2e89e8807afb05a""}"	58097	et aliorum quidem nemo begins the interpreters' failure after the new dream request.	False	True
10	218	INTERNAL-BUT-EXACT	HIGH_INDIVIDUALLY_REVIEWED	PRESENT	PROPOSED_INTERNAL_MILESTONE	Nullus igitur me	latin-book10-num216	"{""stable_id"": ""latin-book10-num216"", ""paragraph"": 45, ""xpath"": ""/*/*[2]/*/*[2]/*[10]/*[6]"", ""text_node_path"": ""/TEI[1]/text[1]/body[1]/div1[1]/div2[10]/p[6]/num[1]/tail()"", ""node_offset"": 631, ""unit_offset"": 631, ""book_offset"": 58097, ""raw_byte"": 67526, ""left"": ""heremo nullusque praesumpsisset octo annis rerum dominum detinere supplicans deo ut regnum reciperet denuo reuersurus ad eum est. "", ""right"": ""Nullus igitur me culpet eo quod ita narrauerim singula sicut in antiquis libris inueniuntur scripta. Nam in ipso historiae meae principio propter eos qui questionem faciunt, autem in aliquo culpare nituntur astruxi dicens, translaturum me l"", ""parsed_unit_sha256"": ""e097ebd28892c3257313b34f62b56e730af6a867d75229cf843146ff44c104c3"", ""raw_unit_sha256"": ""450b8ff948e7bf7ebbd874d86663b9dcd52c51a68594b5080d423aa94d109d07""}"	"{""stable_id"": ""greek-book10-num216"", ""paragraph"": 46, ""xpath"": ""/*/*/*/*[2]/*[2]/*[45]"", ""text_node_path"": ""/TEI[1]/text[1]/body[1]/div1[1]/div2[2]/p[45]/num[3]/tail()"", ""node_offset"": 1, ""unit_offset"": 666, ""book_offset"": 61543, ""raw_byte"": 128203, ""left"": ""ὸς τολμήσαντος ἐπιθέσθαι τοῖς πράγμασι παρὰ τὴν ἑπταετίαν, δεηθεὶς τοῦ θεοῦ τὴν βασιλείαν ἀπολαβεῖν πάλιν εἰς αὐτὴν ἐπανέρχεται.  "", ""right"": ""ἐγκαλέσῃ δέ μοι μηδεὶς οὕτως ἕκαστα τούτων ἀπαγγέλλοντι διὰ τῆς γραφῆς, ὡς ἐν τοῖς ἀρχαίοις εὑρίσκω βιβλίοις: καὶ γὰρ εὐθὺς ἐν ἀρχῇ τῆς ἱστορίας πρὸς τοὺς ἐπιζητήσοντάς τι περὶ τῶν πραγμάτων ἢ μεμψομένους ἠσφαλισάμην, μόνον τε μεταφράζειν τ"", ""parsed_unit_sha256"": ""8377936aa9323bb7f360b8d649844d6aa7d0f6181c4326cb10cf6a7432123cbf"", ""raw_unit_sha256"": ""5fb3511a49b82edd16c08936d79b15d539d50d05fff0d95eb2e89e8807afb05a""}"	58467	Nullus igitur me culpet begins the author's fidelity explanation after the dream's fulfilment.	False	True
10	219	EXACT	HIGH	PRESENT	INHERITED_START	Porro nabucodonosor dum uixisset annis quadraginta	latin-book10-num219	"{""stable_id"": ""latin-book10-num219"", ""paragraph"": 46, ""xpath"": ""/*/*[2]/*/*[2]/*[10]/*[7]"", ""text_node_path"": ""/TEI[1]/text[1]/body[1]/div1[1]/div2[10]/p[7]/num[1]/tail()"", ""node_offset"": 1, ""unit_offset"": 1, ""book_offset"": 58467, ""raw_byte"": 67959, ""left"": ""ibros hebraecos in eloquium graecum et hos uolentibus aperire, neque adicere ipse aliquid seorsum neque subtrahere me permittens. "", ""right"": ""Porro nabucodonosor dum uixisset annis quadraginta defunctur est uir indusrius et priorum regum ualde felicior meminit  huius actum et uirosus in libro tertio historiae chaldaeorum, ita dicens. Adiciens autem pariter nabucodonosor quia satr"", ""parsed_unit_sha256"": ""f9db61e2c157ca0b4e799ac841fa819fffc11f70bbe25f81928107419da60636"", ""raw_unit_sha256"": ""309aa46a38f0efce930598d39822500b89d482dc9a649b712804054326c90e73""}"	"{""stable_id"": ""greek-book10-num219"", ""paragraph"": 47, ""xpath"": ""/*/*/*/*[2]/*[2]/*[46]"", ""text_node_path"": ""/TEI[1]/text[1]/body[1]/div1[1]/div2[2]/p[46]/num[1]/tail()"", ""node_offset"": 1, ""unit_offset"": 1, ""book_offset"": 61919, ""raw_byte"": 129032, ""left"": ""αίων βίβλους εἰπὼν εἰς τὴν Ἑλλάδα γλῶτταν καὶ ταῦτα δηλώσειν μήτε προστιθεὶς τοῖς πράγμασιν αὐτὸς ἰδίᾳ μήτ᾽ ἀφαιρῶν ὑπεισχημένος. "", ""right"": ""Ὁ δὲ βασιλεὺς Ναβουχοδονόσορος ἔτη τρία καὶ τεσσαράκοντα βασιλεύσας τελευτᾷ τὸν βίον ἀνὴρ δραστήριος καὶ τῶν πρὸ αὐτοῦ βασιλέων εὐτυχέστερος γενόμενος. μέμνηται δ᾽ αὐτοῦ τῶν πράξεων καὶ Βηρωσὸς ἐν τῇ τρίτῃ τῶν Χαλδαϊκῶν ἱστοριῶν λέγων οὕτως"", ""parsed_unit_sha256"": ""09f1912e9156fab71ac7b276022a50412be65d75a5fc6dee944445673e9b188f"", ""raw_unit_sha256"": ""6b643202370e5d5c9a443a42427400a76deef5689361fc2ba69727418f39188e""}"	58661	Independent printed Greek start and individually read Latin counterpart agree.	False	True
10	220	INTERNAL-BUT-EXACT	HIGH_INDIVIDUALLY_REVIEWED	PRESENT	PROPOSED_INTERNAL_MILESTONE	Adiciens autem pariter	latin-book10-num219	"{""stable_id"": ""latin-book10-num219"", ""paragraph"": 46, ""xpath"": ""/*/*[2]/*/*[2]/*[10]/*[7]"", ""text_node_path"": ""/TEI[1]/text[1]/body[1]/div1[1]/div2[10]/p[7]/cb[1]/tail()"", ""node_offset"": 75, ""unit_offset"": 195, ""book_offset"": 58661, ""raw_byte"": 68218, ""left"": "" uir indusrius et priorum regum ualde felicior meminit  huius actum et uirosus in libro tertio historiae chaldaeorum, ita dicens. "", ""right"": ""Adiciens autem pariter nabucodonosor quia satrapa qui constitutus fuerat in aegypto et locis syriae inferioris et finici recessisset ab eo cum ispe iam fatigari non posset committens nabucodonosor iuueni quondam partem exercitus misit aduer"", ""parsed_unit_sha256"": ""f9db61e2c157ca0b4e799ac841fa819fffc11f70bbe25f81928107419da60636"", ""raw_unit_sha256"": ""309aa46a38f0efce930598d39822500b89d482dc9a649b712804054326c90e73""}"	"{""stable_id"": ""greek-book10-num219"", ""paragraph"": 47, ""xpath"": ""/*/*/*/*[2]/*[2]/*[46]"", ""text_node_path"": ""/TEI[1]/text[1]/body[1]/div1[1]/div2[2]/p[46]/num[2]/tail()"", ""node_offset"": 1, ""unit_offset"": 244, ""book_offset"": 62162, ""raw_byte"": 129524, ""left"": ""αὐτοῦ βασιλέων εὐτυχέστερος γενόμενος. μέμνηται δ᾽ αὐτοῦ τῶν πράξεων καὶ Βηρωσὸς ἐν τῇ τρίτῃ τῶν Χαλδαϊκῶν ἱστοριῶν λέγων οὕτως:  "", ""right"": ""‘ἀκούσας δ᾽ ὁ πατὴρ αὐτοῦ Ναβουχοδονόσορος, ὅτι ὁ τεταγμένος σατράπης ἐν τῇ Αἰγύπτῳ καὶ τοῖς περὶ τὴν Συρίαν τὴν κοίλην καὶ τὴν Φοινίκην τόποις ἀποστάτης αὐτοῦ γέγονεν, οὐ δυνάμενος αὐτὸς κακοπαθεῖν συστήσας τῷ υἱῷ Ναβουχοδονοσόρῳ ὄντι ἐν ἡ"", ""parsed_unit_sha256"": ""09f1912e9156fab71ac7b276022a50412be65d75a5fc6dee944445673e9b188f"", ""raw_unit_sha256"": ""6b643202370e5d5c9a443a42427400a76deef5689361fc2ba69727418f39188e""}"	58910	Adiciens autem pariter begins the Berosus quotation after ita dicens; preserve the transmitted wording of the father's report.	False	True
10	221	INTERNAL-BUT-EXACT	HIGH_INDIVIDUALLY_REVIEWED	PRESENT	PROPOSED_INTERNAL_MILESTONE	Nabucodonosor congressus	latin-book10-num219	"{""stable_id"": ""latin-book10-num219"", ""paragraph"": 46, ""xpath"": ""/*/*[2]/*/*[2]/*[10]/*[7]"", ""text_node_path"": ""/TEI[1]/text[1]/body[1]/div1[1]/div2[10]/p[7]/cb[1]/tail()"", ""node_offset"": 324, ""unit_offset"": 444, ""book_offset"": 58910, ""raw_byte"": 68467, ""left"": ""i recessisset ab eo cum ispe iam fatigari non posset committens nabucodonosor iuueni quondam partem exercitus misit aduersus eum. "", ""right"": ""Nabucodonosor congressus aduersus eum qui ab eius patre recesserat facta dimicatione et eum uicit et prouinciam existo principio suo subiugauit imperio.  Eo siquidem tempore contigit ut pater eius nabucodonosor aegrotaret in babyloniae ciui"", ""parsed_unit_sha256"": ""f9db61e2c157ca0b4e799ac841fa819fffc11f70bbe25f81928107419da60636"", ""raw_unit_sha256"": ""309aa46a38f0efce930598d39822500b89d482dc9a649b712804054326c90e73""}"	"{""stable_id"": ""greek-book10-num219"", ""paragraph"": 47, ""xpath"": ""/*/*/*/*[2]/*[2]/*[46]"", ""text_node_path"": ""/TEI[1]/text[1]/body[1]/div1[1]/div2[2]/p[46]/num[3]/tail()"", ""node_offset"": 1, ""unit_offset"": 535, ""book_offset"": 62453, ""raw_byte"": 130114, ""left"": ""έγονεν, οὐ δυνάμενος αὐτὸς κακοπαθεῖν συστήσας τῷ υἱῷ Ναβουχοδονοσόρῳ ὄντι ἐν ἡλικίᾳ μέρη τινὰ τῆς δυνάμεως ἐξέπεμψεν ἐπ᾽ αὐτόν.  "", ""right"": ""συμμίξας δὲ Ναβουχοδονόσορος τῷ ἀποστάτῃ καὶ παραταξάμενος αὐτοῦ τε ἐκράτησε καὶ τὴν χώραν ἐκ ταύτης τῆς ἀρχῆς ὑπὸ τὴν αὐτοῦ βασιλείαν ἐποιήσατο. τῷ τε πατρὶ αὐτοῦ Ναβουχοδονοσόρῳ συνέβη κατ᾽ αὐτὸν τὸν καιρὸν ἀρρωστήσαντι ἐν τῇ Βαβυλωνίων π"", ""parsed_unit_sha256"": ""09f1912e9156fab71ac7b276022a50412be65d75a5fc6dee944445673e9b188f"", ""raw_unit_sha256"": ""6b643202370e5d5c9a443a42427400a76deef5689361fc2ba69727418f39188e""}"	59209	Nabucodonosor congressus begins the son's victory after his dispatch.	False	True
10	222	INTERNAL-BUT-EXACT	HIGH_INDIVIDUALLY_REVIEWED	PRESENT	PROPOSED_INTERNAL_MILESTONE	Nabucodonosor autem non	latin-book10-num219	"{""stable_id"": ""latin-book10-num219"", ""paragraph"": 46, ""xpath"": ""/*/*[2]/*/*[2]/*[10]/*[7]"", ""text_node_path"": ""/TEI[1]/text[1]/body[1]/div1[1]/div2[10]/p[7]/note[1]/tail()"", ""node_offset"": 146, ""unit_offset"": 743, ""book_offset"": 59209, ""raw_byte"": 68801, ""left"": ""pore contigit ut pater eius nabucodonosor aegrotaret in babyloniae ciuitate et auita recederet qui renauit annos triginta et uno. "", ""right"": ""Nabucodonosor autem non post multum tempus mortem patris agnoscens et disponens causas aegypti reliquamque prouintiam et captiuos eius et phenicum et syrorum et gentium aegytiorum et precipiens quibusdam amicis ut cum magna uirtute et omni "", ""parsed_unit_sha256"": ""f9db61e2c157ca0b4e799ac841fa819fffc11f70bbe25f81928107419da60636"", ""raw_unit_sha256"": ""309aa46a38f0efce930598d39822500b89d482dc9a649b712804054326c90e73""}"	"{""stable_id"": ""greek-book10-num219"", ""paragraph"": 47, ""xpath"": ""/*/*/*/*[2]/*[2]/*[46]"", ""text_node_path"": ""/TEI[1]/text[1]/body[1]/div1[1]/div2[2]/p[46]/num[4]/tail()"", ""node_offset"": 1, ""unit_offset"": 833, ""book_offset"": 62751, ""raw_byte"": 130716, ""left"": ""υχοδονοσόρῳ συνέβη κατ᾽ αὐτὸν τὸν καιρὸν ἀρρωστήσαντι ἐν τῇ Βαβυλωνίων πόλει μεταλλάξαι τὸν βίον ἔτη βασιλεύσαντα εἴκοσι καὶ ἕν.  "", ""right"": ""αἰσθόμενος δὲ μετ᾽ οὐ πολὺν χρόνον τὴν τοῦ πατρὸς τελευτὴν Ναβουχοδονοσάρου καὶ καταστήσας τὰ κατὰ τὴν Αἴγυπτον πράγματα καὶ τὴν λοιπὴν χώραν καὶ τοὺς αἰχμαλώτους Ἰουδαίων τε καὶ Φοινίκων καὶ Σύρων καὶ τῶν κατ᾽ Αἴγυπτον ἐθνῶν συντάξας τισὶ "", ""parsed_unit_sha256"": ""09f1912e9156fab71ac7b276022a50412be65d75a5fc6dee944445673e9b188f"", ""raw_unit_sha256"": ""6b643202370e5d5c9a443a42427400a76deef5689361fc2ba69727418f39188e""}"	59539	Nabucodonosor autem begins news of his father's death after the father's reign notice.	False	True
10	223	INTERNAL-BUT-EXACT	HIGH_INDIVIDUALLY_REVIEWED	PRESENT	PROPOSED_INTERNAL_MILESTONE	et potitus rerum	latin-book10-num219	"{""stable_id"": ""latin-book10-num219"", ""paragraph"": 46, ""xpath"": ""/*/*[2]/*/*[2]/*[10]/*[7]"", ""text_node_path"": ""/TEI[1]/text[1]/body[1]/div1[1]/div2[10]/p[7]/note[1]/tail()"", ""node_offset"": 476, ""unit_offset"": 1073, ""book_offset"": 59539, ""raw_byte"": 69131, ""left"": ""dam amicis ut cum magna uirtute et omni utilitate ad babyloniam cuncta different ipse cum paucis per desertum uenit ad babyloniam "", ""right"": ""et potitus rerum que gubernabantur tunc achaldeis a quodam uiro optimo sibimet reseruaturum reseruatarum totius regni paterni dominus est effectus. Captiuis autem uenien ribus habitationem constituit in locis opor tunissimis babyloniae ciui"", ""parsed_unit_sha256"": ""f9db61e2c157ca0b4e799ac841fa819fffc11f70bbe25f81928107419da60636"", ""raw_unit_sha256"": ""309aa46a38f0efce930598d39822500b89d482dc9a649b712804054326c90e73""}"	"{""stable_id"": ""greek-book10-num219"", ""paragraph"": 47, ""xpath"": ""/*/*/*/*[2]/*[2]/*[46]"", ""text_node_path"": ""/TEI[1]/text[1]/body[1]/div1[1]/div2[2]/p[46]/num[5]/tail()"", ""node_offset"": 1, ""unit_offset"": 1233, ""book_offset"": 63151, ""raw_byte"": 131518, ""left"": ""υνάμεως καὶ τῆς λοιπῆς ὠφελείας ἀνακομίζειν εἰς τὴν Βαβυλωνίαν, αὐτὸς ὁρμήσας ὀλιγοστὸς διὰ τῆς ἐρήμου παραγίνεται εἰς Βαβυλῶνα.  "", ""right"": ""παραλαβὼν δὲ τὰ πράγματα διοικούμενα ὑπὸ Χαλδαίων καὶ διατηρουμένην τὴν βασιλείαν ὑπὸ τοῦ βελτίστου αὐτῶν, κυριεύσας ὁλοκλήρου τῆς πατρικῆς ἀρχῆς τοῖς μὲν αἰχμαλώτοις παραγενομένοις συνέταξεν ἀποικίας ἐν τοῖς ἐπιτηδειοτάτοις τῆς Βαβυλωνίας "", ""parsed_unit_sha256"": ""09f1912e9156fab71ac7b276022a50412be65d75a5fc6dee944445673e9b188f"", ""raw_unit_sha256"": ""6b643202370e5d5c9a443a42427400a76deef5689361fc2ba69727418f39188e""}"	59786	et potitus rerum begins assumption of the preserved kingdom after the desert return.	False	True
10	224	INTERNAL-BUT-EXACT	HIGH_INDIVIDUALLY_REVIEWED	PRESENT	PROPOSED_INTERNAL_MILESTONE	Ipse uero de manibus	latin-book10-num219	"{""stable_id"": ""latin-book10-num219"", ""paragraph"": 46, ""xpath"": ""/*/*[2]/*/*[2]/*[10]/*[7]"", ""text_node_path"": ""/TEI[1]/text[1]/body[1]/div1[1]/div2[10]/p[7]/corr[1]/tail()"", ""node_offset"": 143, ""unit_offset"": 1320, ""book_offset"": 59786, ""raw_byte"": 69391, ""left"": "" paterni dominus est effectus. Captiuis autem uenien ribus habitationem constituit in locis opor tunissimis babyloniae ciuitatis. "", ""right"": ""Ipse uero de manibus hostium et templu beli et reliqua largissime nimis ornauit et antique ciuitatis. Alia quoque contulit et priscare parauit. Ita ut nequaquam obsidentes ualerent fluuium conuertere et ciuitati aliquio modo preualere. Erex"", ""parsed_unit_sha256"": ""f9db61e2c157ca0b4e799ac841fa819fffc11f70bbe25f81928107419da60636"", ""raw_unit_sha256"": ""309aa46a38f0efce930598d39822500b89d482dc9a649b712804054326c90e73""}"	"{""stable_id"": ""greek-book10-num219"", ""paragraph"": 47, ""xpath"": ""/*/*/*/*[2]/*[2]/*[46]"", ""text_node_path"": ""/TEI[1]/text[1]/body[1]/div1[1]/div2[2]/p[46]/num[6]/tail()"", ""node_offset"": 1, ""unit_offset"": 1492, ""book_offset"": 63410, ""raw_byte"": 132043, ""left"": ""ς πατρικῆς ἀρχῆς τοῖς μὲν αἰχμαλώτοις παραγενομένοις συνέταξεν ἀποικίας ἐν τοῖς ἐπιτηδειοτάτοις τῆς Βαβυλωνίας τόποις ἀποδεῖξαι,  "", ""right"": ""αὐτὸς δ᾽ ἀπὸ τῶν ἐκ τοῦ πολέμου λαφύρων τό τε τοῦ Βήλου ἱερὸν καὶ τὰ λοιπὰ κοσμήσας φιλοτίμως τήν τε ὑπάρχουσαν ἐξ ἀρχῆς πόλιν καὶ ἕτερα καταχαρισάμενος καὶ ἀναγκάσας πρὸς τὸ μηκέτι δύνασθαι τοὺς πολιορκοῦντας τὸν ποταμὸν ἀναστρέψαντας ἐπὶ "", ""parsed_unit_sha256"": ""09f1912e9156fab71ac7b276022a50412be65d75a5fc6dee944445673e9b188f"", ""raw_unit_sha256"": ""6b643202370e5d5c9a443a42427400a76deef5689361fc2ba69727418f39188e""}"	60095	Ipse uero begins temple/city ornament after settlement of captives.	False	True
10	225	INTERNAL-BUT-EXACT	HIGH_INDIVIDUALLY_REVIEWED	PRESENT	PROPOSED_INTERNAL_MILESTONE	decenterque muniens	latin-book10-num219	"{""stable_id"": ""latin-book10-num219"", ""paragraph"": 46, ""xpath"": ""/*/*[2]/*/*[2]/*[10]/*[7]"", ""text_node_path"": ""/TEI[1]/text[1]/body[1]/div1[1]/div2[10]/p[7]/corr[1]/tail()"", ""node_offset"": 452, ""unit_offset"": 1629, ""book_offset"": 60095, ""raw_byte"": 69700, ""left"": ""t fluuium conuertere et ciuitati aliquio modo preualere. Erexit que tres porticos intrinsecus et tres extrinsecus de latere cocto "", ""right"": ""decenterque muniens eam et exornans ualde magnifice paternis quoque regalibus, alia proxime retalia fabricantus est quorum spatia et reliquam pulchritudinem dicere credo superuacuum. Uerum tamen hoc sciendum quia dum essent haec magna et ni"", ""parsed_unit_sha256"": ""f9db61e2c157ca0b4e799ac841fa819fffc11f70bbe25f81928107419da60636"", ""raw_unit_sha256"": ""309aa46a38f0efce930598d39822500b89d482dc9a649b712804054326c90e73""}"	"{""stable_id"": ""greek-book10-num219"", ""paragraph"": 47, ""xpath"": ""/*/*/*/*[2]/*[2]/*[46]"", ""text_node_path"": ""/TEI[1]/text[1]/body[1]/div1[1]/div2[2]/p[46]/num[7]/tail()"", ""node_offset"": 1, ""unit_offset"": 1850, ""book_offset"": 63768, ""raw_byte"": 132758, ""left"": ""έψαντας ἐπὶ τὴν πόλιν κατασκευάζειν περιεβάλετο τρεῖς μὲν τῆς ἔνδον πόλεως περιβόλους, τρεῖς δ᾽ ἔξω τούτων δὲ τῆς ὀπτῆς πλίνθου.  "", ""right"": ""καὶ τειχίσας ἀξιολόγως τὴν πόλιν καὶ τοὺς πυλῶνας κοσμήσας ἱεροπρεπῶς κατεσκεύασεν ἐν τοῖς πατρικοῖς βασιλείοις ἕτερα βασίλεια ἐχόμενα αὐτῶν, ὧν τὸ μὲν ἀνάστημα καὶ τὴν λοιπὴν πολυτέλειαν περισσὸν ἴσως ἂν εἴη λέγειν, πλὴν ὅσον τὰ μεγάλα καὶ"", ""parsed_unit_sha256"": ""09f1912e9156fab71ac7b276022a50412be65d75a5fc6dee944445673e9b188f"", ""raw_unit_sha256"": ""6b643202370e5d5c9a443a42427400a76deef5689361fc2ba69727418f39188e""}"	60379	decenterque muniens begins city/door embellishment and new palace after the wall construction.	False	True
10	226	INTERNAL-BUT-EXACT	HIGH_INDIVIDUALLY_REVIEWED	PRESENT	PROPOSED_INTERNAL_MILESTONE	Inistis uero regalibus	latin-book10-num219	"{""stable_id"": ""latin-book10-num219"", ""paragraph"": 46, ""xpath"": ""/*/*[2]/*/*[2]/*[10]/*[7]"", ""text_node_path"": ""/TEI[1]/text[1]/body[1]/div1[1]/div2[10]/p[7]/cb[2]/tail()"", ""node_offset"": 41, ""unit_offset"": 1913, ""book_offset"": 60379, ""raw_byte"": 69997, ""left"": ""em dicere credo superuacuum. Uerum tamen hoc sciendum quia dum essent haec magna et nimiseximia diebus sunt quindecim consummata. "", ""right"": ""Inistis uero regalibus lapides posuit quorum similes erat instar montis et plantauit diuersas arbores se cit que hortum quos suspensibile dicebatur, eo quod uxor eius possessionem regionis propriae uidere desideraret quae nutrita fuerat in "", ""parsed_unit_sha256"": ""f9db61e2c157ca0b4e799ac841fa819fffc11f70bbe25f81928107419da60636"", ""raw_unit_sha256"": ""309aa46a38f0efce930598d39822500b89d482dc9a649b712804054326c90e73""}"	"{""stable_id"": ""greek-book10-num219"", ""paragraph"": 47, ""xpath"": ""/*/*/*/*[2]/*[2]/*[46]"", ""text_node_path"": ""/TEI[1]/text[1]/body[1]/div1[1]/div2[2]/p[46]/num[8]/tail()"", ""node_offset"": 1, ""unit_offset"": 2136, ""book_offset"": 64054, ""raw_byte"": 133333, ""left"": ""τημα καὶ τὴν λοιπὴν πολυτέλειαν περισσὸν ἴσως ἂν εἴη λέγειν, πλὴν ὅσον τὰ μεγάλα καὶ ὑπερήφανα συνετελέσθη ἡμέραις πεντεκαίδεκα.  "", ""right"": ""ἐν δὲ τοῖς βασιλείοις τούτοις ἀναλήμματα λίθινα ἀνῳκοδόμησε τὴν ὄψιν ἀποδοὺς ὁμοιοτάτην τοῖς ὄρεσι, καταφυτεύσας δένδρεσι παντοδαποῖς ἐξειργάσατο καὶ κατεσκεύασε τὸν καλούμενον κρεμαστὸν παράδεισον διὰ τὸ τὴν γυναῖκα αὐτοῦ ἐπιθυμεῖν τῆς οἰκ"", ""parsed_unit_sha256"": ""09f1912e9156fab71ac7b276022a50412be65d75a5fc6dee944445673e9b188f"", ""raw_unit_sha256"": ""6b643202370e5d5c9a443a42427400a76deef5689361fc2ba69727418f39188e""}"	60632	Inistis uero regalibus begins stone terraces and gardens after the palace completion.	False	True
10	227	INTERNAL-BUT-EXACT	HIGH_INDIVIDUALLY_REVIEWED	PRESENT	PROPOSED_INTERNAL_MILESTONE	horum itaque itaque	latin-book10-num219	"{""stable_id"": ""latin-book10-num219"", ""paragraph"": 46, ""xpath"": ""/*/*[2]/*/*[2]/*[10]/*[7]"", ""text_node_path"": ""/TEI[1]/text[1]/body[1]/div1[1]/div2[10]/p[7]/cb[2]/tail()"", ""node_offset"": 294, ""unit_offset"": 2166, ""book_offset"": 60632, ""raw_byte"": 70250, ""left"": ""s suspensibile dicebatur, eo quod uxor eius possessionem regionis propriae uidere desideraret quae nutrita fuerat in locis mediae "", ""right"": ""horum itaque itaque meminit etiam me gestenis in quarto indicorum libro ubi inititur inititurad probare hunc regem fortitudine et actuum magnitudinem herculem transcendisse. Dicit autem eum uastase libiae ciuitatem et hiberiam sed etiam di "", ""parsed_unit_sha256"": ""f9db61e2c157ca0b4e799ac841fa819fffc11f70bbe25f81928107419da60636"", ""raw_unit_sha256"": ""309aa46a38f0efce930598d39822500b89d482dc9a649b712804054326c90e73""}"	"{""stable_id"": ""greek-book10-num219"", ""paragraph"": 47, ""xpath"": ""/*/*/*/*[2]/*[2]/*[46]"", ""text_node_path"": ""/TEI[1]/text[1]/body[1]/div1[1]/div2[2]/p[46]/num[9]/tail()"", ""node_offset"": 1, ""unit_offset"": 2436, ""book_offset"": 64354, ""raw_byte"": 133939, ""left"": ""ύμενον κρεμαστὸν παράδεισον διὰ τὸ τὴν γυναῖκα αὐτοῦ ἐπιθυμεῖν τῆς οἰκείας διαθέσεως ὡς τεθραμμένην ἐν τοῖς κατὰ Μηδίαν τόποις.’  "", ""right"": ""καὶ Μεγασθένης δὲ ἐν τῇ τετάρτῃ τῶν Ἰνδικῶν μνημονεύει αὐτῶν δι᾽ ἧς ἀποφαίνειν πειρᾶται τοῦτον τὸν βασιλέα τῇ ἀνδρείᾳ καὶ τῷ μεγέθει τῶν πράξεων ὑπερβεβηκότα τὸν Ἡρακλέα: καταστρέψασθαι γὰρ αὐτόν φησι Λιβύης τὴν πολλὴν καὶ Ἰβηρίαν.  καὶ Διο"", ""parsed_unit_sha256"": ""09f1912e9156fab71ac7b276022a50412be65d75a5fc6dee944445673e9b188f"", ""raw_unit_sha256"": ""6b643202370e5d5c9a443a42427400a76deef5689361fc2ba69727418f39188e""}"	60859	horum itaque begins Megasthenes' testimony after the Median wife's explanation; repeated words are retained.	False	True
10	228	INTERNAL-BUT-EXACT	HIGH_INDIVIDUALLY_REVIEWED	PRESENT	PROPOSED_INTERNAL_MILESTONE	sed etiam di oscles	latin-book10-num219	"{""stable_id"": ""latin-book10-num219"", ""paragraph"": 46, ""xpath"": ""/*/*[2]/*/*[2]/*[10]/*[7]"", ""text_node_path"": ""/TEI[1]/text[1]/body[1]/div1[1]/div2[10]/p[7]/corr[2]/tail()"", ""node_offset"": 134, ""unit_offset"": 2393, ""book_offset"": 60859, ""raw_byte"": 70531, ""left"": ""robare hunc regem fortitudine et actuum magnitudinem herculem transcendisse. Dicit autem eum uastase libiae ciuitatem et hiberiam "", ""right"": ""sed etiam di oscles diocles in secundo coloniorum libro meminit huius regis et filio stra tus in indios et phenicis historiis dicit quia iste rex obsedit tyrum annis tribus et decem mensibus cum illo tempore tyro regnaret ioathabub. Hoc erg"", ""parsed_unit_sha256"": ""f9db61e2c157ca0b4e799ac841fa819fffc11f70bbe25f81928107419da60636"", ""raw_unit_sha256"": ""309aa46a38f0efce930598d39822500b89d482dc9a649b712804054326c90e73""}"	"{""stable_id"": ""greek-book10-num219"", ""paragraph"": 47, ""xpath"": ""/*/*/*/*[2]/*[2]/*[46]"", ""text_node_path"": ""/TEI[1]/text[1]/body[1]/div1[1]/div2[2]/p[46]/num[10]/tail()"", ""node_offset"": 1, ""unit_offset"": 2669, ""book_offset"": 64587, ""raw_byte"": 134413, ""left"": ""λέα τῇ ἀνδρείᾳ καὶ τῷ μεγέθει τῶν πράξεων ὑπερβεβηκότα τὸν Ἡρακλέα: καταστρέψασθαι γὰρ αὐτόν φησι Λιβύης τὴν πολλὴν καὶ Ἰβηρίαν.  "", ""right"": ""καὶ Διοκλῆς δ᾽ ἐν τῇ δευτέρᾳ τῶν Περσικῶν μνημονεύει τούτου τοῦ βασιλέως καὶ Φιλόστρατος ἐν ταῖς Ἰνδικαῖς καὶ Φοινικικαῖς ἱστορίαις, ὅτι οὗτος ὁ βασιλεὺς ἐπολιόρκησε τὴν Τύρον ἔτεσι τρισὶ καὶ δέκα βασιλεύοντος κατ᾽ ἐκεῖνον τὸν καιρὸν Ἰθωβάλ"", ""parsed_unit_sha256"": ""09f1912e9156fab71ac7b276022a50412be65d75a5fc6dee944445673e9b188f"", ""raw_unit_sha256"": ""6b643202370e5d5c9a443a42427400a76deef5689361fc2ba69727418f39188e""}"	61143	sed etiam di oscles begins the next historians after Megasthenes' conquests.	False	True
10	229	EXACT	HIGH	PRESENT	INHERITED_START	Post mortem uero nabucodonosor amilmadapacus qui e	latin-book10-num229	"{""stable_id"": ""latin-book10-num229"", ""paragraph"": 47, ""xpath"": ""/*/*[2]/*/*[2]/*[10]/*[8]"", ""text_node_path"": ""/TEI[1]/text[1]/body[1]/div1[1]/div2[10]/p[8]/num[1]/tail()"", ""node_offset"": 1, ""unit_offset"": 1, ""book_offset"": 61143, ""raw_byte"": 70971, ""left"": ""tyrum annis tribus et decem mensibus cum illo tempore tyro regnaret ioathabub. Hoc ergo modo di uersi huius regis facere memoria. "", ""right"": ""Post mortem uero nabucodonosor amilmadapacus qui et abima tadocus filius eius suscepit regnum et hierosolimitarum regem iecho niam qui et ioachim soluit a uinculis, eumque inter amicos neces cassarios habuit et multa ei dona concessit. Feci"", ""parsed_unit_sha256"": ""e7090060d2037e50f3bf35bdd4c0ee5db9559d91a61933fb1b3de966c0bfd185"", ""raw_unit_sha256"": ""ce83c096980457b114483a84d57b4cb85a657d9a452b7149f3577587366e46bb""}"	"{""stable_id"": ""greek-book10-num229"", ""paragraph"": 48, ""xpath"": ""/*/*/*/*[2]/*[2]/*[47]"", ""text_node_path"": ""/TEI[1]/text[1]/body[1]/div1[1]/div2[2]/p[47]/num[1]/tail()"", ""node_offset"": 1, ""unit_offset"": 1, ""book_offset"": 64910, ""raw_byte"": 135136, ""left"": ""έκα βασιλεύοντος κατ᾽ ἐκεῖνον τὸν καιρὸν Ἰθωβάλου τῆς Τύρου. καὶ τὰ μὲν ὑπὸ πάντων ἱστορούμενα περὶ τούτου τοῦ βασιλέως ταῦτα ἦν. "", ""right"": ""Μετὰ δὲ τὴν Ναβουχοδονοσόρου τελευτὴν Ἀβιλμαθαδάχος ὁ παῖς αὐτοῦ τὴν βασιλείαν παραλαμβάνει, ὃς εὐθὺς τὸν τῶν Ἱεροσολύμων βασιλέα Ἰεχονίαν τῶν δεσμῶν ἀφεὶς ἐν τοῖς ἀναγκαιοτάτοις τῶν φίλων εἶχε πολλὰς αὐτῷ δωρεὰς δοὺς καὶ ποιήσας αὐτὸν ἐπὶ "", ""parsed_unit_sha256"": ""e8165a8aad4050e92940756cd7b337e4055c1a429c76bd9f20dfbe0283552746"", ""raw_unit_sha256"": ""e96a3fab290554abc984c39ff3383e7d0f1dd97da5980bdf2e61d77ef881d9ed""}"	61422	Independent printed Greek start and individually read Latin counterpart agree.	False	True
10	230	INTERNAL-BUT-EXACT	HIGH_INDIVIDUALLY_REVIEWED	PRESENT	PROPOSED_INTERNAL_MILESTONE	Nam pater eius	latin-book10-num229	"{""stable_id"": ""latin-book10-num229"", ""paragraph"": 47, ""xpath"": ""/*/*[2]/*/*[2]/*[10]/*[8]"", ""text_node_path"": ""/TEI[1]/text[1]/body[1]/div1[1]/div2[10]/p[8]/num[1]/tail()"", ""node_offset"": 280, ""unit_offset"": 280, ""book_offset"": 61422, ""raw_byte"": 71250, ""left"": ""uit a uinculis, eumque inter amicos neces cassarios habuit et multa ei dona concessit. Fecit que in babylonia inter reges haberi. "", ""right"": ""Nam pater eius fidem non seruauerat. Iemniae qui se utique cum uxoribus et filiis et omnia cognatione sponte tradiderat pro ciuitate ne sicut si praediximus obsessionem capta uastaretur. Moriente uero amilthapaco post annos decem et octo, s"", ""parsed_unit_sha256"": ""e7090060d2037e50f3bf35bdd4c0ee5db9559d91a61933fb1b3de966c0bfd185"", ""raw_unit_sha256"": ""ce83c096980457b114483a84d57b4cb85a657d9a452b7149f3577587366e46bb""}"	"{""stable_id"": ""greek-book10-num229"", ""paragraph"": 48, ""xpath"": ""/*/*/*/*[2]/*[2]/*[47]"", ""text_node_path"": ""/TEI[1]/text[1]/body[1]/div1[1]/div2[2]/p[47]/num[2]/tail()"", ""node_offset"": 1, ""unit_offset"": 272, ""book_offset"": 65181, ""raw_byte"": 135690, ""left"": ""ν δεσμῶν ἀφεὶς ἐν τοῖς ἀναγκαιοτάτοις τῶν φίλων εἶχε πολλὰς αὐτῷ δωρεὰς δοὺς καὶ ποιήσας αὐτὸν ἐπὶ τῶν ἐν τῇ Βαβυλωνίᾳ βασιλέων:  "", ""right"": ""ὁ γὰρ πατὴρ αὐτοῦ τὴν πίστιν οὐκ ἐφύλαξεν Ἰεχονίᾳ παραδόντι μετὰ γυναικῶν καὶ τέκνων καὶ τῆς συγγενείας ὅλης ἑκουσίως αὑτὸν ὑπὲρ τῆς πατρίδος, ὡς ἂν μὴ κατασκαφείη ληφθεῖσα ὑπὸ τῆς πολιορκίας, καθὼς προειρήκαμεν.  τελευτήσαντος δὲ Ἀβιλμαθαδ"", ""parsed_unit_sha256"": ""e8165a8aad4050e92940756cd7b337e4055c1a429c76bd9f20dfbe0283552746"", ""raw_unit_sha256"": ""e96a3fab290554abc984c39ff3383e7d0f1dd97da5980bdf2e61d77ef881d9ed""}"	61609	Nam pater eius begins the earlier broken pledge after Jeconiah's elevation.	False	True
10	231	INTERNAL-BUT-EXACT	HIGH_INDIVIDUALLY_REVIEWED	PRESENT	PROPOSED_INTERNAL_MILESTONE	Moriente uero amilthapaco	latin-book10-num229	"{""stable_id"": ""latin-book10-num229"", ""paragraph"": 47, ""xpath"": ""/*/*[2]/*/*[2]/*[10]/*[8]"", ""text_node_path"": ""/TEI[1]/text[1]/body[1]/div1[1]/div2[10]/p[8]/unclear[1]/tail()"", ""node_offset"": 143, ""unit_offset"": 467, ""book_offset"": 61609, ""raw_byte"": 71477, ""left"": ""e cum uxoribus et filiis et omnia cognatione sponte tradiderat pro ciuitate ne sicut si praediximus obsessionem capta uastaretur. "", ""right"": ""Moriente uero amilthapaco post annos decem et octo, sui regni egressarius filius eius tenuit principatum quadraginta annis, eoque mortuo ad eius filium labosordachum per uenit imperium, quod dum nouem mensibus habuisset eo defuncto transiit"", ""parsed_unit_sha256"": ""e7090060d2037e50f3bf35bdd4c0ee5db9559d91a61933fb1b3de966c0bfd185"", ""raw_unit_sha256"": ""ce83c096980457b114483a84d57b4cb85a657d9a452b7149f3577587366e46bb""}"	"{""stable_id"": ""greek-book10-num229"", ""paragraph"": 48, ""xpath"": ""/*/*/*/*[2]/*[2]/*[47]"", ""text_node_path"": ""/TEI[1]/text[1]/body[1]/div1[1]/div2[2]/p[47]/num[3]/tail()"", ""node_offset"": 1, ""unit_offset"": 486, ""book_offset"": 65395, ""raw_byte"": 136127, ""left"": "" καὶ τῆς συγγενείας ὅλης ἑκουσίως αὑτὸν ὑπὲρ τῆς πατρίδος, ὡς ἂν μὴ κατασκαφείη ληφθεῖσα ὑπὸ τῆς πολιορκίας, καθὼς προειρήκαμεν.  "", ""right"": ""τελευτήσαντος δὲ Ἀβιλμαθαδάχου μετὰ ἔτη ὀκτωκαίδεκα τῆς βασιλείας Ἠγλίσαρος ὁ παῖς αὐτοῦ τὴν ἀρχὴν παραλαμβάνει, καὶ κατασχὼν αὐτὴν ἔτη τεσσαράκοντα καταστρέφει τὸν βίον. μετὰ δ᾽ αὐτὸν εἰς τὸν υἱὸν αὐτοῦ Λαβοσόρδαχον ἀφικνεῖται τῆς βασιλεία"", ""parsed_unit_sha256"": ""e8165a8aad4050e92940756cd7b337e4055c1a429c76bd9f20dfbe0283552746"", ""raw_unit_sha256"": ""e96a3fab290554abc984c39ff3383e7d0f1dd97da5980bdf2e61d77ef881d9ed""}"	61885	Moriente uero amilthapaco begins succession after the explanation of Jeconiah's captivity.	False	True
10	232	INTERNAL-BUT-EXACT	HIGH_INDIVIDUALLY_REVIEWED	PRESENT	PROPOSED_INTERNAL_MILESTONE	Contra hunc itaque	latin-book10-num229	"{""stable_id"": ""latin-book10-num229"", ""paragraph"": 47, ""xpath"": ""/*/*[2]/*/*[2]/*[10]/*[8]"", ""text_node_path"": ""/TEI[1]/text[1]/body[1]/div1[1]/div2[10]/p[8]/note[1]/tail()"", ""node_offset"": 24, ""unit_offset"": 743, ""book_offset"": 61885, ""raw_byte"": 71896, ""left"": ""ilium labosordachum per uenit imperium, quod dum nouem mensibus habuisset eo defuncto transiit ad labdasar qui naboar nuncupatur. "", ""right"": ""Contra hunc itaque regem castra metati sunt cyrus persarum rex et darius medorum, quidum obsederunt/ eum babylonia mirabile quod dum prodigium contigisse dinoscitur iacebat namque cenans in doma maxima et conuiis regalibus oportuna cum suis"", ""parsed_unit_sha256"": ""e7090060d2037e50f3bf35bdd4c0ee5db9559d91a61933fb1b3de966c0bfd185"", ""raw_unit_sha256"": ""ce83c096980457b114483a84d57b4cb85a657d9a452b7149f3577587366e46bb""}"	"{""stable_id"": ""greek-book10-num229"", ""paragraph"": 48, ""xpath"": ""/*/*/*/*[2]/*[2]/*[47]"", ""text_node_path"": ""/TEI[1]/text[1]/body[1]/div1[1]/div2[2]/p[47]/num[4]/tail()"", ""node_offset"": 1, ""unit_offset"": 884, ""book_offset"": 65793, ""raw_byte"": 136926, ""left"": ""ασα παρ᾽ αὐτῷ τοὺς πάντας ἐννέα τελευτήσαντος αὐτοῦ μεταβαίνει πρὸς Βαλτασάρην τὸν καλούμενον Ναβοάνδηλον παρὰ τοῖς Βαβυλωνίοις.  "", ""right"": ""ἐπὶ τοῦτον στρατεύουσι Κῦρός τε ὁ Περσῶν βασιλεὺς καὶ Δαρεῖος ὁ Μήδων. καὶ πολιορκουμένων τοὺς ἐν Βαβυλῶνι θαυμάσιόν τι καὶ τεράστιον θέαμα συνέβη: κατέκειτο δειπνῶν καὶ πίνων ἐν οἴκῳ μεγάλῳ καὶ πρὸς ἑστιάσεις πεποιημένῳ βασιλικὰς μετὰ τῶν "", ""parsed_unit_sha256"": ""e8165a8aad4050e92940756cd7b337e4055c1a429c76bd9f20dfbe0283552746"", ""raw_unit_sha256"": ""e96a3fab290554abc984c39ff3383e7d0f1dd97da5980bdf2e61d77ef881d9ed""}"	62156	Contra hunc itaque regem begins Cyrus/Darius' attack after the last Babylonian king's naming.	False	True
10	233	INTERNAL-BUT-EXACT	HIGH_INDIVIDUALLY_REVIEWED	PRESENT	PROPOSED_INTERNAL_MILESTONE	placuitque ei ut	latin-book10-num229	"{""stable_id"": ""latin-book10-num229"", ""paragraph"": 47, ""xpath"": ""/*/*[2]/*/*[2]/*[10]/*[8]"", ""text_node_path"": ""/TEI[1]/text[1]/body[1]/div1[1]/div2[10]/p[8]/note[1]/tail()"", ""node_offset"": 295, ""unit_offset"": 1014, ""book_offset"": 62156, ""raw_byte"": 72167, ""left"": ""m contigisse dinoscitur iacebat namque cenans in doma maxima et conuiis regalibus oportuna cum suis concubinis pariter et amicis, "", ""right"": ""placuitque ei ut de proprio templo uasa dei deportarentur, quae de hierosolimis depraedatus nabucodonosor usus quidem non fuerat sed in templo suo dicauerat. At ille supervia ductus est ut eis uteretur ad pocula et hoc modo blasphemaret in "", ""parsed_unit_sha256"": ""e7090060d2037e50f3bf35bdd4c0ee5db9559d91a61933fb1b3de966c0bfd185"", ""raw_unit_sha256"": ""ce83c096980457b114483a84d57b4cb85a657d9a452b7149f3577587366e46bb""}"	"{""stable_id"": ""greek-book10-num229"", ""paragraph"": 48, ""xpath"": ""/*/*/*/*[2]/*[2]/*[47]"", ""text_node_path"": ""/TEI[1]/text[1]/body[1]/div1[1]/div2[2]/p[47]/num[5]/tail()"", ""node_offset"": 1, ""unit_offset"": 1151, ""book_offset"": 66060, ""raw_byte"": 137461, ""left"": ""μα συνέβη: κατέκειτο δειπνῶν καὶ πίνων ἐν οἴκῳ μεγάλῳ καὶ πρὸς ἑστιάσεις πεποιημένῳ βασιλικὰς μετὰ τῶν παλλακίδων καὶ τῶν φίλων.  "", ""right"": ""δόξαν δὲ αὐτῷ κομισθῆναι κελεύει ἐκ τοῦ ἰδίου ναοῦ τὰ τοῦ θεοῦ σκεύη, ἃ συλήσας Ναβουχοδονόσορος ἐκ τῶν Ἱεροσολύμων οὐκ ἐχρῆτο μέν, εἰς δὲ τὸν αὑτοῦ ναὸν κατέθηκεν. αὐτὸς δὲ ὑπὸ θράσους προαχθείς, ὥστε αὐτοῖς χρῆσθαι, μεταξὺ πίνων καὶ βλασφ"", ""parsed_unit_sha256"": ""e8165a8aad4050e92940756cd7b337e4055c1a429c76bd9f20dfbe0283552746"", ""raw_unit_sha256"": ""e96a3fab290554abc984c39ff3383e7d0f1dd97da5980bdf2e61d77ef881d9ed""}"	62485	placuitque ei begins the temple-vessel command after the banquet setup.	False	True
10	234	INTERNAL-BUT-EXACT	HIGH_INDIVIDUALLY_REVIEWED	PRESENT	PROPOSED_INTERNAL_MILESTONE	qua uisione turbatus	latin-book10-num229	"{""stable_id"": ""latin-book10-num229"", ""paragraph"": 47, ""xpath"": ""/*/*[2]/*/*[2]/*[10]/*[8]"", ""text_node_path"": ""/TEI[1]/text[1]/body[1]/div1[1]/div2[10]/p[8]/note[1]/tail()"", ""node_offset"": 624, ""unit_offset"": 1343, ""book_offset"": 62485, ""raw_byte"": 72496, ""left"": ""ur ad pocula et hoc modo blasphemaret in deo. Tunc itaque uidit de muro uenientem manus et in pariete quasdam syllabas scribentem "", ""right"": ""qua uisione turbatus conuocauit magos atque chaldaeos et omne genus similium quod inter barbaros somnia et huius modi signa disernere praeualebant ut ei quae fuerant scripta manifestarent. Cumque magi nihil penitus inuenire neque intelleger"", ""parsed_unit_sha256"": ""e7090060d2037e50f3bf35bdd4c0ee5db9559d91a61933fb1b3de966c0bfd185"", ""raw_unit_sha256"": ""ce83c096980457b114483a84d57b4cb85a657d9a452b7149f3577587366e46bb""}"	"{""stable_id"": ""greek-book10-num229"", ""paragraph"": 48, ""xpath"": ""/*/*/*/*[2]/*[2]/*[47]"", ""text_node_path"": ""/TEI[1]/text[1]/body[1]/div1[1]/div2[2]/p[47]/num[6]/tail()"", ""node_offset"": 1, ""unit_offset"": 1482, ""book_offset"": 66391, ""raw_byte"": 138128, ""left"": "" αὐτοῖς χρῆσθαι, μεταξὺ πίνων καὶ βλασφημῶν τὸν θεὸν ἐκ τοῦ τείχους ὁρᾷ χεῖρα προϊοῦσαν καὶ τῷ τοίχῳ τινὰς συλλαβὰς ἐγγράφουσαν.  "", ""right"": ""ταραχθεὶς δὲ ὑπὸ τῆς ὄψεως συνεκάλεσε τοὺς μάγους καὶ τοὺς Χαλδαίους, πᾶν τοῦτο τὸ γένος ὅσον ἦν ἐν τοῖς Βαβυλωνίοις τά τε σημεῖα καὶ τὰ ὀνείρατα κρίνειν δυνάμενον, ὡς ἂν αὐτῷ δηλώσωσι τὰ γεγραμμένα.  τῶν δὲ μάγων οὐδὲν εὑρίσκειν δυναμένων "", ""parsed_unit_sha256"": ""e8165a8aad4050e92940756cd7b337e4055c1a429c76bd9f20dfbe0283552746"", ""raw_unit_sha256"": ""e96a3fab290554abc984c39ff3383e7d0f1dd97da5980bdf2e61d77ef881d9ed""}"	62674	qua uisione turbatus begins the experts' summons after the writing hand.	False	True
10	235	INTERNAL-BUT-EXACT	HIGH_INDIVIDUALLY_REVIEWED	PRESENT	PROPOSED_INTERNAL_MILESTONE	Cumque magi nihil	latin-book10-num229	"{""stable_id"": ""latin-book10-num229"", ""paragraph"": 47, ""xpath"": ""/*/*[2]/*/*[2]/*[10]/*[8]"", ""text_node_path"": ""/TEI[1]/text[1]/body[1]/div1[1]/div2[10]/p[8]/note[1]/tail()"", ""node_offset"": 813, ""unit_offset"": 1532, ""book_offset"": 62674, ""raw_byte"": 72685, ""left"": ""ne genus similium quod inter barbaros somnia et huius modi signa disernere praeualebant ut ei quae fuerant scripta manifestarent. "", ""right"": ""Cumque magi nihil penitus inuenire neque intellegere posse dicerent in angustia rex constitutus et multa tristitia propter hanc sic inopinabilem causam in omnia prouintia praedicari fecit ut qui litteras illas et quae per eas significarentu"", ""parsed_unit_sha256"": ""e7090060d2037e50f3bf35bdd4c0ee5db9559d91a61933fb1b3de966c0bfd185"", ""raw_unit_sha256"": ""ce83c096980457b114483a84d57b4cb85a657d9a452b7149f3577587366e46bb""}"	"{""stable_id"": ""greek-book10-num229"", ""paragraph"": 48, ""xpath"": ""/*/*/*/*[2]/*[2]/*[47]"", ""text_node_path"": ""/TEI[1]/text[1]/body[1]/div1[1]/div2[2]/p[47]/num[7]/tail()"", ""node_offset"": 1, ""unit_offset"": 1683, ""book_offset"": 66592, ""raw_byte"": 138533, ""left"": ""ᾶν τοῦτο τὸ γένος ὅσον ἦν ἐν τοῖς Βαβυλωνίοις τά τε σημεῖα καὶ τὰ ὀνείρατα κρίνειν δυνάμενον, ὡς ἂν αὐτῷ δηλώσωσι τὰ γεγραμμένα.  "", ""right"": ""τῶν δὲ μάγων οὐδὲν εὑρίσκειν δυναμένων οὐδὲ συνιέναι λεγόντων ὑπ᾽ ἀγωνίας ὁ βασιλεὺς καὶ πολλῆς τῆς ἐπὶ τῷ παραδόξῳ λύπης κατὰ πᾶσαν ἐκήρυξε τὴν χώραν τῷ τὰ γράμματα καὶ τὴν ὑπ᾽ αὐτῶν δηλουμένην διάνοιαν σαφῆ ποιήσαντι δώσειν ὑπισχνούμενος "", ""parsed_unit_sha256"": ""e8165a8aad4050e92940756cd7b337e4055c1a429c76bd9f20dfbe0283552746"", ""raw_unit_sha256"": ""e96a3fab290554abc984c39ff3383e7d0f1dd97da5980bdf2e61d77ef881d9ed""}"	63055	Cumque magi nihil begins their failure and the public reward proclamation after the requested interpretation.	False	True
10	236	INTERNAL-BUT-EXACT	HIGH_INDIVIDUALLY_REVIEWED	PRESENT	PROPOSED_INTERNAL_MILESTONE	quo facto dum	latin-book10-num229	"{""stable_id"": ""latin-book10-num229"", ""paragraph"": 47, ""xpath"": ""/*/*[2]/*/*[2]/*[10]/*[8]"", ""text_node_path"": ""/TEI[1]/text[1]/body[1]/div1[1]/div2[10]/p[8]/note[1]/tail()"", ""node_offset"": 1194, ""unit_offset"": 1913, ""book_offset"": 63055, ""raw_byte"": 73066, ""left"": ""ponere ei torquem auream uestemque dare purpuream sicut regibus chaldaeis mos erat uti et tertiam partem sui pariter principatus, "", ""right"": ""quo facto dum multi magi concurrerent ut propositam munificentiam regis haberent inuentionem aut significationem litterarum nequaquam inuenire poterant. Dumque regem uideret in anxietate sua auia constitutum coepit eum confortare ac dicere "", ""parsed_unit_sha256"": ""e7090060d2037e50f3bf35bdd4c0ee5db9559d91a61933fb1b3de966c0bfd185"", ""raw_unit_sha256"": ""ce83c096980457b114483a84d57b4cb85a657d9a452b7149f3577587366e46bb""}"	"{""stable_id"": ""greek-book10-num229"", ""paragraph"": 48, ""xpath"": ""/*/*/*/*[2]/*[2]/*[47]"", ""text_node_path"": ""/TEI[1]/text[1]/body[1]/div1[1]/div2[2]/p[47]/num[8]/tail()"", ""node_offset"": 1, ""unit_offset"": 2048, ""book_offset"": 66957, ""raw_byte"": 139267, ""left"": ""ενος στρεπτὸν περιαυχένιον χρύσεον καὶ πορφυρᾶν ἐσθῆτα φορεῖν, ὡς οἱ τῶν Χαλδαίων βασιλεῖς, καὶ τὸ τρίτον μέρος τῆς ἰδίας ἀρχῆς.  "", ""right"": ""τούτου γενομένου τοῦ κηρύγματος ἔτι μᾶλλον οἱ μάγοι συνδραμόντες καὶ φιλοτιμησάμενοι πρὸς τὴν εὕρεσιν τῶν γραμμάτων οὐδὲν ἔλαττον ἠπόρησαν.  ἀθυμοῦντα δ᾽ ἐπὶ τούτῳ θεασαμένη τὸν βασιλέα ἡ μάμμη αὐτοῦ παραθαρσύνειν ἤρξατο καὶ λέγειν, ὡς ἔστι"", ""parsed_unit_sha256"": ""e8165a8aad4050e92940756cd7b337e4055c1a429c76bd9f20dfbe0283552746"", ""raw_unit_sha256"": ""e96a3fab290554abc984c39ff3383e7d0f1dd97da5980bdf2e61d77ef881d9ed""}"	63208	quo facto begins renewed attempts after the reward terms.	False	True
10	237	INTERNAL-BUT-EXACT	HIGH_INDIVIDUALLY_REVIEWED	PRESENT	PROPOSED_INTERNAL_MILESTONE	Dumque regem uideret	latin-book10-num229	"{""stable_id"": ""latin-book10-num229"", ""paragraph"": 47, ""xpath"": ""/*/*[2]/*/*[2]/*[10]/*[8]"", ""text_node_path"": ""/TEI[1]/text[1]/body[1]/div1[1]/div2[10]/p[8]/note[1]/tail()"", ""node_offset"": 1347, ""unit_offset"": 2066, ""book_offset"": 63208, ""raw_byte"": 73219, ""left"": ""i concurrerent ut propositam munificentiam regis haberent inuentionem aut significationem litterarum nequaquam inuenire poterant. "", ""right"": ""Dumque regem uideret in anxietate sua auia constitutum coepit eum confortare ac dicere eo quod esset genere quos deduxerat nabucod quidam de iudaea captiuis exeorum onosor cum hierosolimam deuastasset cui erat nomen danihel uir sapiens et a"", ""parsed_unit_sha256"": ""e7090060d2037e50f3bf35bdd4c0ee5db9559d91a61933fb1b3de966c0bfd185"", ""raw_unit_sha256"": ""ce83c096980457b114483a84d57b4cb85a657d9a452b7149f3577587366e46bb""}"	"{""stable_id"": ""greek-book10-num229"", ""paragraph"": 48, ""xpath"": ""/*/*/*/*[2]/*[2]/*[47]"", ""text_node_path"": ""/TEI[1]/text[1]/body[1]/div1[1]/div2[2]/p[47]/num[9]/tail()"", ""node_offset"": 1, ""unit_offset"": 2189, ""book_offset"": 67098, ""raw_byte"": 139557, ""left"": ""μένου τοῦ κηρύγματος ἔτι μᾶλλον οἱ μάγοι συνδραμόντες καὶ φιλοτιμησάμενοι πρὸς τὴν εὕρεσιν τῶν γραμμάτων οὐδὲν ἔλαττον ἠπόρησαν.  "", ""right"": ""ἀθυμοῦντα δ᾽ ἐπὶ τούτῳ θεασαμένη τὸν βασιλέα ἡ μάμμη αὐτοῦ παραθαρσύνειν ἤρξατο καὶ λέγειν, ὡς ἔστι τις ἀπὸ τῆς Ἰουδαίας αἰχμάλωτος ἐκεῖθεν τὸ γένος ἀχθεὶς ὑπὸ τοῦ Ναβουχοδονοσόρου πορθήσαντος Ἱεροσόλυμα Δανίηλος ὄνομα, σοφὸς ἀνὴρ καὶ δεινὸ"", ""parsed_unit_sha256"": ""e8165a8aad4050e92940756cd7b337e4055c1a429c76bd9f20dfbe0283552746"", ""raw_unit_sha256"": ""e96a3fab290554abc984c39ff3383e7d0f1dd97da5980bdf2e61d77ef881d9ed""}"	63643	Dumque regem uideret begins the grandmother's reassurance after the experts' failure.	False	True
10	238	INTERNAL-BUT-EXACT	HIGH_INDIVIDUALLY_REVIEWED	PRESENT	PROPOSED_INTERNAL_MILESTONE	adiciens ut eum	latin-book10-num229	"{""stable_id"": ""latin-book10-num229"", ""paragraph"": 47, ""xpath"": ""/*/*[2]/*/*[2]/*[10]/*[8]"", ""text_node_path"": ""/TEI[1]/text[1]/body[1]/div1[1]/div2[10]/p[8]/cb[2]/tail()"", ""node_offset"": 304, ""unit_offset"": 2501, ""book_offset"": 63643, ""raw_byte"": 73667, ""left"": ""ur nota qui etiam nabucodonosor regi cum nullus alter potuisset dicere quibus egebat ad agnitionis lumen ad duxerat quod querebat "", ""right"": ""adiciens ut eum euocaret et peteret quatenus de litteris eo narrante cognosceret, quod nullus poterat inuenire, si triste aliquid signum significaretur a deo. Haec audiens balthasar danihel a se uenire praecepit, cui dum dictum fuisset de e"", ""parsed_unit_sha256"": ""e7090060d2037e50f3bf35bdd4c0ee5db9559d91a61933fb1b3de966c0bfd185"", ""raw_unit_sha256"": ""ce83c096980457b114483a84d57b4cb85a657d9a452b7149f3577587366e46bb""}"	"{""stable_id"": ""greek-book10-num229"", ""paragraph"": 48, ""xpath"": ""/*/*/*/*[2]/*[2]/*[47]"", ""text_node_path"": ""/TEI[1]/text[1]/body[1]/div1[1]/div2[2]/p[47]/num[10]/tail()"", ""node_offset"": 1, ""unit_offset"": 2581, ""book_offset"": 67490, ""raw_byte"": 140350, ""left"": ""ὶ μόνῳ τῷ θεῷ γνώριμα, ὃς Ναβουχοδονοσόρῳ τῷ βασιλεῖ μηδενὸς ἄλλου δυνηθέντος εἰπεῖν περὶ ὧν ἔχρῃζεν εἰς φῶς ἤγαγε τὰ ζητούμενα.  "", ""right"": ""μεταπεμψάμενον οὖν αὐτὸν ἠξίου παρ᾽ αὐτοῦ πυνθάνεσθαι περὶ τῶν γραμμάτων καὶ τὴν ἀμαθίαν τὴν τῶν οὐχ εὑρόντων αὐτὰ κατακρίνειν, κἂν σκυθρωπὸν ᾖ τὸ ὑπὸ τοῦ θεοῦ σημαινόμενον. Ταῦτ᾽ ἀκούσας καλεῖ τὸν Δανίηλον ὁ Βαλτασάρης καὶ διαλεχθεὶς ὡς πύ"", ""parsed_unit_sha256"": ""e8165a8aad4050e92940756cd7b337e4055c1a429c76bd9f20dfbe0283552746"", ""raw_unit_sha256"": ""e96a3fab290554abc984c39ff3383e7d0f1dd97da5980bdf2e61d77ef881d9ed""}"	63802	adiciens ut eum euocaret begins her summons advice after Daniel's earlier reputation.	False	True
10	239	EXACT	HIGH	PRESENT	INHERITED_START	Haec audiens balthasar danihel a se uenire praecep	latin-book10-num239	"{""stable_id"": ""latin-book10-num239"", ""paragraph"": 48, ""xpath"": ""/*/*[2]/*/*[2]/*[10]/*[9]"", ""text_node_path"": ""/TEI[1]/text[1]/body[1]/div1[1]/div2[10]/p[9]/num[1]/tail()"", ""node_offset"": 1, ""unit_offset"": 1, ""book_offset"": 63802, ""raw_byte"": 73891, ""left"": ""eteret quatenus de litteris eo narrante cognosceret, quod nullus poterat inuenire, si triste aliquid signum significaretur a deo. "", ""right"": ""Haec audiens balthasar danihel a se uenire praecepit, cui dum dictum fuisset de eo euis que sapientiam quia sanctus ei spiritus in esset et solus inuenire possit, quae alli neque mentem conceperant poscebat, ut ei quae scripta fuerant et qu"", ""parsed_unit_sha256"": ""2a6569fa8e5aa82c7d8134969408b23c8ed4a99adcb0122335594f077b635d91"", ""raw_unit_sha256"": ""17e92ae1880506c02729e96c1245e3130e073bf0bdbbb580abdbc23184b71bda""}"	"{""stable_id"": ""greek-book10-num239"", ""paragraph"": 49, ""xpath"": ""/*/*/*/*[2]/*[2]/*[48]"", ""text_node_path"": ""/TEI[1]/text[1]/body[1]/div1[1]/div2[2]/p[48]/num[1]/tail()"", ""node_offset"": 1, ""unit_offset"": 1, ""book_offset"": 67664, ""raw_byte"": 140783, ""left"": ""νθάνεσθαι περὶ τῶν γραμμάτων καὶ τὴν ἀμαθίαν τὴν τῶν οὐχ εὑρόντων αὐτὰ κατακρίνειν, κἂν σκυθρωπὸν ᾖ τὸ ὑπὸ τοῦ θεοῦ σημαινόμενον. "", ""right"": ""Ταῦτ᾽ ἀκούσας καλεῖ τὸν Δανίηλον ὁ Βαλτασάρης καὶ διαλεχθεὶς ὡς πύθοιτο περὶ αὐτοῦ καὶ τῆς σοφίας, ὅτι θεῖον αὐτῷ πνεῦμα συμπάρεστι καὶ μόνος ἐξευρεῖν ἱκανώτατος ἃ μὴ τοῖς ἄλλοις εἰς ἐπίνοιαν ἔρχεται, φράζειν αὐτῷ τὰ γεγραμμένα καὶ τί σημαί"", ""parsed_unit_sha256"": ""581a3de390f2e396f98a4acca5f283ea7af8e79f22ae26c1ae7c6e77fef4f410"", ""raw_unit_sha256"": ""e2938c422270e0427f886e2c445d2327f15bc135ee80eb587bfbe881570e07b8""}"	64077	Independent printed Greek start and individually read Latin counterpart agree.	False	True
10	240	INTERNAL-BUT-EXACT	HIGH_INDIVIDUALLY_REVIEWED	PRESENT	PROPOSED_INTERNAL_MILESTONE	Quod si faceret	latin-book10-num239	"{""stable_id"": ""latin-book10-num239"", ""paragraph"": 48, ""xpath"": ""/*/*[2]/*/*[2]/*[10]/*[9]"", ""text_node_path"": ""/TEI[1]/text[1]/body[1]/div1[1]/div2[10]/p[9]/num[1]/tail()"", ""node_offset"": 276, ""unit_offset"": 276, ""book_offset"": 64077, ""raw_byte"": 74166, ""left"": "" inuenire possit, quae alli neque mentem conceperant poscebat, ut ei quae scripta fuerant et quae significare poterant indicaret. "", ""right"": ""Quod si faceret purpura uestiendum et torquem auream circa collum eius dandam esse promisit. In super ei et partem tertiam regni pro honore sapientiae conferendam et eis insignis uidentibus appareret. quo facto danihel dona quidem eum apud "", ""parsed_unit_sha256"": ""2a6569fa8e5aa82c7d8134969408b23c8ed4a99adcb0122335594f077b635d91"", ""raw_unit_sha256"": ""17e92ae1880506c02729e96c1245e3130e073bf0bdbbb580abdbc23184b71bda""}"	"{""stable_id"": ""greek-book10-num239"", ""paragraph"": 49, ""xpath"": ""/*/*/*/*[2]/*[2]/*[48]"", ""text_node_path"": ""/TEI[1]/text[1]/body[1]/div1[1]/div2[2]/p[48]/num[2]/tail()"", ""node_offset"": 1, ""unit_offset"": 261, ""book_offset"": 67924, ""raw_byte"": 141309, ""left"": ""ι καὶ μόνος ἐξευρεῖν ἱκανώτατος ἃ μὴ τοῖς ἄλλοις εἰς ἐπίνοιαν ἔρχεται, φράζειν αὐτῷ τὰ γεγραμμένα καὶ τί σημαίνει μηνύειν ἠξίου:  "", ""right"": ""τοῦτο γὰρ ποιήσαντι πορφύραν δώσειν ἐνδεδύσθαι καὶ χρύσεον περὶ αὐχένα στρεπτὸν καὶ τὸ τρίτον τῆς ἀρχῆς αὐτοῦ μέρος τιμὴν καὶ γέρας τῆς σοφίας, ὡς ἂν ἐξ αὐτῶν ἐπισημότατος γένοιτο τοῖς ὁρῶσι καὶ τὴν αἰτίαν ἐφ᾽ ᾗ τούτων ἔτυχε πυνθανομένοις. "", ""parsed_unit_sha256"": ""581a3de390f2e396f98a4acca5f283ea7af8e79f22ae26c1ae7c6e77fef4f410"", ""raw_unit_sha256"": ""e2938c422270e0427f886e2c445d2327f15bc135ee80eb587bfbe881570e07b8""}"	64278	Quod si faceret begins the promised reward after the interpretation demand.	False	True
10	241	INTERNAL-BUT-EXACT	HIGH_INDIVIDUALLY_REVIEWED	PRESENT	PROPOSED_INTERNAL_MILESTONE	quo facto danihel	latin-book10-num239	"{""stable_id"": ""latin-book10-num239"", ""paragraph"": 48, ""xpath"": ""/*/*[2]/*/*[2]/*[10]/*[9]"", ""text_node_path"": ""/TEI[1]/text[1]/body[1]/div1[1]/div2[10]/p[9]/num[1]/tail()"", ""node_offset"": 477, ""unit_offset"": 477, ""book_offset"": 64278, ""raw_byte"": 74367, ""left"": ""dandam esse promisit. In super ei et partem tertiam regni pro honore sapientiae conferendam et eis insignis uidentibus appareret. "", ""right"": ""quo facto danihel dona quidem eum apud se retinere dixit. Sapientiam namque et diuinitatem sine suffragiis semper existere et gratis prodesse quaerentibus ea uero quae scripta uidebantur ei significaturum se esse promisit dicens. Haec eius "", ""parsed_unit_sha256"": ""2a6569fa8e5aa82c7d8134969408b23c8ed4a99adcb0122335594f077b635d91"", ""raw_unit_sha256"": ""17e92ae1880506c02729e96c1245e3130e073bf0bdbbb580abdbc23184b71bda""}"	"{""stable_id"": ""greek-book10-num239"", ""paragraph"": 49, ""xpath"": ""/*/*/*/*[2]/*[2]/*[48]"", ""text_node_path"": ""/TEI[1]/text[1]/body[1]/div1[1]/div2[2]/p[48]/num[3]/tail()"", ""node_offset"": 1, ""unit_offset"": 502, ""book_offset"": 68165, ""raw_byte"": 141798, ""left"": ""έρος τιμὴν καὶ γέρας τῆς σοφίας, ὡς ἂν ἐξ αὐτῶν ἐπισημότατος γένοιτο τοῖς ὁρῶσι καὶ τὴν αἰτίαν ἐφ᾽ ᾗ τούτων ἔτυχε πυνθανομένοις.  "", ""right"": ""Δανίηλος δὲ τὰς μὲν δωρεὰς αὐτὸν ἔχειν ἠξίου: τὸ γὰρ σοφὸν καὶ θεῖον ἀδωροδόκητον εἶναι καὶ προῖκα τοὺς δεομένους ὠφελεῖν, μηνύσειν δ᾽ αὐτῷ τὰ γεγραμμένα σημαίνοντα καταστροφὴν αὐτῷ τοῦ βίου, ὅτι μηδ᾽ οἷς ὁ πρόγονος αὐτοῦ διὰ τὰς εἰς θεὸν ὕ"", ""parsed_unit_sha256"": ""581a3de390f2e396f98a4acca5f283ea7af8e79f22ae26c1ae7c6e77fef4f410"", ""raw_unit_sha256"": ""e2938c422270e0427f886e2c445d2327f15bc135ee80eb587bfbe881570e07b8""}"	64688	quo facto danihel begins refusal of gifts and interpretation after the reward terms; added Latin transition remains attached to Daniel's answer.	False	True
10	242	INTERNAL-BUT-EXACT	HIGH_INDIVIDUALLY_REVIEWED	PRESENT	PROPOSED_INTERNAL_MILESTONE	quando et nabucodonosor	latin-book10-num239	"{""stable_id"": ""latin-book10-num239"", ""paragraph"": 48, ""xpath"": ""/*/*[2]/*/*[2]/*[10]/*[9]"", ""text_node_path"": ""/TEI[1]/text[1]/body[1]/div1[1]/div2[10]/p[9]/num[1]/tail()"", ""node_offset"": 887, ""unit_offset"": 887, ""book_offset"": 64688, ""raw_byte"": 74777, ""left"": ""e exhil exquibus parens eius propter iniuria dei fuerat castigatus ille didicit esse pius et nihil ultra humanam cogitare naturam "", ""right"": ""quando et nabucodonosor mutatis in bestiam propterea quae impie gesserat, post multas praeces ac suplicationes misericordiam potuit promererei et ad humananam redire conuersationem ac regna pristina reparare. Qui propter haec deum solum omn"", ""parsed_unit_sha256"": ""2a6569fa8e5aa82c7d8134969408b23c8ed4a99adcb0122335594f077b635d91"", ""raw_unit_sha256"": ""17e92ae1880506c02729e96c1245e3130e073bf0bdbbb580abdbc23184b71bda""}"	"{""stable_id"": ""greek-book10-num239"", ""paragraph"": 49, ""xpath"": ""/*/*/*/*[2]/*[2]/*[48]"", ""text_node_path"": ""/TEI[1]/text[1]/body[1]/div1[1]/div2[2]/p[48]/num[4]/tail()"", ""node_offset"": 1, ""unit_offset"": 830, ""book_offset"": 68493, ""raw_byte"": 142463, ""left"": ""δ᾽ οἷς ὁ πρόγονος αὐτοῦ διὰ τὰς εἰς θεὸν ὕβρεις ἐκολάσθη τούτοις ἔμαθεν εὐσεβεῖν καὶ μηδὲν ὑπὲρ τὴν ἀνθρωπίνην φύσιν μηχανᾶσθαι:  "", ""right"": ""ἀλλὰ καὶ Ναβουχοδονοσόρου μεταστάντος εἰς δίαιταν θηρίων ἐφ᾽ οἷς ἠσέβησε καὶ μετὰ πολλὰς ἱκεσίας καὶ δεήσεις ἐλεηθέντος ἐπανελθεῖν εἰς τὸν ἀνθρώπινον βίον καὶ τὴν βασιλείαν, καὶ διὰ ταῦτα τὸν θεὸν ὡς τὴν ἅπασαν ἔχοντα δύναμιν καὶ προνοούμεν"", ""parsed_unit_sha256"": ""581a3de390f2e396f98a4acca5f283ea7af8e79f22ae26c1ae7c6e77fef4f410"", ""raw_unit_sha256"": ""e2938c422270e0427f886e2c445d2327f15bc135ee80eb587bfbe881570e07b8""}"	65130	quando et nabucodonosor begins the earlier king's beast-life precedent after the accusation of impiety.	False	True
10	243	INTERNAL-BUT-EXACT	HIGH_INDIVIDUALLY_REVIEWED	PRESENT	PROPOSED_INTERNAL_MILESTONE	quae uidens deus	latin-book10-num239	"{""stable_id"": ""latin-book10-num239"", ""paragraph"": 48, ""xpath"": ""/*/*[2]/*/*[2]/*[10]/*[9]"", ""text_node_path"": ""/TEI[1]/text[1]/body[1]/div1[1]/div2[10]/p[9]/unclear[1]/tail()"", ""node_offset"": 286, ""unit_offset"": 1329, ""book_offset"": 65130, ""raw_byte"": 75363, ""left"": "" in quid obliuionem horum habens multum que diuinitati blasphemans in eius uasis una cum tuis concubinis tibi ministrare fecisti, "", ""right"": ""quae uidens deus et iratus per ea quae scripta sunt pronuntiauit pronuntiauit qui tibi terminus sit fu futurus. Ille uero littere designa band haec. Mane quiod latina lingua sagnificare potest numerum quia uitae tuae in quid deus tempus et "", ""parsed_unit_sha256"": ""2a6569fa8e5aa82c7d8134969408b23c8ed4a99adcb0122335594f077b635d91"", ""raw_unit_sha256"": ""17e92ae1880506c02729e96c1245e3130e073bf0bdbbb580abdbc23184b71bda""}"	"{""stable_id"": ""greek-book10-num239"", ""paragraph"": 49, ""xpath"": ""/*/*/*/*[2]/*[2]/*[48]"", ""text_node_path"": ""/TEI[1]/text[1]/body[1]/div1[1]/div2[2]/p[48]/num[5]/tail()"", ""node_offset"": 1, ""unit_offset"": 1240, ""book_offset"": 68903, ""raw_byte"": 143286, ""left"": ""ν ὑμνοῦντος, λήθην αὐτὸς ἔλαβε τούτων καὶ πολλὰ μὲν ἐβλασφήμησε τὸ θεῖον, τοῖς δὲ σκεύεσιν αὐτοῦ μετὰ τῶν παλλακίδων διηκονεῖτο.  "", ""right"": ""ταῦτα ὁρῶντα τὸν θεὸν ὀργισθῆναι αὐτῷ καὶ διὰ τῶν γεγραμμένων προκαταγγέλλειν, εἰς οἷον αὐτὸν καταστρέψαι δεῖ τέλος. ἐδήλου δὲ τὰ γράμματα τάδε: μάνη: τούτῳ δὲ ἔλεγεν Ἑλλάδι γλώσσῃ σημαίνοιτο ἂν ἀριθμός, ὥσπερ τῆς ζωῆς σου τὸν χρόνον καὶ τῆ"", ""parsed_unit_sha256"": ""581a3de390f2e396f98a4acca5f283ea7af8e79f22ae26c1ae7c6e77fef4f410"", ""raw_unit_sha256"": ""e2938c422270e0427f886e2c445d2327f15bc135ee80eb587bfbe881570e07b8""}"	65424	quae uidens deus begins divine anger and the first word's interpretation after profanation of vessels.	False	True
10	244	INTERNAL-BUT-EXACT	HIGH_INDIVIDUALLY_REVIEWED	PRESENT	PROPOSED_INTERNAL_MILESTONE	Tecel fidem significat	latin-book10-num239	"{""stable_id"": ""latin-book10-num239"", ""paragraph"": 48, ""xpath"": ""/*/*[2]/*/*[2]/*[10]/*[9]"", ""text_node_path"": ""/TEI[1]/text[1]/body[1]/div1[1]/div2[10]/p[9]/add[2]/tail()"", ""node_offset"": 136, ""unit_offset"": 1623, ""book_offset"": 65424, ""raw_byte"": 75698, ""left"": ""na lingua sagnificare potest numerum quia uitae tuae in quid deus tempus et regni dinumerauit et paruum tibi super esse decreuit. "", ""right"": ""Tecel fidem significat pondus ad ponderant in quid deus tuae vitae tempus iam illud declinare pronuntiat. Phares sed hoc fragmentum significat lingua romana frangit in qui deus regnum tuum et medis illud persis que distribuit, Cum que danie"", ""parsed_unit_sha256"": ""2a6569fa8e5aa82c7d8134969408b23c8ed4a99adcb0122335594f077b635d91"", ""raw_unit_sha256"": ""17e92ae1880506c02729e96c1245e3130e073bf0bdbbb580abdbc23184b71bda""}"	"{""stable_id"": ""greek-book10-num239"", ""paragraph"": 49, ""xpath"": ""/*/*/*/*[2]/*[2]/*[48]"", ""text_node_path"": ""/TEI[1]/text[1]/body[1]/div1[1]/div2[2]/p[48]/num[6]/tail()"", ""node_offset"": 1, ""unit_offset"": 1545, ""book_offset"": 69208, ""raw_byte"": 143897, ""left"": ""λώσσῃ σημαίνοιτο ἂν ἀριθμός, ὥσπερ τῆς ζωῆς σου τὸν χρόνον καὶ τῆς ἀρχῆς ἠρίθμηκεν ὁ θεὸς καὶ περισσεύειν ἔτι σοι βραχὺν χρόνον.  "", ""right"": ""θέκελ: σημαίνει τοῦτο τὸν σταθμόν: στήσας οὖν σου λέγει τὸν χρόνον τῆς βασιλείας ὁ θεὸς ἤδη καταφερομένην δηλοῖ. φαρές: καὶ τοῦτο κλάσμα δηλοῖ καθ᾽ Ἑλλάδα γλῶτταν: κλάσει τοιγαροῦν σου τὴν βασιλείαν καὶ Μήδοις αὐτὴν καὶ Πέρσαις διανεμεῖ. Δα"", ""parsed_unit_sha256"": ""581a3de390f2e396f98a4acca5f283ea7af8e79f22ae26c1ae7c6e77fef4f410"", ""raw_unit_sha256"": ""e2938c422270e0427f886e2c445d2327f15bc135ee80eb587bfbe881570e07b8""}"	65651	Tecel begins the next interpreted word after Mane's numbered time.	False	True
10	245	EXACT	HIGH_INDIVIDUALLY_REVIEWED	PRESENT	INHERITED_START	Cum que daniel haec indicans dixisset quae fuerant	latin-book10-num245	"{""stable_id"": ""latin-book10-num245"", ""paragraph"": 49, ""xpath"": ""/*/*[2]/*/*[2]/*[10]/*[10]"", ""text_node_path"": ""/TEI[1]/text[1]/body[1]/div1[1]/div2[10]/p[10]/num[1]/tail()"", ""node_offset"": 1, ""unit_offset"": 1, ""book_offset"": 65651, ""raw_byte"": 75989, ""left"": ""nuntiat. Phares sed hoc fragmentum significat lingua romana frangit in qui deus regnum tuum et medis illud persis que distribuit, "", ""right"": ""Cum que daniel haec indicans dixisset quae fuerant in pariete conscripta. Balthasar equidem tristitia qualis poterat portante calamitates significatione prouenire detenuit, non tamen prophetae quasi malarum rerum in dic tu dona quae promise"", ""parsed_unit_sha256"": ""6d96f4244acf46b205ac15d534c37f68b0aa203d2d84620d670b9da64449448f"", ""raw_unit_sha256"": ""2fe34d5187d328ebbb988d987de449eeb9fa373d3edd478d23c4177af71d0744""}"	"{""stable_id"": ""greek-book10-num245"", ""paragraph"": 50, ""xpath"": ""/*/*/*/*[2]/*[2]/*[49]"", ""text_node_path"": ""/TEI[1]/text[1]/body[1]/div1[1]/div2[2]/p[49]/num[1]/tail()"", ""node_offset"": 1, ""unit_offset"": 1, ""book_offset"": 69446, ""raw_byte"": 144440, ""left"": ""λοῖ. φαρές: καὶ τοῦτο κλάσμα δηλοῖ καθ᾽ Ἑλλάδα γλῶτταν: κλάσει τοιγαροῦν σου τὴν βασιλείαν καὶ Μήδοις αὐτὴν καὶ Πέρσαις διανεμεῖ. "", ""right"": ""Δανιήλου δὲ ταῦτα τῷ βασιλεῖ σημαίνειν φράσαντος τὰ ἐν τῷ τοίχῳ γράμματα τὸν μὲν Βαλτασάρην, οἷον εἰκὸς ἐφ᾽ οὕτω χαλεποῖς τοῖς δεδηλωμένοις, λύπη καὶ συμφορὰ κατέλαβεν:  οὐ μὴν ὡς προφήτῃ αὐτῷ κακῶν γενομένῳ τὰς δωρεὰς ἃς ὑπέσχετο δώσειν οὐ"", ""parsed_unit_sha256"": ""cb41a33c0fc8df2ff140024fe54fcd36c04cec26669021ca8fe36f5b959501e5"", ""raw_unit_sha256"": ""fda81e338d1ffc9676b59c990640aa4aa47594641c83085171ce3a0b9363b613""}"	65824	Cum que daniel begins the king's grief after the interpretation of Phares.	False	True
10	246	INTERNAL-BUT-EXACT	HIGH_INDIVIDUALLY_REVIEWED	PRESENT	PROPOSED_INTERNAL_MILESTONE	non tamen prophetae	latin-book10-num245	"{""stable_id"": ""latin-book10-num245"", ""paragraph"": 49, ""xpath"": ""/*/*[2]/*/*[2]/*[10]/*[10]"", ""text_node_path"": ""/TEI[1]/text[1]/body[1]/div1[1]/div2[10]/p[10]/num[1]/tail()"", ""node_offset"": 174, ""unit_offset"": 174, ""book_offset"": 65824, ""raw_byte"": 76162, ""left"": ""fuerant in pariete conscripta. Balthasar equidem tristitia qualis poterat portante calamitates significatione prouenire detenuit, "", ""right"": ""non tamen prophetae quasi malarum rerum in dic tu dona quae promiserat denegauit sed cuncta concessit cogitans quia illa quidem pro quibus darentur propria eius prophetantis essent. lllum uero qui haec uere discreuerat uirum bonum dicebat s"", ""parsed_unit_sha256"": ""6d96f4244acf46b205ac15d534c37f68b0aa203d2d84620d670b9da64449448f"", ""raw_unit_sha256"": ""2fe34d5187d328ebbb988d987de449eeb9fa373d3edd478d23c4177af71d0744""}"	"{""stable_id"": ""greek-book10-num245"", ""paragraph"": 50, ""xpath"": ""/*/*/*/*[2]/*[2]/*[49]"", ""text_node_path"": ""/TEI[1]/text[1]/body[1]/div1[1]/div2[2]/p[49]/num[2]/tail()"", ""node_offset"": 1, ""unit_offset"": 171, ""book_offset"": 69616, ""raw_byte"": 144786, ""left"": ""ράσαντος τὰ ἐν τῷ τοίχῳ γράμματα τὸν μὲν Βαλτασάρην, οἷον εἰκὸς ἐφ᾽ οὕτω χαλεποῖς τοῖς δεδηλωμένοις, λύπη καὶ συμφορὰ κατέλαβεν:  "", ""right"": ""οὐ μὴν ὡς προφήτῃ αὐτῷ κακῶν γενομένῳ τὰς δωρεὰς ἃς ὑπέσχετο δώσειν οὐ δίδωσιν, ἀλλὰ πάσας παρέσχε, τὸ μὲν ἐφ᾽ οἷς δοθήσονται λογιζόμενος ἴδιον αὐτοῦ καὶ τῆς ἀνάγκης, ἀλλ᾽ οὐχὶ τοῦ προφητεύσαντος εἶναι, τὰ δὲ ὡμολογημένα κρίνων ἀνδρὸς ἀγαθο"", ""parsed_unit_sha256"": ""cb41a33c0fc8df2ff140024fe54fcd36c04cec26669021ca8fe36f5b959501e5"", ""raw_unit_sha256"": ""fda81e338d1ffc9676b59c990640aa4aa47594641c83085171ce3a0b9363b613""}"	66079	non tamen prophetae begins fulfilment of promised gifts despite bad news after the king's grief.	False	True
10	247	INTERNAL-BUT-EXACT	HIGH_INDIVIDUALLY_REVIEWED	PRESENT	PROPOSED_INTERNAL_MILESTONE	Igitur non post multum	latin-book10-num245	"{""stable_id"": ""latin-book10-num245"", ""paragraph"": 49, ""xpath"": ""/*/*[2]/*/*[2]/*[10]/*[10]"", ""text_node_path"": ""/TEI[1]/text[1]/body[1]/div1[1]/div2[10]/p[10]/num[1]/tail()"", ""node_offset"": 429, ""unit_offset"": 429, ""book_offset"": 66079, ""raw_byte"": 76417, ""left"": ""em pro quibus darentur propria eius prophetantis essent. lllum uero qui haec uere discreuerat uirum bonum dicebat simulet iustum. "", ""right"": ""Igitur non post multum tempus et ipse est captus et ciuitas cyro persarum rege aduersus eum fortissime dimicantem. Balthasar enim his sub quo capi contigit babyloniam cum regnasset iam decem et octo annis nepus nepos nabucodonosor regis cui"", ""parsed_unit_sha256"": ""6d96f4244acf46b205ac15d534c37f68b0aa203d2d84620d670b9da64449448f"", ""raw_unit_sha256"": ""2fe34d5187d328ebbb988d987de449eeb9fa373d3edd478d23c4177af71d0744""}"	"{""stable_id"": ""greek-book10-num245"", ""paragraph"": 50, ""xpath"": ""/*/*/*/*[2]/*[2]/*[49]"", ""text_node_path"": ""/TEI[1]/text[1]/body[1]/div1[1]/div2[2]/p[49]/num[3]/tail()"", ""node_offset"": 1, ""unit_offset"": 479, ""book_offset"": 69924, ""raw_byte"": 145408, ""left"": ""οῦ προφητεύσαντος εἶναι, τὰ δὲ ὡμολογημένα κρίνων ἀνδρὸς ἀγαθοῦ καὶ δικαίου, κἂν ᾖ σκυθρωπὰ τὰ μέλλοντα συμβαίνειν οὕτως ἔκρινε:  "", ""right"": ""μετ᾽ οὐ πολὺν δὲ χρόνον αὐτός τε ἐλήφθη καὶ ἡ πόλις Κύρου τοῦ Περσῶν βασιλέως ἐπ᾽ αὐτὸν στρατεύσαντος: Βαλτάσαρος γάρ ἐστιν, ἐφ᾽ οὗ τὴν αἵρεσιν τῆς Βαβυλῶνος συνέβη γενέσθαι, βασιλεύσαντος αὐτοῦ ἑπτακαίδεκα ἔτη.  τῶν μὲν οὖν Ναβουχοδονοσόρο"", ""parsed_unit_sha256"": ""cb41a33c0fc8df2ff140024fe54fcd36c04cec26669021ca8fe36f5b959501e5"", ""raw_unit_sha256"": ""fda81e338d1ffc9676b59c990640aa4aa47594641c83085171ce3a0b9363b613""}"	66284	Igitur non post multum begins capture and the last reign total after the honour paid to Daniel; extent now stops before elected nepus nepos at 248.	False	True
10	248	INTERNAL-BUT-EXACT	EDITORIALLY_ADJUDICATED_WITH_RECORDED_LIMITS	PRESENT_WITH_RECORDED_ALIGNMENT_LIMITS	PROPOSED_INTERNAL_MILESTONE	nepus nepos	latin-book10-num245	"{""stable_id"": ""latin-book10-num245"", ""paragraph"": 49, ""xpath"": ""/*/*[2]/*/*[2]/*[10]/*[10]"", ""text_node_path"": ""/TEI[1]/text[1]/body[1]/div1[1]/div2[10]/p[10]/cb[1]/tail()"", ""node_offset"": 63, ""unit_offset"": 634, ""book_offset"": 66284, ""raw_byte"": 76635, ""left"": ""ege aduersus eum fortissime dimicantem. Balthasar enim his sub quo capi contigit babyloniam cum regnasset iam decem et octo annis "", ""right"": ""nepus nepos nabucodonosor regis cui talem terminum fuisse percipimUs. Darius autem astiagis filius quia babyloniorum principatum destruixit cum cyro cognato suo annum habebat sexagesimum et secundum cum babylon fuisset in uasta qui tamen al"", ""parsed_unit_sha256"": ""6d96f4244acf46b205ac15d534c37f68b0aa203d2d84620d670b9da64449448f"", ""raw_unit_sha256"": ""2fe34d5187d328ebbb988d987de449eeb9fa373d3edd478d23c4177af71d0744""}"	"{""stable_id"": ""greek-book10-num245"", ""paragraph"": 50, ""xpath"": ""/*/*/*/*[2]/*[2]/*[49]"", ""text_node_path"": ""/TEI[1]/text[1]/body[1]/div1[1]/div2[2]/p[49]/num[4]/tail()"", ""node_offset"": 1, ""unit_offset"": 692, ""book_offset"": 70137, ""raw_byte"": 145838, ""left"": ""ὐτὸν στρατεύσαντος: Βαλτάσαρος γάρ ἐστιν, ἐφ᾽ οὗ τὴν αἵρεσιν τῆς Βαβυλῶνος συνέβη γενέσθαι, βασιλεύσαντος αὐτοῦ ἑπτακαίδεκα ἔτη.  "", ""right"": ""τῶν μὲν οὖν Ναβουχοδονοσόρου τοῦ βασιλέως ἐγγόνων τὸ τέλος τοιοῦτον παρειλήφαμεν γενόμενον: Δαρείῳ δὲ τῷ καταλύσαντι τὴν Βαβυλωνίων ἡγεμονίαν μετὰ Κύρου τοῦ συγγενοῦς ἔτος ἦν ἑξηκοστὸν καὶ δεύτερον, ὅτε τὴν Βαβυλῶνα εἷλεν, ὃς ἦν Ἀστυάγους υ"", ""parsed_unit_sha256"": ""cb41a33c0fc8df2ff140024fe54fcd36c04cec26669021ca8fe36f5b959501e5"", ""raw_unit_sha256"": ""fda81e338d1ffc9676b59c990640aa4aa47594641c83085171ce3a0b9363b613""}"	66554	Use the earliest genealogical counterpart nepus nepos. Preserve both nepus and nepos, Latin order and repetition.	False	True
10	249	INTERNAL-BUT-EXACT	HIGH_INDIVIDUALLY_REVIEWED	PRESENT	PROPOSED_INTERNAL_MILESTONE	quique danihelem prophetam	latin-book10-num245	"{""stable_id"": ""latin-book10-num245"", ""paragraph"": 49, ""xpath"": ""/*/*[2]/*/*[2]/*[10]/*[10]"", ""text_node_path"": ""/TEI[1]/text[1]/body[1]/div1[1]/div2[10]/p[10]/unclear[1]/tail()"", ""node_offset"": 133, ""unit_offset"": 904, ""book_offset"": 66554, ""raw_byte"": 76953, ""left"": ""cum cyro cognato suo annum habebat sexagesimum et secundum cum babylon fuisset in uasta qui tamen alio nomine uocabatur a graecis "", ""right"": ""quique danihelem prophetam sumens ad se in mediam duxit et omni eum honore caelebrauit. Erat enim unus intres satraphas quos darius super trecentos sexaginta satrapas instituerat. Danihel itaque dum dum esset apud darium in honore praecipuo"", ""parsed_unit_sha256"": ""6d96f4244acf46b205ac15d534c37f68b0aa203d2d84620d670b9da64449448f"", ""raw_unit_sha256"": ""2fe34d5187d328ebbb988d987de449eeb9fa373d3edd478d23c4177af71d0744""}"	"{""stable_id"": ""greek-book10-num245"", ""paragraph"": 50, ""xpath"": ""/*/*/*/*[2]/*[2]/*[49]"", ""text_node_path"": ""/TEI[1]/text[1]/body[1]/div1[1]/div2[2]/p[49]/num[5]/tail()"", ""node_offset"": 1, ""unit_offset"": 982, ""book_offset"": 70427, ""raw_byte"": 146421, ""left"": ""γενοῦς ἔτος ἦν ἑξηκοστὸν καὶ δεύτερον, ὅτε τὴν Βαβυλῶνα εἷλεν, ὃς ἦν Ἀστυάγους υἱός, ἕτερον δὲ παρὰ τοῖς Ἕλλησιν ἐκαλεῖτο ὄνομα:  "", ""right"": ""ὃς καὶ Δανίηλον τὸν προφήτην λαβὼν ἤγαγεν εἰς Μηδίαν πρὸς αὑτὸν καὶ πάσης αὐτῷ τιμῆς μεταδιδοὺς εἶχε σὺν αὑτῷ: τῶν τριῶν γὰρ σατραπῶν ἦν, οὓς ἐπὶ τῶν ἑξήκοντα καὶ τριακοσίων σατραπειῶν κατέστησε: τοσούτους γὰρ ἐποίησε Δαρεῖος εἰς αὐτήν. Δαν"", ""parsed_unit_sha256"": ""cb41a33c0fc8df2ff140024fe54fcd36c04cec26669021ca8fe36f5b959501e5"", ""raw_unit_sha256"": ""fda81e338d1ffc9676b59c990640aa4aa47594641c83085171ce3a0b9363b613""}"	66734	quique danihelem begins Daniel's removal to Media after Darius' identity.	False	True
10	250	EXACT	HIGH	PRESENT	INHERITED_START	Danihel itaque dum dum esset apud darium in honore	latin-book10-num250	"{""stable_id"": ""latin-book10-num250"", ""paragraph"": 50, ""xpath"": ""/*/*[2]/*/*[2]/*[11]/*[1]"", ""text_node_path"": ""/TEI[1]/text[1]/body[1]/div1[1]/div2[11]/p[1]/num[1]/tail()"", ""node_offset"": 1, ""unit_offset"": 1, ""book_offset"": 66734, ""raw_byte"": 77241, ""left"": ""duxit et omni eum honore caelebrauit. Erat enim unus intres satraphas quos darius super trecentos sexaginta satrapas instituerat. "", ""right"": ""Danihel itaque dum dum esset apud darium in honore praecipuo ita ut quasi soli cuncta uiderentur esse commissa inuidiae apud ceteros crimine laborabat mordentur, qui quosdam apud principes plus quam se ualere conspiciunt, et dum quererent o"", ""parsed_unit_sha256"": ""944dcd6ba4ad89169618e6c3cc55361832bb72b6d64cb70cb2ed335839260c65"", ""raw_unit_sha256"": ""a3e6d5ec406ee1ccca331ef9eac493073240e31a83b6d4242e7b77ea205af86f""}"	"{""stable_id"": ""greek-book10-num250"", ""paragraph"": 51, ""xpath"": ""/*/*/*/*[2]/*[2]/*[50]"", ""text_node_path"": ""/TEI[1]/text[1]/body[1]/div1[1]/div2[2]/p[50]/num[1]/tail()"", ""node_offset"": 1, ""unit_offset"": 1, ""book_offset"": 70664, ""raw_byte"": 146976, ""left"": ""τῷ: τῶν τριῶν γὰρ σατραπῶν ἦν, οὓς ἐπὶ τῶν ἑξήκοντα καὶ τριακοσίων σατραπειῶν κατέστησε: τοσούτους γὰρ ἐποίησε Δαρεῖος εἰς αὐτήν. "", ""right"": ""Δανίηλος τοίνυν ὢν ἐν τοιαύτῃ τιμῇ καὶ λαμπρᾷ σπουδῇ παρὰ τῷ Δαρείῳ καὶ πρὸς ἅπαντα ὑπ᾽ αὐτοῦ μόνος, ὡς ἂν ἔχων τὸ θεῖον πεπιστευμένος ἐν αὑτῷ, παραλαμβανόμενος ἐφθονήθη: βασκαίνουσι γὰρ οἱ μᾶλλον αὐτῶν ἑτέρους ἐν πλείονι τιμῇ παρὰ τοῖς βασ"", ""parsed_unit_sha256"": ""99f5785891ff9d771e3641888d2d51b9b956f78c0a138e6baaf942c05f013ca4"", ""raw_unit_sha256"": ""8ca4211774fa9f8eacfdd8ee2f5448c034f64a3bff5c5d0863799f2de4b51691""}"	66956	Independent printed Greek start and individually read Latin counterpart agree.	False	True
10	251	INTERNAL-BUT-EXACT	HIGH_INDIVIDUALLY_REVIEWED	PRESENT	PROPOSED_INTERNAL_MILESTONE	et dum quererent	latin-book10-num250	"{""stable_id"": ""latin-book10-num250"", ""paragraph"": 50, ""xpath"": ""/*/*[2]/*/*[2]/*[11]/*[1]"", ""text_node_path"": ""/TEI[1]/text[1]/body[1]/div1[1]/div2[11]/p[1]/unclear[1]/tail()"", ""node_offset"": 103, ""unit_offset"": 223, ""book_offset"": 66956, ""raw_byte"": 77503, ""left"": ""ntur esse commissa inuidiae apud ceteros crimine laborabat mordentur, qui quosdam apud principes plus quam se ualere conspiciunt, "", ""right"": ""et dum quererent occasionem et derogationis formidinem uidentes eum apud darum esse probabilem nullam inueniebant causam. Nam dum esset et super thesauros et omne suffragium oblatum a quocumque dispexerit cui turpe uidebatur aliquid etiam p"", ""parsed_unit_sha256"": ""944dcd6ba4ad89169618e6c3cc55361832bb72b6d64cb70cb2ed335839260c65"", ""raw_unit_sha256"": ""a3e6d5ec406ee1ccca331ef9eac493073240e31a83b6d4242e7b77ea205af86f""}"	"{""stable_id"": ""greek-book10-num250"", ""paragraph"": 51, ""xpath"": ""/*/*/*/*[2]/*[2]/*[50]"", ""text_node_path"": ""/TEI[1]/text[1]/body[1]/div1[1]/div2[2]/p[50]/num[2]/tail()"", ""node_offset"": 1, ""unit_offset"": 260, ""book_offset"": 70923, ""raw_byte"": 147501, ""left"": ""μένος ἐν αὑτῷ, παραλαμβανόμενος ἐφθονήθη: βασκαίνουσι γὰρ οἱ μᾶλλον αὐτῶν ἑτέρους ἐν πλείονι τιμῇ παρὰ τοῖς βασιλεῦσι βλέποντες.  "", ""right"": ""ζητούντων δ᾽ ἐπ᾽ αὐτὸν ἀφορμὴν διαβολῆς καὶ κατηγορίας τῶν ἀχθομένων ἐπ᾽ αὐτῷ εὐδοκιμοῦντι παρὰ τῷ Δαρείῳ παρεῖχεν αἰτίαν οὐδεμίαν: ὢν γὰρ καὶ χρημάτων ἐπάνω καὶ παντὸς λήμματος περιορῶν, αἴσχιστον αὐτῷ δοκεῖν κἂν ὑπὲρ ὧν δοθείη καλῶς πρὸς "", ""parsed_unit_sha256"": ""99f5785891ff9d771e3641888d2d51b9b956f78c0a138e6baaf942c05f013ca4"", ""raw_unit_sha256"": ""8ca4211774fa9f8eacfdd8ee2f5448c034f64a3bff5c5d0863799f2de4b51691""}"	67274	et dum quererent begins unsuccessful attempts to accuse Daniel after the general envy observation.	False	True
10	252	INTERNAL-BUT-EXACT	HIGH_INDIVIDUALLY_REVIEWED	PRESENT	PROPOSED_INTERNAL_MILESTONE	Illi uero cum	latin-book10-num250	"{""stable_id"": ""latin-book10-num250"", ""paragraph"": 50, ""xpath"": ""/*/*[2]/*/*[2]/*[11]/*[1]"", ""text_node_path"": ""/TEI[1]/text[1]/body[1]/div1[1]/div2[11]/p[1]/unclear[1]/tail()"", ""node_offset"": 421, ""unit_offset"": 541, ""book_offset"": 67274, ""raw_byte"": 77821, ""left"": ""umque dispexerit cui turpe uidebatur aliquid etiam pro bonis rebus accipere nullam criminis causam accusatores inuenire faciebat. "", ""right"": ""Illi uero cum nihil haberent quod contra danihelem dicentes regi eum possent honore priuare, alium quaesiuere modum quo eum minorem apud gratiam regis ostenderent. Uidentes namque eum tertio indie orantem ad deum occasionem se inuenire puta"", ""parsed_unit_sha256"": ""944dcd6ba4ad89169618e6c3cc55361832bb72b6d64cb70cb2ed335839260c65"", ""raw_unit_sha256"": ""a3e6d5ec406ee1ccca331ef9eac493073240e31a83b6d4242e7b77ea205af86f""}"	"{""stable_id"": ""greek-book10-num250"", ""paragraph"": 51, ""xpath"": ""/*/*/*/*[2]/*[2]/*[50]"", ""text_node_path"": ""/TEI[1]/text[1]/body[1]/div1[1]/div2[2]/p[50]/num[3]/tail()"", ""node_offset"": 1, ""unit_offset"": 580, ""book_offset"": 71243, ""raw_byte"": 148158, ""left"": ""σχιστον αὐτῷ δοκεῖν κἂν ὑπὲρ ὧν δοθείη καλῶς πρὸς τὸ λαβεῖν, οὐδ᾽ ἡντιναοῦν τοῖς ζηλοτυποῦσιν αὐτὸν ἐγκλημάτων εὕρεσιν παρεῖχεν.  "", ""right"": ""οἱ δ᾽ ὡς οὐδὲν εἶχον, ὃ κατειπόντες αὐτοῦ πρὸς τὸν βασιλέα ζημιώσουσιν αὐτὸν εἰς τὴν παρ᾽ αὐτοῦ τιμὴν αἰσχύνῃ καὶ διαβολῇ, τρόπον ἄλλον ἐζήτουν καθ᾽ ὃν αὐτὸν ἐκποδὼν ποιήσονται. ὁρῶντες οὖν τὸν Δανίηλον τρὶς τῆς ἡμέρας προσευχόμενον τῷ θεῷ "", ""parsed_unit_sha256"": ""99f5785891ff9d771e3641888d2d51b9b956f78c0a138e6baaf942c05f013ca4"", ""raw_unit_sha256"": ""8ca4211774fa9f8eacfdd8ee2f5448c034f64a3bff5c5d0863799f2de4b51691""}"	67551	Illi uero cum nihil begins the alternate plot after his incorruptibility.	False	True
10	253	INTERNAL-BUT-EXACT	HIGH_INDIVIDUALLY_REVIEWED	PRESENT	PROPOSED_INTERNAL_MILESTONE	et uenientes ad darium	latin-book10-num250	"{""stable_id"": ""latin-book10-num250"", ""paragraph"": 50, ""xpath"": ""/*/*[2]/*/*[2]/*[11]/*[1]"", ""text_node_path"": ""/TEI[1]/text[1]/body[1]/div1[1]/div2[11]/p[1]/unclear[5]/tail()"", ""node_offset"": 38, ""unit_offset"": 818, ""book_offset"": 67551, ""raw_byte"": 78238, ""left"": ""gis ostenderent. Uidentes namque eum tertio indie orantem ad deum occasionem se inuenire putauerunt per quam perderent danihelem, "", ""right"": ""et uenientes ad darium nuntiauerunt quia satrapis et eius principibus placuisset ut tringinta diebus populis requiesceret quatenus neque ipsum aliquis neque deos eorum adiret similiter nec exoraret, et quorum siquis sententiam transcenderet"", ""parsed_unit_sha256"": ""944dcd6ba4ad89169618e6c3cc55361832bb72b6d64cb70cb2ed335839260c65"", ""raw_unit_sha256"": ""a3e6d5ec406ee1ccca331ef9eac493073240e31a83b6d4242e7b77ea205af86f""}"	"{""stable_id"": ""greek-book10-num250"", ""paragraph"": 51, ""xpath"": ""/*/*/*/*[2]/*[2]/*[50]"", ""text_node_path"": ""/TEI[1]/text[1]/body[1]/div1[1]/div2[2]/p[50]/num[4]/tail()"", ""node_offset"": 1, ""unit_offset"": 875, ""book_offset"": 71538, ""raw_byte"": 148758, ""left"": "" ποιήσονται. ὁρῶντες οὖν τὸν Δανίηλον τρὶς τῆς ἡμέρας προσευχόμενον τῷ θεῷ πρόφασιν ἔγνωσαν εὑρηκέναι, δι᾽ ἧς ἀπολέσουσιν αὐτόν.  "", ""right"": ""καὶ πρὸς τὸν Δαρεῖον ἐλθόντες ἀπήγγελλον αὐτῷ, ὡς τοῖς σατράπαις αὐτοῦ καὶ τοῖς ἡγεμόσι δόξειεν ἐπὶ τριάκονθ᾽ ἡμέρας ἀνεῖναι τὸ πλῆθος, ὅπως μήτ᾽ αὐτῷ τις μήτε τοῖς θεοῖς δεόμενος αὐτῶν καὶ εὐχόμενος εἴη, τὸν μέντοι γε αὐτῶν παραβάντα ταύτη"", ""parsed_unit_sha256"": ""99f5785891ff9d771e3641888d2d51b9b956f78c0a138e6baaf942c05f013ca4"", ""raw_unit_sha256"": ""8ca4211774fa9f8eacfdd8ee2f5448c034f64a3bff5c5d0863799f2de4b51691""}"	67833	et uenientes ad darium begins the proposed decree after the plot's discovery.	False	True
10	254	EXACT	HIGH	PRESENT	INHERITED_START	Rex autem eorum nequitiam non intendens nec quoque	latin-book10-num254	"{""stable_id"": ""latin-book10-num254"", ""paragraph"": 51, ""xpath"": ""/*/*[2]/*/*[2]/*[11]/*[2]"", ""text_node_path"": ""/TEI[1]/text[1]/body[1]/div1[1]/div2[11]/p[2]/num[1]/tail()"", ""node_offset"": 1, ""unit_offset"": 1, ""book_offset"": 67833, ""raw_byte"": 78754, ""left"": ""eque deos eorum adiret similiter nec exoraret, et quorum siquis sententiam transcenderet in lacum leonum peniturus inclauderetur. "", ""right"": ""Rex autem eorum nequitiam non intendens nec quoque haec contra danihelem arbitratus facta molimina dixit placere sibi quae ab eis decreta uidebantur et eorum sententiam confirmare promisit, proposuit decretum in populum quod satrapum placit"", ""parsed_unit_sha256"": ""f251f9d6df0ebb4a670d3d39772194ae0fa2828ace02f6c033bfad549c2905b1"", ""raw_unit_sha256"": ""f90444b1c47cdebdd123b8bddbd6fc37afaa30a4dcc7b3aa999d3e76aade89e4""}"	"{""stable_id"": ""greek-book10-num254"", ""paragraph"": 52, ""xpath"": ""/*/*/*/*[2]/*[2]/*[51]"", ""text_node_path"": ""/TEI[1]/text[1]/body[1]/div1[1]/div2[2]/p[51]/num[1]/tail()"", ""node_offset"": 1, ""unit_offset"": 1, ""book_offset"": 71845, ""raw_byte"": 149452, ""left"": ""ος αὐτῶν καὶ εὐχόμενος εἴη, τὸν μέντοι γε αὐτῶν παραβάντα ταύτην τὴν γνώμην εἰς τὸν τῶν λεόντων ἔκριναν ῥῖψαι λάκκον ἀπολούμενον. "", ""right"": ""Ὁ δὲ βασιλεὺς οὐ συνιδὼν τὴν κακουργίαν οὐδ᾽ ἐπὶ τὸν Δανίηλον ταῦτα κατεσκευασμένους ὑπονοήσας ἀρέσκεσθαι τοῖς ὑπ᾽ αὐτῶν ἔφη δεδογμένοις, καὶ κυρώσειν τὴν προαίρεσιν αὐτῶν ἐπαγγελλόμενος προτίθησι πρόγραμμα δηλοῦν τῷ πλήθει τὰ δόξαντα τοῖς "", ""parsed_unit_sha256"": ""588d247917e533abb0c2d29e448c4ab7fd8797cc9758397cc74188247197e973"", ""raw_unit_sha256"": ""26021f32d5d4bdcfb2d744c54a431e6b7d07be7caa87fa0d7061f36785177f14""}"	68087	Independent printed Greek start and individually read Latin counterpart agree.	False	True
10	255	INTERNAL-BUT-EXACT	HIGH_INDIVIDUALLY_REVIEWED	PRESENT	PROPOSED_INTERNAL_MILESTONE	et ceteri quidem	latin-book10-num254	"{""stable_id"": ""latin-book10-num254"", ""paragraph"": 51, ""xpath"": ""/*/*[2]/*/*[2]/*[11]/*[2]"", ""text_node_path"": ""/TEI[1]/text[1]/body[1]/div1[1]/div2[11]/p[2]/num[1]/tail()"", ""node_offset"": 255, ""unit_offset"": 255, ""book_offset"": 68087, ""raw_byte"": 79008, ""left"": ""b eis decreta uidebantur et eorum sententiam confirmare promisit, proposuit decretum in populum quod satrapum placita designabant "", ""right"": ""et ceteri quidem iussa custodientes ne transcenderent quae praecepta uidebantur a rege quiescebant. Daniheli uero nulla fuit inistis cura sed ut erat solitus stans deum cunctis inspicientibus adorabat. Satraphe occasione sumpta contra danih"", ""parsed_unit_sha256"": ""f251f9d6df0ebb4a670d3d39772194ae0fa2828ace02f6c033bfad549c2905b1"", ""raw_unit_sha256"": ""f90444b1c47cdebdd123b8bddbd6fc37afaa30a4dcc7b3aa999d3e76aade89e4""}"	"{""stable_id"": ""greek-book10-num254"", ""paragraph"": 52, ""xpath"": ""/*/*/*/*[2]/*[2]/*[51]"", ""text_node_path"": ""/TEI[1]/text[1]/body[1]/div1[1]/div2[2]/p[51]/num[2]/tail()"", ""node_offset"": 1, ""unit_offset"": 253, ""book_offset"": 72097, ""raw_byte"": 149963, ""left"": ""φη δεδογμένοις, καὶ κυρώσειν τὴν προαίρεσιν αὐτῶν ἐπαγγελλόμενος προτίθησι πρόγραμμα δηλοῦν τῷ πλήθει τὰ δόξαντα τοῖς σατράπαις.  "", ""right"": ""καὶ οἱ μὲν ἄλλοι πάντες φυλαττόμενοι τὰ προστεταγμένα μὴ παραβῆναι ἠρέμουν, Δανιήλῳ δὲ φροντὶς οὐδ᾽ ἡτισοῦν τούτων ἦν, ἀλλ᾽ ὡς ἔθος εἶχεν ἱστάμενος ηὔχετο τῷ θεῷ πάντων ὁρώντων.  οἱ δὲ σατράπαι τῆς ἀφορμῆς αὐτοῖς ἣν ἐσπούδαζον λαβεῖν ἐπὶ τὸ"", ""parsed_unit_sha256"": ""588d247917e533abb0c2d29e448c4ab7fd8797cc9758397cc74188247197e973"", ""raw_unit_sha256"": ""26021f32d5d4bdcfb2d744c54a431e6b7d07be7caa87fa0d7061f36785177f14""}"	68289	et ceteri quidem begins general compliance and Daniel's prayer after the public decree.	False	True
10	256	INTERNAL-BUT-EXACT	HIGH_INDIVIDUALLY_REVIEWED	PRESENT	PROPOSED_INTERNAL_MILESTONE	Satraphe occasione sumpta	latin-book10-num254	"{""stable_id"": ""latin-book10-num254"", ""paragraph"": 51, ""xpath"": ""/*/*[2]/*/*[2]/*[11]/*[2]"", ""text_node_path"": ""/TEI[1]/text[1]/body[1]/div1[1]/div2[11]/p[2]/num[1]/tail()"", ""node_offset"": 457, ""unit_offset"": 457, ""book_offset"": 68289, ""raw_byte"": 79210, ""left"": ""ebantur a rege quiescebant. Daniheli uero nulla fuit inistis cura sed ut erat solitus stans deum cunctis inspicientibus adorabat. "", ""right"": ""Satraphe occasione sumpta contra danihelem inuenire quaerebant. Mox uenerunt ad regem accasan tes tamquam solus danihel eius praecepta transcenderet, quia dum nullus alter apud eos orare pre sumpserit quod non quidem propter impietatem sed "", ""parsed_unit_sha256"": ""f251f9d6df0ebb4a670d3d39772194ae0fa2828ace02f6c033bfad549c2905b1"", ""raw_unit_sha256"": ""f90444b1c47cdebdd123b8bddbd6fc37afaa30a4dcc7b3aa999d3e76aade89e4""}"	"{""stable_id"": ""greek-book10-num254"", ""paragraph"": 52, ""xpath"": ""/*/*/*/*[2]/*[2]/*[51]"", ""text_node_path"": ""/TEI[1]/text[1]/body[1]/div1[1]/div2[2]/p[51]/num[3]/tail()"", ""node_offset"": 1, ""unit_offset"": 432, ""book_offset"": 72276, ""raw_byte"": 150331, ""left"": ""μένα μὴ παραβῆναι ἠρέμουν, Δανιήλῳ δὲ φροντὶς οὐδ᾽ ἡτισοῦν τούτων ἦν, ἀλλ᾽ ὡς ἔθος εἶχεν ἱστάμενος ηὔχετο τῷ θεῷ πάντων ὁρώντων.  "", ""right"": ""οἱ δὲ σατράπαι τῆς ἀφορμῆς αὐτοῖς ἣν ἐσπούδαζον λαβεῖν ἐπὶ τὸν Δανίηλον παραφανείσης εὐθὺς ἧκον πρὸς τὸν βασιλέα καὶ κατηγόρουν ὡς παραβαίνοντος μόνου τοῦ Δανιήλου τὰ προστεταγμένα: μηδενὸς γὰρ τῶν ἄλλων τολμῶντος προσεύχεσθαι τοῖς θεοῖς, κ"", ""parsed_unit_sha256"": ""588d247917e533abb0c2d29e448c4ab7fd8797cc9758397cc74188247197e973"", ""raw_unit_sha256"": ""26021f32d5d4bdcfb2d744c54a431e6b7d07be7caa87fa0d7061f36785177f14""}"	68629	Satraphe occasione sumpta begins the accusation after Daniel's public prayer.	False	True
10	257	INTERNAL-BUT-EXACT	HIGH_INDIVIDUALLY_REVIEWED	PRESENT	PROPOSED_INTERNAL_MILESTONE	credentes et enim	latin-book10-num254	"{""stable_id"": ""latin-book10-num254"", ""paragraph"": 51, ""xpath"": ""/*/*[2]/*/*[2]/*[11]/*[2]"", ""text_node_path"": ""/TEI[1]/text[1]/body[1]/div1[1]/div2[11]/p[2]/corr[1]/tail()"", ""node_offset"": 31, ""unit_offset"": 797, ""book_offset"": 68629, ""raw_byte"": 79563, ""left"": ""quidem propter impietatem sed propter custodiam fieret praeceptorum. In illo condempnans condemnans praecepta ad suum oraret deum "", ""right"": ""credentes et enim quia propter magnum fauorem quo eum darius diligebat etiam illorum decreta contempnens daniheli ueniam daret. In hoc potius habentes inuidiam magis instabant ad nullam mansuetudinem recedebant, sed eum secundum legem datam"", ""parsed_unit_sha256"": ""f251f9d6df0ebb4a670d3d39772194ae0fa2828ace02f6c033bfad549c2905b1"", ""raw_unit_sha256"": ""f90444b1c47cdebdd123b8bddbd6fc37afaa30a4dcc7b3aa999d3e76aade89e4""}"	"{""stable_id"": ""greek-book10-num254"", ""paragraph"": 52, ""xpath"": ""/*/*/*/*[2]/*[2]/*[51]"", ""text_node_path"": ""/TEI[1]/text[1]/body[1]/div1[1]/div2[2]/p[51]/num[4]/tail()"", ""node_offset"": 1, ""unit_offset"": 749, ""book_offset"": 72593, ""raw_byte"": 150969, ""left"": ""ὸς γὰρ τῶν ἄλλων τολμῶντος προσεύχεσθαι τοῖς θεοῖς, καὶ τοῦτ᾽ οὐ δι᾽ ἀσέβειαν, ἀλλὰ διὰ φυλακὴν καὶ διατήρησιν * ὑπὸ τοῦ φθόνου:  "", ""right"": ""ἀπὸ γὰρ μείζονος ἧς προσεδόκων εὐνοίας τοῦτο ποιεῖν τὸν Δαρεῖον ὑπολαμβάνοντες, ὡς καὶ καταφρονήσαντι τῶν ἐκείνου προσταγμάτων συγγνώμην ἑτοίμως νέμειν, καὶ αὐτὸ τοῦτο βασκαίνοντες τῷ Δανιήλῳ, οὔτε μετεβάλλοντο πρὸς τὸ ἡμερώτερον, ῥίπτειν δ"", ""parsed_unit_sha256"": ""588d247917e533abb0c2d29e448c4ab7fd8797cc9758397cc74188247197e973"", ""raw_unit_sha256"": ""26021f32d5d4bdcfb2d744c54a431e6b7d07be7caa87fa0d7061f36785177f14""}"	68914	credentes et enim begins their expectation of royal indulgence after the accusation; no words are supplied at the Greek lacuna signal.	False	True
10	258	INTERNAL-BUT-EXACT	HIGH_INDIVIDUALLY_REVIEWED	PRESENT	PROPOSED_INTERNAL_MILESTONE	Sperans autem darius	latin-book10-num254	"{""stable_id"": ""latin-book10-num254"", ""paragraph"": 51, ""xpath"": ""/*/*[2]/*/*[2]/*[11]/*[2]"", ""text_node_path"": ""/TEI[1]/text[1]/body[1]/div1[1]/div2[11]/p[2]/corr[1]/tail()"", ""node_offset"": 316, ""unit_offset"": 1082, ""book_offset"": 68914, ""raw_byte"": 79848, ""left"": ""diam magis instabant ad nullam mansuetudinem recedebant, sed eum secundum legem datam in lacum leonum proiciendum esse poscebant. "", ""right"": ""Sperans autem darius quia eum eriperet deus et nihil abestus sustineret aduersum. consolabatur eum ut fortiter ferret euentum. Rex itaque dum fuisset in lacum missus danihel signato lapide qui proia nuis in eius positus eratore discessit, e"", ""parsed_unit_sha256"": ""f251f9d6df0ebb4a670d3d39772194ae0fa2828ace02f6c033bfad549c2905b1"", ""raw_unit_sha256"": ""f90444b1c47cdebdd123b8bddbd6fc37afaa30a4dcc7b3aa999d3e76aade89e4""}"	"{""stable_id"": ""greek-book10-num254"", ""paragraph"": 52, ""xpath"": ""/*/*/*/*[2]/*[2]/*[51]"", ""text_node_path"": ""/TEI[1]/text[1]/body[1]/div1[1]/div2[2]/p[51]/num[5]/tail()"", ""node_offset"": 1, ""unit_offset"": 1048, ""book_offset"": 72892, ""raw_byte"": 151569, ""left"": ""ασκαίνοντες τῷ Δανιήλῳ, οὔτε μετεβάλλοντο πρὸς τὸ ἡμερώτερον, ῥίπτειν δ᾽ αὐτὸν ἠξίουν κατὰ τὸν νόμον εἰς τὸν λάκκον τῶν λεόντων.  "", ""right"": ""ἐλπίσας δ᾽ ὁ Δαρεῖος, ὅτι ῥύσεται τὸ θεῖον αὐτὸν καὶ οὐδὲν μὴ πάθῃ δεινὸν ὑπὸ τῶν θηρίων, ἐκέλευσεν αὐτῷ εὐθύμως φέρειν τὰ συμβαίνοντα: καὶ βληθέντος εἰς τὸν λάκκον σφραγίσας τὸν ἐπὶ τοῦ στομίου κείμενον ἀντὶ θύρας λίθον ἀνεχώρησε, δι᾽ ὅλης"", ""parsed_unit_sha256"": ""588d247917e533abb0c2d29e448c4ab7fd8797cc9758397cc74188247197e973"", ""raw_unit_sha256"": ""26021f32d5d4bdcfb2d744c54a431e6b7d07be7caa87fa0d7061f36785177f14""}"	69233	Sperans autem darius begins royal hope and consolation after the demand for punishment.	False	True
10	259	INTERNAL-BUT-EXACT	HIGH_INDIVIDUALLY_REVIEWED	PRESENT	PROPOSED_INTERNAL_MILESTONE	Die uero facto	latin-book10-num254	"{""stable_id"": ""latin-book10-num254"", ""paragraph"": 51, ""xpath"": ""/*/*[2]/*/*[2]/*[11]/*[2]"", ""text_node_path"": ""/TEI[1]/text[1]/body[1]/div1[1]/div2[11]/p[2]/cb[1]/tail()"", ""node_offset"": 266, ""unit_offset"": 1401, ""book_offset"": 69233, ""raw_byte"": 80180, ""left"": ""qui proia nuis in eius positus eratore discessit, et incenatus totam noctem duxit insomnem mestus et pro danihel nimis afflictus. "", ""right"": ""Die uero facto surgens aperiens clamauit uoce magna danihel requirens sisanus esset, quo res ponte ponde regi quia nihil passus fuisset mali, uissit repente de lacu pro trahi bæstiarum. Inimici uero uidentes nihil mali pertulisse danihel di"", ""parsed_unit_sha256"": ""f251f9d6df0ebb4a670d3d39772194ae0fa2828ace02f6c033bfad549c2905b1"", ""raw_unit_sha256"": ""f90444b1c47cdebdd123b8bddbd6fc37afaa30a4dcc7b3aa999d3e76aade89e4""}"	"{""stable_id"": ""greek-book10-num254"", ""paragraph"": 52, ""xpath"": ""/*/*/*/*[2]/*[2]/*[51]"", ""text_node_path"": ""/TEI[1]/text[1]/body[1]/div1[1]/div2[2]/p[51]/num[6]/tail()"", ""node_offset"": 1, ""unit_offset"": 1356, ""book_offset"": 73200, ""raw_byte"": 152191, ""left"": "" ἐπὶ τοῦ στομίου κείμενον ἀντὶ θύρας λίθον ἀνεχώρησε, δι᾽ ὅλης δ᾽ ἄσιτος τῆς νυκτὸς καὶ ἄυπνος διῆγεν ἀγωνιῶν περὶ τοῦ Δανιήλου:  "", ""right"": ""μεθ᾽ ἡμέραν δὲ ἀναστὰς ἐπὶ τὸν λάκκον ἦλθε καὶ σωζομένην τὴν σφραγῖδα εὑρών, ᾗ σημηνάμενος τὸν λίθον κατελελοίπει, ἀνοίξας ἀνεβόησε καλῶν τὸν Δανίηλον καὶ πυνθανόμενος εἰ σώζεται. τοῦ δὲ ἐπακούσαντος τῷ βασιλεῖ καὶ μηδὲν παθεῖν εἰπόντος, ἐκ"", ""parsed_unit_sha256"": ""588d247917e533abb0c2d29e448c4ab7fd8797cc9758397cc74188247197e973"", ""raw_unit_sha256"": ""26021f32d5d4bdcfb2d744c54a431e6b7d07be7caa87fa0d7061f36785177f14""}"	69419	Die uero facto begins the next-day release inquiry after the anxious night; the Latin compresses approach/seal details without ambiguity in the surviving day-transition cut.	False	True
10	260	INTERNAL-BUT-EXACT	HIGH_INDIVIDUALLY_REVIEWED	PRESENT	PROPOSED_INTERNAL_MILESTONE	Inimici uero uidentes	latin-book10-num254	"{""stable_id"": ""latin-book10-num254"", ""paragraph"": 51, ""xpath"": ""/*/*[2]/*/*[2]/*[11]/*[2]"", ""text_node_path"": ""/TEI[1]/text[1]/body[1]/div1[1]/div2[11]/p[2]/corr[2]/tail()"", ""node_offset"": 82, ""unit_offset"": 1587, ""book_offset"": 69419, ""raw_byte"": 80380, ""left"": ""hel requirens sisanus esset, quo res ponte ponde regi quia nihil passus fuisset mali, uissit repente de lacu pro trahi bæstiarum. "", ""right"": ""Inimici uero uidentes nihil mali pertulisse danihel dicebant regi non eum diuina prouidentia custoditum sed satos leones copiis eum contingere noluisse. Ille uero eorum nequitiam uidens iussit leonibus multas carnes adponi, eisque saciatis "", ""parsed_unit_sha256"": ""f251f9d6df0ebb4a670d3d39772194ae0fa2828ace02f6c033bfad549c2905b1"", ""raw_unit_sha256"": ""f90444b1c47cdebdd123b8bddbd6fc37afaa30a4dcc7b3aa999d3e76aade89e4""}"	"{""stable_id"": ""greek-book10-num254"", ""paragraph"": 52, ""xpath"": ""/*/*/*/*[2]/*[2]/*[51]"", ""text_node_path"": ""/TEI[1]/text[1]/body[1]/div1[1]/div2[2]/p[51]/num[7]/tail()"", ""node_offset"": 1, ""unit_offset"": 1654, ""book_offset"": 73498, ""raw_byte"": 152791, ""left"": ""εἰ σώζεται. τοῦ δὲ ἐπακούσαντος τῷ βασιλεῖ καὶ μηδὲν παθεῖν εἰπόντος, ἐκέλευσεν αὐτὸν ἀνελκυσθῆναι ἐκ τοῦ λάκκου τοῦ τῶν θηρίων.  "", ""right"": ""οἱ δὲ ἐχθροὶ θεασάμενοι τὸν Δανίηλον μηδὲν πεπονθότα δεινὸν διὰ μὲν τὸ θεῖον καὶ τὴν τούτου πρόνοιαν οὐκ ἠξίουν αὐτὸν σώζεσθαι, πεπληρωμένους δὲ τοὺς λέοντας τροφῆς μὴ ἅψασθαι μηδὲ προσελθεῖν τῷ Δανιήλῳ νομίζοντες τοῦτο ἔλεγον πρὸς τὸν βασι"", ""parsed_unit_sha256"": ""588d247917e533abb0c2d29e448c4ab7fd8797cc9758397cc74188247197e973"", ""raw_unit_sha256"": ""26021f32d5d4bdcfb2d744c54a431e6b7d07be7caa87fa0d7061f36785177f14""}"	69572	Inimici uero begins the enemies' explanation after Daniel's release.	False	True
10	261	INTERNAL-BUT-EXACT	HIGH_INDIVIDUALLY_REVIEWED	PRESENT	PROPOSED_INTERNAL_MILESTONE	Ille uero eorum	latin-book10-num254	"{""stable_id"": ""latin-book10-num254"", ""paragraph"": 51, ""xpath"": ""/*/*[2]/*/*[2]/*[11]/*[2]"", ""text_node_path"": ""/TEI[1]/text[1]/body[1]/div1[1]/div2[11]/p[2]/corr[2]/tail()"", ""node_offset"": 235, ""unit_offset"": 1740, ""book_offset"": 69572, ""raw_byte"": 80533, ""left"": ""ihil mali pertulisse danihel dicebant regi non eum diuina prouidentia custoditum sed satos leones copiis eum contingere noluisse. "", ""right"": ""Ille uero eorum nequitiam uidens iussit leonibus multas carnes adponi, eisque saciatis inimicos daniheli in lacum praecepit inmitti, usti uera per facietatem ad eos minime leones accederent, hoc aperto cognosceret. Quo facto et satrapis in "", ""parsed_unit_sha256"": ""f251f9d6df0ebb4a670d3d39772194ae0fa2828ace02f6c033bfad549c2905b1"", ""raw_unit_sha256"": ""f90444b1c47cdebdd123b8bddbd6fc37afaa30a4dcc7b3aa999d3e76aade89e4""}"	"{""stable_id"": ""greek-book10-num254"", ""paragraph"": 52, ""xpath"": ""/*/*/*/*[2]/*[2]/*[51]"", ""text_node_path"": ""/TEI[1]/text[1]/body[1]/div1[1]/div2[2]/p[51]/num[8]/tail()"", ""node_offset"": 1, ""unit_offset"": 1900, ""book_offset"": 73744, ""raw_byte"": 153288, ""left"": ""ν σώζεσθαι, πεπληρωμένους δὲ τοὺς λέοντας τροφῆς μὴ ἅψασθαι μηδὲ προσελθεῖν τῷ Δανιήλῳ νομίζοντες τοῦτο ἔλεγον πρὸς τὸν βασιλέα.  "", ""right"": ""ὁ δὲ μισήσας αὐτοὺς τῆς πονηρίας παραβληθῆναι μὲν πολλὰ κελεύει τοῖς λέουσι κρέα, κορεσθέντων δ᾽ αὐτῶν τοὺς ἐχθροὺς τοῦ Δανιήλου προσέταξεν εἰς τὸν λάκκον βληθῆναι, ὅπως εἰ διὰ κόρον αὐτοῖς οὐ προσήξουσιν οἱ λέοντες μάθοι.  σαφὲς δ᾽ ἐγένετο"", ""parsed_unit_sha256"": ""588d247917e533abb0c2d29e448c4ab7fd8797cc9758397cc74188247197e973"", ""raw_unit_sha256"": ""26021f32d5d4bdcfb2d744c54a431e6b7d07be7caa87fa0d7061f36785177f14""}"	69787	Ille uero eorum nequitiam begins the king's test after the satiated-lions allegation.	False	True
10	262	INTERNAL-BUT-EXACT	HIGH_INDIVIDUALLY_REVIEWED	PRESENT	PROPOSED_INTERNAL_MILESTONE	Quo facto et satrapis	latin-book10-num254	"{""stable_id"": ""latin-book10-num254"", ""paragraph"": 51, ""xpath"": ""/*/*[2]/*/*[2]/*[11]/*[2]"", ""text_node_path"": ""/TEI[1]/text[1]/body[1]/div1[1]/div2[11]/p[2]/corr[2]/tail()"", ""node_offset"": 450, ""unit_offset"": 1955, ""book_offset"": 69787, ""raw_byte"": 80748, ""left"": ""s inimicos daniheli in lacum praecepit inmitti, usti uera per facietatem ad eos minime leones accederent, hoc aperto cognosceret. "", ""right"": ""Quo facto et satrapis in laco depositis dario manifestatum est quia diuinitas saluauerit danihelem, leones enim nulli eorum penitus pepercerunt. Sed omnes pariter discepserunt quasi rabida fame pleni et nulla cibi copia recreati. Arbitror e"", ""parsed_unit_sha256"": ""f251f9d6df0ebb4a670d3d39772194ae0fa2828ace02f6c033bfad549c2905b1"", ""raw_unit_sha256"": ""f90444b1c47cdebdd123b8bddbd6fc37afaa30a4dcc7b3aa999d3e76aade89e4""}"	"{""stable_id"": ""greek-book10-num254"", ""paragraph"": 52, ""xpath"": ""/*/*/*/*[2]/*[2]/*[51]"", ""text_node_path"": ""/TEI[1]/text[1]/body[1]/div1[1]/div2[2]/p[51]/num[9]/tail()"", ""node_offset"": 1, ""unit_offset"": 2124, ""book_offset"": 73968, ""raw_byte"": 153739, ""left"": ""δ᾽ αὐτῶν τοὺς ἐχθροὺς τοῦ Δανιήλου προσέταξεν εἰς τὸν λάκκον βληθῆναι, ὅπως εἰ διὰ κόρον αὐτοῖς οὐ προσήξουσιν οἱ λέοντες μάθοι.  "", ""right"": ""σαφὲς δ᾽ ἐγένετο τῷ Δαρείῳ τῶν σατραπῶν παραβληθέντων τοῖς θηρίοις, ὅτι τὸ θεῖον ἔσωσε τὸν Δανίηλον: οὐδενὸς γὰρ αὐτῶν ἐφείσαντο οἱ λέοντες, ἀλλὰ πάντας διεσπάραττον ὡσανεὶ σφόδρα λιμώττοντες καὶ τροφῆς ἐνδεεῖς. ἠρέθισε δ᾽ αὐτοὺς οὐ τὸ πειν"", ""parsed_unit_sha256"": ""588d247917e533abb0c2d29e448c4ab7fd8797cc9758397cc74188247197e973"", ""raw_unit_sha256"": ""26021f32d5d4bdcfb2d744c54a431e6b7d07be7caa87fa0d7061f36785177f14""}"	70259	Quo facto et satrapis begins the result and recognition after the ordered test.	False	True
10	263	EXACT	HIGH	PRESENT	INHERITED_START	peremptis itaque hoc modo danihel inimcis rex dari	latin-book10-num263	"{""stable_id"": ""latin-book10-num263"", ""paragraph"": 52, ""xpath"": ""/*/*[2]/*/*[2]/*[11]/*[3]"", ""text_node_path"": ""/TEI[1]/text[1]/body[1]/div1[1]/div2[11]/p[3]/num[1]/tail()"", ""node_offset"": 1, ""unit_offset"": 1, ""book_offset"": 70259, ""raw_byte"": 81285, ""left"": "" faciati sed hominum nequitia etiam in rationabilibus erat animalibus manifesta simul et quia dei uoluntate uocabantur ad poenam, "", ""right"": ""peremptis itaque hoc modo danihel inimcis rex darius quod aptum fuerat diuulgauit in omni prouincia laudans deum quem danihel colebat eumque uerum et omnipotentem asserens esse solum. habiuttauit  etiam danihel in honore praecelso principem"", ""parsed_unit_sha256"": ""20bccfff6730c85871768e90319bc13a0f6222a2852f2550c6a43233ebb8f820"", ""raw_unit_sha256"": ""d4bee6ea1a58ce3cf559dfd4168bf7cbec8eacfdfb05f49cb05a097e3d0d3a93""}"	"{""stable_id"": ""greek-book10-num263"", ""paragraph"": 53, ""xpath"": ""/*/*/*/*[2]/*[2]/*[52]"", ""text_node_path"": ""/TEI[1]/text[1]/body[1]/div1[1]/div2[2]/p[52]/num[1]/tail()"", ""node_offset"": 1, ""unit_offset"": 1, ""book_offset"": 74379, ""raw_byte"": 154634, ""left"": ""επληρωμένους, ἀλλ᾽ ἡ τῶν ἀνθρώπων κακία, δήλη γὰρ καὶ τοῖς ἀλόγοις ζῴοις ἦν αὕτη, πρὸς τιμωρίαν ἣ γένοιτο τοῦ θεοῦ προαιρουμένου. "", ""right"": ""Διαφθαρέντων οὖν τῶν ἐπιβουλευσάντων Δανιήλῳ τοῦτον τὸν τρόπον ὁ βασιλεὺς Δαρεῖος καθ᾽ ὅλην ἔπεμψε τὴν χώραν ἐπαινῶν τὸν θεόν, ὃν Δανίηλος προσκυνεῖ, καὶ μόνον αὐτὸν εἶναι ἔλεγεν ἀληθῆ καὶ τὸ πάντων κράτος ἔχοντα: ἔσχε δὲ καὶ τὸν Δανίηλον ἐ"", ""parsed_unit_sha256"": ""715f880a47741f097bab2dec32486d3bff2110001b6dc5662b0420b5aa0d6d64"", ""raw_unit_sha256"": ""7574ae3561e3cd782e63225faf52dca8c11ce8e642da6ebe4bb08bde52adc652""}"	70529	Independent printed Greek start and individually read Latin counterpart agree.	False	True
10	264	INTERNAL-BUT-EXACT	HIGH_INDIVIDUALLY_REVIEWED	PRESENT	PROPOSED_INTERNAL_MILESTONE	Cum ergo danihel	latin-book10-num263	"{""stable_id"": ""latin-book10-num263"", ""paragraph"": 52, ""xpath"": ""/*/*[2]/*/*[2]/*[11]/*[3]"", ""text_node_path"": ""/TEI[1]/text[1]/body[1]/div1[1]/div2[11]/p[3]/note[1]/tail()"", ""node_offset"": 74, ""unit_offset"": 271, ""book_offset"": 70529, ""raw_byte"": 81699, ""left"": "" uerum et omnipotentem asserens esse solum. habiuttauit  etiam danihel in honore praecelso principem eum suorum faciens amicorum. "", ""right"": ""Cum ergo danihel sic est et insignis et clarus eo quod religiosus existeret, aedificauit in et bathanis mediae ma usolium et ualde praeclarum et mirabiliter nimis instructum quod aequidem manens actenus et uidentibus creditur nuper aedifica"", ""parsed_unit_sha256"": ""20bccfff6730c85871768e90319bc13a0f6222a2852f2550c6a43233ebb8f820"", ""raw_unit_sha256"": ""d4bee6ea1a58ce3cf559dfd4168bf7cbec8eacfdfb05f49cb05a097e3d0d3a93""}"	"{""stable_id"": ""greek-book10-num263"", ""paragraph"": 53, ""xpath"": ""/*/*/*/*[2]/*[2]/*[52]"", ""text_node_path"": ""/TEI[1]/text[1]/body[1]/div1[1]/div2[2]/p[52]/num[2]/tail()"", ""node_offset"": 1, ""unit_offset"": 296, ""book_offset"": 74674, ""raw_byte"": 155230, ""left"": "" εἶναι ἔλεγεν ἀληθῆ καὶ τὸ πάντων κράτος ἔχοντα: ἔσχε δὲ καὶ τὸν Δανίηλον ἐν ὑπερβαλλούσῃ τιμῇ πρῶτον αὐτὸν ἀποδείξας τῶν φίλων.  "", ""right"": ""ὢν δὲ οὕτως ἐπίσημος καὶ λαμπρὸς ἐπὶ δόξῃ τοῦ θεοφιλὴς εἶναι Δανίηλος ᾠκοδόμησεν ἐν Ἐκβατάνοις τῆς Μηδικῆς βάριν εὐπρεπέστατόν τι κατασκεύασμα καὶ θαυμασίως πεποιημένον, ἣ μέχρι δεῦρο μὲν ἔστι καὶ σώζεται, τοῖς δ᾽ ὁρῶσι δοκεῖ προσφάτως κατε"", ""parsed_unit_sha256"": ""715f880a47741f097bab2dec32486d3bff2110001b6dc5662b0420b5aa0d6d64"", ""raw_unit_sha256"": ""7574ae3561e3cd782e63225faf52dca8c11ce8e642da6ebe4bb08bde52adc652""}"	70933	Cum ergo danihel begins the reputation and Median building after his honour at court.	False	True
10	265	INTERNAL-BUT-EXACT	HIGH_INDIVIDUALLY_REVIEWED	PRESENT	PROPOSED_INTERNAL_MILESTONE	cum aedificia eademque	latin-book10-num263	"{""stable_id"": ""latin-book10-num263"", ""paragraph"": 52, ""xpath"": ""/*/*[2]/*/*[2]/*[11]/*[3]"", ""text_node_path"": ""/TEI[1]/text[1]/body[1]/div1[1]/div2[11]/p[3]/note[1]/tail()"", ""node_offset"": 478, ""unit_offset"": 675, ""book_offset"": 70933, ""raw_byte"": 82103, ""left"": ""putetur esse constructum, sic eius pulchritudo noua uidetur et solida nulla que senectute tam magni temporis longe uitae confecta "", ""right"": ""cum aedificia eademque homines patiantur et aduetustate ueniant, et sua fortitudine longe uitae careant ac proprii decoris amissione marcescant. Actenus sepelliuntur sepeliuntur ibi medorum reges atque persarum pariter et pastorum, et cui h"", ""parsed_unit_sha256"": ""20bccfff6730c85871768e90319bc13a0f6222a2852f2550c6a43233ebb8f820"", ""raw_unit_sha256"": ""d4bee6ea1a58ce3cf559dfd4168bf7cbec8eacfdfb05f49cb05a097e3d0d3a93""}"	"{""stable_id"": ""greek-book10-num263"", ""paragraph"": 53, ""xpath"": ""/*/*/*/*[2]/*[2]/*[52]"", ""text_node_path"": ""/TEI[1]/text[1]/body[1]/div1[1]/div2[2]/p[52]/num[3]/tail()"", ""node_offset"": 1, ""unit_offset"": 696, ""book_offset"": 75074, ""raw_byte"": 156036, ""left"": ""ς ἧς ἕκαστος αὐτὴν ἡμέρας ἱστορεῖ γεγονέναι: οὕτως νεαρὸν αὐτῆς καὶ ἀκμαῖον τὸ κάλλος καὶ μηδαμοῦ γεγηρακὸς ὑπὸ τοσούτου χρόνου:  "", ""right"": ""πάσχει γὰρ καὶ τὰ κατασκευάσματα ταὐτὸν ἀνθρώποις καὶ πολιοῦται καὶ τὴν ἰσχὺν λυόμενα ὑπὸ τῶν ἐτῶν καὶ τὴν εὐπρέπειαν μαραινόμενα. θάπτουσι δ᾽ ἐν τῇ βάρει τούς τε Μήδων βασιλέας καὶ Περσῶν καὶ Πάρθων ἄχρι τοῦ δεῦρο, καὶ ὁ ταύτην πεπιστευμέν"", ""parsed_unit_sha256"": ""715f880a47741f097bab2dec32486d3bff2110001b6dc5662b0420b5aa0d6d64"", ""raw_unit_sha256"": ""7574ae3561e3cd782e63225faf52dca8c11ce8e642da6ebe4bb08bde52adc652""}"	71257	cum aedificia begins the ageing-buildings comparison after the monument's freshness.	False	True
10	266	INTERNAL-BUT-EXACT	HIGH_INDIVIDUALLY_REVIEWED	PRESENT	PROPOSED_INTERNAL_MILESTONE	Dignum est enim	latin-book10-num263	"{""stable_id"": ""latin-book10-num263"", ""paragraph"": 52, ""xpath"": ""/*/*[2]/*/*[2]/*[11]/*[3]"", ""text_node_path"": ""/TEI[1]/text[1]/body[1]/div1[1]/div2[11]/p[3]/corr[2]/tail()"", ""node_offset"": 72, ""unit_offset"": 999, ""book_offset"": 71257, ""raw_byte"": 82453, ""left"": ""s atque persarum pariter et pastorum, et cui haec ura cura committitur sacerdos est iudaeorum et hoc fit usque ad presens tempus. "", ""right"": ""Dignum est enim danihele dici quod maxime quilibet audiens debeat admirare, quidum mirabiliter et quasi uno quodam loco maximo positus omnia prophetasset et uitae suae tempore apud reges et plebem in inhonore fuit et gloriam et memoriam pos"", ""parsed_unit_sha256"": ""20bccfff6730c85871768e90319bc13a0f6222a2852f2550c6a43233ebb8f820"", ""raw_unit_sha256"": ""d4bee6ea1a58ce3cf559dfd4168bf7cbec8eacfdfb05f49cb05a097e3d0d3a93""}"	"{""stable_id"": ""greek-book10-num263"", ""paragraph"": 53, ""xpath"": ""/*/*/*/*[2]/*[2]/*[52]"", ""text_node_path"": ""/TEI[1]/text[1]/body[1]/div1[1]/div2[2]/p[52]/num[4]/tail()"", ""node_offset"": 1, ""unit_offset"": 1006, ""book_offset"": 75384, ""raw_byte"": 156658, ""left"": ""ὶ Περσῶν καὶ Πάρθων ἄχρι τοῦ δεῦρο, καὶ ὁ ταύτην πεπιστευμένος Ἰουδαῖός ἐστιν ἱερεὺς καὶ τοῦτο γίνεται μέχρι τῆς σήμερον ἡμέρας.  "", ""right"": ""ἄξιον δὲ τἀνδρὸς τούτου καὶ ὃ μάλιστ᾽ ἂν θαυμάσαι τις ἀκούσας διελθεῖν: ἀπαντᾷ γὰρ αὐτῷ παραδόξως ὡς ἑνί τινι τῶν μεγίστων καὶ παρὰ τὸν τῆς ζωῆς χρόνον τιμή τε καὶ δόξα ἡ παρὰ τῶν βασιλέων καὶ τοῦ πλήθους, καὶ τελευτήσας δὲ μνήμην αἰώνιον ἔ"", ""parsed_unit_sha256"": ""715f880a47741f097bab2dec32486d3bff2110001b6dc5662b0420b5aa0d6d64"", ""raw_unit_sha256"": ""7574ae3561e3cd782e63225faf52dca8c11ce8e642da6ebe4bb08bde52adc652""}"	71517	Dignum est enim begins the authorial appreciation after the monument's present management.	False	True
10	267	INTERNAL-BUT-EXACT	HIGH_INDIVIDUALLY_REVIEWED	PRESENT	PROPOSED_INTERNAL_MILESTONE	Omnes namque libri	latin-book10-num263	"{""stable_id"": ""latin-book10-num263"", ""paragraph"": 52, ""xpath"": ""/*/*[2]/*/*[2]/*[11]/*[3]"", ""text_node_path"": ""/TEI[1]/text[1]/body[1]/div1[1]/div2[11]/p[3]/cb[2]/tail()"", ""node_offset"": 8, ""unit_offset"": 1259, ""book_offset"": 71517, ""raw_byte"": 82726, ""left"": ""itus omnia prophetasset et uitae suae tempore apud reges et plebem in inhonore fuit et gloriam et memoriam possidens sempiternam. "", ""right"": ""Omnes namque libri quoscumque conscribens derelinquit leguntur actenus apud nos et ex his credimus quia daniheli loquebatur deus non solum enim futura sicut alii quoque prophetae dixit. Sed etiam tempus definiuit quo haec necesse sit adimpl"", ""parsed_unit_sha256"": ""20bccfff6730c85871768e90319bc13a0f6222a2852f2550c6a43233ebb8f820"", ""raw_unit_sha256"": ""d4bee6ea1a58ce3cf559dfd4168bf7cbec8eacfdfb05f49cb05a097e3d0d3a93""}"	"{""stable_id"": ""greek-book10-num263"", ""paragraph"": 53, ""xpath"": ""/*/*/*/*[2]/*[2]/*[52]"", ""text_node_path"": ""/TEI[1]/text[1]/body[1]/div1[1]/div2[2]/p[52]/num[5]/tail()"", ""node_offset"": 1, ""unit_offset"": 1252, ""book_offset"": 75630, ""raw_byte"": 157151, ""left"": ""γίστων καὶ παρὰ τὸν τῆς ζωῆς χρόνον τιμή τε καὶ δόξα ἡ παρὰ τῶν βασιλέων καὶ τοῦ πλήθους, καὶ τελευτήσας δὲ μνήμην αἰώνιον ἔχει.  "", ""right"": ""τὰ γὰρ βιβλία, ὅσα δὴ συγγραψάμενος καταλέλοιπεν, ἀναγινώσκεται παρ᾽ ἡμῖν ἔτι καὶ νῦν καὶ πεπιστεύκαμεν ἐξ αὐτῶν, ὅτι Δανίηλος ὡμίλει τῷ θεῷ: οὐ γὰρ τὰ μέλλοντα μόνον προφητεύων διετέλει, καθάπερ καὶ οἱ ἄλλοι προφῆται, ἀλλὰ καὶ καιρὸν ὥριζε"", ""parsed_unit_sha256"": ""715f880a47741f097bab2dec32486d3bff2110001b6dc5662b0420b5aa0d6d64"", ""raw_unit_sha256"": ""7574ae3561e3cd782e63225faf52dca8c11ce8e642da6ebe4bb08bde52adc652""}"	71762	Omnes namque libri begins the continuing books and evidence for divine speech after enduring memory.	False	True
10	268	INTERNAL-BUT-EXACT	HIGH_INDIVIDUALLY_REVIEWED	PRESENT	PROPOSED_INTERNAL_MILESTONE	Prophetis namque prioribus	latin-book10-num263	"{""stable_id"": ""latin-book10-num263"", ""paragraph"": 52, ""xpath"": ""/*/*[2]/*/*[2]/*[11]/*[3]"", ""text_node_path"": ""/TEI[1]/text[1]/body[1]/div1[1]/div2[11]/p[3]/cb[2]/tail()"", ""node_offset"": 253, ""unit_offset"": 1504, ""book_offset"": 71762, ""raw_byte"": 82971, ""left"": ""quebatur deus non solum enim futura sicut alii quoque prophetae dixit. Sed etiam tempus definiuit quo haec necesse sit adimplere. "", ""right"": ""Prophetis namque prioribus mala predicentibus et propterea a regibus et populo non bene susceptis. Danihel bonarum rerum propheta fuit, apud eos et propter famam rerum quas praedicebat fabuo  rem uidebatur habere cunctorum, per euentum uero"", ""parsed_unit_sha256"": ""20bccfff6730c85871768e90319bc13a0f6222a2852f2550c6a43233ebb8f820"", ""raw_unit_sha256"": ""d4bee6ea1a58ce3cf559dfd4168bf7cbec8eacfdfb05f49cb05a097e3d0d3a93""}"	"{""stable_id"": ""greek-book10-num263"", ""paragraph"": 53, ""xpath"": ""/*/*/*/*[2]/*[2]/*[52]"", ""text_node_path"": ""/TEI[1]/text[1]/body[1]/div1[1]/div2[2]/p[52]/num[6]/tail()"", ""node_offset"": 1, ""unit_offset"": 1521, ""book_offset"": 75899, ""raw_byte"": 157689, ""left"": ""ῷ: οὐ γὰρ τὰ μέλλοντα μόνον προφητεύων διετέλει, καθάπερ καὶ οἱ ἄλλοι προφῆται, ἀλλὰ καὶ καιρὸν ὥριζεν, εἰς ὃν ταῦτα ἀποβήσεται:  "", ""right"": ""καὶ τῶν προφητῶν τὰ χείρω προλεγόντων καὶ διὰ τοῦτο δυσχεραινομένων ὑπὸ τῶν βασιλέων καὶ τοῦ πλήθους Δανίηλος ἀγαθῶν ἐγίνετο προφήτης αὐτοῖς, ὡς ἀπὸ μὲν τῆς εὐφημίας τῶν προλεγομένων εὔνοιαν ἐπισπᾶσθαι παρὰ πάντων, ἀπὸ δὲ τοῦ τέλους αὐτῶν ἀ"", ""parsed_unit_sha256"": ""715f880a47741f097bab2dec32486d3bff2110001b6dc5662b0420b5aa0d6d64"", ""raw_unit_sha256"": ""7574ae3561e3cd782e63225faf52dca8c11ce8e642da6ebe4bb08bde52adc652""}"	72091	Prophetis namque prioribus begins the contrast with bad-news prophets after Daniel's exact temporal predictions.	False	True
10	269	INTERNAL-BUT-EXACT	HIGH_INDIVIDUALLY_REVIEWED	PRESENT	PROPOSED_INTERNAL_MILESTONE	Relinquid enim nobis	latin-book10-num263	"{""stable_id"": ""latin-book10-num263"", ""paragraph"": 52, ""xpath"": ""/*/*[2]/*/*[2]/*[11]/*[3]"", ""text_node_path"": ""/TEI[1]/text[1]/body[1]/div1[1]/div2[11]/p[3]/note[2]/tail()"", ""node_offset"": 138, ""unit_offset"": 1833, ""book_offset"": 72091, ""raw_byte"": 83375, ""left"": ""ebatur habere cunctorum, per euentum uero causarum ueracium adquirebat dictorum fidem et opinionem diuinitatis habebat in populo. "", ""right"": ""Relinquid enim nobis ex his quae conscripsit unde integritas eius prophetiae et nulla mutatio possit cognosci. Ait enim, quia cum esset in susis in metropoli perside cum suis sodalibus exiuit in campum et repente terrae motu facto relictus "", ""parsed_unit_sha256"": ""20bccfff6730c85871768e90319bc13a0f6222a2852f2550c6a43233ebb8f820"", ""raw_unit_sha256"": ""d4bee6ea1a58ce3cf559dfd4168bf7cbec8eacfdfb05f49cb05a097e3d0d3a93""}"	"{""stable_id"": ""greek-book10-num263"", ""paragraph"": 53, ""xpath"": ""/*/*/*/*[2]/*[2]/*[52]"", ""text_node_path"": ""/TEI[1]/text[1]/body[1]/div1[1]/div2[2]/p[52]/num[7]/tail()"", ""node_offset"": 1, ""unit_offset"": 1832, ""book_offset"": 76210, ""raw_byte"": 158318, ""left"": ""ν εὔνοιαν ἐπισπᾶσθαι παρὰ πάντων, ἀπὸ δὲ τοῦ τέλους αὐτῶν ἀληθείας πίστιν καὶ δόξαν ὁμοῦ θειότητος παρὰ τοῖς ὄχλοις ἀποφέρεσθαι.  "", ""right"": ""κατέλιπε δὲ γράψας, ὅθεν ἡμῖν ἀληθὲς τὸ τῆς προφητείας αὐτοῦ ἀκριβὲς καὶ ἀπαράλλακτον ἐποίησε δῆλον: φησὶ γὰρ αὐτὸν γενόμενον ἐν Σούσοις ἐν τῇ μητροπόλει τῆς Περσίδος, ὡς ἐξῆλθεν εἰς τὸ πεδίον μετὰ ἑταίρων αὐτοῦ, σεισμοῦ καὶ κλόνου τῆς γῆς "", ""parsed_unit_sha256"": ""715f880a47741f097bab2dec32486d3bff2110001b6dc5662b0420b5aa0d6d64"", ""raw_unit_sha256"": ""7574ae3561e3cd782e63225faf52dca8c11ce8e642da6ebe4bb08bde52adc652""}"	72567	Relinquid enim nobis begins the written vision as evidence after popular esteem.	False	True
10	270	INTERNAL-BUT-EXACT	HIGH_INDIVIDUALLY_REVIEWED	PRESENT	PROPOSED_INTERNAL_MILESTONE	dum surrexit ostensum	latin-book10-num263	"{""stable_id"": ""latin-book10-num263"", ""paragraph"": 52, ""xpath"": ""/*/*[2]/*/*[2]/*[11]/*[3]"", ""text_node_path"": ""/TEI[1]/text[1]/body[1]/div1[1]/div2[11]/p[3]/note[2]/tail()"", ""node_offset"": 614, ""unit_offset"": 2309, ""book_offset"": 72567, ""raw_byte"": 83851, ""left"": ""m tangente eum et inter haec ut surgeret imperante quatenus ea quae erant post multas generationes ciuibus conuentura conspiceret "", ""right"": ""dum surrexit ostensum sibi dixit arietem magnum multa quidem habente cornua, nouissimum uero eorum praecelsum, deinde respexisse quidem ad occidenem et uidisse hyrcum exinde ferri per aerem congrassum que arieti et eum secundo cornibus inpe"", ""parsed_unit_sha256"": ""20bccfff6730c85871768e90319bc13a0f6222a2852f2550c6a43233ebb8f820"", ""raw_unit_sha256"": ""d4bee6ea1a58ce3cf559dfd4168bf7cbec8eacfdfb05f49cb05a097e3d0d3a93""}"	"{""stable_id"": ""greek-book10-num263"", ""paragraph"": 53, ""xpath"": ""/*/*/*/*[2]/*[2]/*[52]"", ""text_node_path"": ""/TEI[1]/text[1]/body[1]/div1[1]/div2[2]/p[52]/num[8]/tail()"", ""node_offset"": 1, ""unit_offset"": 2309, ""book_offset"": 76687, ""raw_byte"": 159271, ""left"": ""ρας, τινὸς δ᾽ ἁψαμένου αὐτοῦ καὶ μεταξὺ κελεύοντος ἀναστῆναι καὶ τὰ μέλλοντα συμβήσεσθαι τοῖς πολίταις ἰδεῖν μετὰ πολλὰς γενεάς.  "", ""right"": ""ἀναστάντι δ᾽ αὐτῷ δειχθῆναι κριὸν ἐσήμαινε μέγαν, πολλὰ μὲν ἐκπεφυκότα κέρατα, τελευταῖον δ᾽ αὐτῶν ὑψηλότερον ἔχοντα. ἔπειτ᾽ ἀναβλέψαι μὲν εἰς τὴν δύσιν, θεάσασθαι δὲ τράγον ἀπ᾽ αὐτῆς δι᾽ ἀέρος φερόμενον συρράξαντα τῷ κριῷ καὶ τοῖς κέρασι ῥ"", ""parsed_unit_sha256"": ""715f880a47741f097bab2dec32486d3bff2110001b6dc5662b0420b5aa0d6d64"", ""raw_unit_sha256"": ""7574ae3561e3cd782e63225faf52dca8c11ce8e642da6ebe4bb08bde52adc652""}"	72861	dum surrexit begins the ram/goat vision after the command to rise.	False	True
10	271	INTERNAL-BUT-EXACT	HIGH_INDIVIDUALLY_REVIEWED	PRESENT	PROPOSED_INTERNAL_MILESTONE	Deinde iudisse se	latin-book10-num263	"{""stable_id"": ""latin-book10-num263"", ""paragraph"": 52, ""xpath"": ""/*/*[2]/*/*[2]/*[11]/*[3]"", ""text_node_path"": ""/TEI[1]/text[1]/body[1]/div1[1]/div2[11]/p[3]/cb[3]/tail()"", ""node_offset"": 134, ""unit_offset"": 2603, ""book_offset"": 72861, ""raw_byte"": 84210, ""left"": ""um exinde ferri per aerem congrassum que arieti et eum secundo cornibus inpetratum prostrauisse in terram et undique conculcasse. "", ""right"": ""Deinde iudisse se hyrcum de fronte cornu maximum produxisse quo fracto orta ex eo cornua quattuor et aduentus singulos esse conuersa, inter quae aliud paruulum ortum fuisse conscripsit, quod dum crescere dicebat deus qui haec monstrabat exp"", ""parsed_unit_sha256"": ""20bccfff6730c85871768e90319bc13a0f6222a2852f2550c6a43233ebb8f820"", ""raw_unit_sha256"": ""d4bee6ea1a58ce3cf559dfd4168bf7cbec8eacfdfb05f49cb05a097e3d0d3a93""}"	"{""stable_id"": ""greek-book10-num263"", ""paragraph"": 53, ""xpath"": ""/*/*/*/*[2]/*[2]/*[52]"", ""text_node_path"": ""/TEI[1]/text[1]/body[1]/div1[1]/div2[2]/p[52]/num[9]/tail()"", ""node_offset"": 1, ""unit_offset"": 2603, ""book_offset"": 76981, ""raw_byte"": 159868, ""left"": ""δὲ τράγον ἀπ᾽ αὐτῆς δι᾽ ἀέρος φερόμενον συρράξαντα τῷ κριῷ καὶ τοῖς κέρασι ῥήξαντα δὶς καταβαλεῖν αὐτὸν ἐπὶ τὴν γῆν καὶ πατῆσαι.  "", ""right"": ""εἶτα τὸν τράγον ἰδεῖν ἐκ τοῦ μετώπου μέγιστον ἀναφύσαντα κέρας, οὗ κλασθέντος ἀναβλαστῆσαι τέσσαρα καθ᾽ ἕκαστον τῶν ἀνέμων τετραμμένα. ἐξ αὐτῶν δ᾽ ἀνασχεῖν καὶ ἄλλο μικρότερον ἀνέγραψεν, ὃ αὐξῆσαν ἔλεγεν αὐτῷ ὁ ταῦτα ἐπιδεικνὺς θεὸς πολεμήσ"", ""parsed_unit_sha256"": ""715f880a47741f097bab2dec32486d3bff2110001b6dc5662b0420b5aa0d6d64"", ""raw_unit_sha256"": ""7574ae3561e3cd782e63225faf52dca8c11ce8e642da6ebe4bb08bde52adc652""}"	73265	Deinde iudisse begins the goat's horns after the ram's fall.	False	True
10	272	INTERNAL-BUT-EXACT	HIGH_INDIVIDUALLY_REVIEWED	PRESENT	PROPOSED_INTERNAL_MILESTONE	Haec quidem in campo	latin-book10-num263	"{""stable_id"": ""latin-book10-num263"", ""paragraph"": 52, ""xpath"": ""/*/*[2]/*/*[2]/*[11]/*[3]"", ""text_node_path"": ""/TEI[1]/text[1]/body[1]/div1[1]/div2[11]/p[3]/cb[3]/tail()"", ""node_offset"": 538, ""unit_offset"": 3007, ""book_offset"": 73265, ""raw_byte"": 84614, ""left"": ""tatem fortiter esse capturam templum que concrematurum et sacrificia fieri prohibiturum diebus mille ducenti et quinquaginta sex. "", ""right"": ""Haec quidem in campo quod est insusis danihel seuidisse conscripsit, et tali modo deum hanc aperuisse uisionem exposuit. Arietem quidem regnum persarum significare dicens, cornua uero qui regnaturi forent. Nouissimum uero cornum significare"", ""parsed_unit_sha256"": ""20bccfff6730c85871768e90319bc13a0f6222a2852f2550c6a43233ebb8f820"", ""raw_unit_sha256"": ""d4bee6ea1a58ce3cf559dfd4168bf7cbec8eacfdfb05f49cb05a097e3d0d3a93""}"	"{""stable_id"": ""greek-book10-num263"", ""paragraph"": 53, ""xpath"": ""/*/*/*/*[2]/*[2]/*[52]"", ""text_node_path"": ""/TEI[1]/text[1]/body[1]/div1[1]/div2[2]/p[52]/num[10]/tail()"", ""node_offset"": 1, ""unit_offset"": 3007, ""book_offset"": 77385, ""raw_byte"": 160679, ""left"": ""ναιρήσειν κατὰ κράτος, καὶ συγχεεῖν τὰ περὶ τὸν ναὸν καὶ τὰς θυσίας κωλύσειν γενέσθαι ἐπὶ ἡμέρας χιλίας διακοσίας ἐνενήκοντα ἕξ.  "", ""right"": ""ταῦτα μὲν ἰδεῖν ἐν τῷ πεδίῳ τῷ ἐν Σούσοις ὁ Δανίηλος ἔγραψε, κρῖναι δ᾽ αὐτὸν τὴν ὄψιν τοῦ φαντάσματος ἐδήλου τὸν θεὸν οὕτως: τὸν μὲν κριὸν βασιλείας τὰς Μήδων καὶ Περσῶν σημαίνειν ἔφασκε, τὰ δὲ κέρατα τοὺς βασιλεύειν μέλλοντας, τὸ δὲ ἔσχατο"", ""parsed_unit_sha256"": ""715f880a47741f097bab2dec32486d3bff2110001b6dc5662b0420b5aa0d6d64"", ""raw_unit_sha256"": ""7574ae3561e3cd782e63225faf52dca8c11ce8e642da6ebe4bb08bde52adc652""}"	73578	Haec quidem in campo begins the vision summary and interpretation after the projected desolation period.	False	True
10	273	INTERNAL-BUT-EXACT	HIGH_INDIVIDUALLY_REVIEWED	PRESENT	PROPOSED_INTERNAL_MILESTONE	hircum significare narrabat	latin-book10-num263	"{""stable_id"": ""latin-book10-num263"", ""paragraph"": 52, ""xpath"": ""/*/*[2]/*/*[2]/*[11]/*[3]"", ""text_node_path"": ""/TEI[1]/text[1]/body[1]/div1[1]/div2[11]/p[3]/cb[3]/tail()"", ""node_offset"": 851, ""unit_offset"": 3320, ""book_offset"": 73578, ""raw_byte"": 84927, ""left"": "" qui regnaturi forent. Nouissimum uero cornum significare dicens ultimum regem et hunc diuitus et gloria priorum esse principium, "", ""right"": ""hircum significare narrabat quia aliquid de graecis regnaturos esse qui secundo congressus aduersus persam eum bellum deuinceret et omnem gloriam eius principatus auferret, et ex maximo cornu quod erat in hyrci a fronte primum significare e"", ""parsed_unit_sha256"": ""20bccfff6730c85871768e90319bc13a0f6222a2852f2550c6a43233ebb8f820"", ""raw_unit_sha256"": ""d4bee6ea1a58ce3cf559dfd4168bf7cbec8eacfdfb05f49cb05a097e3d0d3a93""}"	"{""stable_id"": ""greek-book10-num263"", ""paragraph"": 53, ""xpath"": ""/*/*/*/*[2]/*[2]/*[52]"", ""text_node_path"": ""/TEI[1]/text[1]/body[1]/div1[1]/div2[2]/p[52]/num[11]/tail()"", ""node_offset"": 1, ""unit_offset"": 3335, ""book_offset"": 77713, ""raw_byte"": 161332, ""left"": ""τα τοὺς βασιλεύειν μέλλοντας, τὸ δὲ ἔσχατον κέρας σημαίνειν τὸν ἔσχατον βασιλέα: τοῦτον γὰρ διοίσειν ἁπάντων πλούτῳ τε καὶ δόξῃ.  "", ""right"": ""τὸν δὲ τράγον δηλοῦν, ὡς ἐκ τῶν Ἑλλήνων τις βασιλεύων ἔσται, ὃς τῷ Πέρσῃ συμβαλὼν δὶς κρατήσει τῇ μάχῃ καὶ παραλήψεται τὴν ἡγεμονίαν ἅπασαν.  δηλοῦσθαι δ᾽ ὑπὸ τοῦ μεγάλου κέρατος τοῦ ἐν τῷ μετώπῳ τοῦ τράγου τὸν πρῶτον βασιλέα καὶ τὴν τῶν τε"", ""parsed_unit_sha256"": ""715f880a47741f097bab2dec32486d3bff2110001b6dc5662b0420b5aa0d6d64"", ""raw_unit_sha256"": ""7574ae3561e3cd782e63225faf52dca8c11ce8e642da6ebe4bb08bde52adc652""}"	73751	hircum significare begins interpretation of the goat after the Persian ram.	False	True
10	274	INTERNAL-BUT-EXACT	HIGH_INDIVIDUALLY_REVIEWED	PRESENT	PROPOSED_INTERNAL_MILESTONE	et ex maximo cornu	latin-book10-num263	"{""stable_id"": ""latin-book10-num263"", ""paragraph"": 52, ""xpath"": ""/*/*[2]/*/*[2]/*[11]/*[3]"", ""text_node_path"": ""/TEI[1]/text[1]/body[1]/div1[1]/div2[11]/p[3]/cb[3]/tail()"", ""node_offset"": 1024, ""unit_offset"": 3493, ""book_offset"": 73751, ""raw_byte"": 85100, ""left"": "" graecis regnaturos esse qui secundo congressus aduersus persam eum bellum deuinceret et omnem gloriam eius principatus auferret, "", ""right"": ""et ex maximo cornu quod erat in hyrci a fronte primum significare et ortum quattuor cornuorum illo cadente quia quattuor partes terrae uidebantur aspicere successionem unius cuius que post obitum primi regis dixit anuntiare et diuisionem in"", ""parsed_unit_sha256"": ""20bccfff6730c85871768e90319bc13a0f6222a2852f2550c6a43233ebb8f820"", ""raw_unit_sha256"": ""d4bee6ea1a58ce3cf559dfd4168bf7cbec8eacfdfb05f49cb05a097e3d0d3a93""}"	"{""stable_id"": ""greek-book10-num263"", ""paragraph"": 53, ""xpath"": ""/*/*/*/*[2]/*[2]/*[52]"", ""text_node_path"": ""/TEI[1]/text[1]/body[1]/div1[1]/div2[2]/p[52]/num[12]/tail()"", ""node_offset"": 1, ""unit_offset"": 3477, ""book_offset"": 77855, ""raw_byte"": 161623, ""left"": ""ν δηλοῦν, ὡς ἐκ τῶν Ἑλλήνων τις βασιλεύων ἔσται, ὃς τῷ Πέρσῃ συμβαλὼν δὶς κρατήσει τῇ μάχῃ καὶ παραλήψεται τὴν ἡγεμονίαν ἅπασαν.  "", ""right"": ""δηλοῦσθαι δ᾽ ὑπὸ τοῦ μεγάλου κέρατος τοῦ ἐν τῷ μετώπῳ τοῦ τράγου τὸν πρῶτον βασιλέα καὶ τὴν τῶν τεσσάρων ἀναβλάστησιν ἐκπεσόντος ἐκείνου καὶ τὴν πρὸς τὰ τέσσαρα κλίματα τῆς γῆς αὐτῶν ἀποστροφὴν ἑκάστου τοὺς διαδόχους μετὰ τὸν θάνατον τοῦ πρ"", ""parsed_unit_sha256"": ""715f880a47741f097bab2dec32486d3bff2110001b6dc5662b0420b5aa0d6d64"", ""raw_unit_sha256"": ""7574ae3561e3cd782e63225faf52dca8c11ce8e642da6ebe4bb08bde52adc652""}"	74121	et ex maximo cornu begins the first king and four successors after the Greek victory.	False	True
10	275	INTERNAL-BUT-EXACT	HIGH_INDIVIDUALLY_REVIEWED	PRESENT	PROPOSED_INTERNAL_MILESTONE	et ex eis quendam	latin-book10-num263	"{""stable_id"": ""latin-book10-num263"", ""paragraph"": 52, ""xpath"": ""/*/*[2]/*/*[2]/*[11]/*[3]"", ""text_node_path"": ""/TEI[1]/text[1]/body[1]/div1[1]/div2[11]/p[3]/cb[4]/tail()"", ""node_offset"": 31, ""unit_offset"": 3863, ""book_offset"": 74121, ""raw_byte"": 85483, ""left"": ""ter eos esse faciendam, dum ille prior nec filios nec cognatos habiturus esset, multis que annis interrarum orbem esse regnaturum "", ""right"": ""et ex eis quendam orire regem te pugnaturum gentem eius et leges atque conuersationem pariter ad laturum et templum depraedaturum et sacrificia caelebrare tribus annis esse prohibiturum. Et haec utique gens nostra sustinuit per an antiocum "", ""parsed_unit_sha256"": ""20bccfff6730c85871768e90319bc13a0f6222a2852f2550c6a43233ebb8f820"", ""raw_unit_sha256"": ""d4bee6ea1a58ce3cf559dfd4168bf7cbec8eacfdfb05f49cb05a097e3d0d3a93""}"	"{""stable_id"": ""greek-book10-num263"", ""paragraph"": 53, ""xpath"": ""/*/*/*/*[2]/*[2]/*[52]"", ""text_node_path"": ""/TEI[1]/text[1]/body[1]/div1[1]/div2[2]/p[52]/num[13]/tail()"", ""node_offset"": 1, ""unit_offset"": 3876, ""book_offset"": 78254, ""raw_byte"": 162425, ""left"": ""ὶ διαμερισμὸν εἰς αὐτοὺς τῆς βασιλείας, οὔτε δὲ παῖδας αὐτοῦ τούτους ὄντας οὔτε συγγενεῖς, πολλοῖς ἔτεσιν ἄρξειν τῆς οἰκουμένης.  "", ""right"": ""γενήσεσθαι δ᾽ ἐκ τούτων τινὰ βασιλέα τὸν ἐκπολεμήσοντα τό τε ἔθνος καὶ τοὺς νόμους αὐτῶν καὶ τὴν κατὰ τούτους ἀφαιρησόμενον πολιτείαν καὶ συλήσοντα τὸν ναὸν καὶ τὰς θυσίας ἐπ᾽ ἔτη τρία κωλύσοντα ἐπιτελεσθῆναι.  καὶ δὴ ταῦτα ἡμῶν συνέβη παθε"", ""parsed_unit_sha256"": ""715f880a47741f097bab2dec32486d3bff2110001b6dc5662b0420b5aa0d6d64"", ""raw_unit_sha256"": ""7574ae3561e3cd782e63225faf52dca8c11ce8e642da6ebe4bb08bde52adc652""}"	74308	et ex eis quendam begins the later persecuting king after the successors' dominion.	False	True
10	276	INTERNAL-BUT-EXACT	EDITORIALLY_ADJUDICATED_WITH_RECORDED_LIMITS	PARTIAL_CORRESPONDENCE	PROPOSED_INTERNAL_MILESTONE	Et haec utique gens	latin-book10-num263	"{""stable_id"": ""latin-book10-num263"", ""paragraph"": 52, ""xpath"": ""/*/*[2]/*/*[2]/*[11]/*[3]"", ""text_node_path"": ""/TEI[1]/text[1]/body[1]/div1[1]/div2[11]/p[3]/cb[4]/tail()"", ""node_offset"": 218, ""unit_offset"": 4050, ""book_offset"": 74308, ""raw_byte"": 85670, ""left"": ""t leges atque conuersationem pariter ad laturum et templum depraedaturum et sacrificia caelebrare tribus annis esse prohibiturum. "", ""right"": ""Et haec utique gens nostra sustinuit per an antiocum qui appellatus est epiphoanes hoc est predarus sicut uidit danihel et ante multos conscripsit annos quae omnia illi deo sibi monstrante conscribens. relinquid uti legentes et quae iam pro"", ""parsed_unit_sha256"": ""20bccfff6730c85871768e90319bc13a0f6222a2852f2550c6a43233ebb8f820"", ""raw_unit_sha256"": ""d4bee6ea1a58ce3cf559dfd4168bf7cbec8eacfdfb05f49cb05a097e3d0d3a93""}"	"{""stable_id"": ""greek-book10-num263"", ""paragraph"": 53, ""xpath"": ""/*/*/*/*[2]/*[2]/*[52]"", ""text_node_path"": ""/TEI[1]/text[1]/body[1]/div1[1]/div2[2]/p[52]/num[14]/tail()"", ""node_offset"": 1, ""unit_offset"": 4087, ""book_offset"": 78465, ""raw_byte"": 162852, ""left"": ""ς αὐτῶν καὶ τὴν κατὰ τούτους ἀφαιρησόμενον πολιτείαν καὶ συλήσοντα τὸν ναὸν καὶ τὰς θυσίας ἐπ᾽ ἔτη τρία κωλύσοντα ἐπιτελεσθῆναι.  "", ""right"": ""καὶ δὴ ταῦτα ἡμῶν συνέβη παθεῖν τῷ ἔθνει ὑπὸ Ἀντιόχου τοῦ Ἐπιφανοῦς, καθὼς εἶδεν ὁ Δανίηλος καὶ πολλοῖς ἔτεσιν ἔμπροσθεν ἀνέγραψε τὰ γενησόμενα. τὸν αὐτὸν δὲ τρόπον ὁ Δανίηλος καὶ περὶ τῆς Ῥωμαίων ἡγεμονίας ἀνέγραψε, καὶ ὅτι ὑπ᾽ αὐτῶν ἐρημω"", ""parsed_unit_sha256"": ""715f880a47741f097bab2dec32486d3bff2110001b6dc5662b0420b5aa0d6d64"", ""raw_unit_sha256"": ""7574ae3561e3cd782e63225faf52dca8c11ce8e642da6ebe4bb08bde52adc652""}"	74461	Approved partial correspondence: retain Et haec at 276 and quae omnia at 277. The concluding Greek notice of Roman rule and devastation has no identifiable counterpart in this transcription; cause undetermined. 276 remains available. No supplementation or automatic gap.	False	True
10	277	INTERNAL-BUT-EXACT	HIGH_INDIVIDUALLY_REVIEWED	PRESENT	PROPOSED_INTERNAL_MILESTONE	quae omnia illi deo	latin-book10-num263	"{""stable_id"": ""latin-book10-num263"", ""paragraph"": 52, ""xpath"": ""/*/*[2]/*/*[2]/*[11]/*[3]"", ""text_node_path"": ""/TEI[1]/text[1]/body[1]/div1[1]/div2[11]/p[3]/note[3]/tail()"", ""node_offset"": 54, ""unit_offset"": 4203, ""book_offset"": 74461, ""raw_byte"": 85903, ""left"": ""tra sustinuit per an antiocum qui appellatus est epiphoanes hoc est predarus sicut uidit danihel et ante multos conscripsit annos "", ""right"": ""quae omnia illi deo sibi monstrante conscribens. relinquid uti legentes et quae iam prouenire considerantes credebant in honore diuino fuisse danihelem et per haecque sunt ita uerissima ita uero epicurios errare cognoscant, qui et prouident"", ""parsed_unit_sha256"": ""20bccfff6730c85871768e90319bc13a0f6222a2852f2550c6a43233ebb8f820"", ""raw_unit_sha256"": ""d4bee6ea1a58ce3cf559dfd4168bf7cbec8eacfdfb05f49cb05a097e3d0d3a93""}"	"{""stable_id"": ""greek-book10-num263"", ""paragraph"": 53, ""xpath"": ""/*/*/*/*[2]/*[2]/*[52]"", ""text_node_path"": ""/TEI[1]/text[1]/body[1]/div1[1]/div2[2]/p[52]/num[15]/tail()"", ""node_offset"": 1, ""unit_offset"": 4337, ""book_offset"": 78715, ""raw_byte"": 163364, ""left"": "" ἀνέγραψε τὰ γενησόμενα. τὸν αὐτὸν δὲ τρόπον ὁ Δανίηλος καὶ περὶ τῆς Ῥωμαίων ἡγεμονίας ἀνέγραψε, καὶ ὅτι ὑπ᾽ αὐτῶν ἐρημωθήσεται.  "", ""right"": ""ταῦτα πάντα ἐκεῖνος θεοῦ δείξαντος αὐτῷ συγγράψας κατέλειψεν: ὥστε τοὺς ἀναγινώσκοντας καὶ τὰ συμβαίνοντα σκοποῦντας θαυμάζειν ἐπὶ τῇ παρὰ θεοῦ τιμῇ τὸν Δανίηλον καὶ τοὺς Ἐπικουρείους ἐκ τούτων εὑρίσκειν πεπλανημένους,  οἳ τήν τε πρόνοιαν ἐ"", ""parsed_unit_sha256"": ""715f880a47741f097bab2dec32486d3bff2110001b6dc5662b0420b5aa0d6d64"", ""raw_unit_sha256"": ""7574ae3561e3cd782e63225faf52dca8c11ce8e642da6ebe4bb08bde52adc652""}"	74685	quae omnia begins the writing recap after Antiochus fulfilment. The unexpressed Roman notice belongs to the preceding Greek 276 and must not be borrowed into or supplied at 277.	False	True
10	278	INTERNAL-BUT-EXACT	HIGH_INDIVIDUALLY_REVIEWED	PRESENT	PROPOSED_INTERNAL_MILESTONE	qui et prouidentiam	latin-book10-num263	"{""stable_id"": ""latin-book10-num263"", ""paragraph"": 52, ""xpath"": ""/*/*[2]/*/*[2]/*[11]/*[3]"", ""text_node_path"": ""/TEI[1]/text[1]/body[1]/div1[1]/div2[11]/p[3]/note[4]/tail()"", ""node_offset"": 166, ""unit_offset"": 4427, ""book_offset"": 74685, ""raw_byte"": 86208, ""left"": ""considerantes credebant in honore diuino fuisse danihelem et per haecque sunt ita uerissima ita uero epicurios errare cognoscant, "", ""right"": ""qui et prouidentiam uitae negant, et deum res humanas curare non existimant neque a beata incorruptibilique substantia per stabilitate cunctorum gubernari iudicant uniuersa, sed hunc mundum sine rectore et sine cura aliqua ferri sponte conf"", ""parsed_unit_sha256"": ""20bccfff6730c85871768e90319bc13a0f6222a2852f2550c6a43233ebb8f820"", ""raw_unit_sha256"": ""d4bee6ea1a58ce3cf559dfd4168bf7cbec8eacfdfb05f49cb05a097e3d0d3a93""}"	"{""stable_id"": ""greek-book10-num263"", ""paragraph"": 53, ""xpath"": ""/*/*/*/*[2]/*[2]/*[52]"", ""text_node_path"": ""/TEI[1]/text[1]/body[1]/div1[1]/div2[2]/p[52]/num[16]/tail()"", ""node_offset"": 1, ""unit_offset"": 4557, ""book_offset"": 78935, ""raw_byte"": 163811, ""left"": "" τὰ συμβαίνοντα σκοποῦντας θαυμάζειν ἐπὶ τῇ παρὰ θεοῦ τιμῇ τὸν Δανίηλον καὶ τοὺς Ἐπικουρείους ἐκ τούτων εὑρίσκειν πεπλανημένους,  "", ""right"": ""οἳ τήν τε πρόνοιαν ἐκβάλλουσι τοῦ βίου καὶ θεὸν οὐκ ἀξιοῦσιν ἐπιτροπεύειν τῶν πραγμάτων, οὐδ᾽ ὑπὸ τῆς μακαρίας καὶ ἀφθάρτου πρὸς διαμονὴν τῶν ὅλων οὐσίας κυβερνᾶσθαι τὰ σύμπαντα, ἄμοιρον δὲ ἡνιόχου καὶ ἀφρόντιστον τὸν κόσμον αὐτομάτως φέρεσ"", ""parsed_unit_sha256"": ""715f880a47741f097bab2dec32486d3bff2110001b6dc5662b0420b5aa0d6d64"", ""raw_unit_sha256"": ""7574ae3561e3cd782e63225faf52dca8c11ce8e642da6ebe4bb08bde52adc652""}"	74933	qui et prouidentiam begins the Epicurean position after their identification.	False	True
10	279	INTERNAL-BUT-EXACT	HIGH_INDIVIDUALLY_REVIEWED	PRESENT	PROPOSED_INTERNAL_MILESTONE	Quaesi ita sunt	latin-book10-num263	"{""stable_id"": ""latin-book10-num263"", ""paragraph"": 52, ""xpath"": ""/*/*[2]/*/*[2]/*[11]/*[3]"", ""text_node_path"": ""/TEI[1]/text[1]/body[1]/div1[1]/div2[11]/p[3]/note[4]/tail()"", ""node_offset"": 414, ""unit_offset"": 4675, ""book_offset"": 74933, ""raw_byte"": 86456, ""left"": "" per stabilitate cunctorum gubernari iudicant uniuersa, sed hunc mundum sine rectore et sine cura aliqua ferri sponte confirmant. "", ""right"": ""Quaesi ita sunt sine presule esset sicut naues gubernatoribus desolatas uentorum uiolentia submergi conspiciunt. Aut currus sine agitatore constringi ita et mundus sine prouidentiae regimine olim potuit deperire quassatus. Ego namque danihe"", ""parsed_unit_sha256"": ""20bccfff6730c85871768e90319bc13a0f6222a2852f2550c6a43233ebb8f820"", ""raw_unit_sha256"": ""d4bee6ea1a58ce3cf559dfd4168bf7cbec8eacfdfb05f49cb05a097e3d0d3a93""}"	"{""stable_id"": ""greek-book10-num263"", ""paragraph"": 53, ""xpath"": ""/*/*/*/*[2]/*[2]/*[52]"", ""text_node_path"": ""/TEI[1]/text[1]/body[1]/div1[1]/div2[2]/p[52]/num[17]/tail()"", ""node_offset"": 1, ""unit_offset"": 4812, ""book_offset"": 79190, ""raw_byte"": 164326, ""left"": ""ρὸς διαμονὴν τῶν ὅλων οὐσίας κυβερνᾶσθαι τὰ σύμπαντα, ἄμοιρον δὲ ἡνιόχου καὶ ἀφρόντιστον τὸν κόσμον αὐτομάτως φέρεσθαι λέγουσιν.  "", ""right"": ""ὃς εἰ τοῦτον ἀπροστάτητος ἦν τὸν τρόπον, καθάπερ καὶ τὰς ναῦς ἐρήμους κυβερνητῶν καταδυομένας ὁρῶμεν ὑπὸ πνευμάτων ἢ καὶ τὰ ἅρματα περιτρεπόμενα μὴ ἔχοντα τοὺς ἡνιοχοῦντας, συντριβεὶς ἂν ὑπὸ τῆς ἀπρονοήτου συμφορᾶς ἀπωλώλει καὶ διεφθείρετο."", ""parsed_unit_sha256"": ""715f880a47741f097bab2dec32486d3bff2110001b6dc5662b0420b5aa0d6d64"", ""raw_unit_sha256"": ""7574ae3561e3cd782e63225faf52dca8c11ce8e642da6ebe4bb08bde52adc652""}"	75156	Quaesi ita begins the ship/chariot analogy after the ungoverned-world claim.	False	True
10	280	INTERNAL-BUT-EXACT	HIGH_INDIVIDUALLY_REVIEWED	PRESENT	PROPOSED_INTERNAL_MILESTONE	Ego namque danihel	latin-book10-num263	"{""stable_id"": ""latin-book10-num263"", ""paragraph"": 52, ""xpath"": ""/*/*[2]/*/*[2]/*[11]/*[3]"", ""text_node_path"": ""/TEI[1]/text[1]/body[1]/div1[1]/div2[11]/p[3]/note[4]/tail()"", ""node_offset"": 637, ""unit_offset"": 4898, ""book_offset"": 75156, ""raw_byte"": 86679, ""left"": ""bmergi conspiciunt. Aut currus sine agitatore constringi ita et mundus sine prouidentiae regimine olim potuit deperire quassatus. "", ""right"": ""Ego namque danihel dicta respiciens ualde puto auera opinione recedere eos qui nullam prouidentiam humanarum rerum dicunt habere deum, non enim si haec sponte gerentur secundum illius prophetiam omnia prouenire conspicerimus. Ego siquidem d"", ""parsed_unit_sha256"": ""20bccfff6730c85871768e90319bc13a0f6222a2852f2550c6a43233ebb8f820"", ""raw_unit_sha256"": ""d4bee6ea1a58ce3cf559dfd4168bf7cbec8eacfdfb05f49cb05a097e3d0d3a93""}"	"{""stable_id"": ""greek-book10-num263"", ""paragraph"": 53, ""xpath"": ""/*/*/*/*[2]/*[2]/*[52]"", ""text_node_path"": ""/TEI[1]/text[1]/body[1]/div1[1]/div2[2]/p[52]/num[18]/tail()"", ""node_offset"": 1, ""unit_offset"": 5054, ""book_offset"": 79432, ""raw_byte"": 164820, ""left"": ""ων ἢ καὶ τὰ ἅρματα περιτρεπόμενα μὴ ἔχοντα τοὺς ἡνιοχοῦντας, συντριβεὶς ἂν ὑπὸ τῆς ἀπρονοήτου συμφορᾶς ἀπωλώλει καὶ διεφθείρετο.  "", ""right"": ""τοῖς οὖν προειρημένοις ὑπὸ Δανιήλου δοκοῦσί μοι σφόδρα τῆς ἀληθοῦς δόξης διαμαρτάνειν οἱ τῷ θεῷ μηδεμίαν εἶναι περὶ τῶν ἀνθρωπίνων ἀποφαινόμενοι πρόνοιαν: οὐ γὰρ ἂν κατὰ τὴν ἐκείνου προφητείαν, εἰ συνέβαινεν αὐτοματισμῷ τινι τὸν κόσμον διάγ"", ""parsed_unit_sha256"": ""715f880a47741f097bab2dec32486d3bff2110001b6dc5662b0420b5aa0d6d64"", ""raw_unit_sha256"": ""7574ae3561e3cd782e63225faf52dca8c11ce8e642da6ebe4bb08bde52adc652""}"	75382	Ego namque danihel begins inference from fulfilled prophecy after the collapse analogy.	False	True
10	281	INTERNAL-BUT-EXACT	HIGH_INDIVIDUALLY_REVIEWED	PRESENT	PROPOSED_INTERNAL_MILESTONE	Ego siquidem de his	latin-book10-num263	"{""stable_id"": ""latin-book10-num263"", ""paragraph"": 52, ""xpath"": ""/*/*[2]/*/*[2]/*[11]/*[3]"", ""text_node_path"": ""/TEI[1]/text[1]/body[1]/div1[1]/div2[11]/p[3]/note[4]/tail()"", ""node_offset"": 863, ""unit_offset"": 5124, ""book_offset"": 75382, ""raw_byte"": 86905, ""left"": ""am humanarum rerum dicunt habere deum, non enim si haec sponte gerentur secundum illius prophetiam omnia prouenire conspicerimus. "", ""right"": ""Ego siquidem de his ut inueni et legi ita conscripsi. Siquis autem qui uult opinionem aliam sequi crimen prodiuersa sententia habebit."", ""parsed_unit_sha256"": ""20bccfff6730c85871768e90319bc13a0f6222a2852f2550c6a43233ebb8f820"", ""raw_unit_sha256"": ""d4bee6ea1a58ce3cf559dfd4168bf7cbec8eacfdfb05f49cb05a097e3d0d3a93""}"	"{""stable_id"": ""greek-book10-num263"", ""paragraph"": 53, ""xpath"": ""/*/*/*/*[2]/*[2]/*[52]"", ""text_node_path"": ""/TEI[1]/text[1]/body[1]/div1[1]/div2[2]/p[52]/num[19]/tail()"", ""node_offset"": 1, ""unit_offset"": 5327, ""book_offset"": 79705, ""raw_byte"": 165367, ""left"": ""ι πρόνοιαν: οὐ γὰρ ἂν κατὰ τὴν ἐκείνου προφητείαν, εἰ συνέβαινεν αὐτοματισμῷ τινι τὸν κόσμον διάγειν, πάντα ἑωρῶμεν ἀποβαίνοντα.  "", ""right"": ""ἐγὼ μὲν περὶ τούτων ὡς εὗρον καὶ ἀνέγνων οὕτως ἔγραψα: εἰ δέ τις ἄλλως δοξάζειν βουλήσεται περὶ αὐτῶν, ἀνέγκλητον ἐχέτω τὴν ἑτερογνωμοσύνην."", ""parsed_unit_sha256"": ""715f880a47741f097bab2dec32486d3bff2110001b6dc5662b0420b5aa0d6d64"", ""raw_unit_sha256"": ""7574ae3561e3cd782e63225faf52dca8c11ce8e642da6ebe4bb08bde52adc652""}"	75516	Ego siquidem begins the final authorial statement after the providence argument. Preserve Latin crimen ... habebit despite Greek ἀνέγκλητον; the first-person cut is secure and the final extent reaches the narrative end.	False	True
