id,book,source-order,manuscript-label-as-recorded,display,label-status,canonical-niese,niese-relationship,confidence,verification-status,certified-latin-incipit,image,manuscript-image-column-line,visible-numeral-or-initial,traditional-relationship,traditional-exact-identities,traditional-different-position-identities,end,Latin_file,Latin_paragraph,Latin_offset,Latin_kind,Latin_target,Latin_edge,Latin_anchor,Greek_file,Greek_paragraph,Greek_offset,Greek_kind,Greek_target,Greek_edge,Greek_anchor,English_file,English_paragraph,English_offset,English_kind,English_target,English_edge,English_anchor
B78-table1-row005,1,1,[I],[I],SUPPLIED,27,EXACT_NIESE_START,HUMAN_AUDITED_BOOK_OPENING,BOOK_OPENING_INFERRED_FROM_AUDIT_AND_CURRENT_TEXT,"In principio creauit deus caelum et terram. Sed dum terra ad aspectum non ueniret, et profunditate tenebris celaretur, et spiritus",7,,,EXACT_MATCH,LOEB-01-Chapter-1-0,,B78-table1-row006,Latin/book-01.xml,latin-book01-num27,0,paragraph,latin-book01-num27,,"In principio creauit deus caelum et terram. Sed dum terra ad aspectum non ueniret, et profunditate tenebris celaretur, et spiritus",Greek/book-01.xml,greek-book01-num27,0,paragraph,greek-book01-num27,,"Ἐν ἀρχῇ ἔκτισεν ὁ θεὸς τὸν οὐρανὸν καὶ τὴν γῆν. ταύτης δ᾽ ὑπ᾽ ὄψιν οὐκ ἐρχομένης, ἀλλὰ βαθεῖ μὲν κρυπτομένης σκότει, πνεύματος δ᾽ ",English/book-01.xml,english-book01-num27,0,paragraph,english-book01-num27,,"In the beginning God created the heaven and the earth. But when the earth did not come into sight, but was covered with thick dark"
B78-table1-row006,1,2,III,III,LITERAL,40,EXACT_NIESE_START,HUMAN_EXACT_START_CHECKED_NIESE_PARALLEL_TEXT_VERIFIED,HUMAN_CHECKED_EXACT_START,Deus igitur adam et mulierem,8," _____Image 8, column A, line 7______________"," ____III, left margin_",BAMBERG_ONLY,,,B78-table1-row007,Latin/book-01.xml,latin-book01-num40,0,paragraph,latin-book01-num40,,"Deus igitur Adam et mulierem ex aliis quidem plantationibus gustare praecepit, de prudentiae uero plantatione uoluit abstinere; pr",Greek/book-01.xml,greek-book01-num40,0,paragraph,greek-book01-num40,,"Ὁ δὴ τοίνυν θεὸς τὸν Ἄδαμον καὶ τὴν γυναῖκα τῶν μὲν ἄλλων φυτῶν ἐκέλευε γεύεσθαι, τοῦ δὲ τῆς φρονήσεως ἀπέχεσθαι, προειπὼν ἁψαμένο",English/book-01.xml,english-book01-num40,0,paragraph,english-book01-num40,,"God therefore commanded that Adam and his wife should eat of all the rest of the plants, but to abstain from the tree of knowledge"
B78-table1-row007,1,3,IIII,IIII,LITERAL,75,EXACT_NIESE_START,HUMAN_EXACT_START_CHECKED_NIESE_PARALLEL_TEXT_VERIFIED,HUMAN_CHECKED_EXACT_START,Deus itaque noe quidem iustitiam,10," ____10, col. A, line 28__________________________"," __IIII, left margin________________",BAMBERG_ONLY,,,B78-table1-row008,Latin/book-01.xml,latin-book01-num75,0,paragraph,latin-book01-num75,,"Deus itaque noe quidem iustitiam dilexit: condemp[nauit] autem non solum illorum malitiam, sed omne genus humanum. Quod cum ei dis",Greek/book-01.xml,greek-book01-num75,0,paragraph,greek-book01-num75,,"Ὁ δὲ θεὸς τοῦτον μὲν τῆς δικαιοσύνης ἠγάπησε, κατεδίκαζε δ᾽ οὐκ ἐκείνων μόνων τῆς κακίας, ἀλλὰ καὶ πᾶν ὅσον ἦν ἀνθρώπινον τότε δόξ",English/book-01.xml,english-book01-num75,0,paragraph,english-book01-num75,,"Now God loved this man for his righteousness: yet he not only condemned those other men for their wickedness, but determined to de"
B78-table1-row008,1,4,V,V,LITERAL,113,EXACT_NIESE_START,HUMAN_EXACT_START_CHECKED_NIESE_PARALLEL_TEXT_VERIFIED,HUMAN_CHECKED_EXACT_START,Fecit autem eos esse elatos ad iniuriam,12," ___12, col. B, line 41_____________________________"," _V, centre margin",BAMBERG_ONLY,,,B78-table1-row009,Latin/book-01.xml,latin-book01-num113,0,paragraph,latin-book01-num113,,"Fecit autem eos esse elatos ad iniuriam dei atque contemptum. Nebroth filius cham filii noe, qui cum esset audatior et manu fortis",Greek/book-01.xml,greek-book01-num113,0,paragraph,greek-book01-num113,,"Ἐξῆρέ τε αὐτοὺς πρός τε ὕβριν τοῦ θεοῦ καὶ καταφρόνησιν Ναβρώδης, ὃς υἱωνὸς μὲν ἦν Χάμου τοῦ Νώχου, τολμηρὸς δὲ καὶ κατὰ χεῖρα γεν",English/book-01.xml,english-book01-num113,0,paragraph,english-book01-num113,,"Now it was Nimrod who excited them to such an affront and contempt of God. He was the grandson of Ham, the son of Noah, a bold man"
B78-table1-row009,1,5,VI,VI,LITERAL,120,EXACT_NIESE_START,HUMAN_EXACT_START_CHECKED_NIESE_PARALLEL_TEXT_VERIFIED,HUMAN_CHECKED_EXACT_START,Diuisi sunt itaque post haec diuersitate,13," _____13, col. A, line 40__________________________________"," ___VI, left margin_______________________",EXACT_MATCH,LOEB-01-Chapter-5-0,,B78-table1-row010,Latin/book-01.xml,latin-book01-num120,0,paragraph,latin-book01-num120,,"Diuisi sunt itaque post haec diuersitate linguarum migrationes agentes iniquae, et terram adpraehendentes unusquisque felicem, et ",Greek/book-01.xml,greek-book01-num120,0,paragraph,greek-book01-num120,,"Σκίδνανται δὴ τὸ λοιπὸν ἐντεῦθεν ὑπὸ τῆς ἀλλογλωσσίας τὰς ἀποικίας ποιησάμενοι πανταχοῦ, καὶ γῆν ἕκαστοι κατελάμβανον τὴν ἐντυχοῦσ",English/book-01.xml,english-book01-num120,0,paragraph,english-book01-num120,,"After this they were dispersed abroad, on account of their languages, and went out by colonies every where; and each colony took p"
B78-table1-row010,1,6,VII,VII,LITERAL,122,EXACT_NIESE_START,HUMAN_EXACT_START_CHECKED_NIESE_PARALLEL_TEXT_VERIFIED,HUMAN_CHECKED_EXACT_START,fuerunt autem filiis noe filii quorum,13," ____13, col. B_____________________________________________"," _____VII, centre margin_____________________",EXACT_MATCH,LOEB-01-Chapter-6-0,,B78-table1-row011,Latin/book-01.xml,latin-book01-num122,0,paragraph,latin-book01-num122,,"fuerunt autem filiis noe filii, quorum nomina propter honorem genitibus inposuerunt homines qui quamcumque terram adpraehendere po",Greek/book-01.xml,greek-book01-num122,0,paragraph,greek-book01-num122,,"Ἦσαν δὲ τῶν Νώχου παίδων υἱοί, ὧν ἐπὶ τιμῇ τοῖς ἔθνεσι τὰ ὀνόματα ἐπετίθεσαν οἱ γῆν τινα καταλαβόντες. Ἰαφθᾶ μὲν οὖν τοῦ Νώχου παι",English/book-01.xml,english-book01-num122,0,paragraph,english-book01-num122,,"Now they were the grandchildren of Noah, in honor of whom names were imposed on the nations by those that first seized upon them. "
B78-table1-row011,1,7,VIII,VIII,LITERAL,154,EXACT_NIESE_START,HUMAN_EXACT_START_CHECKED_NIESE_PARALLEL_TEXT_VERIFIED,HUMAN_CHECKED_EXACT_START,Abraham uero loth filium fratris,15," ________15, col. B__________"," ____VIII, centre margin___________",EXACT_MATCH,LOEB-01-Chapter-7-0,,B78-table1-row012,Latin/book-01.xml,latin-book01-num154,0,paragraph,latin-book01-num154,,"Abraham uero loth filium fratris sui aran, uxoris uero suae sarrae germanum adoptauit filium legitimum non habens, dimisitque chal",Greek/book-01.xml,greek-book01-num154,0,paragraph,greek-book01-num154,,Ἅβραμος δὲ Λῶτον τὸν Ἀράνου τοῦ ἀδελφοῦ υἱὸν τῆς δὲ γυναικὸς αὐτοῦ Σάρρας ἀδελφὸν εἰσεποιήσατο γνησίου παιδὸς ἀπορῶν καὶ καταλείπε,English/book-01.xml,english-book01-num154,0,paragraph,english-book01-num154,,"Now Abram, having no son of his own, adopted Lot, his brother Haran's son, and his wife Sarai's brother; and he left the land of C"
B78-table1-row012,1,8,VIIII,VIIII,LITERAL,161,EXACT_NIESE_START,HUMAN_EXACT_START_CHECKED_NIESE_PARALLEL_TEXT_VERIFIED,HUMAN_CHECKED_EXACT_START,Fame uero posteris temporibus,16," ___16, col. A___________"," __VIIII, left margin",EXACT_MATCH,LOEB-01-Chapter-8-0,,B78-table1-row013,Latin/book-01.xml,latin-book01-num161,0,paragraph,latin-book01-num161,,"Fame uero posteris temporibus adpraehendente chananeam, abraham aegyptios uiuere feliciter audiens ad eos proficisci tendebat, ut ",Greek/book-01.xml,greek-book01-num161,0,paragraph,greek-book01-num161,,Λιμοῦ δὲ χρόνοις ὕστερον τὴν Ἰουδαίαν καταλαβόντος Ἅβραμος Αἰγυπτίους εὐδαιμονεῖν πυθόμενος μεταίρειν πρὸς αὐτοὺς ἦν πρόθυμος τῆς ,English/book-01.xml,english-book01-num161,0,paragraph,english-book01-num161,,"Now, after this, when a famine had invaded the land of Canaan, and Abram had discovered that the Egyptians were in a flourishing c"
B78-table1-row013,1,9,X,X,LITERAL,171,EXACT_NIESE_START,HUMAN_EXACT_START_CHECKED_NIESE_PARALLEL_TEXT_VERIFIED,HUMAN_CHECKED_EXACT_START,Illo namque tempore a syriis asiam,17," ______17, col. A___________________________________________"," _X, left margin_________________________",EXACT_MATCH,LOEB-01-Chapter-9-0,,B78-table1-row014,Latin/book-01.xml,latin-book01-num171,0,paragraph,latin-book01-num171,,"Illo namque tempore asyriis asiam obtinentibus rex sodomitarum ualde florebat [in] diuitiis, et iuuentute multa, quibus erant rege",Greek/book-01.xml,greek-book01-num171,0,paragraph,greek-book01-num171,,Κατ᾽ ἐκεῖνον δὲ τὸν καιρὸν Ἀσσυρίων κρατούντων τῆς Ἀσίας Σοδομίταις ἤνθει τὰ πράγματα εἴς τε πλοῦτον αὐτῶν ἐπιδεδωκότων καὶ νεότητ,English/book-01.xml,english-book01-num171,0,paragraph,english-book01-num171,,"At this time, when the Assyrians had the dominion over Asia, the people of Sodom were in a flourishing condition, both as to riche"
B78-table1-row014,1,10,XI,XI,LITERAL,176,EXACT_NIESE_START,HUMAN_EXACT_START_CHECKED_NIESE_PARALLEL_TEXT_VERIFIED,HUMAN_CHECKED_EXACT_START,Abraham autem cum audisset calamitatem eius,17," ______17, col. A___________________________________________"," _XI, left margin__________________",EXACT_MATCH,LOEB-01-Chapter-10-0,,B78-table1-row015,Latin/book-01.xml,latin-book01-num176,0,paragraph,latin-book01-num176,,"Abraham autem cum audisset calamitatem eius, timor simul de loth cognato eius, et misericordia in eius ingressa est, propter sodom",Greek/book-01.xml,greek-book01-num176,0,paragraph,greek-book01-num176,,Ἁβράμῳ δὲ ἀκούσαντι τὴν συμφορὰν αὐτῶν φόβος τε ἅμα περὶ Λώτου τοῦ συγγενοῦς εἰσῆλθε καὶ οἶκτος περὶ τῶν Σοδομιτῶν φίλων ὄντων καὶ,English/book-01.xml,english-book01-num176,0,paragraph,english-book01-num176,,"When, Abram heard of their calamity, he was at once afraid for Lot his kinsman, and pitied the Sodomites, his friends and neighbor"
B78-table1-row015,1,11,XII,XII,LITERAL,194,EXACT_NIESE_START,HUMAN_EXACT_START_CHECKED_NIESE_PARALLEL_TEXT_VERIFIED,HUMAN_CHECKED_EXACT_START,Eodem scilicet tempore sodomitae diuitiis et abundantia,18," ___18, col. B_______________________________________"," ________XII, centre margin__________________",EXACT_MATCH,LOEB-01-Chapter-11-0,,B78-table1-row016,Latin/book-01.xml,latin-book01-num194,0,paragraph,latin-book01-num194,,"Eodem scilicet tempore sodomitae diuitiis et abundantia pecuniarum elati, hominibus contumeliam faciebant. Et erant impii circa de",Greek/book-01.xml,greek-book01-num194,0,paragraph,greek-book01-num194,,Ὑπὸ δὴ τοῦτον τὸν καιρὸν οἱ Σοδομῖται πλήθει καὶ μεγέθει χρημάτων ὑπερφρονοῦντες εἴς τε ἀνθρώπους ἦσαν ὑβρισταὶ καὶ πρὸς τὸ θεῖον ,English/book-01.xml,english-book01-num194,0,paragraph,english-book01-num194,,"About this time the Sodomites grew proud, on account of their riches and great wealth; they became unjust towards men, and impious"
B78-table1-row016,1,12,XIII,XIII,LITERAL,214,WITHIN_NIESE,HUMAN_EXACT_START_CHECKED_NIESE_PARALLEL_TEXT_VERIFIED,HUMAN_CHECKED_EXACT_START,Arabas autem post annos tredecim,20," _____20, col. A____________________________________________", __XIII____________,BAMBERG_ONLY,,,B78-table1-row017,Latin/book-01.xml,latin-book01-num213,485,anchor,b78-latin-B78-table1-row016,,"Arabas autem post annos tredecim, eo quod ismahel qui gentem eorum instituit, filius abrahe de concubina, hoc fuerit tempore circu",Greek/book-01.xml,greek-book01-num213,478,anchor,b78-greek-B78-table1-row016,,Ἄραβες δὲ μετὰ ἔτος τρισκαιδέκατον: Ἰσμαῆλος γὰρ ὁ κτίστης αὐτῶν τοῦ ἔθνους Ἁβράμῳ γενόμενος ἐκ τῆς παλλακῆς ἐν τούτῳ περιτέμνεται,English/book-01.xml,english-book01-num213,586,anchor,b78-english-B78-table1-row016,,"But as for the Arabians, they circumcise after the thirteenth year, because Ismael, the founder of their nation, who was born to A"
B78-table1-row017,1,13,XIIII,XIIII,LITERAL,223,EXACT_NIESE_START,HUMAN_EXACT_START_CHECKED_NIESE_PARALLEL_TEXT_VERIFIED,HUMAN_CHECKED_EXACT_START,Abraham autem cum felicitatem suam filio legitimo,20," _____20, col. B____________________________________________"," __XIIII, centre margin__________",BAMBERG_ONLY,,,B78-table1-row018,Latin/book-01.xml,latin-book01-num222,304,element-edge,latin-book01-num222,milestone[1],"Abraham autem cum felicitatem suam filio legitimo relicturus esset morti uicinus, hoc dei uoluntate promeruit, qui temptare uolens",Greek/book-01.xml,greek-book01-num222,300,element-edge,greek-book01-num222,num[2],Ἅβραμος δὲ τὴν ἰδίαν εὐδαιμονίαν ἐν μόνῳ τῷ τὸν υἱὸν ἀπαθῆ καταλιπὼν ἐξελθεῖν τοῦ ζῆν ἐτίθετο. τούτου μέντοι κατὰ τὴν τοῦ θεοῦ βού,English/book-01.xml,english-book01-num222,300,anchor,b78-english-B78-table1-row017,,"Abraham also placed his own happiness in this prospect, that, when he should die, he should leave this his son in a safe and secur"
B78-table1-row018,1,14,XV,XV,LITERAL,237,EXACT_NIESE_START,HUMAN_EXACT_START_CHECKED_NIESE_PARALLEL_TEXT_VERIFIED,HUMAN_CHECKED_EXACT_START,Et sarra quidem non multo post tempore,21," ____21, col. B__________________"," ____XV, centre margin__________",EXACT_MATCH,LOEB-01-Chapter-14-0,,B78-table1-row019,Latin/book-01.xml,latin-book01-num237,0,paragraph,latin-book01-num237,,"Et sarra quidem non multo post tempore defuncta est, cum uixisset annis centum uiginti et septem sepultaque est in ebron permitten",Greek/book-01.xml,greek-book01-num237,0,paragraph,greek-book01-num237,,Καὶ Σάρρα μὲν οὐ πολὺ ὕστερον ἀποθνήσκει βιώσασα ἔτη ἑπτὰ καὶ εἴκοσι πρὸς τοῖς ἑκατόν. θάπτουσι δ᾽ αὐτὴν ἐν Νεβρῶνι συγχωρούντων μ,English/book-01.xml,english-book01-num237,0,paragraph,english-book01-num237,,"Now Sarah died a little while after, having lived one hundred and twenty-seven years. They buried her in Hebron; the Canaanites pu"
B78-table1-row019,1,15,XVI,XVI,LITERAL,238,EXACT_NIESE_START,HUMAN_EXACT_START_CHECKED_NIESE_PARALLEL_TEXT_VERIFIED,HUMAN_CHECKED_EXACT_START,Post haec autem abraham duxit uxorem nomine,21," ______21, col. B____________________"," __XVI, centre margin________",EXACT_MATCH,LOEB-01-Chapter-15-0,,B78-table1-row020,Latin/book-01.xml,latin-book01-num238,0,paragraph,latin-book01-num238,,"Post haec autem abraham duxit uxorem nomine cheturam, ex qua ei sex filii nati sunt, et ad labores ualidi et sapientia cauti, zamb",Greek/book-01.xml,greek-book01-num238,0,paragraph,greek-book01-num238,,"Γαμεῖ δ᾽ αὐτὸς Κατούραν ὕστερον, ἐξ ἧς αὐτῷ παῖδες ἓξ γίνονται πρός τε πόνους καρτεροὶ καὶ δεινοὶ συνιέναι, Ζεμβράνης Ἰαζάρης Μαδά",English/book-01.xml,english-book01-num238,0,paragraph,english-book01-num238,,"Abraham after this married Keturah, by whom six sons were born to him, men of courage, and of sagacious minds: Zambran, and Jazar,"
B78-table1-row020,1,16,XVII,XVII,LITERAL,256,EXACT_NIESE_START,HUMAN_EXACT_START_CHECKED_NIESE_PARALLEL_TEXT_VERIFIED,HUMAN_CHECKED_EXACT_START,Post paululum uero temporis mortuus est etiam,23," ___23, col. A____________________"," _______XVII, left margin_____________",EXACT_MATCH,LOEB-01-Chapter-17-0,,B78-table1-row021,Latin/book-01.xml,latin-book01-num256,0,paragraph,latin-book01-num256,,"Post paululum uero temporis mortuus est etiam abraham, uir omni quidem uirtute summus et digne a deo pro studio quo circa eum habu",Greek/book-01.xml,greek-book01-num256,0,paragraph,greek-book01-num256,,"Τελευτᾷ δὲ καὶ Ἅβραμος μετ᾽ ὀλίγον, ἀνὴρ πᾶσαν ἀρετὴν ἄκρος καὶ τῆς περὶ αὐτὸν σπουδῆς ἀξίως ὑπὸ τοῦ θεοῦ τετιμημένος. ἐβίωσε δὲ τ",English/book-01.xml,english-book01-num256,0,paragraph,english-book01-num256,,"A Little while after this Abraham died. He was a man of incomparable virtue, and honored by God in a manner agreeable to his piety"
B78-table1-row021,1,17,XVIII,XVIII,LITERAL,257,EXACT_NIESE_START,HUMAN_EXACT_START_CHECKED_NIESE_PARALLEL_TEXT_VERIFIED,HUMAN_CHECKED_EXACT_START,Porro post mortem abraham concepit uxor isaac,23," ___23, col. A______________________________________________"," _XVIII, left margin________",EXACT_MATCH,LOEB-01-Chapter-18-0,,B78-table1-row022,Latin/book-01.xml,latin-book01-num257,0,paragraph,latin-book01-num257,,"Porro post mortem abraham concepit uxor isaac, cuius uentre nimis intumescente, hesitans consuluit deum, responditque geminos pari",Greek/book-01.xml,greek-book01-num257,0,paragraph,greek-book01-num257,,"Ἰσάκῳ δὲ μετὰ τὴν Ἁβράμου τελευτὴν ἐκύει τὸ γύναιον, καὶ τῆς γαστρὸς ἐπὶ μεῖζον ὀγκουμένης ἀγωνιάσας ἀνήρετο τὸν θεόν. φράζει δ᾽ α",English/book-01.xml,english-book01-num257,0,paragraph,english-book01-num257,,"Now Isaac's wife proved with child, after the death of Abraham; and when her belly was greatly burdened, Isaac was very anxious, a"
B78-table1-row022,1,18,XVIIII,XVIIII,LITERAL,276,EXACT_NIESE_START,HUMAN_EXACT_START_CHECKED_NIESE_PARALLEL_TEXT_VERIFIED,HUMAN_CHECKED_EXACT_START,Iacob autem metuentem fratrem ulcisci se in eum,24," ______24, col. B____________________"," __XVIIII, centre margin________",BAMBERG_ONLY,,,BOOK_END,Latin/book-01.xml,latin-book01-num276,0,paragraph,latin-book01-num276,,"Iacob autem metuentem fra[trem] ulcisci se in eum uolentem, pro eo quod in illo deliquerat mater eripuit, marito autem haec persua",Greek/book-01.xml,greek-book01-num276,0,paragraph,greek-book01-num276,,Ἰάκωβον δὲ φοβούμενον τὸν ἀδελφὸν τιμωρίαν βουλόμενον λαβεῖν τῆς ἐπὶ ταῖς εὐχαῖς διαμαρτίας ἡ μήτηρ ῥύεται: πείθει γὰρ τὸν ἄνδρα Μ,English/book-01.xml,english-book01-num276,0,paragraph,english-book01-num276,,"Now the mother delivered Jacob, when she was afraid that his brother would inflict some punishment upon him because of the mistake"
B78-table1-row024,2,1,I,I,LITERAL,1,EXACT_NIESE_START,HUMAN_AUDITED_BOOK_OPENING,BOOK_OPENING_INFERRED_FROM_AUDIT_AND_CURRENT_TEXT,"Post mortem uero isaac, filii eius inuicem habitacula diuiserunt, non ea quae acceperant et tenuerunt. Sed esau quidem ebron ciuit",30,,,EXACT_MATCH,LOEB-02-Chapter-1-0,,B78-table1-row025,Latin/book-02.xml,latin-book02-num1,0,paragraph,latin-book02-num1,,"Post mortem uero isaac, filii eius inuicem habitacula diuiserunt, non ea quae acceperant et tenuerunt. Sed esau quidem ebron ciuit",Greek/book-02.xml,greek-book02-num1,0,paragraph,greek-book02-num1,,"Μετὰ δὲ τὴν Ἰσάκου τελευτὴν οἱ παῖδες αὐτοῦ μερισάμενοι τὴν οἴκησιν πρὸς ἀλλήλους οὐχ ἣν ἔλαβον ταύτην κατέσχον, ἀλλ᾽ Ἡσαῦς μὲν τῆ",English/book-02.xml,english-book02-num1,0,paragraph,english-book02-num1,,"After the death of Isaac, his sons divided their habitations respectively; nor did they retain what they had before; but Esau depa"
B78-table1-row025,2,2,II,II,LITERAL,9,EXACT_NIESE_START,HUMAN_EXACT_START_CHECKED_NIESE_PARALLEL_TEXT_VERIFIED,HUMAN_CHECKED_EXACT_START,Ioseph ex rachel filium suscipiens,30," ___30, col. B______________________________________________"," ____II, centre margin______________________",BAMBERG_ONLY,,,B78-table1-row026,Latin/book-02.xml,latin-book02-num7,620,element-edge,latin-book02-num7,milestone[2],"Ioseph ex rachel filium suscipiens iacob: et propter corporis honestatem et animi uirtutem, cum utique aliis sapientia praecellere",Greek/book-02.xml,greek-book02-num7,548,element-edge,greek-book02-num7,num[3],"Ἰώσηπον ἐκ Ῥαχήλας πεπαιδοποιημένος Ἰάκωβος διά τε τὴν τοῦ σώματος εὐγένειαν καὶ διὰ ψυχῆς ἀρετήν, φρονήσει γὰρ διέφερε, τῶν ἄλλων",English/book-02.xml,english-book02-num7,667,anchor,b78-english-B78-table1-row025,,"When Jacob had his son Joseph born to him by Rachel, his father loved him above the rest of his sons, both because of the beauty o"
B78-table1-row026,2,3,III,III,LITERAL,32,EXACT_NIESE_START,HUMAN_EXACT_START_CHECKED_NIESE_PARALLEL_TEXT_VERIFIED,HUMAN_CHECKED_EXACT_START,Iudas autem qui et ipse filius erat iacob,32," ______32, col. A__________________________"," ___III, left margin________",BAMBERG_ONLY,,,BOOK_END,Latin/book-02.xml,latin-book02-num32,0,paragraph,latin-book02-num32,,"Iudas autem, qui et ipse filius erat iacob, uidens negotiatores arabes ex hisma elitarum genere, aromata, et onera syra portantes ",Greek/book-02.xml,greek-book02-num32,0,paragraph,greek-book02-num32,,Ἰούδας δὲ καὶ αὐτὸς ὢν τῶν Ἰακώβου παίδων ἐμπόρους ἰδὼν Ἄραβας τοῦ Ἰσμαηλιτῶν γένους ἀρώματα καὶ Σύρα φορτία κομίζοντας Αἰγυπτίοις,English/book-02.xml,english-book02-num32,0,paragraph,english-book02-num32,,"But Judas, being one of Jacob's sons also, seeing some Arabians, of the posterity of Ismael, carrying spices and Syrian wares out "
B78-table1-row028,3,1,[I],[I],SUPPLIED,1,EXACT_NIESE_START,HUMAN_AUDITED_BOOK_OPENING,BOOK_OPENING_INFERRED_FROM_AUDIT_AND_CURRENT_TEXT,"Igitur inopinabiliter hebreos tali salute donatos, grauiter iterum contristabant dum sina ducerentur in monte, essetque regio uald",55,,,EXACT_MATCH,LOEB-03-Chapter-1-0,,B78-table1-row029,Latin/book-03.xml,latin-book03-num1,0,paragraph,latin-book03-num1,,"Igitur inopinabiliter hebreos tali salute donatos, grauiter iterum contristabant dum sina ducerentur in monte, essetque regio uald",Greek/book-03.xml,greek-book03-num1,0,paragraph,greek-book03-num1,,Παραδόξου δὲ τῆς σωτηρίας τοῖς Ἑβραίοις οὕτως γενομένης δεινῶς ἐλύπει πάλιν αὐτοὺς ἀγομένους ἐπὶ τὸ Σιναῖον ὄρος ἡ χώρα τελέως οὖσ,English/book-03.xml,english-book03-num1,0,paragraph,english-book03-num1,,"When the Hebrews had obtained such a wonderful deliverance, the country was a great trouble to them, for it was entirely a desert,"
B78-table1-row029,3,2,II,II,LITERAL,39,EXACT_NIESE_START,HUMAN_EXACT_START_CHECKED_NIESE_PARALLEL_TEXT_VERIFIED,HUMAN_CHECKED_EXACT_START,Cum uero hebreorum nomen iam ualde,58," _____58, col. B________________________"," ___II, centre margin_______________________",EXACT_MATCH,LOEB-03-Chapter-2-0,,B78-table1-row030,Latin/book-03.xml,latin-book03-num39,0,paragraph,latin-book03-num39,,"Cum uero hebreorum nomen iam ualde ubique diuulgaretur [et] de his sermo cresceret, in timore non paruo prouinciales erant, et mit",Greek/book-03.xml,greek-book03-num39,0,paragraph,greek-book03-num39,,Τοῦ δὲ Ἑβραίων ὀνόματος ἤδη πολλοῦ κατὰ πάντας διαβοωμένου καὶ τοῦ περὶ αὐτῶν λόγου φοιτῶντος ἐν φόβῳ συνέβαινεν οὐ μικρῷ τοὺς ἐπι,English/book-03.xml,english-book03-num39,0,paragraph,english-book03-num39,,"The name of the Hebrews began already to be every where renowned, and rumors about them ran abroad. This made the inhabitants of t"
B78-table1-row030,3,3,III,III,LITERAL,63,EXACT_NIESE_START,HUMAN_EXACT_START_CHECKED_NIESE_PARALLEL_TEXT_VERIFIED,HUMAN_CHECKED_EXACT_START,Cui raguel socer audiens eius felicitatem,60," 60, col. B"," III, centre margin",EXACT_MATCH,LOEB-03-Chapter-3-0,,B78-table1-row031,Latin/book-03.xml,latin-book03-num63,0,paragraph,latin-book03-num63,,"Cui raguel socer audiens eius felicitatem libenter occurrit, et moyses excipiens cum eo se[p]phoram uxorem suam et filios suos, de",Greek/book-03.xml,greek-book03-num63,0,paragraph,greek-book03-num63,,Καὶ Ῥαγουῆλος ὁ πενθερὸς αὐτοῦ πυνθανόμενος εὐπραξίαν ἀσμένως ἀπήντα τόν τε Μωυσῆν καὶ τὴν Σαπφώραν δεχόμενος καὶ τοὺς παῖδας αὐτῶ,English/book-03.xml,english-book03-num63,0,paragraph,english-book03-num63,,"Now when Raguel, Moses's father-in-law, understood in what a prosperous condition his affairs were, he willingly came to meet him."
B78-table1-row031,3,4,IIII,IIII,LITERAL,66,EXACT_NIESE_START,HUMAN_EXACT_START_CHECKED_NIESE_PARALLEL_TEXT_VERIFIED,HUMAN_CHECKED_EXACT_START,Deinde uidens raguel moysen in rerum,60," 60, centre margin"," IIII, centre margin",EXACT_MATCH,LOEB-03-Chapter-4-0,,B78-table1-row032,Latin/book-03.xml,latin-book03-num66,0,paragraph,latin-book03-num66,,"Deinde uidens raguel moysen in rerum multitudine constitutum, cunctis ab euntibus eum ut[i]lite[a]s dece[i]deret postulantium, et ",Greek/book-03.xml,greek-book03-num66,0,paragraph,greek-book03-num66,,Τῇ δ᾽ ὑστεραίᾳ θεασάμενος ὁ Ῥαγουῆλος τὸν Μωυσῆν ἐν ὄχλῳ πραγμάτων ὄντα: διέλυε γὰρ τὰς δίκας τοῖς δεομένοις πάντων ἐπ᾽ αὐτὸν βαδι,English/book-03.xml,english-book03-num66,0,paragraph,english-book03-num66,,"The next day, as Raguel saw Moses in the of a crowd of business for he determined the differences of those that referred them to h"
B78-table1-row032,3,5,V,V,LITERAL,73,EXACT_NIESE_START,HUMAN_EXACT_START_CHECKED_NIESE_PARALLEL_TEXT_VERIFIED,HUMAN_CHECKED_EXACT_START,Haec enim raguhel monente moyses libenter,61," 61, col. A"," V, left margin",BAMBERG_ONLY,,,B78-table1-row033,Latin/book-03.xml,latin-book03-num73,0,paragraph,latin-book03-num73,,"Haec enim raguhel monente moyses libenter excepit. Et secundum eius modi dictum fecit. Non caelans consilium eius, nec suam facien",Greek/book-03.xml,greek-book03-num73,0,paragraph,greek-book03-num73,,Ταῦτα Ῥαγουήλου παραινέσαντος Μωυσῆς ἀσμένως προσήκατο τὴν συμβουλίαν καὶ ποιεῖ κατὰ τὴν ὑποθήκην τὴν ἐκείνου τοῦ τρόπου τὴν ἐπίνο,English/book-03.xml,english-book03-num73,0,paragraph,english-book03-num73,,"This was the admonition of Raguel; and Moses received his advice very kindly, and acted according to his suggestion. Nor did he co"
B78-table1-row033,3,6,VI,VI,LITERAL,76,EXACT_NIESE_START,HUMAN_EXACT_START_CHECKED_NIESE_PARALLEL_TEXT_VERIFIED,HUMAN_CHECKED_EXACT_START,Haec cum dixisset ascendebat in montem,61," 61, col. B"," VI, centre margin",BAMBERG_ONLY,,,B78-table1-row034,Latin/book-03.xml,latin-book03-num75,260,element-edge,latin-book03-num75,milestone[1],"Haec cum dixisset ascendebat in montem sina, qui excellentissimus est in illis regionibus. Et propter altitudinem magnitudinis sua",Greek/book-03.xml,greek-book03-num75,250,element-edge,greek-book03-num75,num[2],ταῦτ᾽ εἰπὼν ἀνῄει πρὸς τὸ Σιναῖον ὑψηλότατον τῶν ἐν ἐκείνοις τοῖς χωρίοις ὀρῶν τυγχάνον καὶ διὰ τὴν ὑπερβολὴν τοῦ μεγέθους καὶ τῶν,English/book-03.xml,english-book03-num75,326,anchor,b78-english-B78-table1-row033,,"When he had said this, he ascended up to Mount Sinai, which is the highest of all the mountains that are in that country and is no"
B78-table1-row034,3,7,VII,VII,LITERAL,108,WITHIN_NIESE,HUMAN_EXACT_START_CHECKED_NIESE_PARALLEL_TEXT_VERIFIED,HUMAN_CHECKED_EXACT_START,Latitudinem quinquaginta cubitorum centum uero longitudinem,63," 63, col. B"," VII, centre margin",BAMBERG_ONLY,,,B78-table1-row035,Latin/book-03.xml,latin-book03-num108,245,anchor,b78-latin-B78-table1-row034,,"Latitudinem quinquaginta cubitorum, centum uero longitudinem tabulasque adinstar columnarum statuit aereas quinque cubitorum, habe",Greek/book-03.xml,greek-book03-num108,183,anchor,b78-greek-B78-table1-row034,,τὸ μὲν εὖρος πεντήκοντα πηχῶν ἑκατὸν δὲ τὸ μῆκος. κάμακας δὲ ἔστησε χαλκέας πενταπήχεις τὸ ὕψος καθ᾽ ἑκατέραν πλευρὰν εἴκοσι τῶν ἐ,English/book-03.xml,english-book03-num108,308,anchor,b78-english-B78-table1-row034,,"fifty cubits broad and a hundred long, he set up brazen pillars, five cubits high, twenty on each of the longer sides, and ten pil"
B78-table1-row035,3,8,VIII,VIII,LITERAL,151,EXACT_NIESE_START,HUMAN_EXACT_START_CHECKED_NIESE_PARALLEL_TEXT_VERIFIED,HUMAN_CHECKED_EXACT_START,Factae sunt autem sacerdotibus uestes omnibus,66," 66, col. B"," VIII, centre margin",EXACT_MATCH,LOEB-03-Chapter-7-0,,B78-table1-row036,Latin/book-03.xml,latin-book03-num151,0,paragraph,latin-book03-num151,,Factae sunt autem sacerdotibus uestes omnibus ali[i]s quos chananaeos uocant pariter et principi sacerdotum quem arabarchin appell,Greek/book-03.xml,greek-book03-num151,0,paragraph,greek-book03-num151,,"Γίνονται δὲ καὶ τοῖς ἱερεῦσι στολαὶ πᾶσί τε τοῖς ἄλλοις, οὓς χαναναίας καλοῦσι, καὶ δὴ καὶ τῷ ἀρχιερεῖ, ὃν ἀραβάχην προσαγορεύουσι",English/book-03.xml,english-book03-num151,0,paragraph,english-book03-num151,,"There were peculiar garments appointed for the priests, and for all the rest, which they call Cohanoeoe [-priestly] garments, as a"
B78-table1-row036,3,9,VIIII,VIIII,LITERAL,287,EXACT_NIESE_START,HUMAN_EXACT_START_CHECKED_NIESE_PARALLEL_TEXT_VERIFIED,HUMAN_CHECKED_EXACT_START,Cum uero circa legislationem iam putaret,76," 76, col. B"," VIIII, centre margin",BAMBERG_ONLY,,,B78-table1-row037,Latin/book-03.xml,latin-book03-num287,0,paragraph,latin-book03-num287,,"Cum uero circa legislationem iam putaret ista sufficere, ad exercitu militaris iura conuersus est, habens in animo bellicas causas",Greek/book-03.xml,greek-book03-num287,0,paragraph,greek-book03-num287,,"Ἐπειδὴ δὲ καλῶς αὐτῷ τὰ περὶ τὴν νομοθεσίαν ἔχειν ἐδόκει, πρὸς ἐξέτασιν τοῦ στρατοῦ τὸ λοιπὸν ἐτράπη τῶν πολεμικῶν ἤδη κατὰ νοῦν ἔ",English/book-03.xml,english-book03-num287,0,paragraph,english-book03-num287,,"Now when this settlement of laws seemed to be well over, Moses thought fit at length to take a review of the host, as thinking it "
B78-table1-row037,3,10,X,X,LITERAL,303,EXACT_NIESE_START,HUMAN_EXACT_START_CHECKED_NIESE_PARALLEL_TEXT_VERIFIED,HUMAN_CHECKED_EXACT_START,Haec itaque cum dixisset moyses multitudo,77," 77, col. B"," X, centre margin",BAMBERG_ONLY,,,B78-table1-row038,Latin/book-03.xml,latin-book03-num303,0,paragraph,latin-book03-num303,,"Haec itaque cum dixisset moyses multitudo ei honorem exibuit, elegitque, exploratores duodecim notissimos uiros, unum de unaquaque",Greek/book-03.xml,greek-book03-num303,0,paragraph,greek-book03-num303,,"Μωυσέος δὲ ταῦτ᾽ εἰπόντος τὸ πλῆθος αὐτὸν τιμαῖς ἀμείβεται, καὶ κατασκόπους αἱρεῖται δώδεκα τῶν γνωριμωτάτων ἐξ ἑκάστης φυλῆς ἕνα,",English/book-03.xml,english-book03-num303,0,paragraph,english-book03-num303,,"When Moses had said thus, the multitude requited him with marks of respect; and chose twelve spies, of the most eminent men, one o"
B78-table1-row038,3,11,XI,XI,LITERAL,311,EXACT_NIESE_START,HUMAN_EXACT_START_CHECKED_NIESE_PARALLEL_TEXT_VERIFIED,HUMAN_CHECKED_EXACT_START,Moyses autem iam confidens in media,78," 78, col. B"," XI, centre margin",EXACT_MATCH,LOEB-03-Chapter-15-0,,BOOK_END,Latin/book-03.xml,latin-book03-num311,0,paragraph,latin-book03-num311,,Moyses autem iam confidens in media adste[i]t multitudinem deumque permotum pro eorum pandebat iniuriam percepturosque fore suppli,Greek/book-03.xml,greek-book03-num311,0,paragraph,greek-book03-num311,,"Μωυσῆς δὲ θαρρήσας πάρεισιν εἰς τὸ πλῆθος καὶ τὸν θεὸν ἐδήλου κινηθέντα ὑπὸ τῆς ὕβρεως αὑτῷ λήψεσθαι τιμωρίαν, οὐκ ἀξίαν μὲν τῶν ἁ",English/book-03.xml,english-book03-num311,0,paragraph,english-book03-num311,,"Moses came now boldly to the multitude, and informed them that God was moved at their abuse of him, and would inflict punishment u"
B78-table1-row040,4,1,[I],[I],SUPPLIED,1,EXACT_NIESE_START,HUMAN_AUDITED_BOOK_OPENING,BOOK_OPENING_INFERRED_FROM_AUDIT_AND_CURRENT_TEXT,"Hebraeos itaque deserti molestia atque diffcultas a[co]gebat, etiam prohibente deo ad chananaeos accedere. Non enim ad quiescebant",79,,,EXACT_MATCH,LOEB-04-Chapter-1-0,,B78-table1-row041,Latin/book-04.xml,latin-book04-num1,0,paragraph,latin-book04-num1,,"Hebraeos itaque deserti molestia atque diffcultas a[co]gebat, etiam prohibente deo ad chananaeos accedere. Non enim ad quiescebant",Greek/book-04.xml,greek-book04-num1,0,paragraph,greek-book04-num1,,Ἑβραίους δ᾽ ὁ κατὰ τὴν ἐρημίαν βίος ἀηδὴς καὶ χαλεπὸς ὢν ἐπόνει καὶ κωλύοντος τοῦ θεοῦ τῶν Χαναναίων πεῖραν λαμβάνειν: οὐ γὰρ ἠξίο,English/book-04.xml,english-book04-num1,0,paragraph,english-book04-num1,,"Now this life of the Hebrews in the wilderness was so disagreeable and troublesome to them, and they were so uneasy at it, that al"
B78-table1-row041,4,2,II,II,LITERAL,14,EXACT_NIESE_START,HUMAN_EXACT_START_CHECKED_NIESE_PARALLEL_TEXT_VERIFIED,HUMAN_CHECKED_EXACT_START,Choreb hebreorum et genere nobilis et abundans,80," 80, col. B"," II, centre margin",BAMBERG_ONLY,,,B78-table1-row042,Latin/book-04.xml,latin-book04-num14,0,paragraph,latin-book04-num14,,"Choreb hebreorum et genere nobilis et abundans diuitia[i]s et lingua facilis, et ad persuadendum plebi [ni]mis idoneus. Uidens mos",Greek/book-04.xml,greek-book04-num14,0,paragraph,greek-book04-num14,,"Κορῆς τις Ἑβραίων ἐν τοῖς μάλιστα καὶ γένει καὶ πλούτῳ διαφόρων ἱκανὸς δ᾽ εἰπεῖν καὶ δήμοις ὁμιλεῖν πιθανώτατος, ὁρῶν ἐν ὑπερβαλλο",English/book-04.xml,english-book04-num14,0,paragraph,english-book04-num14,,"Corah, a Hebrew of principal account, both by his family and by his wealth, one that was also able to speak well, and one that cou"
B78-table1-row042,4,3,III,III,LITERAL,67,EXACT_NIESE_START,HUMAN_EXACT_START_CHECKED_NIESE_PARALLEL_TEXT_VERIFIED,HUMAN_CHECKED_EXACT_START,Igitur moyses leuitarum tribum,84," 84, col. B"," III, centre margin",BAMBERG_ONLY,,,B78-table1-row043,Latin/book-04.xml,latin-book04-num67,0,paragraph,latin-book04-num67,,Igitur moyses leuitarum tribum seruiturum deo a pra[o]eliis a militia[m] segregauit ne propter in opiam aut quaestum necessarium a,Greek/book-04.xml,greek-book04-num67,0,paragraph,greek-book04-num67,,"Μωυσῆς δ᾽ ἐπεὶ πολέμου καὶ στρατείας ἡ τῶν Λευιτῶν ἀφεῖτο φυλὴ θεραπεύουσα τὸν θεόν, ἵνα μὴ δι᾽ ἀπορίαν μηδὲ ζήτησιν τῶν εἰς τὸν β",English/book-04.xml,english-book04-num67,0,paragraph,english-book04-num67,,"And now Moses, because the tribe of Levi was made free from war and warlike expeditions, and was set apart for the Divine worship,"
B78-table1-row043,4,4,IIII,IIII,LITERAL,85,WITHIN_NIESE,HUMAN_EXACT_START_CHECKED_NIESE_PARALLEL_TEXT_VERIFIED,HUMAN_CHECKED_EXACT_START,Sumens igitur moyses inde exercitum,85," 85, col. B"," IIII, centre margin",SAME_NIESE_DIFFERENT_POSITION,,LOEB-04-Chapter-5-0,B78-table1-row044,Latin/book-04.xml,latin-book04-num85,85,anchor,b78-latin-B78-table1-row043,,Sumens igitur moyses inde exercitum uenit ad fluuium arnon quidem montibus arabiae descendens et totum desertum fluens instagnum a,Greek/book-04.xml,greek-book04-num85,74,anchor,b78-greek-B78-table1-row043,,"ἀναλαβὼν ἐκεῖθεν Μωυσῆς τὸν στρατὸν παρῆν ἐπὶ τὸν ποταμὸν Ἀρνῶν᾽, ὃς ἐκ τῶν τῆς Ἀραβίας ὀρῶν ὡρμημένος καὶ διὰ πάσης ἐρήμου ῥέων ε",English/book-04.xml,english-book04-num85,76,anchor,b78-english-B78-table1-row043,,"Moses removed the army from that place, and came to the river Arnon, which, issuing out of the mountains of Arabia, and running th"
B78-table1-row044,4,5,V,V,LITERAL,176,EXACT_NIESE_START,HUMAN_EXACT_START_CHECKED_NIESE_PARALLEL_TEXT_VERIFIED,HUMAN_CHECKED_EXACT_START,Cum uero iam quadraginta minus,92," 92, col. B"," V, centre margin",EXACT_MATCH,LOEB-04-Chapter-8-0,,BOOK_END,Latin/book-04.xml,latin-book04-num176,0,paragraph,latin-book04-num176,,"Cum uero iam quadraginta minus triginta dies implerentur, moyses [ecclesiam] congregans ad iordanem ubi no[u]n[c] ciuitatis est ab",Greek/book-04.xml,greek-book04-num176,0,paragraph,greek-book04-num176,,"Τῶν δὲ τεσσαράκοντα ἐτῶν παρὰ τριάκοντα ἡμέρας συμπεπληρωμένων Μωυσῆς ἐκκλησίαν ἐπὶ τῷ Ἰορδάνῃ συναγαγών, ὅπου νῦν πόλις ἐστὶν Ἀβί",English/book-04.xml,english-book04-num176,0,paragraph,english-book04-num176,,"When forty years were completed, within thirty days, Moses gathered the congregation together near Jordan, where the city Abila no"
B78-table1-row046,5,1,[I],[I],SUPPLIED,1,EXACT_NIESE_START,HUMAN_AUDITED_BOOK_OPENING,BOOK_OPENING_INFERRED_FROM_AUDIT_AND_CURRENT_TEXT,Moyses itaque praedicto modo ab hominibus abeunte iesu omnibus iam eo legitimis finem abeuntibus et luctu quiescentibus praecipit ,105,,,EXACT_MATCH,LOEB-05-Chapter-1-0,,B78-table1-row047,Latin/book-05.xml,latin-book05-num1,0,paragraph,latin-book05-num1,,Moyses itaque praedicto modo ab hominibus abeunte iesu omnibus iam eo legitimis finem abeuntibus et luctu quiescentibus praecipit ,Greek/book-05.xml,greek-book5-num1,0,paragraph,greek-book5-num1,,Μωυσέος δὲ τὸν προειρημένον τρόπον ἐξ ἀνθρώπων ἀπογεγονότος Ἰησοῦς ἁπάντων ἤδη τῶν ἐπ᾽ αὐτῷ νενομισμένων τέλος ἐχόντων καὶ τοῦ πέν,English/book-05.xml,english-book05-num1,0,paragraph,english-book05-num1,,"When Moses was taken away from among men, in the manner already described, and when all the solemnities belonging to the mourning "
B78-table1-row047,5,2,II,II,LITERAL,120,EXACT_NIESE_START,HUMAN_EXACT_START_CHECKED_NIESE_PARALLEL_TEXT_VERIFIED,HUMAN_CHECKED_EXACT_START,Post horum itaque transitum finees,114," 114, col. A"," II, left margin",EXACT_MATCH,LOEB-05-Chapter-2-0,,B78-table1-row048,Latin/book-05.xml,latin-book05-num120,0,paragraph,latin-book05-num120,,Post horum itaque transitum finees prophetauit secundum dei uoluntatem ad delendum chananeorum genus tribu iudȩ praebendum esse pr,Greek/book-05.xml,greek-book5-num120,0,paragraph,greek-book5-num120,,Μετὰ δὲ τὴν τούτων τελευτὴν Φινεέσης προφητεύει κατὰ τὴν τοῦ θεοῦ βούλησιν ἐπ᾽ ἐξωλείᾳ τοῦ Χαναναίων γένους τῇ Ἰούδα φυλῇ παρασχεῖ,English/book-05.xml,english-book05-num120,0,paragraph,english-book05-num120,,"After the death of Joshua and Eleazar, Phineas prophesied, that according to God's will they should commit the government to the t"
B78-table1-row048,5,3,III,III,LITERAL,175,EXACT_NIESE_START,HUMAN_EXACT_START_CHECKED_NIESE_PARALLEL_TEXT_VERIFIED,HUMAN_CHECKED_EXACT_START,horum uero similia etiam tribu dan,117," 117, col. B"," III, right margin",EXACT_MATCH,LOEB-05-Chapter-3-0,,B78-table1-row049,Latin/book-05.xml,latin-book05-num175,0,paragraph,latin-book05-num175,,"horum uero similia etiam tribu dan ex huiusmodi causa contigit sustinere, cum israhelite bellorum studium relinquissent, et ad ope",Greek/book-05.xml,greek-book5-num175,0,paragraph,greek-book5-num175,,Ὅμοια δὲ τούτοις παθεῖν καὶ τὴν Δάνην συνέβη φυλὴν ἐξ αἰτίας τοιαύτης εἰς τοῦτο προαχθεῖσαν. τῶν Ἰσραηλιτῶν ἐκλελοιπότων ἤδη τὴν ἐ,English/book-05.xml,english-book05-num175,0,paragraph,english-book05-num175,,Now it happened that the tribe of Dan suffered in like manner with the tribe of Benjamin; and it came to do so on the occasion fol
B78-table1-row049,5,4,IIII,IIII,LITERAL,182,EXACT_NIESE_START,HUMAN_EXACT_START_CHECKED_NIESE_PARALLEL_TEXT_VERIFIED,HUMAN_CHECKED_EXACT_START,Caeniz quidam de tribu iuda uir industrius,118 ," 118, col. A"," IIII, left margin",BAMBERG_ONLY,,,B78-table1-row050,Latin/book-05.xml,latin-book05-num182,0,paragraph,latin-book05-num182,,Caeniz quidam de tribu iuda uir industrius prudentiaque fortissimus responso sibi dato ne despe[i]ceret hebraeos in necessitate hu,Greek/book-05.xml,greek-book5-num182,0,paragraph,greek-book5-num182,,"Τῆς Ἰούδα φυλῆς τις Κενίαζος ὄνομα δραστήριος ἀνὴρ καὶ τὸ φρόνημα γενναῖος, χρησθὲν αὐτῷ μὴ περιορᾶν ἐν τοιαύτῃ τοὺς Ἰσραηλίτας ἀν",English/book-05.xml,english-book05-num182,0,paragraph,english-book05-num182,,"There was one whose name was Othniel, the son of Kenaz, of the tribe of Judah, an active man and of great courage. He had an admon"
B78-table1-row050,5,5,V,V,LITERAL,188,EXACT_NIESE_START,HUMAN_EXACT_START_CHECKED_NIESE_PARALLEL_TEXT_VERIFIED,HUMAN_CHECKED_EXACT_START,Quidam iuuenculus nomine [h]aod de tribu beniamin,118," 118, col. B"," V, centre margin",BAMBERG_ONLY,,,B78-table1-row051,Latin/book-05.xml,latin-book05-num188,0,paragraph,latin-book05-num188,,"Quidam iuuenculus nomine [h]aod de tribu beniamin ex patre gera, audaciaque fortissimus et corpore ad opera exercenda robustus, in",Greek/book-05.xml,greek-book5-num188,0,paragraph,greek-book5-num188,,Τῆς Βενιαμίτιδος φυλῆς νεανίας Ἰούδης μὲν τοὔνομα Γήρα τε πατρὸς τολμῆσαί τε ἀνδρειότατος καὶ τῷ σώματι πρὸς τὰ ἔργα χρῆσθαι δυνατ,English/book-05.xml,english-book05-num188,0,paragraph,english-book05-num188,,"There was a young man of the tribe of Benjamin, whose name was Ehud, the son of Gera, a man of very great courage in bold undertak"
B78-table1-row051,5,6,VI,VI,LITERAL,198,EXACT_NIESE_START,HUMAN_EXACT_START_CHECKED_NIESE_PARALLEL_TEXT_VERIFIED,HUMAN_CHECKED_EXACT_START,Igitur israhelitae calamitates quas passi fuerant,119," 119, col. A"," VI, left margin",EXACT_MATCH,LOEB-05-Chapter-5-0,,B78-table1-row052,Latin/book-05.xml,latin-book05-num198,0,paragraph,latin-book05-num198,,"Igitur israhelitae calamitates quas passi fuerant non colendo deum nec legibus eius oboediendo correptionem non ad signantes dei, ",Greek/book-05.xml,greek-book5-num198,0,paragraph,greek-book5-num198,,"Ἰσραηλῖται δὲ πάλιν, οὐδὲν γὰρ ἐπὶ διδαχῇ τοῦ κρείττονος ἐλάμβανον τῶν πρότερον ἠτυχημένων ὑπό τε τοῦ μήτε σέβειν τὸν θεὸν μήθ᾽ ὑπ",English/book-05.xml,english-book05-num198,0,paragraph,english-book05-num198,,"And now it was that the Israelites, taking no warning by their former misfortunes to amend their manners, and neither worshipping "
B78-table1-row052,5,7,VII,VII,LITERAL,210,EXACT_NIESE_START,HUMAN_EXACT_START_CHECKED_NIESE_PARALLEL_TEXT_VERIFIED,HUMAN_CHECKED_EXACT_START,Eodem itaque tempore moriente barach,120," 120, col. A"," VII, left margin",EXACT_MATCH,LOEB-05-Chapter-6-0,,B78-table1-row053,Latin/book-05.xml,latin-book05-num210,0,paragraph,latin-book05-num210,,Eodem itaque tempore moriente barach et deborra post haec mazianite rogantes amalechitas et arabas castrametati sunt super israhel,Greek/book-05.xml,greek-book5-num210,0,paragraph,greek-book5-num210,,Τελευτήσαντος δὲ Βαράκου καὶ Δαβώρας κατὰ τὸν αὐτὸν καιρὸν μετὰ ταῦτα Μαδιηνῖται παρακαλέσαντες Ἀμαληκίτας τε καὶ Ἄραβας στρατεύου,English/book-05.xml,english-book05-num210,0,paragraph,english-book05-num210,,"Now when Barak and Deborah were dead, whose deaths happened about the same time, afterwards the Midianites called the Amalekites a"
B78-table1-row053,5,8,VIII,VIII,LITERAL,212,WITHIN_NIESE,HUMAN_EXACT_START_CHECKED_NIESE_PARALLEL_TEXT_VERIFIED,HUMAN_CHECKED_EXACT_START,Erat igitur fames et ciborum maxima difficultas,120," 120, col. A"," VIII, left margin",BAMBERG_ONLY,,,B78-table1-row054,Latin/book-05.xml,latin-book05-num210,598,anchor,b78-latin-B78-table1-row053,,Erat igitur fames et ciborum maxima difficultas. Tunc ergo conuersi ad dei preces hebraei ut eos eriperet exorabant.,Greek/book-05.xml,greek-book5-num210,582,anchor,b78-greek-B78-table1-row053,,λιμὸς δ᾽ ἦν καὶ σπάνις τροφῆς καὶ τρέπονται πρὸς ἱκετείαν τοῦ θεοῦ σώζειν αὐτοὺς παρακαλοῦντες.,English/book-05.xml,english-book05-num210,781,anchor,b78-english-B78-table1-row053,,"Indeed, there ensued a famine and a scarcity of food; upon which they betook themselves to their supplications to God, and besough"
B78-table1-row054,5,9,VIIII,VIIII,LITERAL,254,EXACT_NIESE_START,HUMAN_EXACT_START_CHECKED_NIESE_PARALLEL_TEXT_VERIFIED,HUMAN_CHECKED_EXACT_START,Israhelitarum uero principatum post eum,122," 122, col. B"," VIIII, centre margin",BAMBERG_ONLY,,,B78-table1-row055,Latin/book-05.xml,latin-book05-num254,0,paragraph,latin-book05-num254,,"Israhelitarum uero principatum post eum iaher galad[i]nus ex tribu manasse percepit, uir et in aliis felix et filios bonos habens ",Greek/book-05.xml,greek-book5-num254,0,paragraph,greek-book5-num254,,Τῶν δὲ Ἰσραηλιτῶν τὴν ἡγεμονίαν Ἰάρης ὁ Γαλαδηνὸς ἐκ τῆς Μανασσίτιδος φυλῆς παραλαμβάνει ἀνὴρ τά τε ἄλλα εὐδαίμων καὶ παῖδας ἀγαθο,English/book-05.xml,english-book05-num254,0,paragraph,english-book05-num254,,"Now it was that Jair the Gileadite, of the tribe of Manasseh, took the government. He was a man happy in other respects also, but "
B78-table1-row055,5,10,X,X,LITERAL,276,EXACT_NIESE_START,HUMAN_EXACT_START_CHECKED_NIESE_PARALLEL_TEXT_VERIFIED,HUMAN_CHECKED_EXACT_START,Quidam [m]anoch de tribu dan inter paucos egregius,124," 124, col. A"," X, left margin",BAMBERG_ONLY,,,B78-table1-row056,Latin/book-05.xml,latin-book05-num276,0,paragraph,latin-book05-num276,,Quidam anoch de tribu dan inter paucos egregius et patriae sine dubio primus habuit uxorem [forma] pulcherrimam: et quae inter cen,Greek/book-05.xml,greek-book5-num276,0,paragraph,greek-book5-num276,,Μανώχης τις Δανιτῶν ἐν ὀλίγοις ἄριστος καὶ τῆς πατρίδος ὁμολογούμενος πρῶτος εἶχε γύναιον ἐπ᾽ εὐμορφίᾳ περίβλεπτον καὶ τῶν κατ᾽ αὐ,English/book-05.xml,english-book05-num276,0,paragraph,english-book05-num276,,"There was one Manoah, a person of such great virtue, that he had few men his equals, and without dispute the principal person of h"
B78-table1-row056,5,11,XI,XI,LITERAL,318,EXACT_NIESE_START,HUMAN_EXACT_START_CHECKED_NIESE_PARALLEL_TEXT_VERIFIED,HUMAN_CHECKED_EXACT_START,Post mortem uero sampson praefuit israelitis sacerdos heli,126," 126, col. B"," XI, centre margin",EXACT_MATCH,LOEB-05-Chapter-9-0,,B78-table1-row057,Latin/book-05.xml,latin-book05-num318,0,paragraph,latin-book05-num318,,Post mortem uero sampson profuit israhelitis sacerdos heli sub hoc prouinciam eorum adpraehendente fame helimelech quidam de bethl,Greek/book-05.xml,greek-book5-num318,0,paragraph,greek-book5-num318,,Μετὰ δὲ τὴν Σαμψῶνος τελευτὴν προέστη τῶν Ἰσραηλιτῶν Ἠλὶς ὁ ἀρχιερεύς. ἐπὶ τούτου λιμῷ τῆς χώρας κακοπαθούσης αὐτῶν Ἀβιμέλεχος ἐκ ,English/book-05.xml,english-book05-num318,0,paragraph,english-book05-num318,,"Now after the death of Samson, Eli the high priest was governor of the Israelites. Under him, when the country was afflicted with "
B78-table1-row057,5,12,XII,XII,LITERAL,357,EXACT_NIESE_START,HUMAN_EXACT_START_CHECKED_NIESE_PARALLEL_TEXT_VERIFIED,HUMAN_CHECKED_EXACT_START,"Nuntiata uero perditione in sylo, et arce captiuitate",129," 129, col. A"," XII, left margin (partially obscured)",BAMBERG_ONLY,,,B78-table1-row058,Latin/book-05.xml,latin-book05-num357,0,paragraph,latin-book05-num357,,"Nuntiata uero perditione in sylo, et arce captiuitate per quendam iuuenculum beiamiten qui interfuerat bello cuncta ciuitas lucto ",Greek/book-05.xml,greek-book5-num357,0,paragraph,greek-book5-num357,,"Ἀπαγγελθείσης δὲ τῆς ἥττης εἰς τὴν Σιλὼ καὶ τῆς αἰχμαλωσίας τῆς κιβωτοῦ, Βενιαμίτης γάρ τις αὐτοῖς ἄγγελος ἀφικνεῖται νεανίας παρα",English/book-05.xml,english-book05-num357,0,paragraph,english-book05-num357,,"When the news of this defeat came to Shiloh, with that of the captivity of the ark, [for a certain young man, a Benjamite, who was"
B78-table1-row058,5,13,XIII,XIII,LITERAL,359,EXACT_NIESE_START,HUMAN_EXACT_START_CHECKED_NIESE_PARALLEL_TEXT_VERIFIED,HUMAN_CHECKED_EXACT_START,Cum uero etiam arcam audisset ab hostibus captam dolore,129," 129, col. A"," XIII, left margin (partially obscured)",BAMBERG_ONLY,,,BOOK_END,Latin/book-05.xml,latin-book05-num357,524,element-edge,latin-book05-num357,milestone[2],Cum uero etiam arcam audisset ab hostibus captam dolore turbatus eo quod ei p[rae]ter spem tantum honus accesserat ruens de sede d,Greek/book-05.xml,greek-book5-num357,592,element-edge,greek-book5-num357,num[3],"ὡς δὲ καὶ τὴν κιβωτὸν ἤκουσεν ᾐχμαλωτίσθαι πρὸς τῶν πολεμίων, ὑπὸ τοῦ παρ᾽ ἐλπίδας αὐτῷ τοῦτο προσπεσεῖν περιαλγήσας ἀποκυλισθεὶς ",English/book-05.xml,english-book05-num357,742,anchor,b78-english-B78-table1-row058,,"but as soon as [he heard] the ark was carried captive by their enemies, he was very much grieved at it, because it fell out quite "
B78-table1-row066,12,1,None: littera notabilior H,unnumbered,ABSENT,287,EXACT_NIESE_START,HUMAN_EXACT_START_CHECKED_NIESE_PARALLEL_TEXT_VERIFIED,HUMAN_CHECKED_EXACT_START,Haec cum audisset appollonius dux,291," 291, col. B"," (None visible: H in ""Haec"" is enlarged).",EXACT_MATCH,LOEB-12-Chapter-7-0,,BOOK_END,Latin/book-12.xml,latin-book12-num287,0,paragraph,latin-book12-num287,,Haec cum audisset appollonius dux samarię colligens exercitum egressus est contra iudam. Ille autem occurit ei et committens cum e,Greek/book-12.xml,greek-book12-num287,0,paragraph,greek-book12-num287,,Ταῦτ᾽ ἀκούσας Ἀπολλώνιος ὁ τῆς Σαμαρείας στρατηγὸς ἀναλαβὼν τὴν δύναμιν ὥρμησεν ἐπὶ τὸν Ἰούδαν. ὁ δὲ ἀπήντησεν αὐτῷ καὶ συμβαλὼν κ,English/book-12.xml,english-book12-num287,0,paragraph,english-book12-num287,,"WHEN Apollonius, the general of the Samaritan forces, heard this, he took his army, and made haste to go against Judas, who met hi"
B78-table1-row068,13,1,[I],[I],SUPPLIED,1,EXACT_NIESE_START,HUMAN_AUDITED_BOOK_OPENING,BOOK_OPENING_INFERRED_FROM_AUDIT_AND_CURRENT_TEXT,"QUIBUS MODIS GENS IUDAEORUM MACEDONIBUS IN SERUItutem eam tenentibus libertatem recepit, et per quod tanta certamina dux eorum iud",301,,,EXACT_MATCH,LOEB-13-Chapter-1-0,,B78-table1-row069,Latin/book-13.xml,latin-book13-num1,0,paragraph,latin-book13-num1,,"QUIBUS MODIS GENS IUDAEORUM MACEDONIBUS IN SERUItutem eam tenentibus libertatem recepit, et per quod tanta certamina dux eorum iud",Greek/book-13.xml,greek-book13-num1,0,paragraph,greek-book13-num1,,Τίνα μὲν οὖν τρόπον τὸ τῶν Ἰουδαίων ἔθνος καταδουλωσαμένων αὐτὸ τῶν Μακεδόνων ἀνεκτήσατο τὴν ἐλευθερίαν καὶ δι᾽ ὅσων καὶ πηλίκων ἀ,English/book-13.xml,english-book13-num1,0,paragraph,english-book13-num1,,"BY what means the nation of the Jews recovered their freedom when they had been brought into slavery by the Macedonians, and what "
B78-table1-row069,13,2,III,III — Anno uero sexagesimo et centesimo epifanis antiochi,LITERAL,35,EXACT_NIESE_START,HIGH_CURRENT_TEXT_CORROBORATION,CORROBORATED_BY_CURRENT_LITERAL_NUMERAL,III Anno uero sexagesimo et centesimo epifanis antiochi filium contigit syriam ascendere et ptolomaidem capere ciuitatem per prodi,303,,,EXACT_MATCH,LOEB-13-Chapter-2-0,,B78-table1-row070,Latin/book-13.xml,latin-book13-num35,0,paragraph,latin-book13-num35,,III Anno uero sexagesimo et centesimo epifanis antiochi filium contigit syriam ascendere et ptolomaidem capere ciuitatem per prodi,Greek/book-13.xml,greek-book13-num35,0,paragraph,greek-book13-num35,,Ἔτει δ᾽ ἑξηκοστῷ καὶ ἑκατοστῷ τὸν Ἀντιόχου τοῦ Ἐπιφανοῦς υἱὸν Ἀλέξανδρον ἀναβάντα εἰς Συρίαν συνέβη καταλαβέσθαι Πτολεμαΐδα ἐκ προ,English/book-13.xml,english-book13-num35,0,paragraph,english-book13-num35,,"NOW in the hundred and sixtieth year, it fell out that Alexander, the son of Antiochus Epiphanes, came up into Syria, and took Pto"
B78-table1-row070,13,3,III,III — Cognoscens autem alexander promissiones,LITERAL,43,EXACT_NIESE_START,HUMAN_EXACT_START_CHECKED_NIESE_PARALLEL_TEXT_VERIFIED,HUMAN_CHECKED_EXACT_START,Cognoscens autem alexander promissiones,303," 303, col. B"," III, inline after ""reliquerunt""",BAMBERG_ONLY,,,B78-table1-row071,Latin/book-13.xml,latin-book13-num43,0,paragraph,latin-book13-num43,,"Cognoscens autem alexander promissio "" nes quas demetrius fecerat ionathae, et fortitudinem eius, et quanta disposuerat bellans co",Greek/book-13.xml,greek-book13-num43,0,paragraph,greek-book13-num43,,"Γνοὺς δὲ ὁ Ἀλέξανδρος τάς τε ὑποσχέσεις, ἃς ἐποιήσατο Δημήτριος πρὸς Ἰωνάθην, καὶ τὴν ἀνδρείαν αὐτοῦ καὶ ὁπόσα διέθηκεν πολεμῶν το",English/book-13.xml,english-book13-num43,0,paragraph,english-book13-num43,,"When Alexander knew what promises Demetrius had made Jonathan, and withal knew his courage, and what great things he had done when"
B78-table1-row071,13,4,V,V,LITERAL,62,EXACT_NIESE_START,HIGH_CURRENT_TEXT_CORROBORATION,CORROBORATED_BY_CURRENT_LITERAL_NUMERAL,"V.Oniae uero principis sacerdotum filius eodem nomine quo pater nuncupatus, quem alexandriam fugisse ad ptolomeum regem cognomine ",305,,,EXACT_MATCH,LOEB-13-Chapter-3-0,,B78-table1-row072,Latin/book-13.xml,latin-book13-num62,0,paragraph,latin-book13-num62,,"V.Oniae uero principis sacerdotum filius eodem nomine quo pater nuncupatus, quem alexandriam fugisse ad ptolomeum regem cognomine ",Greek/book-13.xml,greek-book13-num62,0,paragraph,greek-book13-num62,,"Ὁ δὲ Ὀνίου τοῦ ἀρχιερέως υἱὸς ὁμώνυμος δὲ ὢν τῷ πατρί, ὃς ἐν Ἀλεξανδρείᾳ φυγὼν πρὸς τὸν βασιλέα Πτολεμαῖον τὸν ἐπικαλούμενον Φιλομ",English/book-13.xml,english-book13-num62,0,paragraph,english-book13-num62,,"BUT then the son of Onias the high priest, who was of the same name with his father, and who fled to king Ptolemy, who was called "
B78-table1-row072,13,5,VI,VI,LITERAL,83,EXACT_NIESE_START,HIGH_CURRENT_TEXT_CORROBORATION,CORROBORATED_BY_CURRENT_LITERAL_NUMERAL,VI. Cumque nuptiae celebrarentur scribens alexander ionathae principi sacerdotum iussit eum ad ptolomaidam festinare. Qui peruenie,306,,,BAMBERG_ONLY,,,B78-table1-row073,Latin/book-13.xml,latin-book13-num83,0,paragraph,latin-book13-num83,,VI. Cumque nuptiae celebrarentur scribens alexander ionathae principi sacerdotum iussit eum ad ptolomaidam festinare. Qui peruenie,Greek/book-13.xml,greek-book13-num83,0,paragraph,greek-book13-num83,,Τῶν δὲ γάμων ἐπιτελουμένων Ἀλέξανδρος Ἰωνάθῃ τῷ ἀρχιερεῖ γράψας ἐκέλευσεν αὐτὸν ἥκειν εἰς Πτολεμαΐδα. παραγενόμενος δὲ πρὸς τοὺς β,English/book-13.xml,english-book13-num83,0,paragraph,english-book13-num83,,"When the wedding was over, Alexander wrote to Jonathan the high priest, and desired him to come to Ptolemais. So when he came to t"
B78-table1-row073,13,6,VII,VII,LITERAL,86,EXACT_NIESE_START,HIGH_CURRENT_TEXT_CORROBORATION,CORROBORATED_BY_CURRENT_LITERAL_NUMERAL,"VII. Centesimo et sexagesimo quinto anno demetrius demetrii filius, cum multis con "" ductis quos ei lasthenis cretensis praestiter",306,,,BAMBERG_ONLY,,,B78-table1-row074,Latin/book-13.xml,latin-book13-num86,0,paragraph,latin-book13-num86,,"VII. Centesimo et sexagesimo quinto anno demetrius demetrii filius, cum multis con "" ductis quos ei lasthenis cretensis praestiter",Greek/book-13.xml,greek-book13-num86,0,paragraph,greek-book13-num86,,"Ἔτει δὲ πέμπτῳ καὶ ἑξηκοστῷ πρὸς τοῖς ἑκατὸν Δημήτριος ὁ Δημητρίου μετὰ πολλῶν μισθοφόρων, οὓς παρέσχεν αὐτῷ Λασθένης ὁ Κρής, ἄρας",English/book-13.xml,english-book13-num86,0,paragraph,english-book13-num86,,"But then, upon the hundred and sixty-fifth year, Demetrius, the son of Demetrius, came from Crete with a great number of mercenary"
B78-table1-row074,13,7,VIII,VIII,LITERAL,131,EXACT_NIESE_START,HIGH_CURRENT_TEXT_CORROBORATION,CORROBORATED_BY_CURRENT_LITERAL_NUMERAL,"VIII.Intellegens itaque militum odium circa demetrium alexandri quidam dux, apameus genere diodotus nomine qui et trifon dicebatur",309,,,EXACT_MATCH,LOEB-13-Chapter-5-0,,B78-table1-row075,Latin/book-13.xml,latin-book13-num131,0,paragraph,latin-book13-num131,,"VIII.Intellegens itaque militum odium circa demetrium alexandri quidam dux, apameus genere diodotus nomine qui et trifon dicebatur",Greek/book-13.xml,greek-book13-num131,0,paragraph,greek-book13-num131,,Ἀμέλει ταύτην νοήσας τὴν δύσνοιαν τῶν στρατιωτῶν πρὸς Δημήτριον Ἀλεξάνδρου τις στρατηγὸς Ἀπαμεὺς τὸ γένος Διόδοτος ὁ καὶ Τρύφων ἐπ,English/book-13.xml,english-book13-num131,0,paragraph,english-book13-num131,,"NOW there was a certain commander of Alexander's forces, an Apanemian by birth, whose name was Diodotus, and was also called Tryph"
B78-table1-row075,13,8,VIIII,VIIII,LITERAL,187,EXACT_NIESE_START,HIGH_CURRENT_TEXT_CORROBORATION,CORROBORATED_BY_CURRENT_LITERAL_NUMERAL,"VIIII. "" Trifon uero cum mortem demetrii cognouisset, persidus antiocho coepit existere, insidiebatur enim qualiter eum interficie",313,,,EXACT_MATCH,LOEB-13-Chapter-6-0,,B78-table1-row076,Latin/book-13.xml,latin-book13-num187,0,paragraph,latin-book13-num187,,"VIIII. "" Trifon uero cum mortem demetrii cognouisset, persidus antiocho coepit existere, insidiebatur enim qualiter eum interficie",Greek/book-13.xml,greek-book13-num187,0,paragraph,greek-book13-num187,,"Τρύφων δ᾽ ἐπειδὴ τὰ περὶ τὸν Δημήτριον ἔγνω τοιοῦτο λαβόντα τέλος οὐκέτ᾽ ἦν Ἀντιόχῳ βέβαιος, ἀλλ᾽ ἐπεβούλευεν ὥστ᾽ αὐτὸν ἀποκτείνα",English/book-13.xml,english-book13-num187,0,paragraph,english-book13-num187,,"NOW when Trypho knew what had befallen Demetrius, he was no longer firm to Antiochus, but contrived by subtlety to kill him, and t"
B78-table1-row076,13,9,X,X,LITERAL,223,EXACT_NIESE_START,HIGH_CURRENT_TEXT_CORROBORATION,CORROBORATED_BY_CURRENT_LITERAL_NUMERAL,"X. Cum intrasset seleutiam antiochus et fortitudo eius per singulos dies cresceret, exiit pugnaturus contra trifonem. Quem uincens",316,,,BAMBERG_ONLY,,,B78-table1-row077,Latin/book-13.xml,latin-book13-num223,0,paragraph,latin-book13-num223,,"X. Cum intrasset seleutiam antiochus et fortitudo eius per singulos dies cresceret, exiit pugnaturus contra trifonem. Quem uincens",Greek/book-13.xml,greek-book13-num223,0,paragraph,greek-book13-num223,,"Γενόμενος δ᾽ ἐν τῇ Σελευκείᾳ ὁ Ἀντίοχος καὶ τῆς ἰσχύος αὐτῷ καθ᾽ ἡμέραν αὐξανομένης ὥρμησε πολεμήσων τὸν Τρύφωνα, καὶ κρατήσας αὐτ",English/book-13.xml,english-book13-num223,0,paragraph,english-book13-num223,,"As Antlochuswas now come to Seleucia, and his forces increased every day, he marched to fight Trypho; and having beaten him in the"
B78-table1-row077,13,10,XI,XI,LITERAL,225,EXACT_NIESE_START,HIGH_CURRENT_TEXT_CORROBORATION,CORROBORATED_BY_CURRENT_LITERAL_NUMERAL,"XI. Sed antiochus auaritia uel prauitate sua simonis obliuionem una cum ministratis pecuniis et alimentis concepit, uir esque mili",316,,,BAMBERG_ONLY,,,B78-table1-row078,Latin/book-13.xml,latin-book13-num225,0,paragraph,latin-book13-num225,,"XI. Sed antiochus auaritia uel prauitate sua simonis obliuionem una cum ministratis pecuniis et alimentis concepit, uir esque mili",Greek/book-13.xml,greek-book13-num225,0,paragraph,greek-book13-num225,,"Ὁ δ᾽ Ἀντίοχος ὑπὸ πλεονεξίας καὶ φαυλότητος λήθην τῶν ἐκ Σίμωνος αὐτῷ πρὸς τὰς χρείας ὑπηρετηθέντων ἐποιήσατο, καὶ δύναμιν στρατιω",English/book-13.xml,english-book13-num225,0,paragraph,english-book13-num225,,"However, Antiochus forgot the kind assistance that Simon had afforded him in his necessity, by reason of his covetous and wicked d"
B78-table1-row078,13,11,XII,XII,LITERAL,228,EXACT_NIESE_START,HIGH_CURRENT_TEXT_CORROBORATION,CORROBORATED_BY_CURRENT_LITERAL_NUMERAL,"XII.Igitur annis octo principatum sacerdotum iudaeorum regens moritur inconuiuio per insidias ptolomei generi, et uxorem eius cum ",316,,,BAMBERG_ONLY,,,B78-table1-row079,Latin/book-13.xml,latin-book13-num228,0,paragraph,latin-book13-num228,,"XII.Igitur annis octo principatum sacerdotum iudaeorum regens moritur inconuiuio per insidias ptolomei generi, et uxorem eius cum ",Greek/book-13.xml,greek-book13-num228,0,paragraph,greek-book13-num228,,"Ἦρξε μὲν οὖν ὀκτὼ τὰ πάντα τῶν Ἰουδαίων ἔτη, τελευτᾷ δὲ ἐξ ἐπιβουλῆς ἐν συμποσίῳ Πτολεμαίου τοῦ γαμβροῦ ταύτην ἐπ᾽ αὐτὸν συστησαμέ",English/book-13.xml,english-book13-num228,0,paragraph,english-book13-num228,,Now he was the ruler of the Jews in all eight years; but at a feast came to his end. It was caused by the treachery of his son-in-
B78-table1-row079,13,12,XIII,XIII,LITERAL,230,WITHIN_NIESE,HIGH_CURRENT_TEXT_CORROBORATION,CORROBORATED_BY_CURRENT_LITERAL_NUMERAL,"XIII. Accipiens autem paternum principatum hyrcanus deum hostiis placauit, et ita contra ptolomei militiam produxit exercitum. Et ",316,,,SAME_NIESE_DIFFERENT_POSITION,,LOEB-13-Chapter-8-0,B78-table1-row080,Latin/book-13.xml,latin-book13-num230,72,anchor,b78-latin-B78-table1-row079,,"XIII. Accipiens autem paternum principatum hyrcanus deum hostiis placauit, et ita contra ptolomei militiam produxit exercitum. Et ",Greek/book-13.xml,greek-book13-num230,79,anchor,b78-greek-B78-table1-row079,,"ἀπολαβὼν δὲ τὴν πάτριον ἀρχιερωσύνην Ὑρκανὸς καὶ τὸν θεὸν πρώταις θυσίαις παραστησάμενος ἐπὶ τὸν Πτολεμαῖον ἐξεστράτευσεν, καὶ προ",English/book-13.xml,english-book13-num230,93,anchor,b78-english-B78-table1-row079,,"But Hyrcanus having taken the high priesthood that had been his father's before, and in the first place propitiated God by sacrifi"
B78-table1-row080,13,13,XIIII,XIIII,LITERAL,236,EXACT_NIESE_START,HIGH_CURRENT_TEXT_CORROBORATION,CORROBORATED_BY_CURRENT_LITERAL_NUMERAL,"XIIII Antiochus autem infestus simoni de intertitu exercitus, contra iudaeam accessit quarto anno sui imperii,"" primo uero hyrcani",317,,,BAMBERG_ONLY,,,B78-table1-row081,Latin/book-13.xml,latin-book13-num236,0,paragraph,latin-book13-num236,,"XIIII Antiochus autem infestus simoni de intertitu exercitus, contra iudaeam accessit quarto anno sui imperii,"" primo uero hyrcani",Greek/book-13.xml,greek-book13-num236,0,paragraph,greek-book13-num236,,"Ἀντίοχος δὲ χαλεπῶς ἔχων ἐφ᾽ οἷς ὑπὸ Σίμωνος ἔπαθεν εἰς τὴν Ἰουδαίαν ἐνέβαλεν τετάρτῳ μὲν ἔτει τῆς βασιλείας αὐτοῦ, πρώτῳ δὲ τῆς Ὑ",English/book-13.xml,english-book13-num236,0,paragraph,english-book13-num236,,"But Antiochus, being very uneasy at the miseries that Simon had brought upon him, he invaded Judea in the fourth years' of his rei"
B78-table1-row081,13,14,XV,XV,LITERAL,269,EXACT_NIESE_START,HUMAN_EXACT_START_CHECKED_NIESE_PARALLEL_TEXT_VERIFIED,HUMAN_CHECKED_EXACT_START,Alexander autem regnum accipiens et amicitiam,319," 319, col. A"," XV, inline after ""interiit""",BAMBERG_ONLY,,,B78-table1-row082,Latin/book-13.xml,,0,element-edge,latin-book13,div2[14]/p[1],"Alexander autem regnum accipiens et amicitiam cum hyrcano principe sacerdotum componens, interiecto tandem tempore expugnatus ab a",Greek/book-13.xml,greek-book13-num267,675,element-edge,greek-book13-num267,num[3],Ἀλέξανδρος δὲ τὴν βασιλείαν παραλαβὼν φιλίαν ποιεῖται πρὸς Ὑρκανὸν τὸν ἀρχιερέα. ἔπειτα πολεμήσαντος αὐτῷ τοῦ Δημητρίου παιδὸς Ἀντ,English/book-13.xml,english-book13-num267,777,anchor,b78-english-B78-table1-row081,,"So Alexander took the kingdom, and made a league with Hyrcanus, who yet, when he afterward fought with Antiochus the son of Demetr"
B78-table1-row082,13,15,XVI,XVI,LITERAL,272,EXACT_NIESE_START,HIGH_CURRENT_TEXT_CORROBORATION,CORROBORATED_BY_CURRENT_LITERAL_NUMERAL,"XVI. Cizicenus autem antiochus ad syriam perueniens diu cum fratre bella commisit. ""Interim hyrcanus omni tempore illo pace frueba",319,,,BAMBERG_ONLY,,,B78-table1-row083,Latin/book-13.xml,latin-book13-num270,595,anchor,b78-latin-B78-table1-row082,,"XVI. Cizicenus autem antiochus ad syriam perueniens diu cum fratre bella commisit. ""Interim hyrcanus omni tempore illo pace frueba",Greek/book-13.xml,greek-book13-num270,545,element-edge,greek-book13-num270,num[3],ὁ δὲ Κυζικηνὸς Ἀντίοχος παραγενόμενος εἰς τὴν Συρίαν πολλοῖς ἔτεσιν πρὸς τὸν ἀδελφὸν πολεμῶν διετέλει. Ὑρκανὸς δὲ πάντα ἐκεῖνον τὸ,English/book-13.xml,english-book13-num270,641,anchor,b78-english-B78-table1-row082,,"But Antiochus Cyzicenus coming into Syria, continued many years at war with his brother. Now Hyrcanus lived all this while in peac"
B78-table1-row083,13,16,XVII,XVII,LITERAL,301,EXACT_NIESE_START,HIGH_CURRENT_TEXT_CORROBORATION,CORROBORATED_BY_CURRENT_LITERAL_NUMERAL,"XVII Defuncto enim patre, maior aristobolus magistratum ad regiam dignitatem transferre decreuit, primusque sibi diadema imposuit.",321,,,EXACT_MATCH,LOEB-13-Chapter-11-0,,B78-table1-row084,Latin/book-13.xml,latin-book13-num301,0,paragraph,latin-book13-num301,,"XVII Defuncto enim patre, maior aristobolus magistratum ad regiam dignitatem transferre decreuit, primusque sibi diadema imposuit.",Greek/book-13.xml,greek-book13-num301,0,paragraph,greek-book13-num301,,"Τελευτήσαντος γὰρ αὐτοῖς τοῦ πατρὸς ὁ πρεσβύτατος Ἀριστόβουλος τὴν ἀρχὴν εἰς βασιλείαν μεταθεῖναι δόξας, ἔκρινεν γὰρ οὕτω, διάδημα",English/book-13.xml,english-book13-num301,0,paragraph,english-book13-num301,,"NOW when their father Hyrcanus was dead, the eldest son Aristobulus, intending to change the government into a kingdom, for so he "
B78-table1-row084,13,17,XVIII,XVIII,LITERAL,320,EXACT_NIESE_START,HIGH_CURRENT_TEXT_CORROBORATION,CORROBORATED_BY_CURRENT_LITERAL_NUMERAL,"XVIII. Defuncto tamen aristobolo salomi uxor eius quae apud graecos alexandra nominatur, soluens fratres eos quos ligatos aristobo",322/323,,,EXACT_MATCH,LOEB-13-Chapter-12-0,,B78-table1-row085,Latin/book-13.xml,latin-book13-num320,0,paragraph,latin-book13-num320,,"XVIII. Defuncto tamen aristobolo salomi uxor eius quae apud graecos alexandra nominatur, soluens fratres eos quos ligatos aristobo",Greek/book-13.xml,greek-book13-num320,0,paragraph,greek-book13-num320,,"Τελευτήσαντος δὲ Ἀριστοβούλου Σαλίνα ἡ γυνὴ αὐτοῦ, λεγομένη δὲ ὑπὸ Ἑλλήνων Ἀλεξάνδρα, λύσασα τοὺς ἀδελφοὺς αὐτοῦ, δεδεμένους γὰρ α",English/book-13.xml,english-book13-num320,0,paragraph,english-book13-num320,,"WHEN Aristobulus was dead, his wife Salome, who, by the Greeks, was called Alexandra, let his brethren out of prison, (for Aristob"
B78-table1-row085,13,18,XVIIII,XVIIII,LITERAL,324,EXACT_NIESE_START,HIGH_CURRENT_TEXT_CORROBORATION,CORROBORATED_BY_CURRENT_LITERAL_NUMERAL,"XVIIII. Is enim dum principatum suum sicut et uidebatur utile disposuisset, expeditionem contra ptolomaidem egit pugnaque commissa",323,,,BAMBERG_ONLY,,,B78-table1-row086,Latin/book-13.xml,latin-book13-num324,0,paragraph,latin-book13-num324,,"XVIIII. Is enim dum principatum suum sicut et uidebatur utile disposuisset, expeditionem contra ptolomaidem egit pugnaque commissa",Greek/book-13.xml,greek-book13-num324,0,paragraph,greek-book13-num324,,"Καταστησάμενος δὲ τὴν ἀρχὴν ὃν ᾤετο συμφέρειν αὐτῷ τρόπον στρατεύει ἐπὶ Πτολεμαΐδα, τῇ δὲ μάχῃ κρατήσας ἐνέκλεισε τοὺς ἀνθρώπους ε",English/book-13.xml,english-book13-num324,0,paragraph,english-book13-num324,,"When Alexander Janneus had settled the government in the manner that he judged best, he made an expedition against Ptolemais; and "
B78-table1-row086,13,19,XXIII,XXIII,LITERAL,376,WITHIN_NIESE,HIGH_CURRENT_TEXT_CORROBORATION,CORROBORATED_BY_CURRENT_LITERAL_NUMERAL,"XXIII. Tunc ad demetrium eucrum destinauerunt ut eum auxiliatores rogarent,",326,,,BAMBERG_ONLY,,,B78-table1-row087,Latin/book-13.xml,latin-book13-num372,1313,anchor,b78-latin-B78-table1-row086,,"XXIII. Tunc ad demetrium eucrum destinauerunt ut eum auxiliatores rogarent,",Greek/book-13.xml,greek-book13-num372,1410,anchor,b78-greek-B78-table1-row086,,καὶ πρὸς Δημήτριον τὸν Ἄκαιρον ἔπεμψαν παρακαλοῦντες ἐπὶ συμμαχίαν.,English/book-13.xml,english-book13-num372,1835,anchor,b78-english-B78-table1-row086,,"They also sent to Demetrius Eucerus, and desired him to make a league of mutual defense with them."
B78-table1-row087,13,20,XXIIII,XXIIII,LITERAL,387,EXACT_NIESE_START,HIGH_CURRENT_TEXT_CORROBORATION,CORROBORATED_BY_CURRENT_LITERAL_NUMERAL,XXIIII Post uero antiochus frater eius qui nuncupabatur liber pater uindicans principatum ad damascum peruenit ibique regnauit. Cu,327,,,EXACT_MATCH,LOEB-13-Chapter-15-0,,B78-table1-row088,Latin/book-13.xml,latin-book13-num387,0,paragraph,latin-book13-num387,,XXIIII Post uero antiochus frater eius qui nuncupabatur liber pater uindicans principatum ad damascum peruenit ibique regnauit. Cu,Greek/book-13.xml,greek-book13-num387,0,paragraph,greek-book13-num387,,"Ἔπειτα Ἀντίοχος ὁ κληθεὶς Διόνυσος ἀδελφὸς ὢν Φιλίππου, τῆς ἀρχῆς ἀντιποιούμενος εἰς Δαμασκὸν παραγίνεται, καὶ τῶν ἐκεῖ πραγμάτων ",English/book-13.xml,english-book13-num387,0,paragraph,english-book13-num387,,"AFTER this, Antiochus, who was called Dionysus, and was Philip's brother, aspired to the dominion, and carne to Damascus, and got "
B78-table1-row088,13,21,XXV,XXV,LITERAL,407,EXACT_NIESE_START,HIGH_CURRENT_TEXT_CORROBORATION,CORROBORATED_BY_CURRENT_LITERAL_NUMERAL,"XXV. "" Alexander autem liberos relinquens hyrcanum et aristobolum uxori alexandre regnum tradidit ex filiis tamen eius alter hyrca",328,,,BAMBERG_ONLY,,,BOOK_END,Latin/book-13.xml,latin-book13-num405,515,anchor,b78-latin-B78-table1-row088,,"XXV. "" Alexander autem liberos relinquens hyrcanum et aristobolum uxori alexandre regnum tradidit ex filiis tamen eius alter hyrca",Greek/book-13.xml,greek-book13-num405,524,element-edge,greek-book13-num405,num[3],"δύο μέντοι γε υἱοὺς Ἀλέξανδρος κατέλιπεν Ὑρκανὸν καὶ Ἀριστόβουλον, τὴν δὲ βασιλείαν εἰς τὴν Ἀλεξάνδραν διέθετο. τῶν δὲ παίδων Ὑρκα",English/book-13.xml,english-book13-num405,660,anchor,b78-english-B78-table1-row088,,"Alexander left behind him two sons, Hyrcanus and Aristobulus, but committed the kingdom to Alexandra. Now, as to these two sons, H"
B78-table1-row090,14,1,[I],[I],SUPPLIED,1,EXACT_NIESE_START,HUMAN_AUDITED_BOOK_OPENING,BOOK_OPENING_INFERRED_FROM_AUDIT_AND_CURRENT_TEXT,"Alexandrae reginae morte in superiore uolumine demonstrata sequentia referamus, nihil aliud festinantes, nisi minime quicquam dige",332,,,EXACT_MATCH,LOEB-14-Chapter-1-0,,B78-table1-row091,Latin/book-14.xml,latin-book14-num1,0,paragraph,latin-book14-num1,,"Alexandrae reginae morte in superiore uolumine demonstrata sequentia referamus, nihil aliud festinantes, nisi minime quicquam dige",Greek/book-14.xml,greek-book14-num1,0,paragraph,greek-book14-num1,,περιέχει ἡ βίβλος χρόνον ἐτῶν λβ. Τῶν δὲ περὶ Ἀλεξάνδραν τὴν βασίλισσαν καὶ τὸν θάνατον αὐτῆς ἐν τῇ πρὸ ταύτης ἡμῖν βίβλῳ δεδηλωμέ,English/book-14.xml,english-book14-num1,0,paragraph,english-book14-num1,,"WE have related the affairs of queen Alexandra, and her death, in the foregoing book and will now speak of what followed, and was "
B78-table1-row091,14,2,II,II,LITERAL,8,EXACT_NIESE_START,HIGH_CURRENT_TEXT_CORROBORATION,CORROBORATED_BY_CURRENT_LITERAL_NUMERAL,"II Amicus igitur quidem hyrcani genere idumeus antipater dictus, multas possidens pecunias et uir efficax aristobolo suspectus hab",332,,,BAMBERG_ONLY,,,B78-table1-row092,Latin/book-14.xml,latin-book14-num8,0,paragraph,latin-book14-num8,,"II Amicus igitur quidem hyrcani genere idumeus antipater dictus, multas possidens pecunias et uir efficax aristobolo suspectus hab",Greek/book-14.xml,greek-book14-num8,0,paragraph,greek-book14-num8,,"Φίλος δέ τις Ὑρκανοῦ Ἰδουμαῖος Ἀντίπατρος λεγόμενος, πολλῶν μὲν εὐπόρει χρημάτων, δραστήριος δὲ ὢν τὴν φύσιν καὶ στασιαστὴς ἀλλοτρ",English/book-14.xml,english-book14-num8,0,paragraph,english-book14-num8,,"But there was a certain friend of Hyrcanus, an Idumean, called Antipater, who was very rich, and in his nature an active and a sed"
B78-table1-row092,14,3,[III],[III],SUPPLIED,17,EXACT_NIESE_START,HUMAN_EXACT_START_CHECKED_NIESE_PARALLEL_TEXT_VERIFIED,HUMAN_CHECKED_EXACT_START,Antipater autem dum multum amicus regis esset,333," 333, col. B", (None visible: A in Antipater is enlarged littera notabilior),BAMBERG_ONLY,,,B78-table1-row093,Latin/book-14.xml,latin-book14-num14,698,anchor,b78-latin-B78-table1-row092,,"Antipater autem dum multum amicus regis esset et rogaret eum ut hyrcanum ad iudaeam deduceret, et hoc singulis diebus sine ulla in",Greek/book-14.xml,greek-book14-num14,787,element-edge,greek-book14-num14,num[4],"μάλιστα δὲ ὢν φίλος τῷ βασιλεῖ κατάγειν τὸν Ὑρκανὸν εἰς τὴν Ἰουδαίαν παρεκάλει: καὶ τοῦθ᾽ ἑκάστης ἡμέρας ποιῶν καὶ οὐκ ἀνιείς, ἀλλ",English/book-14.xml,english-book14-num14,1037,anchor,b78-english-B78-table1-row092,,"and as he was a very familiar friend of that king, he persuaded him to bring back Hyrcanus into Judea, and this persuasion he cont"
B78-table1-row093,14,4,IIII,IIII,LITERAL,29,EXACT_NIESE_START,HIGH_CURRENT_TEXT_CORROBORATION,CORROBORATED_BY_CURRENT_LITERAL_NUMERAL,"IIII Interea scaurum pompeius, dum in armoena adhuc tygranem ipse debellaret ad syriam destinauit. Qui cum ad damascum uenisset, e",334,,,BAMBERG_ONLY,,,B78-table1-row094,Latin/book-14.xml,latin-book14-num29,0,paragraph,latin-book14-num29,,"IIII Interea scaurum pompeius, dum in armoena adhuc tygranem ipse debellaret ad syriam destinauit. Qui cum ad damascum uenisset, e",Greek/book-14.xml,greek-book14-num29,0,paragraph,greek-book14-num29,,Ἐν τούτῳ πέμπει Σκαῦρον εἰς Συρίαν Πομπήιος αὐτὸς ὢν ἐν Ἀρμενίᾳ καὶ πολεμῶν ἔτι Τιγράνῃ. ὁ δὲ ἀφικόμενος εἰς Δαμασκὸν Λόλλιον καὶ ,English/book-14.xml,english-book14-num29,0,paragraph,english-book14-num29,,"In the mean time Pompey sent Scaurus into Syria, while he was himself in Armenia, and making war with Tigranes; but when Scaurus w"
B78-table1-row094,14,5,V,V,LITERAL,38,EXACT_NIESE_START,HIGH_CURRENT_TEXT_CORROBORATION,CORROBORATED_BY_CURRENT_LITERAL_NUMERAL,V Cumque iussisset pompeius certantes ad damascum uenire instante tempore ueris. Congregans pompeius apamenum exercitum de locis h,334,,,BAMBERG_ONLY,,,B78-table1-row095,Latin/book-14.xml,latin-book14-num37,223,element-edge,latin-book14-num37,add[2],V Cumque iussisset pompeius certantes ad damascum uenire instante tempore ueris. Congregans pompeius apamenum exercitum de locis h,Greek/book-14.xml,greek-book14-num37,293,element-edge,greek-book14-num37,num[2],κελεύσας δὲ ἥκειν τοὺς διαμφισβητοῦντας ἐνισταμένου τοῦ ἔαρος ἀναλαβὼν τὴν δύναμιν ἐκ τῶν χειμαδίων ὥρμησεν ἐπὶ τῆς Δαμασκηνῆς. κα,English/book-14.xml,english-book14-num37,340,anchor,b78-english-B78-table1-row094,,"And when Pompey had ordered those that had controversies one with another to come to him in the beginning of the spring, he brough"
B78-table1-row095,14,6,VI,VI,LITERAL,47,EXACT_NIESE_START,HIGH_CURRENT_TEXT_CORROBORATION,CORROBORATED_BY_CURRENT_LITERAL_NUMERAL,"VI Aristobolus enim a pompeio regressus nec aliquid eorum quae ille monuerat curans in delon ciuitatem peruenit, ex inde iudaeam p",335,,,BAMBERG_ONLY,,,B78-table1-row096,Latin/book-14.xml,,0,element-edge,latin-book14-chapter1,p[11],"VI Aristobolus enim a pompeio regressus nec aliquid eorum quae ille monuerat curans in delon ciuitatem peruenit, ex inde iudaeam p",Greek/book-14.xml,greek-book14-num46,312,element-edge,greek-book14-num46,num[2],ἔτυχεν μέντοι τοῦτο ἐξ Ἀριστοβούλου γενόμενον: οὐ γὰρ ἀναμείνας οὐδὲν ὧν διελέχθη πρὸς αὐτὸν ὁ Πομπήιος εἰς Δειλον πόλιν ἦλθεν κἀκ,English/book-14.xml,english-book14-num46,457,anchor,b78-english-B78-table1-row095,,"which yet Aristobulus did; for without expecting any further determination, which Pompey had promised them, he went to the city De"
B78-table1-row096,14,7,[VII],[VII],SUPPLIED,52,WITHIN_NIESE,HUMAN_EXACT_START_CHECKED_NIESE_PARALLEL_TEXT_VERIFIED,HUMAN_CHECKED_EXACT_START,Discedens autem ad ierosolimam bellum parauit,335," 335, col. B", (None visible: D in Discedens is enlarged littera notabilior),BAMBERG_ONLY,,,B78-table1-row097,Latin/book-14.xml,latin-book14-num48,894,anchor,b78-latin-B78-table1-row096,,Discedens autem ad ierosolimam bellum parauit. Interiecto uero tempore pompeio exercitum contra eum ducente quidam ex ponto uenien,Greek/book-14.xml,greek-book14-num48,1080,anchor,b78-greek-B78-table1-row096,,δυσανασχετῶν δ᾽ ἀνεχώρησεν εἰς Ἱεροσόλυμα καὶ ἐν παρασκευῇ τοῦ πολεμεῖν ἐγίνετο. καὶ μετ᾽ οὐ πολὺ Πομπηίῳ στρατιὰν ἐπ᾽ αὐτὸν ἄγοντ,English/book-14.xml,english-book14-num48,1543,anchor,b78-english-B78-table1-row096,,"but still he retired in displeasure to Jerusalem, and made preparation for war. A little after this, certain persons came out of P"
B78-table1-row097,14,8,[VIII],[VIII],SUPPLIED,57,EXACT_NIESE_START,HUMAN_EXACT_START_CHECKED_NIESE_PARALLEL_TEXT_VERIFIED,HUMAN_CHECKED_EXACT_START,"Qua propter pompeius iratus, aristobolum",335," 335, col. B", (None visible: Q in Qua is enlarged littera notabilior),BAMBERG_ONLY,,,B78-table1-row098,Latin/book-14.xml,latin-book14-num54,572,anchor,b78-latin-B78-table1-row097,,"Qua propter pompeius iratus, aristobolum reclusit in carcerem, et ad ciuitatem peruenit undique munitissimam praeter septentrional",Greek/book-14.xml,greek-book14-num54,662,element-edge,greek-book14-num54,num[4],"ὀργὴ δ᾽ ἐπὶ τούτοις Πομπήιον λαμβάνει, καὶ τὸν Ἀριστόβουλον ἐν φυλακῇ καταστήσας αὐτὸς ἐπὶ τὴν πόλιν ἔρχεται τὰ μὲν ἄλλα πάντα οὖσ",English/book-14.xml,english-book14-num54,832,anchor,b78-english-B78-table1-row097,,"At this Pompey was very angry, and put Aristobulus into prison, and came himself to the city, which was strong on every side, exce"
B78-table1-row098,14,9,VIIII,VIIII,LITERAL,72,WITHIN_NIESE,HUMAN_EXACT_START_CHECKED_NIESE_PARALLEL_TEXT_VERIFIED,HUMAN_CHECKED_EXACT_START,Quas pompeius paenitus contingere noluit propter,336," 336, col. B"," VIIII, inline after ""talenta""",BAMBERG_ONLY,,,B78-table1-row099,Latin/book-14.xml,,0,element-edge,latin-book14-chapter1,p[17],Quas pompeius paenitus contingere noluit propter pietatem etiam hoc dignum sua uirtute fecit. Cumque in posterum ministris templi ,Greek/book-14.xml,greek-book14-num69,1128,anchor,b78-greek-B78-table1-row098,,"οὐδενὸς ἥψατο δι᾽ εὐσέβειαν, ἀλλὰ κἀν τούτῳ ἀξίως ἔπραξεν τῆς περὶ αὐτὸν ἀρετῆς. τῇ τε ὑστεραίᾳ καθαίρειν παραγγείλας τὸ ἱερὸν τοῖ",English/book-14.xml,english-book14-num69,1386,anchor,b78-english-B78-table1-row098,,"yet did Pompey touch nothing of all this, on account of his regard to religion; and in this point also he acted in a manner that w"
B78-table1-row099,14,10,X,X,LITERAL,80,EXACT_NIESE_START,HIGH_CURRENT_TEXT_CORROBORATION,CORROBORATED_BY_CURRENT_LITERAL_NUMERAL,"X. Scaurus tamen contra petram arabiae cum exercitum produxisset, propter difficultatem ciuitatis, in circuitu terram deuastabat. ",337,,,EXACT_MATCH,LOEB-14-Chapter-5-0,,B78-table1-row100,Latin/book-14.xml,latin-book14-num80,0,paragraph,latin-book14-num80,,"X. Scaurus tamen contra petram arabiae cum exercitum produxisset, propter difficultatem ciuitatis, in circuitu terram deuastabat. ",Greek/book-14.xml,greek-book14-num80,0,paragraph,greek-book14-num80,,Σκαύρου δ᾽ ἐπὶ Πέτραν τῆς Ἀραβίας στρατεύσαντος καὶ διὰ τὸ δυσάλωτον εἶναι τὰ ἐν κύκλῳ δῃοῦντος αὐτῆς καὶ τοῦ στρατεύματος λιμήναν,English/book-14.xml,english-book14-num80,0,paragraph,english-book14-num80,,"SCAURUS made now an expedition against Petrea, in Arabia, and set on fire all the places round about it, because of the great diff"
B78-table1-row100,14,11,XI,XI,LITERAL,82,EXACT_NIESE_START,HIGH_CURRENT_TEXT_CORROBORATION,CORROBORATED_BY_CURRENT_LITERAL_NUMERAL,"XI Interiecto uero tempore cum alexander aristoboli filius iudaeam inuasisset, dux exercitus cabinius de roma ad syriam usque peru",337,,,BAMBERG_ONLY,,,B78-table1-row101,Latin/book-14.xml,latin-book14-num82,0,paragraph,latin-book14-num82,,"XI Interiecto uero tempore cum alexander aristoboli filius iudaeam inuasisset, dux exercitus cabinius de roma ad syriam usque peru",Greek/book-14.xml,greek-book14-num82,0,paragraph,greek-book14-num82,,"Χρόνῳ δ᾽ ὕστερον Ἀλεξάνδρου τὴν Ἰουδαίαν κατατρέχοντος τοῦ Ἀριστοβούλου παιδὸς Γαβίνιος ἐκ Ῥώμης στρατηγὸς εἰς Συρίαν ἧκεν, ὃς ἄλλ",English/book-14.xml,english-book14-num82,0,paragraph,english-book14-num82,,"Some time after this, when Alexander, the son of Aristobulus, made an incursion into Judea, Gabinius came from Rome into Syria, as"
B78-table1-row101,14,12,XII,XII,LITERAL,89,EXACT_NIESE_START,HIGH_CURRENT_TEXT_CORROBORATION,CORROBORATED_BY_CURRENT_LITERAL_NUMERAL,"XII Quaecumque pro prouinciam rediit in alexandrium castellum, ubi dum obsidionem statueret, legationem ad eum alexander destinaui",338,,,BAMBERG_ONLY,,,B78-table1-row102,Latin/book-14.xml,latin-book14-num89,0,paragraph,latin-book14-num89,,"XII Quaecumque pro prouinciam rediit in alexandrium castellum, ubi dum obsidionem statueret, legationem ad eum alexander destinaui",Greek/book-14.xml,greek-book14-num89,0,paragraph,greek-book14-num89,,"Ταῦτα δὲ διαπραξάμενος κατὰ τὴν χώραν ἐπάνεισιν ἐπὶ τὸ Ἀλεξάνδρειον, καὶ τὴν πολιορκίαν αὐτοῦ κρατύνοντος διαπρεσβεύεται πρὸς αὐτὸ",English/book-14.xml,english-book14-num89,0,paragraph,english-book14-num89,,"When Gabinius had done thus in the country, he returned to Alexandrium; and when he urged on the siege of the place, Alexander sen"
B78-table1-row102,14,13,XIII,XIII,LITERAL,92,EXACT_NIESE_START,HIGH_CURRENT_TEXT_CORROBORATION,CORROBORATED_BY_CURRENT_LITERAL_NUMERAL,"XIII Sed cum aristobolus roma ad iudaeam confugisset, et alexandrium quod nuper dirutum fuerat renouare desideraret. Gauinius, mil",338 ,,,EXACT_MATCH,LOEB-14-Chapter-6-0,,B78-table1-row103,Latin/book-14.xml,latin-book14-num92,0,paragraph,latin-book14-num92,,"XIII Sed cum aristobolus roma ad iudaeam confugisset, et alexandrium quod nuper dirutum fuerat renouare desideraret. Gauinius, mil",Greek/book-14.xml,greek-book14-num92,0,paragraph,greek-book14-num92,,"Ἀριστοβούλου δὲ διαδράντος ἐκ Ῥώμης εἰς τὴν Ἰουδαίαν καὶ τὸ Ἀλεξάνδρειον, ὅπερ ἦν νεωστὶ κατεσκαμμένον, ἀνακτίζειν προαιρουμένου, ",English/book-14.xml,english-book14-num92,0,paragraph,english-book14-num92,,"NOW Aristobulus ran away from Rome to Judea, and set about the rebuilding of Alexandrium, which had been newly demolished. Hereupo"
B78-table1-row103,14,14,XIIII,XIIII,LITERAL,105,EXACT_NIESE_START,HIGH_CURRENT_TEXT_CORROBORATION,CORROBORATED_BY_CURRENT_LITERAL_NUMERAL,"XIIII Crassus autem cum contra parthorum militiam produceret ad iudaeam peruenit, et pecunias peruenit templi quas pompeius non te",339,,,EXACT_MATCH,LOEB-14-Chapter-7-0,,B78-table1-row104,Latin/book-14.xml,latin-book14-num105,0,paragraph,latin-book14-num105,,"XIIII Crassus autem cum contra parthorum militiam produceret ad iudaeam peruenit, et pecunias peruenit templi quas pompeius non te",Greek/book-14.xml,greek-book14-num105,0,paragraph,greek-book14-num105,,"Κράσσος δὲ ἐπὶ Πάρθους μέλλων στρατεύειν ἧκεν εἰς τὴν Ἰουδαίαν καὶ τὰ ἐν τῷ ἱερῷ χρήματα, ἃ Πομπήιος καταλελοίπει, δισχίλια δ᾽ ἦν ",English/book-14.xml,english-book14-num105,0,paragraph,english-book14-num105,,"Now Crassus, as he was going upon his expedition against the Parthians, came into Judea, and carried off the money that was in the"
B78-table1-row104,14,15,XV,XV,LITERAL,123,EXACT_NIESE_START,HIGH_CURRENT_TEXT_CORROBORATION,CORROBORATED_BY_CURRENT_LITERAL_NUMERAL,"XV Interiecto uero tempore cum caesar romam teneret, post pomepi uel senatus fugam soluens a uinculis aristobolum ad syriam transm",340,,,BAMBERG_ONLY,,,B78-table1-row105,Latin/book-14.xml,latin-book14-num123,0,paragraph,latin-book14-num123,,"XV Interiecto uero tempore cum caesar romam teneret, post pomepi uel senatus fugam soluens a uinculis aristobolum ad syriam transm",Greek/book-14.xml,greek-book14-num123,0,paragraph,greek-book14-num123,,Χρόνῳ δ᾽ ὕστερον Καῖσαρ κατασχὼν Ῥώμην μετὰ τὸ Πομπήιον καὶ τὴν σύγκλητον φυγεῖν πέραν τοῦ Ἰονίου παραλύσας τῶν δεσμῶν Ἀριστόβουλο,English/book-14.xml,english-book14-num123,0,paragraph,english-book14-num123,,"But some time afterward Cesar, when he had taken Rome, and after Pompey and the senate were fled beyond the Ionian Sea, freed Aris"
B78-table1-row105,14,16,XVI,XVI,LITERAL,125,EXACT_NIESE_START,HIGH_CURRENT_TEXT_CORROBORATION,CORROBORATED_BY_CURRENT_LITERAL_NUMERAL,"XVI Scipio autem mandat pompeio alexandrum aristoboli filium occidendum, dum culparet eum de his quae prius contra romanos egisset",340,,,BAMBERG_ONLY,,,B78-table1-row106,Latin/book-14.xml,latin-book14-num123,475,element-edge,latin-book14-num123,add[2],"XVI Scipio autem mandat pompeio alexandrum aristoboli filium occidendum, dum culparet eum de his quae prius contra romanos egisset",Greek/book-14.xml,greek-book14-num123,598,element-edge,greek-book14-num123,num[3],Σκιπίων δ᾽ ἐπιστείλαντος αὐτῷ Πομπηίου ἀποκτεῖναι Ἀλέξανδρον τὸν Ἀριστοβούλου αἰτιασάμενος τὸν νεανίσκον ἐπὶ τοῖς τὸ πρῶτον εἰς Ῥω,English/book-14.xml,english-book14-num123,660,anchor,b78-english-B78-table1-row105,,"But Scipio, upon Pompey's sending to him to slay Alexander, the son of Aristobulus, because the young man was accused of what offe"
B78-table1-row106,14,17,XVII,XVII,LITERAL,127,EXACT_NIESE_START,HIGH_CURRENT_TEXT_CORROBORATION,CORROBORATED_BY_CURRENT_LITERAL_NUMERAL,"XVII Post mortem uero pompei, dum caesar contra aegyptum pugnaret, antipater iudaeorum potentis simus mandatis hyrcano obodiens, m",340,,,EXACT_MATCH,LOEB-14-Chapter-8-0,,B78-table1-row107,Latin/book-14.xml,latin-book14-num127,0,paragraph,latin-book14-num127,,"XVII Post mortem uero pompei, dum caesar contra aegyptum pugnaret, antipater iudaeorum potentis simus mandatis hyrcano obodiens, m",Greek/book-14.xml,greek-book14-num127,0,paragraph,greek-book14-num127,,Μετὰ δὲ τὸν Πομπηίου θάνατον καὶ τὴν νίκην τὴν ἐπ᾽ αὐτῷ Καίσαρι πολεμοῦντι κατ᾽ Αἴγυπτον πολλὰ χρήσιμον αὑτὸν παρέσχεν Ἀντίπατρος ,English/book-14.xml,english-book14-num127,0,paragraph,english-book14-num127,,"NOW after Pompey was dead, and after that victory Caesar had gained over him, Antipater, who managed the Jewish affairs, became ve"
B78-table1-row107,14,18,XVIII,XVIII,LITERAL,136,EXACT_NIESE_START,HIGH_CURRENT_TEXT_CORROBORATION,CORROBORATED_BY_CURRENT_LITERAL_NUMERAL,"XVIII Sed cum mitridatis caesari demandasset uictoriam simul et salutem qua per antipatrum meruisset, antipatrum quidem tantum dil",341,,,BAMBERG_ONLY,,,B78-table1-row108,Latin/book-14.xml,latin-book14-num133,578,element-edge,latin-book14-num133,add[1],"XVIII Sed cum mitridatis caesari demandasset uictoriam simul et salutem qua per antipatrum meruisset, antipatrum quidem tantum dil",Greek/book-14.xml,greek-book14-num133,644,element-edge,greek-book14-num133,num[4],"Μιθριδάτης δὲ περὶ τούτων ἐπιστέλλει Καίσαρι τῆς τε νίκης αὐτοῖς ἅμα καὶ τῆς σωτηρίας αἴτιον τὸν Ἀντίπατρον ἀποφαίνων, ὥστε τὸν Κα",English/book-14.xml,english-book14-num133,762,anchor,b78-english-B78-table1-row107,,"So Mithridates sent an account of this battle to Caesar, and openly declared that Antipater was the author of this victory, and of"
B78-table1-row108,14,19,XVIIII,XVIIII,LITERAL,143,EXACT_NIESE_START,HIGH_CURRENT_TEXT_CORROBORATION,CORROBORATED_BY_CURRENT_LITERAL_NUMERAL,"XVIIII Cum haec antipater uerba fecisset, caesar hyrcanum quidem principem sacerdotum ordinauit. Antipatro uero potestatem donauit",341,,,BAMBERG_ONLY,,,B78-table1-row109,Latin/book-14.xml,latin-book14-num143,0,paragraph,latin-book14-num143,,"XVIIII Cum haec antipater uerba fecisset, caesar hyrcanum quidem principem sacerdotum ordinauit. Antipatro uero potestatem donauit",Greek/book-14.xml,greek-book14-num143,0,paragraph,greek-book14-num143,,"Τούτους Ἀντιπάτρου ποιησαμένου τοὺς λόγους Καῖσαρ Ὑρκανὸν μὲν ἀποδείκνυσιν ἀρχιερέα, Ἀντιπάτρῳ δ᾽ ἐφίησιν δυναστείαν ἣν αὐτὸς προα",English/book-14.xml,english-book14-num143,0,paragraph,english-book14-num143,,"When Antipater had made this speech, Caesar appointed Hyrcauus to be high priest, and gave Antipater what principality he himself "
B78-table1-row109,14,20,XX,XX,LITERAL,158,EXACT_NIESE_START,HIGH_CURRENT_TEXT_CORROBORATION,CORROBORATED_BY_CURRENT_LITERAL_NUMERAL,"XX Sed cum tardum et segnem hyrcanum uidisset, priorem filium suum ducem in hierosolimis ordinauit, secundum uero herodem galileae",342,,,BAMBERG_ONLY,,,B78-table1-row110,Latin/book-14.xml,latin-book14-num158,0,paragraph,latin-book14-num158,,"XX Sed cum tardum et segnem hyrcanum uidisset, priorem filium suum ducem in hierosolimis ordinauit, secundum uero herodem galileae",Greek/book-14.xml,greek-book14-num158,0,paragraph,greek-book14-num158,,"Βραδὺν δ᾽ ὁρῶν καὶ νωθῆ τὸν Ὑρκανὸν Φασάηλον μὲν τὸν πρεσβύτατον τῶν παίδων Ἱεροσολύμων καὶ τῶν πέριξ στρατηγὸν ἀποδείκνυσιν, τῷ δ",English/book-14.xml,english-book14-num158,0,paragraph,english-book14-num158,,"And seeing that Hyrcanus was of a slow and slothful temper, he made Phasaelus, his eldest son, governor of Jerusalem, and of the p"
B78-table1-row110,14,21,XXI,XXI,LITERAL,180,EXACT_NIESE_START,HIGH_CURRENT_TEXT_CORROBORATION,CORROBORATED_BY_CURRENT_LITERAL_NUMERAL,"XXI Sed cum sextus herodem ducem inferioris syriae ordinasset, nam hoc eis pecuniis uendidit, hyrcanus timebat eum nequando contra",343,,,BAMBERG_ONLY,,,B78-table1-row111,Latin/book-14.xml,latin-book14-num177,506,element-edge,latin-book14-num177,add[1],"XXI Sed cum sextus herodem ducem inferioris syriae ordinasset, nam hoc eis pecuniis uendidit, hyrcanus timebat eum nequando contra",Greek/book-14.xml,greek-book14-num177,606,element-edge,greek-book14-num177,num[4],"Σέξστου δὲ ποιήσαντος Ἡρώδην στρατηγὸν κοίλης Συρίας, χρημάτων γὰρ αὐτῷ τοῦτο ἀπέδοτο, Ὑρκανὸς ἦν ἐν φόβῳ, μὴ στρατεύσηται Ἡρώδης ",English/book-14.xml,english-book14-num177,838,anchor,b78-english-B78-table1-row110,,"But when Sextus had made Herod general of the army of Celesyria, for he sold him that post for money, Hyrcanus was in fear lest He"
B78-table1-row111,14,22,XXII,XXII,LITERAL,271,EXACT_NIESE_START,HIGH_CURRENT_TEXT_CORROBORATION,CORROBORATED_BY_CURRENT_LITERAL_NUMERAL,XXII Post caesaris autem internetionem cum bello ss conflatum fuisset principibus romanorum omnibus pro exercitu congregando dispe,348,,,BAMBERG_ONLY,,,B78-table1-row112,Latin/book-14.xml,latin-book14-num271,0,paragraph,latin-book14-num271,,XXII Post caesaris autem internetionem cum bello ss conflatum fuisset principibus romanorum omnibus pro exercitu congregando dispe,Greek/book-14.xml,greek-book14-num271,0,paragraph,greek-book14-num271,,"Τοῦ δ᾽ ἐπὶ τῷ Καίσαρος θανάτῳ πολέμου συνερρωγότος καὶ τῶν ἐν τέλει πάντων ἐπὶ στρατιᾶς συλλογὴν ἄλλου ἄλλῃ διεσπαρμένων, ἀφικνεῖτ",English/book-14.xml,english-book14-num271,0,paragraph,english-book14-num271,,"As the war that arose upon the death of Caesar was now begun, and the principal men were all gone, some one way, and some another,"
B78-table1-row112,14,23,XXIIII,XXIIII,LITERAL,324,EXACT_NIESE_START,HIGH_CURRENT_TEXT_CORROBORATION,CORROBORATED_BY_CURRENT_LITERAL_NUMERAL,"XXIIII ss Post haec autem dum antonius ad syriam pergeret cleopatra ei per ciliciam obuiauit, et amore suo detinuit, ubi iterum ce",352,,,EXACT_MATCH,LOEB-14-Chapter-13-0,,B78-table1-row113,Latin/book-14.xml,latin-book14-num324,0,paragraph,latin-book14-num324,,"XXIIII ss Post haec autem dum antonius ad syriam pergeret cleopatra ei per ciliciam obuiauit, et amore suo detinuit, ubi iterum ce",Greek/book-14.xml,greek-book14-num324,0,paragraph,greek-book14-num324,,Μετὰ δὲ ταῦτα εἰς Συρίαν Ἀντωνίου παραγενομένου Κλεοπάτρα περὶ Κιλικίαν ἐντυχοῦσα δι᾽ ἔρωτος αὐτὸν ἐκεχείρωτο. καὶ δὴ πάλιν Ἰουδαί,English/book-14.xml,english-book14-num324,0,paragraph,english-book14-num324,,"WHEN after this Antony came into Syria, Cleopatra met him in Cilicia, and brought him to fall in love with her. And there came now"
B78-table1-row113,14,24,XXV,XXV,LITERAL,331,EXACT_NIESE_START,HIGH_CURRENT_TEXT_CORROBORATION,CORROBORATED_BY_CURRENT_LITERAL_NUMERAL,"XXV Antigonus autem promittit mille talenta et quingentas mulieres parthis offerre, si hyrcanum principatu priuarent et ipsi trade",352,,,BAMBERG_ONLY,,,B78-table1-row114,Latin/book-14.xml,latin-book14-num330,298,element-edge,latin-book14-num330,add[1],"XXV Antigonus autem promittit mille talenta et quingentas mulieres parthis offerre, si hyrcanum principatu priuarent et ipsi trade",Greek/book-14.xml,greek-book14-num330,300,element-edge,greek-book14-num330,num[2],"Ἀντίγονος δ᾽ ὑπισχνεῖτο χίλια τάλαντα καὶ πεντακοσίας γυναῖκας δώσειν Πάρθοις, εἰ τὴν ἀρχὴν Ὑρκανὸν ἀφελόμενοι παραδώσουσιν αὐτῷ κ",English/book-14.xml,english-book14-num330,389,anchor,b78-english-B78-table1-row113,,"Now Antigonus had promised to give the Parthians a thousand talents, and five hundred women, upon condition they would take the go"
B78-table1-row114,14,25,XXVI,XXVI,LITERAL,381,EXACT_NIESE_START,HIGH_CURRENT_TEXT_CORROBORATION,CORROBORATED_BY_CURRENT_LITERAL_NUMERAL,"XXVI Antonius autem maritima mouertur pro herodis calamitatibus deflens, quod et in tali dignitate constitutis hominibus fortuna d",355/356	,,,BAMBERG_ONLY,,,B78-table1-row115,Latin/book-14.xml,latin-book14-num381,0,paragraph,latin-book14-num381,,"XXVI Antonius autem maritima mouertur pro herodis calamitatibus deflens, quod et in tali dignitate constitutis hominibus fortuna d",Greek/book-14.xml,greek-book14-num381,0,paragraph,greek-book14-num381,,"Ἀντώνιον δ᾽ οἶκτος εἰσέρχεται τῆς Ἡρώδου μεταβολῆς, καὶ τῷ κοινῷ χρησάμενος λογισμῷ περὶ τῶν ἐν ἀξιώματι τοσούτῳ καθεστώτων ὡς κἀκ",English/book-14.xml,english-book14-num381,0,paragraph,english-book14-num381,,This account made Antony commiserate the change that had happened in Herod's condition; and reasoning with himself that this was a
B78-table1-row115,14,26,XXVII,XXVII,LITERAL,394,EXACT_NIESE_START,HIGH_CURRENT_TEXT_CORROBORATION,CORROBORATED_BY_CURRENT_LITERAL_NUMERAL,XXVII Herodes autem ab italia cum ad ptolomaidam nauigio uenisset et congregasset non paruam expeditionem ex peregrinis simul et i,356	,,,EXACT_MATCH,LOEB-14-Chapter-15-0,,B78-table1-row116,Latin/book-14.xml,latin-book14-num394,0,paragraph,latin-book14-num394,,XXVII Herodes autem ab italia cum ad ptolomaidam nauigio uenisset et congregasset non paruam expeditionem ex peregrinis simul et i,Greek/book-14.xml,greek-book14-num394,0,paragraph,greek-book14-num394,,Ἡρώδης δ᾽ ἐκ τῆς Ἰταλίας ἤδη καταπεπλευκὼς εἰς Πτολεμαΐδα καὶ συναγηοχὼς δύναμιν οὐκ ὀλίγην ξένων τε ἅμα καὶ ὁμοφύλων ἤλαυνε διὰ τ,English/book-14.xml,english-book14-num394,0,paragraph,english-book14-num394,,"BY this time Herod had sailed out of Italy to Ptolemais, and had gotten together no small army, both of strangers and of his own c"
B78-table1-row116,14,27,[XXVIII?],[XXVIII?],SUPPLIED_UNCERTAIN,467,WITHIN_NIESE,HUMAN_EXACT_START_CHECKED_NIESE_PARALLEL_TEXT_VERIFIED,HUMAN_CHECKED_EXACT_START,Nam hanc sibi desponderat sicut et prius,361," 361, col. A", (None visible: N in Nam is enlarged littera notabilior),BAMBERG_ONLY,,,BOOK_END,Latin/book-14.xml,latin-book14-num465,524,anchor,b78-latin-B78-table1-row116,,Nam hanc sibi desponderat sicut et prius retulimus.,Greek/book-14.xml,greek-book14-num465,618,anchor,b78-greek-B78-table1-row116,,"ταύτην γὰρ ἦν ἐγγεγυημένος, ὥς μοι καὶ πρότερον εἴρηται.",English/book-14.xml,english-book14-num465,802,anchor,b78-english-B78-table1-row116,,"for he had betrothed her already, as I have before related."
B78-table1-row118,15,1,I,I,LITERAL,1,EXACT_NIESE_START,HIGH_CURRENT_TEXT_CORROBORATION,CORROBORATED_BY_CURRENT_LITERAL_NUMERAL,"I Sossius quidem et herodes qualiter ierosolima coeperunt, nec non et antigonum captiuum in superiore uolumine demonstrauimus. Seq",363,,,EXACT_MATCH,LOEB-15-Chapter-1-0,,B78-table1-row119,Latin/book-15.xml,latin-book15-num1,0,paragraph,latin-book15-num1,,"I Sossius quidem et herodes qualiter ierosolima coeperunt, nec non et antigonum captiuum in superiore uolumine demonstrauimus. Seq",Greek/book-15.xml,greek-book15-num1,34,anchor,trad-greek-LOEB-15-Chapter-1-0,,"Σόσσιος μὲν οὖν καὶ Ἡρώδης ὡς κατὰ κράτος ἔλαβον Ἱεροσόλυμα καὶ πρὸς τούτοις αἰχμάλωτον Ἀντίγονον, ἡ πρὸ ταύτης ἡμῖν ἐδήλωσεν βίβλ",English/book-15.xml,english-book15-num1,0,paragraph,english-book15-num1,,"HOW Sosius and Herod took Jerusalem by force; and besides that, how they took Antigonus captive, has been related by us in the for"
B78-table1-row119,15,2,II,II,LITERAL,11,EXACT_NIESE_START,HIGH_CURRENT_TEXT_CORROBORATION,CORROBORATED_BY_CURRENT_LITERAL_NUMERAL,"II. Cum uero herodem principatum tenuisse hyrcanus princeps sacerdotum audisset, qui captiuus apud parthos tenebatur, rediit ad he",363,,,EXACT_MATCH,LOEB-15-Chapter-2-0,,B78-table1-row120,Latin/book-15.xml,latin-book15-num11,0,paragraph,latin-book15-num11,,"II. Cum uero herodem principatum tenuisse hyrcanus princeps sacerdotum audisset, qui captiuus apud parthos tenebatur, rediit ad he",Greek/book-15.xml,greek-book15-num11,0,paragraph,greek-book15-num11,,"Κατασχόντος δὲ τὴν βασιλείαν Ἡρώδου πυθόμενος Ὑρκανὸς ὁ ἀρχιερεύς, ἦν δὲ παρὰ Πάρθοις αἰχμάλωτος, ἀφικνεῖται πρὸς Ἡρώδην τῆς αἰχμα",English/book-15.xml,english-book15-num11,0,paragraph,english-book15-num11,,"NOW after Herod was in possession of the kingdom, Hyrcanus the high priest, who was then a captive among the Parthians, came to hi"
B78-table1-row120,15,3,[III],[III],SUPPLIED,39,EXACT_NIESE_START,CURRENT_ENCODING_CORROBORATED_NOT_FACSIMILE_REINSPECTED,CORROBORATED_BY_CURRENT_CHAPTER_MARKER,"Itaque rex herodes statim principatu sacerdotii anandum praeter legem exuit, seditiones domesticas pacando, nam non licebat alique",365,,,EXACT_MATCH,LOEB-15-Chapter-3-0,,B78-table1-row121,Latin/book-15.xml,latin-book15-num39,0,paragraph,latin-book15-num39,,"Itaque rex herodes statim principatu sacerdotii anandum praeter legem exuit, seditiones domesticas pacando, nam non licebat alique",Greek/book-15.xml,greek-book15-num39,0,paragraph,greek-book15-num39,,"Ὁ δὲ βασιλεὺς Ἡρώδης εὐθὺς μὲν ἀφαιρεῖται τὴν ἀρχιερωσύνην Ἀνάνηλον ὄντα μέν, ὡς καὶ πρότερον εἴπομεν, οὐκ ἐπιχώριον, ἀλλὰ τῶν ὑπὲ",English/book-15.xml,english-book15-num39,0,paragraph,english-book15-num39,,"SO king Herod immediately took the high priesthood away from Ananelus, who, as we said before, was not of this country, but one of"
B78-table1-row121,15,4,[IIII],[IIII],SUPPLIED,88,EXACT_NIESE_START,CURRENT_ENCODING_CORROBORATED_NOT_FACSIMILE_REINSPECTED,CORROBORATED_BY_CURRENT_CHAPTER_MARKER,"Interea per syriam turba comouebatur, cleopatra non desistente antonium flectere, quatinus oppressis potentiam singulorum ablatam ",368,,,EXACT_MATCH,LOEB-15-Chapter-4-0,,B78-table1-row122,Latin/book-15.xml,latin-book15-num88,0,paragraph,latin-book15-num88,,"Interea per syriam turba comouebatur, cleopatra non desistente antonium flectere, quatinus oppressis potentiam singulorum ablatam ",Greek/book-15.xml,greek-book15-num88,0,paragraph,greek-book15-num88,,Ἐν δὲ τούτῳ καὶ τὰ περὶ τὴν Συρίαν ταραχὰς εἶχεν οὐκ ἀνιείσης τῆς Κλεοπάτρας τὸν Ἀντώνιον μὴ πᾶσιν ἐπιχειρεῖν: ἔπειθεν γὰρ ἀφαιρού,English/book-15.xml,english-book15-num88,0,paragraph,english-book15-num88,,NOW at this time the affairs of Syria were in confusion by Cleopatra's constant persuasions to Antony to make an attempt upon ever
B78-table1-row122,15,5,V,V,LITERAL,107,EXACT_NIESE_START,CURRENT_ENCODING_CORROBORATED_NOT_FACSIMILE_REINSPECTED,CORROBORATED_BY_CURRENT_CHAPTER_MARKER,"V Aretas autem cum herodes reditus eius conduxisset, tempore quidem aliquanto reddebat duo milia talenta. Post autem indeuotus ext",369,,,BAMBERG_ONLY,,,B78-table1-row123,Latin/book-15.xml,latin-book15-num106,139,element-edge,latin-book15-num106,milestone[1],"V Aretas autem cum herodes reditus eius conduxisset, tempore quidem aliquanto reddebat duo milia talenta. Post autem indeuotus ext",Greek/book-15.xml,greek-book15-num106,153,element-edge,greek-book15-num106,milestone[1],"ὁ δ᾽ Ἄραψ Ἡρώδου τὴν φορὰν ἐπιδεξαμένου χρόνον μέν τινα παρεῖχεν ἐκείνῳ τὰ διακόσια τάλαντα, μετὰ ταῦτα δὲ κακοήθης ἦν καὶ βραδὺς ",English/book-15.xml,english-book15-num106,212,element-edge,english-book15-num106,milestone[1],"As for the king of Arabia, whose tribute Herod had undertaken to pay her, for some time indeed he paid him as much as came to two "
B78-table1-row123,15,6,[VI],[VI],SUPPLIED,121,EXACT_NIESE_START,HIGH_CURRENT_TEXT_CORROBORATION,CORROBORATED_BY_CURRENT_LITERAL_NUMERAL,"VI Interea acciaco bello inter caesarem et antonium gesto septimo imperii anno herodis terra iudaeorum commota est, qualiter numqu",370,,,BAMBERG_ONLY,,,B78-table1-row124,Latin/book-15.xml,latin-book15-num121,0,paragraph,latin-book15-num121,,"VI Interea acciaco bello inter caesarem et antonium gesto septimo imperii anno herodis terra iudaeorum commota est, qualiter numqu",Greek/book-15.xml,greek-book15-num121,0,paragraph,greek-book15-num121,,Ἐν τούτῳ καὶ τῆς ἐπ᾽ Ἀκτίῳ μάχης συνεσταμένης Καίσαρι πρὸς Ἀντώνιον ἑβδόμου δ᾽ ὄντος Ἡρώδῃ τῆς βασιλείας ἔτους σεισθεῖσα ἡ γῆ τῶν ,English/book-15.xml,english-book15-num121,0,paragraph,english-book15-num121,,"At this time it was that the fight happened at Actium, between Octavius Caesar and Antony, in the seventh year of the reign of Her"
B78-table1-row124,15,7,VII,VII,LITERAL,126,EXACT_NIESE_START,CURRENT_ENCODING_CORROBORATED_NOT_FACSIMILE_REINSPECTED,CORROBORATED_BY_CURRENT_CHAPTER_MARKER,VII Quos ita dispositos rex flectere sermone temptauit ut recuperaret eis antiquum alacritatis animum et exhortatur aliquos optima,370,,,BAMBERG_ONLY,,,B78-table1-row125,Latin/book-15.xml,latin-book15-num121,824,element-edge,latin-book15-num121,milestone[2],VII Quos ita dispositos rex flectere sermone temptauit ut recuperaret eis antiquum alacritatis animum et exhortatur aliquos optima,Greek/book-15.xml,greek-book15-num121,1077,element-edge,greek-book15-num121,milestone[2],οὕτως οὖν ἐχόντων ἐπῆγεν ὁ βασιλεὺς λόγῳ τε πείθων τοὺς ἡγεμόνας καὶ πειρώμενος ἀναλαμβάνειν αὐτῶν πεπτωκότα τὰ φρονήματα. προδιακ,English/book-15.xml,english-book15-num121,1326,element-edge,english-book15-num121,milestone[2],"When matters were in this condition, the king persuaded the commanders by his words, and tried to raise their spirits, which were "
B78-table1-row125,15,8,VIII,VIII,LITERAL,161,EXACT_NIESE_START,HIGH_CURRENT_TEXT_CORROBORATION,CORROBORATED_BY_CURRENT_LITERAL_NUMERAL,"VIII Igitur licet optime per bellum herodes res suas disposuisset, tamen in periculum incidit, siquidem prore publica decertans, a",372,,,EXACT_MATCH,LOEB-15-Chapter-6-0,,B78-table1-row126,Latin/book-15.xml,latin-book15-num161,0,paragraph,latin-book15-num161,,"VIII Igitur licet optime per bellum herodes res suas disposuisset, tamen in periculum incidit, siquidem prore publica decertans, a",Greek/book-15.xml,greek-book15-num161,0,paragraph,greek-book15-num161,,"Τὰ μὲν οὖν ἄλλα καλῶς εἶχεν αὐτῷ δυσεπιχειρήτῳ κατὰ πάντα γεγενημένῳ, κίνδυνος δ᾽ ἐμπίπτει τὴν ὑπὲρ τῶν ὅλων κρίσιν ἐξάγων Ἀντώνιο",English/book-15.xml,english-book15-num161,0,paragraph,english-book15-num161,,"HEROD'S other affairs were now very prosperous, and he was not to be easily assaulted on any side. Yet did there come upon him a d"
B78-table1-row126,15,9,VIIII,VIIII,LITERAL,194,EXACT_NIESE_START,HIGH_CURRENT_TEXT_CORROBORATION,CORROBORATED_BY_CURRENT_LITERAL_NUMERAL,"VIIII Cum haec dixisset et omnibus suae animae libertatem ostendisset, non mediocriter caesaris libertatem uel indulgentiam meruit",374,,,BAMBERG_ONLY,,,B78-table1-row127,Latin/book-15.xml,latin-book15-num194,0,paragraph,latin-book15-num194,,"VIIII Cum haec dixisset et omnibus suae animae libertatem ostendisset, non mediocriter caesaris libertatem uel indulgentiam meruit",Greek/book-15.xml,greek-book15-num194,0,paragraph,greek-book15-num194,,"Τοιαῦτα λέγων καὶ παράπαν ἐμφαίνων τὸ τῆς ψυχῆς ἐλευθέριον οὐ μετρίως ἐπεσπᾶτο τὸν Καίσαρα φιλότιμον ὄντα καὶ λαμπρόν, ὥστ᾽ αὐτῷ τ",English/book-15.xml,english-book15-num194,0,paragraph,english-book15-num194,,"By this speech, and by his behavior, which showed Caesar the frankness of his mind, he greatly gained upon him, who was himself of"
B78-table1-row127,15,10,[X],[X],SUPPLIED,217,WITHIN_NIESE,CURRENT_ENCODING_CORROBORATED_NOT_FACSIMILE_REINSPECTED,CORROBORATED_BY_CURRENT_CHAPTER_MARKER,"Herodes uero cum in aegyptum peruenisset, caesari cum ampliori fiducia sermonem inseruit tamquam iam amicus, siquidem de satelliti",376,,,BAMBERG_ONLY,,,B78-table1-row128,Latin/book-15.xml,latin-book15-num213,773,element-edge,latin-book15-num213,milestone[1],"Herodes uero cum in aegyptum peruenisset, caesari cum ampliori fiducia sermonem inseruit tamquam iam amicus, siquidem de satelliti",Greek/book-15.xml,greek-book15-num213,881,element-edge,greek-book15-num213,milestone[1],Ἡρώδης δὲ γενόμενος ἐν Αἰγύπτῳ Καίσαρί τε μετὰ πλείονος παρρησίας εἰς λόγους ἦλθεν ὡς ἤδη φίλος καὶ μεγίστων ἠξιώθη: τῶν τε γὰρ Κλ,English/book-15.xml,english-book15-num213,1266,element-edge,english-book15-num213,milestone[1],"Now when Herod was come into Egypt, he was introduced to Caesar with great freedom, as already a friend of his, and received very "
B78-table1-row128,15,11,XI,XI,LITERAL,299,EXACT_NIESE_START,HIGH_CURRENT_TEXT_CORROBORATION,CORROBORATED_BY_CURRENT_LITERAL_NUMERAL,"XI Eodem tempore tertiodecimo anno regis herodis instante, magnae calamitates prouinciam occupauerunt, siue de ultione seu casu si",381,,,EXACT_MATCH,LOEB-15-Chapter-9-0,,B78-table1-row129,Latin/book-15.xml,latin-book15-num299,0,paragraph,latin-book15-num299,,"XI Eodem tempore tertiodecimo anno regis herodis instante, magnae calamitates prouinciam occupauerunt, siue de ultione seu casu si",Greek/book-15.xml,greek-book15-num299,0,paragraph,greek-book15-num299,,"Κατὰ τοῦτον μὲν οὖν τὸν ἐνιαυτὸν τρισκαιδέκατον ὄντα τῆς Ἡρώδου βασιλείας πάθη μέγιστα τὴν χώραν ἐπέλαβεν, εἴτε δὴ τοῦ θεοῦ μηνίσα",English/book-15.xml,english-book15-num299,0,paragraph,english-book15-num299,,"NOW on this very year, which was the thirteenth year of the reign of Herod, very great calamities came upon the country; whether t"
B78-table1-row129,15,12,[XII],[XII],SUPPLIED,323,EXACT_NIESE_START,HUMAN_EXACT_START_CHECKED_NIESE_PARALLEL_TEXT_VERIFIED,HUMAN_CHECKED_EXACT_START,Cum uero nuptiae perfectae fuissent,382," 382, col. A", (None visible: C in Cum is enlarged littera notabilior),BAMBERG_ONLY,,,B78-table1-row130,Latin/book-15.xml,latin-book15-num323,0,paragraph,latin-book15-num323,,"Cum uero nuptiae perfectae fuissent aedificauit castellum in loco, quo prius iudaeos cum a principatu per antigonum paene decidiss",Greek/book-15.xml,greek-book15-num323,0,paragraph,greek-book15-num323,,"Τελεσθέντος δ᾽ αὐτῷ τοῦ γάμου προσκατεσκευάσατο φρούριον ἐπὶ τῶν τόπων, ἐν οἷς ἐνίκα Ἰουδαίους, ὅτε τῆς ἀρχῆς ἐκπεσόντος Ἀντίγονος",English/book-15.xml,english-book15-num323,0,paragraph,english-book15-num323,,"When this wedding was over, he built another citadel in that place where he had conquered file Jews when he was driven out of his "
B78-table1-row130,15,13,XIII,XIII,LITERAL,380,EXACT_NIESE_START,HIGH_CURRENT_TEXT_CORROBORATION,CORROBORATED_BY_CURRENT_LITERAL_NUMERAL,"XIII Interea decimo et octauo anno regni herodis post predicta aedificia, opus non minimum inchoauit. Siquidem dei templum maximum",385,,,EXACT_MATCH,LOEB-15-Chapter-11-0,,BOOK_END,Latin/book-15.xml,latin-book15-num380,0,paragraph,latin-book15-num380,,"XIII Interea decimo et octauo anno regni herodis post predicta aedificia, opus non minimum inchoauit. Siquidem dei templum maximum",Greek/book-15.xml,greek-book15-num380,0,paragraph,greek-book15-num380,,"Τότε δ᾽ οὖν ὀκτωκαιδεκάτου τῆς Ἡρώδου βασιλείας γεγονότος ἐνιαυτοῦ μετὰ τὰς προειρημένας πράξεις ἔργον οὐ τὸ τυχὸν ἐπεβάλετο, τὸν ",English/book-15.xml,english-book15-num380,0,paragraph,english-book15-num380,,"AND now Herod, in the eighteenth year of his reign, and after the acts already mentioned, undertook a very great work, that is, to"
B78-table1-row132,16,1,[I],[I],SUPPLIED,1,EXACT_NIESE_START,CURRENT_ENCODING_CORROBORATED_NOT_FACSIMILE_REINSPECTED,CORROBORATED_BY_CURRENT_CHAPTER_MARKER,In ministratione rerum studium habens rex omnes iniquitas prohibere quae per ciuitatem et prouiciam fiebant. Legem ponit nullatenu,389,,,EXACT_MATCH,LOEB-16-Chapter-1-0,,B78-table1-row133,Latin/book-16.xml,latin-book16-num1,0,paragraph,latin-book16-num1,,In ministratione rerum studium habens rex omnes iniquitas prohibere quae per ciuitatem et prouiciam fiebant. Legem ponit nullatenu,Greek/book-16.xml,greek-book16-num1,34,anchor,trad-greek-LOEB-16-Chapter-1-0,,Ἐν δὲ τῇ διοικήσει τῶν ὅλων πραγμάτων ἐσπουδακὼς ὁ βασιλεὺς τὰς κατὰ μέρος ἀδικίας ἀναστεῖλαι τῶν περὶ τὴν πόλιν καὶ τὴν χώραν ἁμα,English/book-16.xml,english-book16-num1,0,paragraph,english-book16-num1,,"AS king Herod was very zealous in the administration of his entire government, and desirous to put a stop to particular acts of in"
B78-table1-row133,16,2,II,II,LITERAL,12,EXACT_NIESE_START,HIGH_CURRENT_TEXT_CORROBORATION,CORROBORATED_BY_CURRENT_LITERAL_NUMERAL,"II Cum haec disposuisset et audisset marcum agrippam nauigasse rursus ab Italia ad asiam, festinauit ad eum. A quo petiit, ut ad r",389,,,EXACT_MATCH,LOEB-16-Chapter-2-0,,B78-table1-row134,Latin/book-16.xml,latin-book16-num12,0,paragraph,latin-book16-num12,,"II Cum haec disposuisset et audisset marcum agrippam nauigasse rursus ab Italia ad asiam, festinauit ad eum. A quo petiit, ut ad r",Greek/book-16.xml,greek-book16-num12,0,paragraph,greek-book16-num12,,"Ταῦτα διοικήσας, ἐπειδὴ καὶ Μᾶρκον Ἀγρίππαν ἐπύθετο καταπεπλευκέναι πάλιν ἐκ τῆς Ἰταλίας εἰς τὴν Ἀσίαν, ἐπειχθεὶς πρὸς αὐτὸν ἠξίωσ",English/book-16.xml,english-book16-num12,0,paragraph,english-book16-num12,,"WHEN Herod had despatched these affairs, and he understood that Marcus Agrippa had sailed again out of Italy into Asia, he made ha"
B78-table1-row134,16,3,III,III,LITERAL,16,EXACT_NIESE_START,HIGH_CURRENT_TEXT_CORROBORATION,CORROBORATED_BY_CURRENT_LITERAL_NUMERAL,III Rex autem post hiemen ueris temporis properauit rursus ad eum sciens exercitum ad bos forum producturum. Cumque per rbo dum et,389,,,BAMBERG_ONLY,,,B78-table1-row135,Latin/book-16.xml,latin-book16-num16,0,paragraph,latin-book16-num16,,III Rex autem post hiemen ueris temporis properauit rursus ad eum sciens exercitum ad bos forum producturum. Cumque per rbo dum et,Greek/book-16.xml,greek-book16-num16,0,paragraph,greek-book16-num16,,Ἐκεῖνος μὲν οὖν ἀπέπλει πολλαῖς αὐτὸν δωρεαῖς τετιμηκότος Ἡρώδου καὶ τῶν σὺν αὐτῷ τοὺς ἐπισημοτάτους. ὁ δὲ βασιλεὺς χειμάσας ἐν το,English/book-16.xml,english-book16-num16,0,paragraph,english-book16-num16,,"So Agrippa went away, when Herod had bestowed on him, and on the principal of those that were with him, many presents; but king He"
B78-table1-row135,16,4,IIII,IIII,LITERAL,27,EXACT_NIESE_START,HIGH_CURRENT_TEXT_CORROBORATION,CORROBORATED_BY_CURRENT_LITERAL_NUMERAL,IIII. Cumque ad oniam peruenisset iudaeorum populi qui ciuitates habitabant tempus et fidutiam nacti uiolentias referebant quas pa,390,,,BAMBERG_ONLY,,,B78-table1-row136,Latin/book-16.xml,latin-book16-num27,0,paragraph,latin-book16-num27,,IIII. Cumque ad oniam peruenisset iudaeorum populi qui ciuitates habitabant tempus et fidutiam nacti uiolentias referebant quas pa,Greek/book-16.xml,greek-book16-num27,0,paragraph,greek-book16-num27,,"Τότε δὲ περὶ τὴν Ἰωνίαν αὐτῶν γενομένων πολὺ πλῆθος Ἰουδαίων, ὃ τὰς πόλεις ᾤκει, προσῄει καιροῦ καὶ παρρησίας ἐπειλημμένοι, καὶ τὰ",English/book-16.xml,english-book16-num27,0,paragraph,english-book16-num27,,"But now, when Agrippa and Herod were in Ionia, a great multitude of Jews, who dwelt in their cities, came to them, and laying hold"
B78-table1-row136,16,5,V,V,LITERAL,60,EXACT_NIESE_START,CURRENT_ENCODING_CORROBORATED_NOT_FACSIMILE_REINSPECTED,CORROBORATED_BY_CURRENT_CHAPTER_MARKER,"V Ergo intellegens agrippa uiolentiam eos pati, hęc respondit, propter herodis amicitiam uel fauorem paratum esse cuncta iudaeis c",391,,,BAMBERG_ONLY,,,B78-table1-row137,Latin/book-16.xml,latin-book16-num58,355,element-edge,latin-book16-num58,milestone[1],"V Ergo intellegens agrippa uiolentiam eos pati, hęc respondit, propter herodis amicitiam uel fauorem paratum esse cuncta iudaeis c",Greek/book-16.xml,greek-book16-num58,369,element-edge,greek-book16-num58,milestone[1],συνιδὼν οὖν Ἀγρίππας βιαζομένους ἀπεκρίνατο ταῦτα: διὰ μὲν τὴν Ἡρώδου πρὸς αὐτὸν εὔνοιάν τε καὶ φιλίαν ἕτοιμος εἶναι πᾶν ὁτιοῦν χα,English/book-16.xml,english-book16-num58,627,element-edge,english-book16-num58,milestone[1],"So when Agrippa perceived that they had been oppressed by violence, he made this answer: That, on account of Herod's good-will and"
B78-table1-row137,16,6,VI,VI,LITERAL,62,WITHIN_NIESE,CURRENT_ENCODING_CORROBORATED_NOT_FACSIMILE_REINSPECTED,CORROBORATED_BY_CURRENT_CHAPTER_MARKER,VI. Rex autem domi reuerti uolens nauigauit et ad caesariam deductus. Non multis diebus prospere flatu uentorum ad hierosolimam pe,392,,,BAMBERG_ONLY,,,B78-table1-row138,Latin/book-16.xml,latin-book16-num58,913,element-edge,latin-book16-num58,milestone[3],VI. Rex autem domi reuerti uolens nauigauit et ad caesariam deductus. Non multis diebus prospere flatu uentorum ad hierosolimam pe,Greek/book-16.xml,greek-book16-num58,1006,element-edge,greek-book16-num58,milestone[2],"ἀπὸ δὲ Σάμου πλεῖν ὁ βασιλεὺς ἐπ᾽ οἴκου διέγνω καὶ τὸν Ἀγρίππαν παραιτησάμενος ἀνήχθη, κατάγεται δ᾽ εἰς Καισάρειαν οὐ πολλαῖς ὕστε",English/book-16.xml,english-book16-num58,1613,element-edge,english-book16-num58,milestone[2],"but the king determined to sail from Samos to his own country; and when he had taken his leave of Agrippa, he pursued his voyage, "
B78-table1-row138,16,7,VII,VII,LITERAL,66,EXACT_NIESE_START,HIGH_CURRENT_TEXT_CORROBORATION,CORROBORATED_BY_CURRENT_LITERAL_NUMERAL,"VII Procedebat autem seditio domestica et acerbiorem accipiebat prouectum, cum tamquam hereditarium hodium suscepisset circa adule",392,,,EXACT_MATCH,LOEB-16-Chapter-3-0,,B78-table1-row139,Latin/book-16.xml,latin-book16-num66,0,paragraph,latin-book16-num66,,"VII Procedebat autem seditio domestica et acerbiorem accipiebat prouectum, cum tamquam hereditarium hodium suscepisset circa adule",Greek/book-16.xml,greek-book16-num66,0,paragraph,greek-book16-num66,,"Προύβαινε δ᾽ ἀεὶ τὰ κατὰ τὴν στάσιν τῆς οἰκίας καὶ χαλεπωτέραν ἐλάμβανε τὴν ἐπίδοσιν, ἀντιμεταλαβούσης μὲν ὥσπερ ἐκ κληρονομίας τὸ",English/book-16.xml,english-book16-num66,0,paragraph,english-book16-num66,,"BUT now the affairs in Herod's family were in more and more disorder, and became more severe upon him, by the hatred of Salome to "
B78-table1-row139,16,8,VIII,VIII,LITERAL,73,EXACT_NIESE_START,HIGH_CURRENT_TEXT_CORROBORATION,CORROBORATED_BY_CURRENT_LITERAL_NUMERAL,"VIII. Cum ergo herodes redisset et populo interlocutus esset sicut prediximus, statim sermones ad eum per ferora et salomen profer",392,,,BAMBERG_ONLY,,,B78-table1-row140,Latin/book-16.xml,latin-book16-num73,0,paragraph,latin-book16-num73,,"VIII. Cum ergo herodes redisset et populo interlocutus esset sicut prediximus, statim sermones ad eum per ferora et salomen profer",Greek/book-16.xml,greek-book16-num73,0,paragraph,greek-book16-num73,,"Ταῦτα προῄει μειζόνως καιρὸν ἐχούσης τῆς στάσεως ἐν ἀποδημίᾳ τοῦ βασιλέως. ὡς δ᾽ ἐπανῆλθεν Ἡρώδης καὶ τῷ πλήθει διελέξατο, καθὼς π",English/book-16.xml,english-book16-num73,0,paragraph,english-book16-num73,,"These disorders increased greatly, and the king's absence abroad had afforded a fit opportunity for that increase; but as soon as "
B78-table1-row140,16,9,VIIII,VIIII,LITERAL,105,EXACT_NIESE_START,CURRENT_ENCODING_CORROBORATED_NOT_FACSIMILE_REINSPECTED,CORROBORATED_BY_CURRENT_CHAPTER_MARKER,VIIII Pater inquit tuus quidem erga nos effectus euidenter manifestus et ipse iuditio aparuit. Nam siquid innos crudere cogitasses,393,,,BAMBERG_ONLY,,,B78-table1-row141,Latin/book-16.xml,latin-book16-num104,213,element-edge,latin-book16-num104,milestone[1],VIIII Pater inquit tuus quidem erga nos effectus euidenter manifestus et ipse iuditio aparuit. Nam siquid innos crudere cogitasses,Greek/book-16.xml,greek-book16-num104,227,element-edge,greek-book16-num104,milestone[1],"‘πάτερ, εἶπεν, ἡ μὲν σὴ πρὸς ἡμᾶς εὔνοια δήλη καὶ παρ᾽ αὐτὴν τὴν κρίσιν: οὐκ ἂν γάρ, εἴ τι δυσχερὲς ἐνενόεις ἐφ᾽ ἡμῖν, ἐπὶ τὸν πάν",English/book-16.xml,english-book16-num104,289,element-edge,english-book16-num104,milestone[1],"""O father, the benevolence thou hast showed to us is evident, even in this very judicial procedure, for hadst thou had any pernici"
B78-table1-row141,16,10,X,X,LITERAL,136,EXACT_NIESE_START,HIGH_CURRENT_TEXT_CORROBORATION,CORROBORATED_BY_CURRENT_LITERAL_NUMERAL,X. Eodem tempore perfecta est caesarea quam edificauit decemnali tempore uicesimo octauo anno regni sui. Olimpiade centesima et no,395,,,EXACT_MATCH,LOEB-16-Chapter-5-0,,B78-table1-row142,Latin/book-16.xml,latin-book16-num136,0,paragraph,latin-book16-num136,,X. Eodem tempore perfecta est caesarea quam edificauit decemnali tempore uicesimo octauo anno regni sui. Olimpiade centesima et no,Greek/book-16.xml,greek-book16-num136,0,paragraph,greek-book16-num136,,"Περὶ δὲ τὸν χρόνον τοῦτον συντέλειαν ἔλαβεν ἡ Καισάρεια Σεβαστή, ἣν ᾠκοδόμει δεκάτῳ μὲν ἔτει πρὸς τέλος ἐλθούσης αὐτῷ τῆς ὅλης κατ",English/book-16.xml,english-book16-num136,0,paragraph,english-book16-num136,,"ABOUT this time it was that Cesarea Sebaste, which he had built, was finished. The entire building being accomplished: in the tent"
B78-table1-row142,16,11,XI,XI,LITERAL,162,EXACT_NIESE_START,HIGH_CURRENT_TEXT_CORROBORATION,CORROBORATED_BY_CURRENT_LITERAL_NUMERAL,"XI Caesar augustus pontifex tribunciae potestatis dicit. Quoniam gens iudeaorum fidelis non solum presenti tempore, sed etiam prio",396,,,BAMBERG_ONLY,,,B78-table1-row143,Latin/book-16.xml,latin-book16-num162,0,paragraph,latin-book16-num162,,"XI Caesar augustus pontifex tribunciae potestatis dicit. Quoniam gens iudeaorum fidelis non solum presenti tempore, sed etiam prio",Greek/book-16.xml,greek-book16-num162,0,paragraph,greek-book16-num162,,‘Καῖσαρ Σεβαστὸς ἀρχιερεὺς δημαρχικῆς ἐξουσίας λέγει. ἐπειδὴ τὸ ἔθνος τὸ τῶν Ἰουδαίων εὐχάριστον εὑρέθη οὐ μόνον ἐν τῷ ἐνεστῶτι κα,English/book-16.xml,english-book16-num162,0,paragraph,english-book16-num162,,"""Caesar Augustus, high priest and tribune of the people, ordains thus: Since the nation of the Jews hath been found grateful to th"
B78-table1-row143,16,12,XII,XII,LITERAL,179,EXACT_NIESE_START,HIGH_CURRENT_TEXT_CORROBORATION,CORROBORATED_BY_CURRENT_LITERAL_NUMERAL,XII. Igitur herodes sicut predixi consumptis suis pecuniis. Audiens hyrcanum ante se regem aperuisse tumulum dauid et tria milia t,398,,,EXACT_MATCH,LOEB-16-Chapter-7-0,,B78-table1-row144,Latin/book-16.xml,latin-book16-num179,0,paragraph,latin-book16-num179,,XII. Igitur herodes sicut predixi consumptis suis pecuniis. Audiens hyrcanum ante se regem aperuisse tumulum dauid et tria milia t,Greek/book-16.xml,greek-book16-num179,0,paragraph,greek-book16-num179,,"Ὁ γὰρ Ἡρώδης πολλοῖς τοῖς ἀναλώμασιν εἴς τε τὰς ἔξω καὶ τὰς ἐν τῇ βασιλείᾳ χρώμενος, ἀκηκοὼς ἔτι τάχιον ὡς Ὑρκανὸς ὁ πρὸ αὐτοῦ βασ",English/book-16.xml,english-book16-num179,0,paragraph,english-book16-num179,,"AS for Herod, he had spent vast sums about the cities, both without and within his own kingdom; and as he had before heard that Hy"
B78-table1-row144,16,13,XIII,XIII,LITERAL,261,EXACT_NIESE_START,HIGH_CURRENT_TEXT_CORROBORATION,CORROBORATED_BY_CURRENT_LITERAL_NUMERAL,"XIII. Archalaus autem rex cappadotiae cum haec de herode audisset, tertius profilia uel de adulescente contristatus pro tantis ami",402,,,BAMBERG_ONLY,,,B78-table1-row145,Latin/book-16.xml,latin-book16-num261,0,paragraph,latin-book16-num261,,"XIII. Archalaus autem rex cappadotiae cum haec de herode audisset, tertius profilia uel de adulescente contristatus pro tantis ami",Greek/book-16.xml,greek-book16-num261,0,paragraph,greek-book16-num261,,"Ἀρχέλαος δὲ ὁ τῶν Καππαδόκων βασιλεύς, ὡς ἐπύθετο τὰ κατὰ τὸν Ἡρώδην, ἀγωνιῶν τε ὑπὲρ τῆς θυγατρὸς καὶ τοῦ νεανίσκου καὶ συναλγῶν ",English/book-16.xml,english-book16-num261,0,paragraph,english-book16-num261,,"But when Archelaus, king of Cappadocia, heard of the state that Herod was in, and being in great distress about his daughter, and "
B78-table1-row145,16,14,XIIII,XIIII,LITERAL,273,EXACT_NIESE_START,CURRENT_ENCODING_CORROBORATED_NOT_FACSIMILE_REINSPECTED,CORROBORATED_BY_CURRENT_CHAPTER_MARKER,"XIIII. Igitur quando nauigauit romae ut filium alexandrum acusans caesari antipatrum commendaret, fama uulgauit mortuum eum esse, ",402,,,BAMBERG_ONLY,,,B78-table1-row146,Latin/book-16.xml,latin-book16-num271,365,element-edge,latin-book16-num271,milestone[1],"XIIII. Igitur quando nauigauit romae ut filium alexandrum acusans caesari antipatrum commendaret, fama uulgauit mortuum eum esse, ",Greek/book-16.xml,greek-book16-num271,486,element-edge,greek-book16-num271,milestone[1],"πλεύσαντος δ᾽ εἰς τὴν Ῥώμην, ὅτε καὶ τοῦ παιδὸς Ἀλεξάνδρου κατηγόρει καὶ παραθησόμενος Ἀντίπατρον τὸν υἱὸν παρεληλύθει Καίσαρι, λό",English/book-16.xml,english-book16-num271,628,element-edge,english-book16-num271,milestone[1],"But when he was sailing to Rome, it was at that time when he went to accuse his son Alexander, and to commit Antipater to Caesar's"
B78-table1-row146,16,15,XV,XV,LITERAL,276,EXACT_NIESE_START,CURRENT_ENCODING_CORROBORATED_NOT_FACSIMILE_REINSPECTED,CORROBORATED_BY_CURRENT_CHAPTER_MARKER,XV. Herodes autem roma reuertens comperit plurima regni sui a latronibus male tractata nec posse duces suos latrones conprehendere,403,,,BAMBERG_ONLY,,,B78-table1-row147,Latin/book-16.xml,latin-book16-num271,999,element-edge,latin-book16-num271,milestone[3],XV. Herodes autem roma reuertens comperit plurima regni sui a latronibus male tractata nec posse duces suos latrones conprehendere,Greek/book-16.xml,greek-book16-num271,1187,element-edge,greek-book16-num271,milestone[2],"Ἡρώδης δὲ ἐπανελθὼν ἀπὸ τῆς Ῥώμης ἔγνω πολλὰ τῶν οἰκείων αὐτῷ κεκακωμένα, καὶ τῶν μὲν λῃστῶν ἐγκρατὴς γενέσθαι οὐκ ἠδυνήθη διὰ τὴν",English/book-16.xml,english-book16-num271,1434,element-edge,english-book16-num271,milestone[2],"But when Herod came back from Rome, he perceived that his dominions had greatly suffered by them; and since he could not reach the"
B78-table1-row147,16,16,XVI,XVI,LITERAL,286,EXACT_NIESE_START,HIGH_CURRENT_TEXT_CORROBORATION,CORROBORATED_BY_CURRENT_LITERAL_NUMERAL,"XVI. Nuntii uero fileo cum romae gesta indicassent et maius singula exagerassent, et ille in aula permaneret, tunc inter caesaris ",403,,,BAMBERG_ONLY,,,B78-table1-row148,Latin/book-16.xml,latin-book16-num286,0,paragraph,latin-book16-num286,,"XVI. Nuntii uero fileo cum romae gesta indicassent et maius singula exagerassent, et ille in aula permaneret, tunc inter caesaris ",Greek/book-16.xml,greek-book16-num286,0,paragraph,greek-book16-num286,,"Ἄγγελοι δὲ Συλλαίῳ καταταχήσαντες εἰς Ῥώμην τὰ πεπραγμένα διεσάφουν εἰς μεῖζον, ὡς εἰκός, ἕκαστον τῶν γεγονότων αἴροντες. ὁ δὲ ἤδη",English/book-16.xml,english-book16-num286,0,paragraph,english-book16-num286,,"However, messengers were hasted away to Sylleus to Rome, and informed him what had been done, and, as is usual, aggravated every t"
B78-table1-row148,16,17,XVII,XVII,LITERAL,299,WITHIN_NIESE,HIGH_CURRENT_TEXT_CORROBORATION,CORROBORATED_BY_CURRENT_LITERAL_NUMERAL,XVII. Direxit autem nicolaum damascnenum.,404,,,BAMBERG_ONLY,,,B78-table1-row149,Latin/book-16.xml,latin-book16-num293,1249,anchor,b78-latin-B78-table1-row148,,XVII. Direxit autem nicolaum damascnenum.,Greek/book-16.xml,greek-book16-num293,1585,anchor,b78-greek-B78-table1-row148,,κἀκεῖ μὲν ὁ Δαμασκηνὸς ἀπῄει Νικόλαος.,English/book-16.xml,english-book16-num293,2083,anchor,b78-english-B78-table1-row148,,and the ambassador he sent thither was Nicolans of Damascus.
B78-table1-row149,16,18,XVIII,XVIII,LITERAL,306,EXACT_NIESE_START,HIGH_CURRENT_TEXT_CORROBORATION,CORROBORATED_BY_CURRENT_LITERAL_NUMERAL,"XVIII. Cum ergo talia dolens defleuisset statim eu ricles antipatro omnia nunciauit dicens, non pro mea utilitate tibi haec nuntio",404,,,BAMBERG_ONLY,,,B78-table1-row150,Latin/book-16.xml,latin-book16-num300,1008,anchor,b78-latin-B78-table1-row149,,"XVIII. Cum ergo talia dolens defleuisset statim eu ricles antipatro omnia nunciauit dicens, non pro mea utilitate tibi haec nuntio",Greek/book-16.xml,greek-book16-num300,1471,element-edge,greek-book16-num300,num[7],"τοιαῦτα μὲν ἐκεῖνος, ὡς εἰκός, ἐφ᾽ οἷς ἤλγει: τοὺς δὲ λόγους Εὐρυκλῆς Ἀντιπάτρῳ τούτους ἀνέφερεν, λέγων μὲν ὡς οὐχ ἕνεκα σοῦ τοῦτ᾽",English/book-16.xml,english-book16-num300,1922,anchor,b78-english-B78-table1-row149,,"Such were the complaints, as was but natural, of Alexander about the things that troubled him; and these discourses Eurycles carri"
B78-table1-row150,16,19,XVIIII,XVIIII,LITERAL,356,EXACT_NIESE_START,HIGH_CURRENT_TEXT_CORROBORATION,CORROBORATED_BY_CURRENT_LITERAL_NUMERAL,XVIIII Herodi uero scripsit quod placatus ei fuisset et de filiis eius contristaretur praecipiens ut si quid acerbum praesumpsisse,407,,,EXACT_MATCH,LOEB-16-Chapter-11-0,,B78-table1-row151,Latin/book-16.xml,latin-book16-num356,95,anchor,trad-latin-LOEB-16-Chapter-11-0,,XVIIII Herodi uero scripsit quod placatus ei fuisset et de filiis eius contristaretur praecipiens ut si quid acerbum praesumpsisse,Greek/book-16.xml,greek-book16-num356,0,paragraph,greek-book16-num356,,"Ἡρώδῃ δὲ γράφει διηλλαγμένος ἐπί τε τοῖς παισὶν ἄχθεσθαι λέγων καὶ δέον, εἰ μὲν ἀνοσιώτερόν τι τετολμήκασιν, ἐπεξιέναι πατραλόας ὄ",English/book-16.xml,english-book16-num356,1,anchor,b78-english-B78-table1-row150,,"SO Caesar was now reconciled to Herod, and wrote thus to him: That he was grieved for him on account of his sons; and that in case"
B78-table1-row151,16,20,XX,XX,LITERAL,368,EXACT_NIESE_START,HUMAN_EXACT_START_CHECKED_NIESE_PARALLEL_TEXT_VERIFIED,HUMAN_CHECKED_EXACT_START,Et primus quidem saturninus uir consularis,408," 408, col. A"," XX, right margin",BAMBERG_ONLY,,,BOOK_END,Latin/book-16.xml,latin-book16-num367,177,anchor,b78-latin-B78-table1-row151,,"Et primus quidem saturninus uir consularis et indignitatibus clarissimus, mittem sententiam protulit dicens. Damno filios herodis ",Greek/book-16.xml,greek-book16-num367,184,element-edge,greek-book16-num367,num[2],καὶ πρῶτον μὲν Σατορνῖνος ἀνὴρ ὑπατικὸς καὶ τῶν ἐπ᾽ ἀξιώματος ἀπεφήνατο γνώμην ἀηδεστάτῃ περιστάσει χρώμενος: ἔφη γὰρ καταδικάζειν,English/book-16.xml,english-book16-num367,212,anchor,b78-english-B78-table1-row151,,"And in the first place, Saturninus, a person that had been consul, and one of great dignity, pronounced his sentence, but with gre"
B78-table1-row153,17,1,[I],[I],SUPPLIED,1,EXACT_NIESE_START,CURRENT_ENCODING_CORROBORATED_NOT_FACSIMILE_REINSPECTED,CORROBORATED_BY_CURRENT_CHAPTER_MARKER,Antripatro autem postquam fratrum extitit accusator et in patris facinus extreme impietatis et crudelitatis inpulsor haudsane prou,410,,,EXACT_MATCH,LOEB-17-Chapter-1-0,,B78-table1-row154,Latin/book-17.xml,latin-book17-num1,0,paragraph,latin-book17-num1,,Antripatro autem postquam fratrum extitit accusator et in patris facinus extreme impietatis et crudelitatis inpulsor haudsane prou,Greek/book-17.xml,greek-book17-num1,34,anchor,trad-greek-LOEB-17-Chapter-1-0,,Ἀντιπάτρῳ δὲ ἀραμένῳ τοὺς ἀδελφοὺς ἀσεβείᾳ τε τῇ ὑστάτῃ καὶ ἀλαστορίᾳ τῇ ἐπ᾽ αὐτοῖς τὸν πατέρα περιβεβληκότι οὔτι κατὰ γνώμας ἡ ἐλ,English/book-17.xml,english-book17-num1,0,paragraph,english-book17-num1,,"WHEN Antipater had thus taken off his brethren, and had brought his father into the highest degree of impiety, till he was haunted"
B78-table1-row154,17,2,II,II,LITERAL,12,EXACT_NIESE_START,HIGH_CURRENT_TEXT_CORROBORATION,CORROBORATED_BY_CURRENT_LITERAL_NUMERAL,II. Ipse autem enutriebat filiorum filios diligentes ammodeum. Erant enim alexandro quidem ex glafira uirilis sexus duo. Aristobol,411,,,BAMBERG_ONLY,,,B78-table1-row155,Latin/book-17.xml,latin-book17-num12,0,paragraph,latin-book17-num12,,II. Ipse autem enutriebat filiorum filios diligentes ammodeum. Erant enim alexandro quidem ex glafira uirilis sexus duo. Aristobol,Greek/book-17.xml,greek-book17-num12,0,paragraph,greek-book17-num12,,"Ἀνέτρεφεν δὲ αὐτὸς τῶν παίδων τὰ τέκνα πάνυ ἐπιμελῶς: ἦσαν γὰρ τῷ μὲν Ἀλεξάνδρῳ ἐκ Γλαφύρας ἄρσενες δύο, Ἀριστοβούλῳ δὲ ἐκ Βερενίκ",English/book-17.xml,english-book17-num12,0,paragraph,english-book17-num12,,Now Herod brought up his sons' children with great care; for Alexander had two sons by Glaphyra; and Aristobulus had three sons by
B78-table1-row155,17,3,III,III,LITERAL,32,EXACT_NIESE_START,HIGH_CURRENT_TEXT_CORROBORATION,CORROBORATED_BY_CURRENT_LITERAL_NUMERAL,"III Herode autem inquibus rettuli constituto, in antipatrum spectabant cuncta negotia, propter quod utilis ac propitius a rege put",412,,,BAMBERG_ONLY,,,B78-table1-row156,Latin/book-17.xml,latin-book17-num32,0,paragraph,latin-book17-num32,,"III Herode autem inquibus rettuli constituto, in antipatrum spectabant cuncta negotia, propter quod utilis ac propitius a rege put",Greek/book-17.xml,greek-book17-num32,0,paragraph,greek-book17-num32,,"Ἡρώδου δ᾽ ἐν οἷς εἶπον ὄντος ἀφεώρα τὰ πάντα πράγματα εἰς Ἀντίπατρον, κἀφ᾽ οἷς ὠφελήσειεν κυροῦν οὐκ ἀπήλλακτο ἐξουσίας ἐπικεχωρηκ",English/book-17.xml,english-book17-num32,0,paragraph,english-book17-num32,,"When the affairs of Herod were in the condition I have described, all the public affairs depended upon Antipater; and his power wa"
B78-table1-row156,17,4,IIII,IIII,LITERAL,46,EXACT_NIESE_START,HIGH_CURRENT_TEXT_CORROBORATION,CORROBORATED_BY_CURRENT_LITERAL_NUMERAL,"IIII Herodes itaque ultus ex pharisaeis qui fuere conuiciti, conuentum congregat amicorum et accusationem ferorae coniugis iniuria",414,,,EXACT_MATCH,LOEB-17-Chapter-3-0,,B78-table1-row157,Latin/book-17.xml,latin-book17-num46,0,paragraph,latin-book17-num46,,"IIII Herodes itaque ultus ex pharisaeis qui fuere conuiciti, conuentum congregat amicorum et accusationem ferorae coniugis iniuria",Greek/book-17.xml,greek-book17-num46,0,paragraph,greek-book17-num46,,"Ἡρώδης δὲ κολάσας τῶν Φαρισαίων τοὺς ἐπὶ τοῖσδε ἐληλεγμένους συνέδριόν τε ποιεῖται τῶν φίλων καὶ κατηγορίαν τῆς Φερώρου γυναικός, ",English/book-17.xml,english-book17-num46,0,paragraph,english-book17-num46,,"WHEN Herod had punished those Pharisees who had been convicted of the foregoing crimes, he gathered an assembly together of his fr"
B78-table1-row157,17,5,V ,V ,LITERAL,52,EXACT_NIESE_START,HIGH_CURRENT_TEXT_CORROBORATION,CORROBORATED_BY_CURRENT_LITERAL_NUMERAL,"V. Suspectum autem patrem habens et timens antipater ne circa amplius eius odium processisset, scribit amicis romae postulans ut s",414,,,BAMBERG_ONLY,,,B78-table1-row158,Latin/book-17.xml,latin-book17-num52,0,paragraph,latin-book17-num52,,"V. Suspectum autem patrem habens et timens antipater ne circa amplius eius odium processisset, scribit amicis romae postulans ut s",Greek/book-17.xml,greek-book17-num52,0,paragraph,greek-book17-num52,,"Ὑφορώμενος δὲ τὸν πατέρα καὶ δεδιώς, μὴ εἰς πλεῖον προχωροίη τὰ τοῦ μίσους ἐπ᾽ αὐτῷ, γράφει πρὸς τοὺς ἐν Ῥώμῃ φίλους κελεύων ἐπιστ",English/book-17.xml,english-book17-num52,0,paragraph,english-book17-num52,,"But Antipater had now a suspicion of his father, and was afraid that the effects of his hatred to him might increase; so he wrote "
B78-table1-row158,17,6,VI,VI,LITERAL,61,EXACT_NIESE_START,HIGH_CURRENT_TEXT_CORROBORATION,CORROBORATED_BY_CURRENT_LITERAL_NUMERAL,VI. Eerora igitur mortuo humatoque celebritate magnifica duo ex liberis eius qui ab eo honore habebantur ad herodem ueniunt postul,415,,,EXACT_MATCH,LOEB-17-Chapter-4-0,,B78-table1-row159,Latin/book-17.xml,latin-book17-num61,0,paragraph,latin-book17-num61,,VI. Eerora igitur mortuo humatoque celebritate magnifica duo ex liberis eius qui ab eo honore habebantur ad herodem ueniunt postul,Greek/book-17.xml,greek-book17-num61,0,paragraph,greek-book17-num61,,Ἐπειδὴ Φερώρας τελευτᾷ ταφνίται ἐγεγόνεισαν αὐτοῦ ἀπελεύθεροι δύο τῶν Φερώρᾳ τιμίων οὗτοι προσελθόντες Ἡρώδῃ ἠξίουν μὴ ἀνεκδίκητον,English/book-17.xml,english-book17-num61,0,paragraph,english-book17-num61,,"AS soon as Pheroras was dead, and his funeral was over, two of Pheroras's freed-men, who were much esteemed by him, came to Herod,"
B78-table1-row159,17,7,VII,VII,LITERAL,64,WITHIN_NIESE,CURRENT_ENCODING_CORROBORATED_NOT_FACSIMILE_REINSPECTED,CORROBORATED_BY_CURRENT_CHAPTER_MARKER,"VII. Inter quas aliquas etiam liberarum et ad huc in occultore manente negotio quia nulla illarum aliquid depalaret, nouissima que",415,,,BAMBERG_ONLY,,,B78-table1-row160,Latin/book-17.xml,latin-book17-num61,968,element-edge,latin-book17-num61,milestone[2],"VII. Inter quas aliquas etiam liberarum et ad huc in occultore manente negotio quia nulla illarum aliquid depalaret, nouissima que",Greek/book-17.xml,greek-book17-num61,1003,element-edge,greek-book17-num61,milestone[2],"καί τινας καὶ ἐλευθέρας, καὶ ὄντος ἀφανοῦς τοῦ πράγματος διὰ τὸ μηδεμίαν ἐξειπεῖν τελευταία τις περιουσῶν αὐτῆς τῶν ἀλγηδόνων ἄλλο",English/book-17.xml,english-book17-num61,1171,element-edge,english-book17-num61,milestone[2],"and some that were free with them; and as the fact did not yet appear, because none of them would confess it, at length one of the"
B78-table1-row160,17,8,VIII,VIII,LITERAL,83,EXACT_NIESE_START,HIGH_CURRENT_TEXT_CORROBORATION,CORROBORATED_BY_CURRENT_LITERAL_NUMERAL,VIII Herodes sane antipatro scribente quod cuncta quae oporteret per agens maturius adueniret caelans suam indignationem rescribit,417,,,EXACT_MATCH,LOEB-17-Chapter-5-0,,B78-table1-row161,Latin/book-17.xml,latin-book17-num83,0,paragraph,latin-book17-num83,,VIII Herodes sane antipatro scribente quod cuncta quae oporteret per agens maturius adueniret caelans suam indignationem rescribit,Greek/book-17.xml,greek-book17-num83,0,paragraph,greek-book17-num83,,"Ἡρώδης δὲ Ἀντιπάτρου γεγραφότος πρὸς αὐτόν, ὡς τὰ πάντα ᾗ χρῆν διαπεπραγμένος ἥξοι ἐν τάχει, ἐπικρυψάμενος τὴν ὀργὴν ἀντεπετίθει, ",English/book-17.xml,english-book17-num83,0,paragraph,english-book17-num83,,"NOW Herod, upon Antipater's writing to him, that having done all that he was to do, and this in the manner he was to do it, he wou"
B78-table1-row161,17,9,VIIII,VIIII,LITERAL,132,WITHIN_NIESE,CURRENT_ENCODING_CORROBORATED_NOT_FACSIMILE_REINSPECTED,CORROBORATED_BY_CURRENT_CHAPTER_MARKER,"VIIII Herodes autem continuo inuiculis filium obstringi iussit, in certe autem, erant plurimis confabulationes uari quae ad regem ",421,,,BAMBERG_ONLY,,,B78-table1-row162,Latin/book-17.xml,latin-book17-num131,452,element-edge,latin-book17-num131,milestone[1],"VIIII Herodes autem continuo inuiculis filium obstringi iussit, in certe autem, erant plurimis confabulationes uari quae ad regem ",Greek/book-17.xml,greek-book17-num131,451,element-edge,greek-book17-num131,milestone[1],Ἡρώδης δὲ παραχρῆμα μὲν ἔδησε τὸν υἱόν. ἄδηλοι δὲ τοῖς πολλοῖς ἦσαν αἱ Οὐάρου πρὸς αὐτὸν ὁμιλίαι καὶ τί εἰπὼν ἀπεληλύθει. εἰκάζετο,English/book-17.xml,english-book17-num131,548,element-edge,english-book17-num131,milestone[1],"upon which Herod laid his son in bonds. But what were Varus's discourses to Herod was not known to the generality, and upon what w"
B78-table1-row162,17,10,[X],[X],SUPPLIED,146,WITHIN_NIESE,CURRENT_ENCODING_CORROBORATED_NOT_FACSIMILE_REINSPECTED,CORROBORATED_BY_CURRENT_CHAPTER_MARKER,"X Sed rex morbo praegrauatus, testamentum scribit iuueniori filio regnum retribuens odio quod circa archelaum philippumque ex anti",422,,,SAME_NIESE_DIFFERENT_POSITION,,LOEB-17-Chapter-6-0,B78-table1-row163,Latin/book-17.xml,latin-book17-num146,98,element-edge,latin-book17-num146,milestone[1],"X Sed rex morbo praegrauatus, testamentum scribit iuueniori filio regnum retribuens odio quod circa archelaum philippumque ex anti",Greek/book-17.xml,greek-book17-num146,127,element-edge,greek-book17-num146,milestone[1],εἰς νόσον δὲ ὁ βασιλεὺς ἐμπεσὼν διαθήκας γράφει τῷ νεωτάτῳ τῶν υἱῶν τὴν βασιλείαν διδοὺς μίσει τῷ τε πρὸς τὸν Ἀρχέλαον καὶ Φίλιππο,English/book-17.xml,english-book17-num146,184,element-edge,english-book17-num146,milestone[1],"But Herod now fell into a distemper, and made his will, and bequeathed his kingdom to [Antipas], his youngest son; and this out of"
B78-table1-row163,17,11,[XI],[XI],SUPPLIED,185,EXACT_NIESE_START,CURRENT_ENCODING_CORROBORATED_NOT_FACSIMILE_REINSPECTED,CORROBORATED_BY_CURRENT_CHAPTER_MARKER,"XI uae cum ad antipatrum peruenissent cre uae cum ad antipatrum peruenissent credidit suum patrem uitae terminum suscepis sce, per",425,,,BAMBERG_ONLY,,,B78-table1-row164,Latin/book-17.xml,latin-book17-num182,1162,element-edge,latin-book17-num182,milestone[1],"XI uae cum ad antipatrum peruenissent cre uae cum ad antipatrum peruenissent credidit suum patrem uitae terminum suscepis sce, per",Greek/book-17.xml,greek-book17-num182,937,element-edge,greek-book17-num182,milestone[1],"καὶ ὁ Ἀντίπατρος, πιστεύει γὰρ τέλος ἀληθῶς τὸν πατέρα ἔχειν, θάρσει τε ἐχρῆτο ἐπὶ τοῖς λόγοις ὅλος ὡς ἤδη τῶν δεσμῶν ἀφησόμενος κ",English/book-17.xml,english-book17-num182,1201,element-edge,english-book17-num182,milestone[1],"Upon which Antipater, who verily believed his father was deceased, grew bold in his discourse, as hoping to be immediately and ent"
B78-table1-row164,17,12,[XII],[XII],SUPPLIED,188,EXACT_NIESE_START,HIGH_CURRENT_TEXT_CORROBORATION,CORROBORATED_BY_CURRENT_LITERAL_NUMERAL,XII Testamentum interea scribebat mente mutabili et antipatrum quidem quem sibi successorem in regno dignauerat. Tetrarcham facit ,425,,,EXACT_MATCH,LOEB-17-Chapter-8-0,,B78-table1-row165,Latin/book-17.xml,latin-book17-num188,0,paragraph,latin-book17-num188,,XII Testamentum interea scribebat mente mutabili et antipatrum quidem quem sibi successorem in regno dignauerat. Tetrarcham facit ,Greek/book-17.xml,greek-book17-num188,0,paragraph,greek-book17-num188,,"Τὰς δὲ διαθήκας αὖθις μετέγραφεν μεταβολῆς αὐτῷ περὶ τὴν διάνοιαν γενομένης, Ἀντίπαν μέν, ᾧ τὴν βασιλείαν καταλελοίπει, τετράρχην ",English/book-17.xml,english-book17-num188,0,paragraph,english-book17-num188,,"AND now Herod altered his testament upon the alteration of his mind; for he appointed Antipas, to whom he had before left the king"
B78-table1-row165,17,13,[XIII],[XIII],SUPPLIED,191,WITHIN_NIESE,CURRENT_ENCODING_CORROBORATED_NOT_FACSIMILE_REINSPECTED,CORROBORATED_BY_CURRENT_CHAPTER_MARKER,XIII Regnas postquam antigonum interimit annos quattuor et xxx postquam autem aromanis regnum perceperat septem et triginta uir cr,426,,,BAMBERG_ONLY,,,B78-table1-row166,Latin/book-17.xml,latin-book17-num188,877,element-edge,latin-book17-num188,lb[1],XIII Regnas postquam antigonum interimit annos quattuor et xxx postquam autem aromanis regnum perceperat septem et triginta uir cr,Greek/book-17.xml,greek-book17-num188,841,element-edge,greek-book17-num188,milestone[2],"βασιλεύσας μεθ᾽ ὃ μὲν ἀνεῖλεν Ἀντίγονον ἔτη τέσσαρα καὶ τριάκοντα, μεθ᾽ ὃ δὲ ὑπὸ Ῥωμαίων ἀπεδέδεικτο ἑπτὰ καὶ τριάκοντα, ἀνὴρ ὠμὸς",English/book-17.xml,english-book17-num188,942,element-edge,english-book17-num188,milestone[2],"having reigned, since he had procured Antigonus to be slain, thirty-four years; but since he had been declared king by the Romans,"
B78-table1-row166,17,14,[XIIII],[XIIII],SUPPLIED,194,EXACT_NIESE_START,CURRENT_ENCODING_CORROBORATED_NOT_FACSIMILE_REINSPECTED,CORROBORATED_BY_CURRENT_CHAPTER_MARKER,"XIIII Tunc Salome et alexas cunctam militiam congregantes in ampitheatro quod ierichun te erat, primum quidem epistolam regis legi",426,,,BAMBERG_ONLY,,,B78-table1-row167,Latin/book-17.xml,latin-book17-num193,289,element-edge,latin-book17-num193,milestone[1],"XIIII Tunc Salome et alexas cunctam militiam congregantes in ampitheatro quod ierichun te erat, primum quidem epistolam regis legi",Greek/book-17.xml,greek-book17-num193,269,element-edge,greek-book17-num193,milestone[1],"ἐφανεροῦτο δ᾽ ἤδη ὁ θάνατος τοῦ βασιλέως, καὶ Σαλώμη καὶ Ἀλεξᾶς συναγαγόντες τὸ στρατιωτικὸν εἰς τὸ ἀμφιθέατρον τὸ ἐν Ἱεριχοῦντι π",English/book-17.xml,english-book17-num193,280,element-edge,english-book17-num193,milestone[1],"And now the king's death was made public, when Salome and Alexas gathered the soldiery together in the amphitheater at Jericho; an"
B78-table1-row167,17,15,[XV],[XV],SUPPLIED,196,EXACT_NIESE_START,HIGH_CURRENT_TEXT_CORROBORATION,CORROBORATED_BY_CURRENT_LITERAL_NUMERAL,XV e hinc sepulturam regi praeparabant curae namque fuit archelao ut exequiae patris quam magnifica possent celebritate degerentur,426,,,BAMBERG_ONLY,,,B78-table1-row168,Latin/book-17.xml,latin-book17-num196,0,paragraph,latin-book17-num196,,XV e hinc sepulturam regi praeparabant curae namque fuit archelao ut exequiae patris quam magnifica possent celebritate degerentur,Greek/book-17.xml,greek-book17-num196,0,paragraph,greek-book17-num196,,Ἐντεῦθεν δὲ τάφον ἡτοίμαζον τῷ βασιλεῖ μελῆσαν Ἀρχελάῳ πολυτελεστάτην γενέσθαι τὴν ἐκκομιδὴν τοῦ πατρὸς καὶ πάντα τὸν κόσμον προκο,English/book-17.xml,english-book17-num196,0,paragraph,english-book17-num196,,"After this was over, they prepared for his funeral, it being Archelaus's care that the procession to his father's sepulcher should"
B78-table1-row168,17,16,[XVI],[XVI],SUPPLIED,206,EXACT_NIESE_START,HIGH_CURRENT_TEXT_CORROBORATION,CORROBORATED_BY_CURRENT_LITERAL_NUMERAL,XVI Cum haec interim aguntur congregantur iudaeorum iuuenes plurimi nouarum rerum cupidine concitati et ceperunt de morte mathiae ,427,,,EXACT_MATCH,LOEB-17-Chapter-9-0,,B78-table1-row169,Latin/book-17.xml,latin-book17-num206,0,paragraph,latin-book17-num206,,XVI Cum haec interim aguntur congregantur iudaeorum iuuenes plurimi nouarum rerum cupidine concitati et ceperunt de morte mathiae ,Greek/book-17.xml,greek-book17-num206,0,paragraph,greek-book17-num206,,"Ἐν τούτῳ δέ τινες τῶν Ἰουδαίων συνελθόντες νεωτέρων ἐπιθυμίᾳ πραγμάτων Ματθίαν καὶ τοὺς σὺν αὐτῷ ὑφ᾽ Ἡρώδου ἀποθανόντας, οἳ παραχρ",English/book-17.xml,english-book17-num206,0,paragraph,english-book17-num206,,"AT this time also it was that some of the Jews got together out of a desire of innovation. They lamented Matthias, and those that "
B78-table1-row169,17,17,[XVII],[XVII],SUPPLIED,222,WITHIN_NIESE,CURRENT_ENCODING_CORROBORATED_NOT_FACSIMILE_REINSPECTED,CORROBORATED_BY_CURRENT_CHAPTER_MARKER,"XVII Sed cum roman nauigasset archelaus, uarus autem perrexit antiochiam sabinus ascendit in hierosolimam et aulas regias optinet,",428,,,BAMBERG_ONLY,,,B78-table1-row170,Latin/book-17.xml,latin-book17-num213,2783,element-edge,latin-book17-num213,milestone[1],"XVII Sed cum roman nauigasset archelaus, uarus autem perrexit antiochiam sabinus ascendit in hierosolimam et aulas regias optinet,",Greek/book-17.xml,greek-book17-num213,2530,element-edge,greek-book17-num213,milestone[1],"ἐπεὶ δ᾽ ἐκπλεῖ μὲν ἐπὶ τῆς Ῥώμης Ἀρχέλαος, Οὐάρῳ δ᾽ ἐπ᾽ Ἀντιοχείας ἐγένοντο κομιδαί, Σαβῖνος ἐπὶ Ἱεροσολύμων χωρήσας παραλαμβάνει ",English/book-17.xml,english-book17-num213,3461,element-edge,english-book17-num213,milestone[1],"But after Archelaus was sailed for Rome, and Varus was removed to Antioch, Sabinus went to Jerusalem, and seized on the king's pal"
B78-table1-row170,17,18,[XVIII],[XVIII],SUPPLIED,253,WITHIN_NIESE,CURRENT_ENCODING_CORROBORATED_NOT_FACSIMILE_REINSPECTED,CORROBORATED_BY_CURRENT_CHAPTER_MARKER,XVIII Sed etiam arces uiolenter obtinuerat et thesauros regios scrutatus sumpserat lucrorum et rapinarum cupidine concitatus,431,,,BAMBERG_ONLY,,,B78-table1-row171,Latin/book-17.xml,latin-book17-num250,816,element-edge,latin-book17-num250,milestone[1],XVIII Sed etiam arces uiolenter obtinuerat et thesauros regios scrutatus sumpserat lucrorum et rapinarum cupidine concitatus,Greek/book-17.xml,greek-book17-num250,863,element-edge,greek-book17-num250,milestone[1],τάς τε γὰρ ἄκρας ἐβιάζετο παραλαμβάνειν καὶ τῶν βασιλικῶν χρημάτων ἐπ᾽ ἐρεύνῃ προθύμως ὥρμητο βίᾳ διὰ κέρδη καὶ πλεονεξιῶν ἐπιθυμί,English/book-17.xml,english-book17-num250,1041,element-edge,english-book17-num250,milestone[1],"for he used force in seizing the citadels, and zealously pressed on the search after the king's money, in order to seize upon it b"
B78-table1-row171,17,19,XVIIII,XVIIII,LITERAL,299,WITHIN_NIESE,CURRENT_ENCODING_CORROBORATED_NOT_FACSIMILE_REINSPECTED,CORROBORATED_BY_CURRENT_CHAPTER_MARKER,"XVIIII Archelao uero apud romam aliorumnegotiorum principia pullulabant, quorum haec erat causa. Venerat romani legatio iudaeorum ",435,,,SAME_NIESE_DIFFERENT_POSITION,,LOEB-17-Chapter-11-0,BOOK_END,Latin/book-17.xml,latin-book17-num299,147,element-edge,latin-book17-num299,milestone[1],"XVIIII Archelao uero apud romam aliorumnegotiorum principia pullulabant, quorum haec erat causa. Venerat romani legatio iudaeorum ",Greek/book-17.xml,greek-book17-num299,117,element-edge,greek-book17-num299,milestone[1],Ἀρχελάῳ δ᾽ ἐπὶ Ῥώμης ἑτέρων πραγμάτων ἐφύοντο ἀρχαὶ κατὰ τοιαύτας αἰτίας. ἀφίκετο εἰς τὴν Ῥώμην πρεσβεία Ἰουδαίων Οὐάρου τὸν ἀπόστ,English/book-17.xml,english-book17-num299,118,element-edge,english-book17-num299,milestone[1],"but as for Archelaus, he had new sources of trouble come upon him at Rome, on the occasions following: for an embassage of the Jew"
B78-table1-row173,18,1,[I],[I],SUPPLIED,1,EXACT_NIESE_START,CURRENT_ENCODING_CORROBORATED_NOT_FACSIMILE_REINSPECTED,CORROBORATED_BY_CURRENT_CHAPTER_MARKER,Cyrenius autem unus de his qui semper in consultatione congregabantur uir per omnium magisteriorum et principiorum officio caelebr,442,,,EXACT_MATCH,LOEB-18-Chapter-1-0,,B78-table1-row174,Latin/book-18.xml,latin-book18-num1,0,paragraph,latin-book18-num1,,Cyrenius autem unus de his qui semper in consultatione congregabantur uir per omnium magisteriorum et principiorum officio caelebr,Greek/book-18.xml,greek-book18-num1,34,anchor,trad-greek-LOEB-18-Chapter-1-0,,Κυρίνιος δὲ τῶν εἰς τὴν βουλὴν συναγομένων ἀνὴρ τάς τε ἄλλας ἀρχὰς ἐπιτετελεκὼς καὶ διὰ πασῶν ὁδεύσας ὕπατος γενέσθαι τά τε ἄλλα ἀ,English/book-18.xml,english-book18-num1,0,paragraph,english-book18-num1,,"NOW Cyrenius, a Roman senator, and one who had gone through other magistracies, and had passed through them till he had been consu"
B78-table1-row174,18,2,II,II,LITERAL,2,EXACT_NIESE_START,CURRENT_ENCODING_CORROBORATED_NOT_FACSIMILE_REINSPECTED,CORROBORATED_BY_CURRENT_CHAPTER_MARKER,II Mittitur etiam cum eo copinius ductor totius et equestris agminis potestatemque iudęorum omnium gerens. Uenit etiam tyrenius iu,442,,,BAMBERG_ONLY,,,B78-table1-row175,Latin/book-18.xml,latin-book18-num1,359,element-edge,latin-book18-num1,milestone[2],II Mittitur etiam cum eo copinius ductor totius et equestris agminis potestatemque iudęorum omnium gerens. Uenit etiam tyrenius iu,Greek/book-18.xml,greek-book18-num1,293,element-edge,greek-book18-num1,milestone[2],"Κωπώνιός τε αὐτῷ συγκαταπέμπεται τάγματος τῶν ἱππέων, ἡγησόμενος Ἰουδαίων τῇ ἐπὶ πᾶσιν ἐξουσίᾳ. παρῆν δὲ καὶ Κυρίνιος εἰς τὴν Ἰουδ",English/book-18.xml,english-book18-num1,330,element-edge,english-book18-num1,milestone[2],"Coponius also, a man of the equestrian order, was sent together with him, to have the supreme power over the Jews. Moreover, Cyren"
B78-table1-row175,18,3,III,III,LITERAL,4,EXACT_NIESE_START,CURRENT_ENCODING_CORROBORATED_NOT_FACSIMILE_REINSPECTED,CORROBORATED_BY_CURRENT_CHAPTER_MARKER,"III Sed iudas gaulonites homo ex ciuitate cui nomen erat gamalas saddocum pharisaeum sibi coniungens, recessionem fecere festinaba",442,,,BAMBERG_ONLY,,,B78-table1-row176,Latin/book-18.xml,latin-book18-num1,891,element-edge,latin-book18-num1,milestone[3],"III Sed iudas gaulonites homo ex ciuitate cui nomen erat gamalas saddocum pharisaeum sibi coniungens, recessionem fecere festinaba",Greek/book-18.xml,greek-book18-num1,806,element-edge,greek-book18-num1,milestone[3],"Ἰούδας δὲ Γαυλανίτης ἀνὴρ ἐκ πόλεως ὄνομα Γάμαλα Σάδδωκον Φαρισαῖον προσλαβόμενος ἠπείγετο ἐπὶ ἀποστάσει, τήν τε ἀποτίμησιν οὐδὲν ",English/book-18.xml,english-book18-num1,936,element-edge,english-book18-num1,milestone[3],"Yet was there one Judas, a Gaulonite, of a city whose name was Gamala, who, taking with him Sadduc, a Pharisee, became zealous to "
B78-table1-row176,18,4,IIII,IIII,LITERAL,6,EXACT_NIESE_START,CURRENT_ENCODING_CORROBORATED_NOT_FACSIMILE_REINSPECTED,CORROBORATED_BY_CURRENT_CHAPTER_MARKER,"IIII His itaque dictis amplius eorum animus concitatur, ut etiam ab homicidiis nullo modo parcerent, quem cum magna uoluntate quic",442,,,BAMBERG_ONLY,,,B78-table1-row177,Latin/book-18.xml,latin-book18-num1,1408,element-edge,latin-book18-num1,milestone[4],"IIII His itaque dictis amplius eorum animus concitatur, ut etiam ab homicidiis nullo modo parcerent, quem cum magna uoluntate quic",Greek/book-18.xml,greek-book18-num1,1367,element-edge,greek-book18-num1,milestone[4],"καὶ ἡδονῇ γὰρ τὴν ἀκρόασιν ὧν λέγοιεν ἐδέχοντο οἱ ἄνθρωποι, προύκοπτεν ἐπὶ μέγα ἡ ἐπιβολὴ τοῦ τολμήματος, κακόν τε οὐκ ἔστιν, οὗ μ",English/book-18.xml,english-book18-num1,1708,element-edge,english-book18-num1,milestone[4],"so men received what they said with pleasure, and this bold attempt proceeded to a great height. All sorts of misfortunes also spr"
B78-table1-row177,18,5,V,V,LITERAL,11,EXACT_NIESE_START,CURRENT_ENCODING_CORROBORATED_NOT_FACSIMILE_REINSPECTED,CORROBORATED_BY_CURRENT_CHAPTER_MARKER,"IUdaeis igitur philosophiae tres erant etiam in die abicio institutis patriis destitutae relictae, essenorum saduceorum, et tertia",442,,,BAMBERG_ONLY,,,B78-table1-row178,Latin/book-18.xml,latin-book18-num11,0,paragraph,latin-book18-num11,,"IUdaeis igitur philosophiae tres erant etiam in die abicio institutis patriis destitutae relictae, essenorum saduceorum, et tertia",Greek/book-18.xml,greek-book18-num11,0,paragraph,greek-book18-num11,,"Ἰουδαίοις φιλοσοφίαι τρεῖς ἦσαν ἐκ τοῦ πάνυ ἀρχαίου τῶν πατρίων, ἥ τε τῶν Ἐσσηνῶν καὶ ἡ τῶν Σαδδουκαίων, τρίτην δὲ ἐφιλοσόφουν οἱ ",English/book-18.xml,english-book18-num11,0,paragraph,english-book18-num11,,"The Jews had for a great while had three sects of philosophy peculiar to themselves; the sect of the Essens, and the sect of the S"
B78-table1-row178,18,6,VI,VI,LITERAL,27,EXACT_NIESE_START,CURRENT_ENCODING_CORROBORATED_NOT_FACSIMILE_REINSPECTED,CORROBORATED_BY_CURRENT_CHAPTER_MARKER,"VI Herodes autem et philippus, tetrarchiam suam eorum unusquisque suscipiens, herodes seforin muro circumdedit ad instar et simili",443,,,BAMBERG_ONLY,,,B78-table1-row180,Latin/book-18.xml,latin-book18-num26,291,element-edge,latin-book18-num26,milestone[1],"VI Herodes autem et philippus, tetrarchiam suam eorum unusquisque suscipiens, herodes seforin muro circumdedit ad instar et simili",Greek/book-18.xml,greek-book18-num26,291,element-edge,greek-book18-num26,milestone[1],Ἡρώδης δὲ καὶ Φίλιππος τετραρχίαν ἑκάτερος τὴν ἑαυτοῦ παρειληφότες καθίσταντο. καὶ Ἡρώδης Σέπφωριν τειχίσας πρόσχημα τοῦ Γαλιλαίου,English/book-18.xml,english-book18-num26,350,element-edge,english-book18-num26,milestone[1],"while Herod and Philip had each of them received their own tetrarchy, and settled the affairs thereof. Herod also built a wall abo"
B78-table1-row180,18,7,VIIII,VIIII,LITERAL,55,EXACT_NIESE_START,HIGH_CURRENT_TEXT_CORROBORATION,CORROBORATED_BY_CURRENT_LITERAL_NUMERAL,VIIII Pilatus autem iudeae rector exercitum de caesarea secum assumens. Tendit ad ierosolima ut leges solueret iudaeorum. Nam secu,446,,,EXACT_MATCH,LOEB-18-Chapter-3-0,,B78-table1-row181,Latin/book-18.xml,latin-book18-num55,0,paragraph,latin-book18-num55,,VIIII Pilatus autem iudeae rector exercitum de caesarea secum assumens. Tendit ad ierosolima ut leges solueret iudaeorum. Nam secu,Greek/book-18.xml,greek-book18-num55,0,paragraph,greek-book18-num55,,Πιλᾶτος δὲ ὁ τῆς Ἰουδαίας ἡγεμὼν στρατιὰν ἐκ Καισαρείας ἀγαγὼν καὶ μεθιδρύσας χειμαδιοῦσαν ἐν Ἱεροσολύμοις ἐπὶ καταλύσει τῶν νομίμ,English/book-18.xml,english-book18-num55,0,paragraph,english-book18-num55,,"BUT now Pilate, the procurator of Judea, removed the army from Cesarea to Jerusalem, to take their winter quarters there, in order"
B78-table1-row181,18,8,X,X,LITERAL,65,EXACT_NIESE_START,HIGH_CURRENT_TEXT_CORROBORATION,CORROBORATED_BY_CURRENT_LITERAL_NUMERAL,"X Eisdem temporibus alia iudaeos seui ora perturbant. Nam etiam in templo isidis quod romae fuerat constitutum, factum quoddam tur",446,,,BAMBERG_ONLY,,,B78-table1-row182,Latin/book-18.xml,latin-book18-num65,0,paragraph,latin-book18-num65,,"X Eisdem temporibus alia iudaeos seui ora perturbant. Nam etiam in templo isidis quod romae fuerat constitutum, factum quoddam tur",Greek/book-18.xml,greek-book18-num65,0,paragraph,greek-book18-num65,,Καὶ ὑπὸ τοὺς αὐτοὺς χρόνους ἕτερόν τι δεινὸν ἐθορύβει τοὺς Ἰουδαίους καὶ περὶ τὸ ἱερὸν τῆς Ἴσιδος τὸ ἐν Ῥώμῃ πράξεις αἰσχυνῶν οὐκ ,English/book-18.xml,english-book18-num65,0,paragraph,english-book18-num65,,"About the same time also another sad calamity put the Jews into disorder, and certain shameful practices happened about the temple"
B78-table1-row182,18,9,XI,XI,LITERAL,88,EXACT_NIESE_START,HIGH_CURRENT_TEXT_CORROBORATION,CORROBORATED_BY_CURRENT_LITERAL_NUMERAL,XI Sed ex hoc samara eorum gente turbata cuncti priores ad uitellium ueniunt qui per id tempus gerebat syriae principatum atque ap,448,,,BAMBERG_ONLY,,,B78-table1-row183,Latin/book-18.xml,latin-book18-num88,0,paragraph,latin-book18-num88,,XI Sed ex hoc samara eorum gente turbata cuncti priores ad uitellium ueniunt qui per id tempus gerebat syriae principatum atque ap,Greek/book-18.xml,greek-book18-num88,0,paragraph,greek-book18-num88,,Καταστάντος δὲ τοῦ θορύβου Σαμαρέων ἡ βουλὴ παρὰ Οὐιτέλλιον ὑπατικὸν ἴασιν ἄνδρα Συρίας τὴν ἡγεμονίαν ἔχοντα καὶ Πιλάτου κατηγόρου,English/book-18.xml,english-book18-num88,0,paragraph,english-book18-num88,,"But when this tumult was appeased, the Samaritan senate sent an embassy to Vitellius, a man that had been consul, and who was now "
B78-table1-row183,18,10,XII,XII,LITERAL,89,WITHIN_NIESE,CURRENT_ENCODING_CORROBORATED_NOT_FACSIMILE_REINSPECTED,CORROBORATED_BY_CURRENT_CHAPTER_MARKER,XII Pilatum autem romam pergere ut de his quae a iudaeis accusabatur se in iudicio caesaris expurgaret. Tunc pilatus postquam in i,448 ,,,BAMBERG_ONLY,,,B78-table1-row184,Latin/book-18.xml,latin-book18-num88,365,element-edge,latin-book18-num88,milestone[2],XII Pilatum autem romam pergere ut de his quae a iudaeis accusabatur se in iudicio caesaris expurgaret. Tunc pilatus postquam in i,Greek/book-18.xml,greek-book18-num88,352,element-edge,greek-book18-num88,milestone[2],Πιλᾶτον ἐκέλευσεν ἐπὶ Ῥώμης ἀπιέναι πρὸς ἃ κατηγοροῖεν οἱ Σαμαρεῖται διδάξοντα τὸν αὐτοκράτορα. καὶ Πιλᾶτος δέκα ἔτεσιν διατρίψας ,English/book-18.xml,english-book18-num88,407,element-edge,english-book18-num88,milestone[2],"and ordered Pilate to go to Rome, to answer before the emperor to the accusations of the Jews. So Pilate, when he had tarried ten "
B78-table1-row184,18,11,XIII,XIII,LITERAL,90,EXACT_NIESE_START,HIGH_CURRENT_TEXT_CORROBORATION,CORROBORATED_BY_CURRENT_LITERAL_NUMERAL,XIII Uitellius autem ueniens in iudaeam ascendit ierosolimam et erat forte tum festiuitas a maioribus instituta quae pascha uocatu,448 ,,,BAMBERG_ONLY,,,B78-table1-row185,Latin/book-18.xml,latin-book18-num90,0,paragraph,latin-book18-num90,,XIII Uitellius autem ueniens in iudaeam ascendit ierosolimam et erat forte tum festiuitas a maioribus instituta quae pascha uocatu,Greek/book-18.xml,greek-book18-num90,0,paragraph,greek-book18-num90,,"Οὐιτέλλιος δὲ εἰς τὴν Ἰουδαίαν ἀφικόμενος ἐπὶ Ἱεροσολύμων ἀνῄει, καὶ ἦν γὰρ αὐτοῖς ἑορτὴ πάτριος, πάσχα δὲ καλεῖται, δεχθεὶς μεγαλ",English/book-18.xml,english-book18-num90,0,paragraph,english-book18-num90,,"But Vitellius came into Judea, and went up to Jerusalem; it was at the time of that festival which is called the Passover. Vitelli"
B78-table1-row185,18,12,XIIII,XIIII,LITERAL,96,EXACT_NIESE_START,HIGH_CURRENT_TEXT_CORROBORATION,CORROBORATED_BY_CURRENT_LITERAL_NUMERAL,XIIII Mittit etiam tyberius ad uitellium litteras iubens ei ut amicitiam cum artabano parthorum imperatore conficeret. Terrebat en,449,,,BAMBERG_ONLY,,,B78-table1-row186,Latin/book-18.xml,latin-book18-num96,0,paragraph,latin-book18-num96,,XIIII Mittit etiam tyberius ad uitellium litteras iubens ei ut amicitiam cum artabano parthorum imperatore conficeret. Terrebat en,Greek/book-18.xml,greek-book18-num96,0,paragraph,greek-book18-num96,,"Πέμπει δὲ καὶ Τιβέριος ὡς Οὐιτέλλιον γράμματα, κελεύων αὐτῷ πράσσειν φιλίαν πρὸς Ἀρτάβανον τὸν Πάρθων βασιλέα: ἐφόβει γὰρ αὐτὸν ἐχ",English/book-18.xml,english-book18-num96,0,paragraph,english-book18-num96,,"Moreover, Tiberius sent a letter to Vitellius, and commanded him to make a league of friendship with Artabanus, the king of Parthi"
B78-table1-row186,18,13,XV,XV,LITERAL,106,EXACT_NIESE_START,HIGH_CURRENT_TEXT_CORROBORATION,CORROBORATED_BY_CURRENT_LITERAL_NUMERAL,"XV Tunc etiam philippus herodis huius frater uita defungitur, uicesimo quidem secundo anno imperante tyberio. Ipse autem per XXXII",450,,,BAMBERG_ONLY,,,B78-table1-row187,Latin/book-18.xml,latin-book18-num106,0,paragraph,latin-book18-num106,,"XV Tunc etiam philippus herodis huius frater uita defungitur, uicesimo quidem secundo anno imperante tyberio. Ipse autem per XXXII",Greek/book-18.xml,greek-book18-num106,0,paragraph,greek-book18-num106,,"Τότε δὲ καὶ Φίλιππος, Ἡρώδου δὲ ἦν ἀδελφός, τελευτᾷ τὸν βίον εἰκοστῷ μὲν ἐνιαυτῷ τῆς Τιβερίου ἀρχῆς, ἡγησάμενος δὲ αὐτὸς ἑπτὰ καὶ ",English/book-18.xml,english-book18-num106,0,paragraph,english-book18-num106,,"About this time it was that Philip, Herod's ' brother, departed this life, in the twentieth year of the reign of Tiberius, after h"
B78-table1-row187,18,14,XVI,XVI,LITERAL,142,WITHIN_NIESE,CURRENT_ENCODING_CORROBORATED_NOT_FACSIMILE_REINSPECTED,CORROBORATED_BY_CURRENT_CHAPTER_MARKER,"XVI His itaque herodis genere declaratis nunc de agrippa narrabo uel qualis illi, aduersitas fortunae prouenerit qualiter omnes ca",452,,,BAMBERG_ONLY,,,B78-table1-row188,Latin/book-18.xml,latin-book18-num130,3049,element-edge,latin-book18-num130,milestone[2],"XVI His itaque herodis genere declaratis nunc de agrippa narrabo uel qualis illi, aduersitas fortunae prouenerit qualiter omnes ca",Greek/book-18.xml,greek-book18-num130,3031,element-edge,greek-book18-num130,milestone[1],"τούτων δέ μοι τοῦ γένους προδεδηλωμένων διέξειμι λοιπόν, ὁπόσαι Ἀγρίππᾳ τύχαι συνέλθοιεν, ὥς τε αὐτῶν διάδρασιν ποιησάμενος ἐπὶ μέ",English/book-18.xml,english-book18-num130,3557,element-edge,english-book18-num130,milestone[1],"it now remains that I relate the several hard fortunes which befell Agrippa, and how he got clear of them, and was advanced to the"
B78-table1-row188,18,15,XVII,XVII,LITERAL,240,EXACT_NIESE_START,HIGH_CURRENT_TEXT_CORROBORATION,CORROBORATED_BY_CURRENT_LITERAL_NUMERAL,"XVII Herodias autem soror agrippae quae herodi coniuncta fuerat, tetrarcha enim erat, iste galileae prouinciae et trans iordanem, ",460,,,EXACT_MATCH,LOEB-18-Chapter-7-0,,B78-table1-row189,Latin/book-18.xml,latin-book18-num240,0,paragraph,latin-book18-num240,,"XVII Herodias autem soror agrippae quae herodi coniuncta fuerat, tetrarcha enim erat, iste galileae prouinciae et trans iordanem, ",Greek/book-18.xml,greek-book18-num240,0,paragraph,greek-book18-num240,,"Ἡρωδιὰς δὲ ἡ ἀδελφὴ τοῦ Ἀγρίππου συνοικοῦσα Ἡρώδῃ, τετράρχης δὲ οὗτος ἦν Γαλιλαίας καὶ Περαίας, φθόνῳ τἀδελφοῦ τὴν ἐξουσίαν ἐδέχετ",English/book-18.xml,english-book18-num240,0,paragraph,english-book18-num240,,"BUT Herodias, Agrippa's sister, who now lived as wife to that Herod who was tetrarch of Galilee and Peres, took this authority of "
B78-table1-row189,18,16,XVIII,XVIII,LITERAL,257,EXACT_NIESE_START,HIGH_CURRENT_TEXT_CORROBORATION,CORROBORATED_BY_CURRENT_LITERAL_NUMERAL,"XVIII Illo tempore cum in alexandria seditio proueniret inter iudaeos ibidem habitantes atque paganos, terni ex una quaque parte l",461,,,EXACT_MATCH,LOEB-18-Chapter-8-0,,B78-table1-row190,Latin/book-18.xml,latin-book18-num257,0,paragraph,latin-book18-num257,,"XVIII Illo tempore cum in alexandria seditio proueniret inter iudaeos ibidem habitantes atque paganos, terni ex una quaque parte l",Greek/book-18.xml,greek-book18-num257,0,paragraph,greek-book18-num257,,Καὶ δὴ στάσεως ἐν Ἀλεξανδρείᾳ γενομένης Ἰουδαίων τε οἳ ἐνοικοῦσι καὶ Ἑλλήνων τρεῖς ἀφ᾽ ἑκατέρας τῆς στάσεως πρεσβευταὶ αἱρεθέντες ,English/book-18.xml,english-book18-num257,0,paragraph,english-book18-num257,,"THERE was now a tumult arisen at Alexandria, between the Jewish inhabitants and the Greeks; and three ambassadors were chosen out "
B78-table1-row190,18,17,XVIIII,XVIIII,LITERAL,257,WITHIN_NIESE,CURRENT_ENCODING_CORROBORATED_NOT_FACSIMILE_REINSPECTED,CORROBORATED_BY_CURRENT_CHAPTER_MARKER,"XVIIII Erat uero inter alexandrinorum legatos unus apio nomine qui iudaeos plurimum blasphemabat, multa quidem et alia dicens illu",461,,,SAME_NIESE_DIFFERENT_POSITION,,LOEB-18-Chapter-8-0,B78-table1-row191,Latin/book-18.xml,latin-book18-num257,156,element-edge,latin-book18-num257,milestone[2],"XVIIII Erat uero inter alexandrinorum legatos unus apio nomine qui iudaeos plurimum blasphemabat, multa quidem et alia dicens illu",Greek/book-18.xml,greek-book18-num257,153,element-edge,greek-book18-num257,milestone[2],"καὶ ἦν γὰρ τῶν Ἀλεξανδρέων πρέσβεων εἷς Ἀπίων, ὃς πολλὰ εἰς τοὺς Ἰουδαίους ἐβλασφήμησεν ἄλλα τε λέγων καὶ ὡς τῶν Καίσαρος τιμῶν πε",English/book-18.xml,english-book18-num257,187,element-edge,english-book18-num257,milestone[2],"Now one of these ambassadors from the people of Alexandria was Apion, who uttered many blasphemies against the Jews; and, among ot"
B78-table1-row191,18,18,XX,XX,LITERAL,261,EXACT_NIESE_START,HIGH_CURRENT_TEXT_CORROBORATION,CORROBORATED_BY_CURRENT_LITERAL_NUMERAL,"XX Interea gaius grauiter ferens quod in tanto despectu apud iudaeos solos existeret legatum in syriam mitti, petronium successore",462,,,BAMBERG_ONLY,,,B78-table1-row192,Latin/book-18.xml,latin-book18-num261,0,paragraph,latin-book18-num261,,"XX Interea gaius grauiter ferens quod in tanto despectu apud iudaeos solos existeret legatum in syriam mitti, petronium successore",Greek/book-18.xml,greek-book18-num261,0,paragraph,greek-book18-num261,,Γάιος δὲ ἐν δεινῷ φέρων εἰς τοσόνδε ὑπὸ Ἰουδαίων περιῶφθαι μόνων πρεσβευτὴν ἐπὶ Συρίας ἐκπέμπει Πετρώνιον διάδοχον Οὐιτελλίῳ τῆς ἀ,English/book-18.xml,english-book18-num261,0,paragraph,english-book18-num261,,"Hereupon Caius, taking it very heinously that he should be thus despised by the Jews alone, sent Petronius to be president of Syri"
B78-table1-row192,18,19,XXI,XXI,LITERAL,310,EXACT_NIESE_START,HIGH_CURRENT_TEXT_CORROBORATION,CORROBORATED_BY_CURRENT_LITERAL_NUMERAL,"XXI Contigit etiam per id tempus iudaeis, illis qui in mesopotamia et babylonia habitabant ualde magna calamitas, ubi quoque multa",465,,,EXACT_MATCH,LOEB-18-Chapter-9-0,,BOOK_END,Latin/book-18.xml,latin-book18-num310,0,paragraph,latin-book18-num310,,"XXI Contigit etiam per id tempus iudaeis, illis qui in mesopotamia et babylonia habitabant ualde magna calamitas, ubi quoque multa",Greek/book-18.xml,greek-book18-num310,0,paragraph,greek-book18-num310,,Γίνεται δὲ καὶ περὶ τοὺς ἐν τῇ Μεσοποταμίᾳ καὶ μάλιστα τὴν Βαβυλωνίαν οἰκοῦντας Ἰουδαίους συμφορὰ δεινὴ καὶ οὐδεμιᾶς ἧστινος ἐλάσσ,English/book-18.xml,english-book18-num310,0,paragraph,english-book18-num310,,"A VERY sad calamity now befell the Jews that were in Mesopotamia, and especially those that dwelt in Babylonia. Inferior it was to"
B78-table1-row194,19,1,[I],[I],SUPPLIED,1,EXACT_NIESE_START,CURRENT_ENCODING_CORROBORATED_NOT_FACSIMILE_REINSPECTED,CORROBORATED_BY_CURRENT_CHAPTER_MARKER,Gaius autem non in solos iudaeos qui in ierosolimis fuere et eos qui in his regionibus habitabant iniustitiae suae demonstrabat in,471,,,EXACT_MATCH,LOEB-19-Chapter-1-0,,B78-table1-row195,Latin/book-19.xml,latin-book19-num1,0,paragraph,latin-book19-num1,,Gaius autem non in solos iudaeos qui in ierosolimis fuere et eos qui in his regionibus habitabant iniustitiae suae demonstrabat in,Greek/book-19.xml,greek-book19-num1,48,anchor,trad-greek-LOEB-19-Chapter-1-0,,"Γάιος δὲ οὐκ εἰς μόνους Ἰουδαίους τοὺς ἐν Ἱεροσολύμοις καὶ τοὺς ὁπόσοι τῇδε οἰκοῦσιν ἐπεδείκνυτο τῆς ὕβρεως τὴν μανίαν, ἀλλὰ διὰ π",English/book-19.xml,english-book19-num1,0,paragraph,english-book19-num1,,"NOW this Caius did not demonstrate his madness in offering injuries only to the Jews at Jerusalem, or to those that dwelt in the n"
B78-table1-row195,19,2,II,II,LITERAL,162,EXACT_NIESE_START,HIGH_CURRENT_TEXT_CORROBORATION,CORROBORATED_BY_CURRENT_LITERAL_NUMERAL,II Interea subito dedo raptus est claudius. Milites enim facto consilio alterutri de rebus agendis dedere sermonem. Uidebant enim ,481,,,EXACT_MATCH,LOEB-19-Chapter-2-0,,B78-table1-row196,Latin/book-19.xml,latin-book19-num162,0,paragraph,latin-book19-num162,,II Interea subito dedo raptus est claudius. Milites enim facto consilio alterutri de rebus agendis dedere sermonem. Uidebant enim ,Greek/book-19.xml,greek-book19-num162,0,paragraph,greek-book19-num162,,"Ἐν τούτῳ δὴ ὄντων τῶν πραγμάτων αἰφνίδιον ἀρπάζεται Κλαύδιος ἐκ τῆς οἰκίας: οἱ γὰρ στρατιῶται συνόδου γενομένης αὐτοῖς, ἀλλήλοις κ",English/book-19.xml,english-book19-num162,0,paragraph,english-book19-num162,,"WHEN the public affairs were in this posture, Claudius was on the sudden hurried away out of his house; for the soldiers had a mee"
B78-table1-row196,19,3,III,III,LITERAL,237,EXACT_NIESE_START,CURRENT_ENCODING_CORROBORATED_NOT_FACSIMILE_REINSPECTED,CORROBORATED_BY_CURRENT_CHAPTER_MARKER,III Hic ergo agrippa completis sollemnibus circa mortem gai a quo fuerat honoratus et eius lectum lugubriter persecutus agnoscens ,485,,,BAMBERG_ONLY,,,B78-table1-row197,Latin/book-19.xml,latin-book19-num236,268,element-edge,latin-book19-num236,milestone[1],III Hic ergo agrippa completis sollemnibus circa mortem gai a quo fuerat honoratus et eius lectum lugubriter persecutus agnoscens ,Greek/book-19.xml,greek-book19-num236,299,element-edge,greek-book19-num236,milestone[1],"πράξας μὲν καὶ περὶ Γάιον οἷον εἰκὸς ἄνδρα ὑπ᾽ αὐτοῦ διὰ τιμῆς ἠγμένον, καὶ γὰρ τὸν νεκρὸν περιέσπεν τοῦ Γαΐου καὶ ἀναθέμενος ἐπὶ ",English/book-19.xml,english-book19-num236,494,element-edge,english-book19-num236,milestone[1],"Now this Agrippa, with relation to Caius, did what became one that had been so much honored by him; for he embraced Caius's body a"
B78-table1-row197,19,4,IIII,IIII,LITERAL,274,EXACT_NIESE_START,HIGH_CURRENT_TEXT_CORROBORATION,CORROBORATED_BY_CURRENT_LITERAL_NUMERAL,"IIII Claudius itaque susceptus milites dispergens, edicta proposuit. Et principatum agrippae quod gaius ei praestiterat ipse confi",488,,,EXACT_MATCH,LOEB-19-Chapter-5-0,,B78-table1-row198,Latin/book-19.xml,latin-book19-num274,0,paragraph,latin-book19-num274,,"IIII Claudius itaque susceptus milites dispergens, edicta proposuit. Et principatum agrippae quod gaius ei praestiterat ipse confi",Greek/book-19.xml,greek-book19-num274,0,paragraph,greek-book19-num274,,"Κλαύδιος δὲ τοῦ στρατιωτικοῦ πᾶν ὅ τι ἦν ὕποπτον ἐκ τοῦ ὀξέος ἀποσκευασάμενος διάγραμμα προυτίθει τήν τε ἀρχὴν Ἀγρίππα βεβαιῶν, ἣν",English/book-19.xml,english-book19-num274,0,paragraph,english-book19-num274,,"NOW when Claudius had taken out of the way all those soldiers whom he suspected, which he did immediately, he published an edict, "
B78-table1-row198,19,5,V,V,LITERAL,292,WITHIN_NIESE,CURRENT_ENCODING_CORROBORATED_NOT_FACSIMILE_REINSPECTED,CORROBORATED_BY_CURRENT_CHAPTER_MARKER,"V Mox autem etiam agrippam reddito ei regno, maximis cumulatum donis, remisit ad propria, principibus et prouinciarum atque praesi",489,,,SAME_NIESE_DIFFERENT_POSITION,,LOEB-19-Chapter-6-0,B78-table1-row199,Latin/book-19.xml,latin-book19-num292,133,element-edge,latin-book19-num292,milestone[1],"V Mox autem etiam agrippam reddito ei regno, maximis cumulatum donis, remisit ad propria, principibus et prouinciarum atque praesi",Greek/book-19.xml,greek-book19-num292,146,element-edge,greek-book19-num292,milestone[1],αὐτίκα δὲ Ἀγρίππαν κομιούμενον τὴν βασιλείαν ἐπὶ τιμαῖς λαμπροτέραις ἐξέπεμψε τοῖς ἐπὶ τῶν ἐπαρχιῶν ἡγεμόσιν καὶ τοῖς ἐπιτρόποις δ,English/book-19.xml,english-book19-num292,153,element-edge,english-book19-num292,milestone[1],"So he soon sent Agrippa away to take his kingdom, now he was advanced to a more illustrious dignity than before, and sent letters "
B78-table1-row199,19,6,VI,VI,LITERAL,302,WITHIN_NIESE,CURRENT_ENCODING_CORROBORATED_NOT_FACSIMILE_REINSPECTED,CORROBORATED_BY_CURRENT_CHAPTER_MARKER,VI Haec cum magna indignatione scripta direxit. Publius petronius legatus tyberii claudii caesaris pii germanici primatibus dorien,489,,,BAMBERG_ONLY,,,B78-table1-row200,Latin/book-19.xml,latin-book19-num299,880,element-edge,latin-book19-num299,milestone[1],VI Haec cum magna indignatione scripta direxit. Publius petronius legatus tyberii claudii caesaris pii germanici primatibus dorien,Greek/book-19.xml,greek-book19-num299,788,element-edge,greek-book19-num299,milestone[1],τοῖς ἀποστᾶσι τῶν Δωριτῶν σὺν ὀργῇ ταῦτ᾽ ἔγραψεν: ‘Πούπλιος Πετρώνιος πρεσβευτὴς Τιβερίου Κλαυδίου Καίσαρος Σεβαστοῦ Γερμανικοῦ Δω,English/book-19.xml,english-book19-num299,1005,element-edge,english-book19-num299,milestone[1],"So he wrote the following letter to the people of Doris in an angry strain: ""Publius Petronius, the president under Tiberius Claud"
B78-table1-row200,19,7,VII,VII,LITERAL,326,EXACT_NIESE_START,CURRENT_ENCODING_CORROBORATED_NOT_FACSIMILE_REINSPECTED,CORROBORATED_BY_CURRENT_CHAPTER_MARKER,"Ierosolimorum uero muros quic arca nouam respiciunt ciuitatem, publicis sumptibus munitissimos latitudine et altitudine fabricatus",491,,,BAMBERG_ONLY,,,B78-table1-row201,Latin/book-19.xml,latin-book19-num326,0,paragraph,latin-book19-num326,,"Ierosolimorum uero muros quic arca nouam respiciunt ciuitatem, publicis sumptibus munitissimos latitudine et altitudine fabricatus",Greek/book-19.xml,greek-book19-num326,0,paragraph,greek-book19-num326,,"Τὰ δὲ τῶν Ἱεροσολύμων τείχη τὰ πρὸς τὴν καινὴν νεύοντα πόλιν δημοσίαις ὠχύρου δαπάναις, τῇ μὲν εὐρύνων εἰς πλάτος τῇ δὲ εἰς ὕψος ἐ",English/book-19.xml,english-book19-num326,0,paragraph,english-book19-num326,,"As for the walls of Jerusalem, that were adjoining to the new city [Bezetha], he repaired them at the expense of the public, and b"
B78-table1-row201,19,8,VIII,VIII,LITERAL,335,EXACT_NIESE_START,HIGH_CURRENT_TEXT_CORROBORATION,CORROBORATED_BY_CURRENT_LITERAL_NUMERAL,"VIII Et cum multis multa concesserit, precipue bericios honorauit. Instruxit enim eis theatrum amplitudine et pulchritudine precip",491,,,BAMBERG_ONLY,,,BOOK_END,Latin/book-19.xml,latin-book19-num335,0,paragraph,latin-book19-num335,,"VIII Et cum multis multa concesserit, precipue bericios honorauit. Instruxit enim eis theatrum amplitudine et pulchritudine precip",Greek/book-19.xml,greek-book19-num335,0,paragraph,greek-book19-num335,,Πολλοῖς δὲ κατασκευάσας πολλὰ Βηρυτίους ἐξαιρέτως ἐτίμησεν: θέατρον γὰρ αὐτοῖς κατεσκεύασε πολυτελείᾳ τε καὶ κάλλει πολλῶν διαφέρο,English/book-19.xml,english-book19-num335,0,paragraph,english-book19-num335,,"Now as Agrippa was a great builder in many places, he paid a peculiar regard to the people of Berytus; for he erected a theater fo"
B78-table1-row203,20,1,[I],[I],SUPPLIED,1,EXACT_NIESE_START,CURRENT_ENCODING_CORROBORATED_NOT_FACSIMILE_REINSPECTED,CORROBORATED_BY_CURRENT_CHAPTER_MARKER,"Moriente siquidem agrippa rege sicut in libro praecedente narrauimus, caesar claudius misit successorem marso cassium longinum mem",494,,,EXACT_MATCH,LOEB-20-Chapter-1-0,,B78-table1-row204,Latin/book-20.xml,latin-book20-num1,0,paragraph,latin-book20-num1,,"Moriente siquidem agrippa rege sicut in libro praecedente narrauimus, caesar claudius misit successorem marso cassium longinum mem",Greek/book-20.xml,greek-book20-num1,41,anchor,trad-greek-LOEB-20-Chapter-1-0,,"Τελευτήσαντος δὲ τοῦ βασιλέως Ἀγρίππα, καθὼς ἐν τῇ πρὸ ταύτης ἀπηγγέλκαμεν βίβλῳ, πέμπει Μάρσῳ διάδοχον Κλαύδιος Καῖσαρ Κάσσιον Λο",English/book-20.xml,english-book20-num1,0,paragraph,english-book20-num1,,"UPON the death of king Agrippa, which we have related in the foregoing book, Claudius Caesar sent Cassius Longinus as successor to"
B78-table1-row204,20,2,II,II,LITERAL,5,EXACT_NIESE_START,CURRENT_ENCODING_CORROBORATED_NOT_FACSIMILE_REINSPECTED,CORROBORATED_BY_CURRENT_CHAPTER_MARKER,"II Tholomeus autem princeps latronum et qui multa mala in idumeis et arabis frequenter intulerat, non multos post deductus ad eum ",494,,,BAMBERG_ONLY,,,B78-table1-row205,Latin/book-20.xml,latin-book20-num1,871,element-edge,latin-book20-num1,milestone[2],"II Tholomeus autem princeps latronum et qui multa mala in idumeis et arabis frequenter intulerat, non multos post deductus ad eum ",Greek/book-20.xml,greek-book20-num1,980,element-edge,greek-book20-num1,milestone[2],ἀναιρεῖται δὲ καὶ Θολομαῖος ὁ ἀρχιλῃστὴς μετ᾽ οὐ πολὺν χρόνον ἀχθεὶς ἐπ᾽ αὐτὸν διατεθεικὼς μέγιστα κακὰ τὴν Ἰδουμαίαν καὶ τοὺς Ἄρα,English/book-20.xml,english-book20-num1,1163,element-edge,english-book20-num1,milestone[2],"Tholomy also, the arch robber, was, after some time, brought to him bound, and slain, but not till he had done a world of mischief"
B78-table1-row205,20,3,III,III,LITERAL,6,EXACT_NIESE_START,CURRENT_ENCODING_CORROBORATED_NOT_FACSIMILE_REINSPECTED,CORROBORATED_BY_CURRENT_CHAPTER_MARKER,III Is enim fadus qui tunc cunctos uocans sacerdotes et priores ierosolimaturum ammonuit eos ut talarem tunicam et sacerdotalem st,494,,,BAMBERG_ONLY,,,B78-table1-row206,Latin/book-20.xml,latin-book20-num1,1112,element-edge,latin-book20-num1,milestone[3],III Is enim fadus qui tunc cunctos uocans sacerdotes et priores ierosolimaturum ammonuit eos ut talarem tunicam et sacerdotalem st,Greek/book-20.xml,greek-book20-num1,1194,element-edge,greek-book20-num1,milestone[3],ὃς δὴ καὶ τότε μεταπεμψάμενος τοὺς ἀρχιερεῖς καὶ τοὺς πρώτους τῶν Ἱεροσολυμιτῶν παρῄνεσεν αὐτοῖς τὸν ποδήρη χιτῶνα καὶ τὴν ἱερὰν σ,English/book-20.xml,english-book20-num1,1418,element-edge,english-book20-num1,milestone[3],"He also at this time sent for the high priests and the principal citizens of Jerusalem, and this at the command of the emperor, an"
B78-table1-row206,20,4,IIII,IIII,LITERAL,10,EXACT_NIESE_START,HIGH_CURRENT_TEXT_CORROBORATION,CORROBORATED_BY_CURRENT_LITERAL_NUMERAL,IIII Vocans itaque claudius legatos iudaeorum promisit se concedere quae petebant iussitque ut agrippae gratias dignas ex solueren,495,,,BAMBERG_ONLY,,,B78-table1-row207,Latin/book-20.xml,latin-book20-num10,0,paragraph,latin-book20-num10,,IIII Vocans itaque claudius legatos iudaeorum promisit se concedere quae petebant iussitque ut agrippae gratias dignas ex solueren,Greek/book-20.xml,greek-book20-num10,0,paragraph,greek-book20-num10,,"Καλέσας δὲ Κλαύδιος τοὺς πρέσβεις ἔφη ταῦτα συγχωρεῖν καὶ ἐκέλευεν αὐτοὺς Ἀγρίππᾳ χάριν εἰδέναι, ταῦτα γὰρ ἐκείνου ποιεῖν ἀξιώσαντ",English/book-20.xml,english-book20-num10,0,paragraph,english-book20-num10,,Hereupon Claudius called for the ambassadors; and told them that he granted their request; and bade them to return their thanks to
B78-table1-row207,20,5,[V],[V],SUPPLIED,17,EXACT_NIESE_START,CURRENT_ENCODING_CORROBORATED_NOT_FACSIMILE_REINSPECTED,CORROBORATED_BY_CURRENT_CHAPTER_MARKER,Eo siquidem tempore helena ad iabenorum regina ei filius eius iazans ad sollemnitatem iudaeorum hac causa proueniente migrati sunt,495	,,,EXACT_MATCH,LOEB-20-Chapter-2-0,,B78-table1-row208,Latin/book-20.xml,latin-book20-num17,0,paragraph,latin-book20-num17,,Eo siquidem tempore helena ad iabenorum regina ei filius eius iazans ad sollemnitatem iudaeorum hac causa proueniente migrati sunt,Greek/book-20.xml,greek-book20-num17,0,paragraph,greek-book20-num17,,Κατὰ τοῦτον δὲ τὸν καιρὸν τῶν Ἀδιαβηνῶν βασιλὶς Ἑλένη καὶ ὁ παῖς αὐτῆς Ἰζάτης εἰς τὰ Ἰουδαίων ἔθη τὸν βίον μετέβαλον διὰ τοιαύτην ,English/book-20.xml,english-book20-num17,0,paragraph,english-book20-num17,,"ABOUT this time it was that Helena, queen of Adiabene, and her son Izates, changed their course of life, and embraced the Jewish c"
B78-table1-row208,20,6,VI,VI,LITERAL,51,WITHIN_NIESE,CURRENT_ENCODING_CORROBORATED_NOT_FACSIMILE_REINSPECTED,CORROBORATED_BY_CURRENT_CHAPTER_MARKER,"VI Nam dum eorum ciuitatem illo tempore fames ad praehendisset, et multi fuissent aeges tate consumpti, helena regina misit quosda",496,,,BAMBERG_ONLY,,,B78-table1-row209,Latin/book-20.xml,latin-book20-num49,550,element-edge,latin-book20-num49,milestone[1],"VI Nam dum eorum ciuitatem illo tempore fames ad praehendisset, et multi fuissent aeges tate consumpti, helena regina misit quosda",Greek/book-20.xml,greek-book20-num49,637,element-edge,greek-book20-num49,milestone[1],λιμοῦ γὰρ αὐτῶν τὴν πόλιν κατὰ τὸν καιρὸν ἐκεῖνον πιεζοῦντος καὶ πολλῶν ὑπ᾽ ἐνδείας ἀναλωμάτων φθειρομένων ἡ βασιλὶς Ἑλένη πέμπει ,English/book-20.xml,english-book20-num49,773,element-edge,english-book20-num49,milestone[1],"for whereas a famine did oppress them at that time, and many people died for want of what was necessary to procure food withal, qu"
B78-table1-row209,20,7,VII,VII,LITERAL,100,EXACT_NIESE_START,HIGH_CURRENT_TEXT_CORROBORATION,CORROBORATED_BY_CURRENT_LITERAL_NUMERAL,VII Venitque fado successor tiberius alexander alexandri filius qui etiam alexandria fuerat alabarchis id est princeps salis gener,499,,,BAMBERG_ONLY,,,B78-table1-row210,Latin/book-20.xml,latin-book20-num100,0,paragraph,latin-book20-num100,,VII Venitque fado successor tiberius alexander alexandri filius qui etiam alexandria fuerat alabarchis id est princeps salis gener,Greek/book-20.xml,greek-book20-num100,0,paragraph,greek-book20-num100,,Ἦλθε δὲ Φάδῳ διάδοχος Τιβέριος Ἀλέξανδρος Ἀλεξάνδρου παῖς τοῦ καὶ ἀλαβαρχήσαντος ἐν Ἀλεξανδρείᾳ γένει τε καὶ πλούτῳ πρωτεύσαντος τ,English/book-20.xml,english-book20-num100,0,paragraph,english-book20-num100,,"Then came Tiberius Alexander as successor to Fadus; he was the son of Alexander the alabarch of Alexandria, which Alexander was a "
B78-table1-row210,20,8,VIII,VIII,LITERAL,103,EXACT_NIESE_START,CURRENT_ENCODING_CORROBORATED_NOT_FACSIMILE_REINSPECTED,CORROBORATED_BY_CURRENT_CHAPTER_MARKER,VIII Herodes autem rex chalcidis remociorem successionem hanc ananiae nibedei contribuit. Liberio autem alexandro cumanus successo,499,,,BAMBERG_ONLY,,,B78-table1-row211,Latin/book-20.xml,latin-book20-num100,639,element-edge,latin-book20-num100,milestone[2],VIII Herodes autem rex chalcidis remociorem successionem hanc ananiae nibedei contribuit. Liberio autem alexandro cumanus successo,Greek/book-20.xml,greek-book20-num100,679,element-edge,greek-book20-num100,milestone[2],ὁ δὲ τῆς Χαλκίδος βασιλεὺς Ἡρώδης μεταστήσας τῆς ἀρχιερωσύνης Ἰώσηπον τὸν τοῦ Καμοιδὶ τὴν διαδοχὴν τῆς τιμῆς Ἀνανίᾳ τῷ τοῦ Νεβεδαί,English/book-20.xml,english-book20-num100,842,element-edge,english-book20-num100,milestone[2],"But now Herod, king of Chalcis, removed Joseph, the son of Camydus, from the high priesthood, and made Ananias, the son of Nebedeu"
B78-table1-row211,20,9,VIIII,VIIII,LITERAL,105,EXACT_NIESE_START,HIGH_CURRENT_TEXT_CORROBORATION,CORROBORATED_BY_CURRENT_LITERAL_NUMERAL,"VIIII Seditione igitur incidente in ierosolimitarum ciuitatem dum cumanus in iudaea pro rerum gubernatione consisteret, multi iuda",499,,,BAMBERG_ONLY,,,B78-table1-row212,Latin/book-20.xml,latin-book20-num105,0,paragraph,latin-book20-num105,,"VIIII Seditione igitur incidente in ierosolimitarum ciuitatem dum cumanus in iudaea pro rerum gubernatione consisteret, multi iuda",Greek/book-20.xml,greek-book20-num105,0,paragraph,greek-book20-num105,,Στάσεως δ᾽ ἐμπεσούσης τῇ τῶν Ἱεροσολυμιτῶν πόλει Κουμανοῦ τὰ κατὰ τὴν Ἰουδαίαν πράγματα διοικοῦντος ἐφθάρησαν ὑπὸ ταύτης πολλοὶ τῶ,English/book-20.xml,english-book20-num105,0,paragraph,english-book20-num105,,"Now while the Jewish affairs were under the administration of Cureanus, there happened a great tumult at the city of Jerusalem, an"
B78-table1-row212,20,10,X,X,LITERAL,118,EXACT_NIESE_START,HIGH_CURRENT_TEXT_CORROBORATION,CORROBORATED_BY_CURRENT_LITERAL_NUMERAL,X Post haec igitur inter samaritas atque iudęos inimicitiae huius modi causa prouenerunt. Mos erat galileis tempori festiuitatum a,500,,,EXACT_MATCH,LOEB-20-Chapter-6-0,,B78-table1-row213,Latin/book-20.xml,latin-book20-num118,0,paragraph,latin-book20-num118,,X Post haec igitur inter samaritas atque iudęos inimicitiae huius modi causa prouenerunt. Mos erat galileis tempori festiuitatum a,Greek/book-20.xml,greek-book20-num118,0,paragraph,greek-book20-num118,,Γίνεται δὲ καὶ Σαμαρείταις πρὸς Ἰουδαίους ἔχθρα δι᾽ αἰτίαν τοιαύτην: ἔθος ἦν τοῖς Γαλιλαίοις ἐν ταῖς ἑορταῖς εἰς τὴν ἱερὰν πόλιν π,English/book-20.xml,english-book20-num118,0,paragraph,english-book20-num118,,"NOW there arose a quarrel between the Samaritans and the Jews on the occasion following: It was the custom of the Galileans, when "
B78-table1-row213,20,11,XI,XI,LITERAL,129,WITHIN_NIESE,CURRENT_ENCODING_CORROBORATED_NOT_FACSIMILE_REINSPECTED,CORROBORATED_BY_CURRENT_CHAPTER_MARKER,"XI Post paululum uero tempus quadratus in samariam uenit ubi auctores sedicionis audiens, et quosdam samaritanorum ac iudaeorum in",501,,,BAMBERG_ONLY,,,B78-table1-row214,Latin/book-20.xml,latin-book20-num125,859,element-edge,latin-book20-num125,milestone[1],"XI Post paululum uero tempus quadratus in samariam uenit ubi auctores sedicionis audiens, et quosdam samaritanorum ac iudaeorum in",Greek/book-20.xml,greek-book20-num125,824,element-edge,greek-book20-num125,milestone[1],"μετ᾽ οὐ πολὺν δὲ χρόνον ὁ Κουαδρᾶτος ἧκεν εἰς Σαμάρειαν, ἔνθα διακούσας αἰτίους τῆς ταραχῆς ὑπέλαβε γεγονέναι τοὺς Σαμαρεῖς. Σαμαρ",English/book-20.xml,english-book20-num125,1169,element-edge,english-book20-num125,milestone[1],"Yet was it not long ere Quadratus came to Samaria, where, upon hearing the cause, he supposed that the Samaritans were the authors"
B78-table1-row214,20,12,XII,XII,LITERAL,136,EXACT_NIESE_START,CURRENT_ENCODING_CORROBORATED_NOT_FACSIMILE_REINSPECTED,CORROBORATED_BY_CURRENT_CHAPTER_MARKER,"XII Claudius autem his praecibus perstructus causam au dien, dum agnouisset malorum principes fuisse samaritas, eos quidem qui asc",501,,,BAMBERG_ONLY,,,B78-table1-row215,Latin/book-20.xml,latin-book20-num134,526,element-edge,latin-book20-num134,milestone[1],"XII Claudius autem his praecibus perstructus causam au dien, dum agnouisset malorum principes fuisse samaritas, eos quidem qui asc",Greek/book-20.xml,greek-book20-num134,556,element-edge,greek-book20-num134,milestone[1],"καὶ Κλαύδιος τῇ δεήσει ταύτῃ προευτρεπισθεὶς καὶ διακούσας, ὡς εὗρε τῶν κακῶν ἀρχηγοὺς τοὺς Σαμαρείτας γενομένους, τοὺς μὲν ἀναβάν",English/book-20.xml,english-book20-num134,687,element-edge,english-book20-num134,milestone[1],"whereupon Claudius was so well disposed beforehand, that when he had heard the cause, and found that the Samaritans had been the r"
B78-table1-row215,20,13,XIII,XIII,LITERAL,137,EXACT_NIESE_START,HIGH_CURRENT_TEXT_CORROBORATION,CORROBORATED_BY_CURRENT_LITERAL_NUMERAL,"XIII Misit autem et claudius felicem pallantis fratrem in iudaeam praesidem, qui rebus in regione iudaeicam praesideret. Cumque de",501,,,EXACT_MATCH,LOEB-20-Chapter-7-0,,B78-table1-row216,Latin/book-20.xml,latin-book20-num137,0,paragraph,latin-book20-num137,,"XIII Misit autem et claudius felicem pallantis fratrem in iudaeam praesidem, qui rebus in regione iudaeicam praesideret. Cumque de",Greek/book-20.xml,greek-book20-num137,0,paragraph,greek-book20-num137,,Πέμπει δὲ καὶ Κλαύδιον Φήλικα Πάλλαντος ἀδελφὸν τῶν κατὰ τὴν Ἰουδαίαν προστησόμενον πραγμάτων. τῆς δ᾽ ἀρχῆς δωδέκατον ἔτος ἤδη πεπ,English/book-20.xml,english-book20-num137,0,paragraph,english-book20-num137,,"SO Claudius sent Felix, the brother of Pallas, to take care of the affairs of Judea; and when he had already completed the twelfth"
B78-table1-row216,20,14,XIIII,XIIII,LITERAL,148,EXACT_NIESE_START,HIGH_CURRENT_TEXT_CORROBORATION,CORROBORATED_BY_CURRENT_LITERAL_NUMERAL,XIIII Claudius interae caesar defunctus est cum imperasset annis tribus et decem et mensibus octo diebusque XX. Est enim sermo quo,502,,,EXACT_MATCH,LOEB-20-Chapter-8-0,,B78-table1-row217,Latin/book-20.xml,latin-book20-num148,0,paragraph,latin-book20-num148,,XIIII Claudius interae caesar defunctus est cum imperasset annis tribus et decem et mensibus octo diebusque XX. Est enim sermo quo,Greek/book-20.xml,greek-book20-num148,0,paragraph,greek-book20-num148,,"Τελευτᾷ δὲ Κλαύδιος Καῖσαρ βασιλεύσας ἔτη δεκατρία καὶ μῆνας ὀκτὼ πρὸς ἡμέραις εἴκοσι, καὶ λόγος ἦν παρά τινων, ὡς ὑπὸ τῆς γυναικὸ",English/book-20.xml,english-book20-num148,0,paragraph,english-book20-num148,,"NOW Claudius Caesar died when he had reigned thirteen years, eight months, and twenty days; and a report went about that he was po"
B78-table1-row217,20,15,XV,XV,LITERAL,169,EXACT_NIESE_START,CURRENT_ENCODING_CORROBORATED_NOT_FACSIMILE_REINSPECTED,CORROBORATED_BY_CURRENT_CHAPTER_MARKER,"XV Hoc eni in tempore uenit aliquis ex aegypto ad ierosolimam dicens se esse prophetam, et populari multitudini persuasit, uti eum",503,,,BAMBERG_ONLY,,,B78-table1-row218,Latin/book-20.xml,latin-book20-num167,309,element-edge,latin-book20-num167,milestone[1],"XV Hoc eni in tempore uenit aliquis ex aegypto ad ierosolimam dicens se esse prophetam, et populari multitudini persuasit, uti eum",Greek/book-20.xml,greek-book20-num167,328,element-edge,greek-book20-num167,milestone[1],ἀφικνεῖται δέ τις ἐξ Αἰγύπτου κατὰ τοῦτον τὸν καιρὸν εἰς Ἱεροσόλυμα προφήτης εἶναι λέγων καὶ συμβουλεύων τῷ δημοτικῷ πλήθει σὺν αὐ,English/book-20.xml,english-book20-num167,437,element-edge,english-book20-num167,milestone[1],"Moreover, there came out of Egypt about this time to Jerusalem one that said he was a prophet, and advised the multitude of the co"
B78-table1-row218,20,16,XVI,XVI,LITERAL,173,EXACT_NIESE_START,HIGH_CURRENT_TEXT_CORROBORATION,CORROBORATED_BY_CURRENT_LITERAL_NUMERAL,XVI Inter haec autem iudaei habitatores caesarię contra syris pro aequitate ciuilitatis huius modi fecere seditionem. Iudaei namqu,503,,,BAMBERG_ONLY,,,B78-table1-row219,Latin/book-20.xml,latin-book20-num173,0,paragraph,latin-book20-num173,,XVI Inter haec autem iudaei habitatores caesarię contra syris pro aequitate ciuilitatis huius modi fecere seditionem. Iudaei namqu,Greek/book-20.xml,greek-book20-num173,0,paragraph,greek-book20-num173,,Γίνεται δὲ καὶ τῶν Καισάρειαν οἰκούντων Ἰουδαίων στάσις πρὸς τοὺς ἐν αὐτῇ Σύρους περὶ ἰσοπολιτείας: οἱ μὲν γὰρ Ἰουδαῖοι πρωτεύειν ,English/book-20.xml,english-book20-num173,0,paragraph,english-book20-num173,,"And now it was that a great sedition arose between the Jews that inhabited Cesarea, and the Syrians who dwelt there also, concerni"
B78-table1-row219,20,17,XVII,XVII,LITERAL,182,EXACT_NIESE_START,HIGH_CURRENT_TEXT_CORROBORATION,CORROBORATED_BY_CURRENT_LITERAL_NUMERAL,"XVII Portio siquidem festo directo anerone per suc cessonem felicis, primi iudaeorum caesaream habitantes ascenderunt romam accusa",504,,,BAMBERG_ONLY,,,B78-table1-row220,Latin/book-20.xml,latin-book20-num182,0,paragraph,latin-book20-num182,,"XVII Portio siquidem festo directo anerone per suc cessonem felicis, primi iudaeorum caesaream habitantes ascenderunt romam accusa",Greek/book-20.xml,greek-book20-num182,0,paragraph,greek-book20-num182,,Πορκίου δὲ Φήστου διαδόχου Φήλικι πεμφθέντος ὑπὸ Νέρωνος οἱ πρωτεύοντες τῶν τὴν Καισάρειαν κατοικούντων Ἰουδαίων εἰς τὴν Ῥώμην ἀνα,English/book-20.xml,english-book20-num182,0,paragraph,english-book20-num182,,"Now when Porcius Festus was sent as successor to Felix by Nero, the principal of the Jewish inhabitants of Cesarea went up to Rome"
B78-table1-row220,20,18,XVIII,XVIII,LITERAL,189,EXACT_NIESE_START,HIGH_CURRENT_TEXT_CORROBORATION,CORROBORATED_BY_CURRENT_LITERAL_NUMERAL,XVIII Hoc tempore rex agrippas fabricatus est aedificium magnitudine ualde praecipuum in palatio ierosolimorum iuxta theatrum. Quo,505 ,,,BAMBERG_ONLY,,,B78-table1-row221,Latin/book-20.xml,latin-book20-num189,0,paragraph,latin-book20-num189,,XVIII Hoc tempore rex agrippas fabricatus est aedificium magnitudine ualde praecipuum in palatio ierosolimorum iuxta theatrum. Quo,Greek/book-20.xml,greek-book20-num189,0,paragraph,greek-book20-num189,,Κατὰ δὲ τὸν καιρὸν τοῦτον ὁ βασιλεὺς Ἀγρίππας ᾠκοδομήσατο μεγέθει διαφέρον οἴκημα ἐν τῷ βασιλείῳ ἐν Ἱεροσολύμοις πλησίον τοῦ ξυστο,English/book-20.xml,english-book20-num189,0,paragraph,english-book20-num189,,"About the same time king Agrippa built himself a very large dining-room in the royal palace at Jerusalem, near to the portico. Now"
B78-table1-row221,20,19,XVIIII,XVIIII,LITERAL,200,EXACT_NIESE_START,CURRENT_ENCODING_CORROBORATED_NOT_FACSIMILE_REINSPECTED,CORROBORATED_BY_CURRENT_CHAPTER_MARKER,XVIIII Cum ergo huius sectae ananus esset credens se inuenisse tempus oportunum festo mortuo et albino in itinere constituto consi,505,,,BAMBERG_ONLY,,,B78-table1-row222,Latin/book-20.xml,latin-book20-num197,657,element-edge,latin-book20-num197,milestone[1],XVIIII Cum ergo huius sectae ananus esset credens se inuenisse tempus oportunum festo mortuo et albino in itinere constituto consi,Greek/book-20.xml,greek-book20-num197,662,element-edge,greek-book20-num197,milestone[1],"ἅτε δὴ οὖν τοιοῦτος ὢν ὁ Ἄνανος, νομίσας ἔχειν καιρὸν ἐπιτήδειον διὰ τὸ τεθνάναι μὲν Φῆστον, Ἀλβῖνον δ᾽ ἔτι κατὰ τὴν ὁδὸν ὑπάρχειν",English/book-20.xml,english-book20-num197,798,element-edge,english-book20-num197,milestone[1],"when, therefore, Ananus was of this disposition, he thought he had now a proper opportunity [to exercise his authority]. Festus wa"
B78-table1-row222,20,20,XX,XX,LITERAL,215,EXACT_NIESE_START,HIGH_CURRENT_TEXT_CORROBORATION,CORROBORATED_BY_CURRENT_LITERAL_NUMERAL,"XX Albinus itaque cum audisset sibi successorem gessium florum fuisse directum, uolens aliquid ierosolimitis prestare producens ui",506,,,BAMBERG_ONLY,,,BOOK_END,Latin/book-20.xml,latin-book20-num215,0,paragraph,latin-book20-num215,,"XX Albinus itaque cum audisset sibi successorem gessium florum fuisse directum, uolens aliquid ierosolimitis prestare producens ui",Greek/book-20.xml,greek-book20-num215,0,paragraph,greek-book20-num215,,"Ὡς δ᾽ ἤκουσεν Ἀλβῖνος διάδοχον αὐτῷ Γέσσιον Φλῶρον ἀφικνεῖσθαι, βουλόμενος δοκεῖν τι τοῖς Ἱεροσολυμίταις παρεσχῆσθαι προαγαγὼν τοὺ",English/book-20.xml,english-book20-num215,0,paragraph,english-book20-num215,,"But when Albinus heard that Gessius Florus was coming to succeed him, he was desirous to appear to do somewhat that might be grate"
