book	latin_unit_id	project_chapter	latin_start_context	lodge_source_location	lodge_exact_start	lodge_exact_end	alignment_status	confidence	candidate_unit_id	lodge_running_start_utf16	lodge_running_end_utf16	notes
1	latin-bellum1-num1	0	[1] QUONIAM bellum, quod cum populo Romano gessere Judaei, omnium maximum, quae nostra aetas vidit, quaeque auditu percepimus, civitates cum civitatibus gentesve commisisse cum gentibus: quidam, non quod rebus interfuerint, sed vana et incongrua narrantium sermones auribus colligentes, oratorum more perscribunt : qui vero praesto fuerunt, aut Romanorum obsequio, aut odio Judaeorum contra fidem rerum falsa confirmant : scriptis autem eorum partim 	A04680.xml:/TEI[1]/text[1]/group[1]/text[2]/front[1]/div[3]/div[1]/p[1]/seg[1]/text()[1]; UTF16 offset 0; printed book preface, chapter 0; pb 555 (tcp:12923:286)	FOr as much as the warre which was enterprised betwixt the Iewes and Romans, hath (amongst all other) beene the greatest that either hath beene attempted in our age, or heard of in any other; either between citie or citi	 to discourse in the Greeke tongue (in fauour of all those who acknowledge the soueraigntie of the Romane Empire) all that, which heretofore in my owne language I haue imparted to those Barbarians that inhabit the East. 	DIRECT_ALIGNMENT	HIGH	english-lodge1602-bellum1-unit1	25	1504	Boundary checked directly against the surrounding Cardwell and Lodge wording.
1	latin-bellum1-num4	0	[4] 2. Nam cum hoc, ut dixi, bellum gravissimum exortum est, Romanorum quidem populum domesticus motus habebat: Judaeorum autem, qui aetate validi, et ingenio turbulenti erant, manu simul ac pecunia vigentes adeo temporibus insolenter abusi sunt, ut pro tumultus magnitudine, hos possidendarum spes, illos amittendarum partium Orientis metus invaderet. Quoniam Judaei quidem cunctos etiam, qui trans Euphratem essent, gentiles suos, secum rebellaturo	A04680.xml:/TEI[1]/text[1]/group[1]/text[2]/front[1]/div[3]/div[1]/p[1]/text()[13]; UTF16 offset 84; printed book preface, chapter 0; pb 555 (tcp:12923:286)	For at such  time (as I haue alreadie spoken) as these most bitter and busie warres tooke their beginning; the Romans were at ciuill warres among themselues: and as touching the Iewes (who were in yeeres valiant, and in 	he true knowledge of those euents by mine industrie; whilest the Grecians, & diuers of those, who haue not born armes with the Romans, being distracted with factions, & deceiued by adulation,\n\nshould be ignorant hereof. 	DIRECT_ALIGNMENT	HIGH	english-lodge1602-bellum1-unit4	1504	3248	Boundary checked directly against the surrounding Cardwell and Lodge wording.
1	latin-bellum1-num7	0	[7] 3. At qui historias audent eas inscribere, hi praeter hoc (ut mihi quidem videtur) quod nihil sani referunt, etiam de proposito decidunt. Nam dum Romanos volunt magnos ostendere, Judaeorum res extenuant, et in humilitatem dejiciunt. Non autem intelligo, quonam pacto magni esse videantur, qui parva superaverint. Et neque longi temporis eos pudet, quo bellum tractum est : neque multitudinis Romanorum, quam in ea militia labor exercuit : neque d	A04680.xml:/TEI[1]/text[1]/group[1]/text[2]/front[1]/div[3]/div[1]/p[1]/text()[24]; UTF16 offset 28; printed book preface, chapter 0; pb 556 (tcp:12923:287)	Yet some of these there be, who (notwithstanding their false informations)  stick not to write histories, not only void of all truth, but also no waies answerable to their subiect which they vndertake. For whilest they l	Roman souldiers, nor the honour of their captaines, whose titles are much embased if they (hauing laboured so much to conquer Ierusalem) should haue any thing derogated from the honour and prosperitie of their attempts. 	DIRECT_ALIGNMENT	HIGH	english-lodge1602-bellum1-unit7	3248	4067	Boundary checked directly against the surrounding Cardwell and Lodge wording.
1	latin-bellum1-num9	0	[9] 4. Nec tamen ego contentione Romanas res extollentium, gentiles meos amplificare decrevi : sed facta quidem utrorumque sine ullo mendacio prosequar: dicta vero de factis reponam, dolori atque affectioni meae in deflendis patriae cladibus indulgens. Nam quod domesticis dissensionibus est eversa, et in templum sacrosanctum invitas Romanorum manus atque ignem Judaeorum tyranni traxere, testis est, qui eam vastavit, ipse Caesar Titus: per omne be	A04680.xml:/TEI[1]/text[1]/group[1]/text[2]/front[1]/div[3]/div[1]/p[1]/text()[29]; UTF16 offset 346; printed book preface, chapter 0; pb 556 (tcp:12923:287)	For mine owne part I am not resolued to contradict those who shall enhance the glorie and noble actions of the Romans, neiher to extol and dignifie the deserts of mine owne nation, but my resolution is in all truth and s	nd stoicall iudgement shall reprehend this my lamentation, let such a one attribute the deeds I recount, to the historie which I write; and reserue the lamentations and sorrowes therof to me, who am the historiographer: 	DIRECT_ALIGNMENT	HIGH	english-lodge1602-bellum1-unit9	4067	6346	Boundary checked directly against the surrounding Cardwell and Lodge wording.
1	latin-bellum1-num13	0	[13] 5. Quanquam merito Graecorum disertos increpaverim, qui tantis rebus sua memoria gestis, quarum comparatione praeterita olim bella exigua redduntur, judices resident aliorum facundiae detrahentes : quorum et si doctrinam superant, proposito vincuntur. Ipsi vero Assyriorum et Medorum gesta perscribunt, veluti minus recte a scriptoribus antiquis fuerint exposita: cum in scribendo tantum eorum viribus cedant, quantum sententiae. Erat enim unicu	A04680.xml:/TEI[1]/text[1]/group[1]/text[2]/front[1]/div[3]/div[1]/p[2]/text()[1]; UTF16 offset 388; printed book preface, chapter 0; pb 556 (tcp:12923:287)	although in my mind I may iustly challenge the smoothe tounged Grecians, for that (notwithstanding these our so miserable, and so memorable warres hapned in their daies, in respect wherof all other former troubles  \n    	ho are incapable and vnapt both in stile and studie, to register the noble actions of royall princes.\nSince therefore the Grecians make no account of the truth of historie, it behooueth vs both to esteeme and honour it. 	DIRECT_ALIGNMENT	HIGH	english-lodge1602-bellum1-unit13	6346	9029	Boundary checked directly against the surrounding Cardwell and Lodge wording.
1	latin-bellum1-num17	0	[17] 6. Ab origine quidem Judaeos repetere, qui fuerint, quove pacto ab AEgyptiis discesserint, quasque regiones errando peragraverint, et quas vel quoties incoluerint, et quemadmodum inde migraverint, neque hujus esse temporis, et praeterea supervacaneum existimavi : quoniam multi ante me Judaeorum de majoribus hujus gentis verissima composuerunt: et nonnulli Graecorum, quae illi scripserant, patria voce prosecuti non multum a veritate deviarunt	A04680.xml:/TEI[1]/text[1]/group[1]/text[2]/front[1]/div[3]/div[1]/p[3]/text()[1]; UTF16 offset 118; printed book preface, chapter 0; pb 556 (tcp:12923:287)	Now to discouer vnto you the originall of the Iewes, what their estate hath been in times past, and after what manner they departed out of Aegypt, to shew what countries the\n                           •…\n                	rge all those warres that hapned in my time: and as for those things that exceede my knowledge and remembrance, I will onely touch them bri\n                           •…\n                        ly, and in a word or two; 	DIRECT_ALIGNMENT	HIGH	english-lodge1602-bellum1-unit17	9029	9976	Boundary checked directly against the surrounding Cardwell and Lodge wording.
1	latin-bellum1-num19	0	[19] 7. Quomodo Antiochus cognomento Epiphanes, devicta penitus Hierosolyma, cum triennium sexque menses eam tenuisset, ab Asamoniae filiis expulsus est : deinde quod eorum posteri de regno dissentientes, ad res suas occupandas populum Romanum Pompeiumque traxerunt : quomodoque Herodes Antipatri filius eorum potentiae finem fecerit, auxilio Sosii : tum, quomodo Herode mortuo, plebis in eos orta seditio est, Augusto quidem imperante Romanis, Quint	A04680.xml:/TEI[1]/text[1]/group[1]/text[2]/front[1]/div[3]/div[1]/p[3]/text()[7]; UTF16 offset 26; printed book preface, chapter 0; pb 557 (tcp:12923:287)	First how Antiochus surnamed Epiphanes, tooke the Citie of Ierusalem, and possessed the same for the space of three yeeres, and six moneths: and finally how  he was dri\n                           •…\n                     	                    yeere of Neros raigne the warre began to take head and continuance. That likewise which happened in Cestius time, and what  warlike executions the Iewes performed in their first attempts and reuolts, 	DIRECT_ALIGNMENT	HIGH	english-lodge1602-bellum1-unit19	9976	11109	Boundary checked directly against the surrounding Cardwell and Lodge wording.
1	latin-bellum1-num21	0	[21] 8. Quoque modo accolas permunierint : et quod Nero propter acceptas Cestii ductu clades summae rei metuens, Vespasianum bello praeposuerit: et quod is cum maximo filiorum Judaeam intraverit, quantumque Romanorum exercitum ducens: quantaque manus auxiliorum per omnem caesa fuerit Galilaeam : et quod ejus civitatum quasdam vi ceperit, alias deditione : ubi etiam Romanorum in bello disciplinam curamque rerum, et utriusque Galilaeae spatia, et n	A04680.xml:/TEI[1]/text[1]/group[1]/text[2]/front[1]/div[3]/div[1]/p[3]/text()[26]; UTF16 offset 77; printed book preface, chapter 0; pb 557 (tcp:12923:287)	how they strengthened the Cities and forts about them, and how Nero (hearing of the great \n                           •…\n                        er throw which his army receiued vnder Cestius their Generall, and fearing 	th all truth and diligence; the rather in that I publish them in th\n                           •…\n                        r eares, who are no waies ignorant of th\n                           •…\n                        m. 	DIRECT_ALIGNMENT	HIGH	english-lodge1602-bellum1-unit21	11109	12651	Boundary checked directly against the surrounding Cardwell and Lodge wording.
1	latin-bellum1-num23	0	[23] 9. Deinde, quod jam fessis rebus Judaeorum, Nero quidem nortem obierit : Vespasianus autem in Hierosolymam properans, imperii causa retractus sit : quaeque signa de hoc ei contigerint, Romaeque mutationes : et quod invitus a militibus Imperator declaratus sit : et quod eo disponendae reipublicae gratia in AEgyptum digresso, Judaeorum status seditionibus agitatus sit : quoque modo tyrannis succubuerint, eorumque inter se discordias moverint.	A04680.xml:/TEI[1]/text[1]/group[1]/text[2]/front[1]/div[3]/div[1]/p[3]/text()[38]; UTF16 offset 3; printed book preface, chapter 0; pb 557 (tcp:12923:287)	After this I will set downe how (vpon the decli\n                           •…\n                        g and downfall of the Iewes). Nero died; and how (at such time as Vespasian had vndertaken the expedition to Ierusalem	at instant when he retired himselfe into Aegypt to establish that estate, the Iewes began to mutinie among themselues: how many tyrants arose amongst them, who hatched much ciuil discord and  debate in their gouernment. 	DIRECT_ALIGNMENT	HIGH	english-lodge1602-bellum1-unit23	12651	13179	Boundary checked directly against the surrounding Cardwell and Lodge wording.
1	latin-bellum1-num25	0	[25] 10. Et quod ex AEgypto Titus reversus, bis Judaeorum fines ingressus sit : quoque modo exercitum, et quo in loco congregaverit: vel qualiter, et quoties civitatem affecerit ipso praesente seditio: aggressus quoque numerosos et quantos erexerit aggeres: triumque murorum ambitum et magnitudinem, sive mensuram, et munitionem civitatis : et fani templique dispositionem : ad haec arae spatium, mensuramque verissime dicam: festorum quoque dierum m	A04680.xml:/TEI[1]/text[1]/group[1]/text[2]/front[1]/div[3]/div[1]/p[3]/text()[43]; UTF16 offset 29; printed book preface, chapter 0; pb 557 (tcp:12923:287)	Againe, how Titus departing out of Aegypt, came the second time into  Iudaea, and ranged ouer the countrey, and how and where he leuied and encamped his armies. How and how oftentimes the city hath been vexed by sedition	es: the 7. purifications and offices of the priests: the garments also of the high priest; and the holy sanctuary of the temple. All which I wil recount without any dissimulation, or swaruing from the truth of historie. 	DIRECT_ALIGNMENT	HIGH	english-lodge1602-bellum1-unit25	13179	13931	Boundary checked directly against the surrounding Cardwell and Lodge wording.
1	latin-bellum1-num27	0	[27] 11. Narrabo deinde tyrannorum in suos gentiles crudelitatem, Romanorumque in alienigenas humanitatem : quotiesque Titus, civitatem simul ac templum servare cupiens, ad concordiae foedera dissidentes provocavit. Disseram vero populi vulnera, et calamitates: quamque multa mala nunc bello, nunc seditionibus, nunc fame perpessi, postea capti sint. Nec vero, aut perfugarum clades, aut captivorum supplicia praetermittam: vel quemadmodum templum in	A04680.xml:/TEI[1]/text[1]/group[1]/text[2]/front[1]/div[3]/div[1]/p[3]/text()[47]; UTF16 offset 63; printed book preface, chapter 0; pb 557 (tcp:12923:287)	After this I will relate what cruelty the  tyrants vsed against their own countrimen, & what humanitie the Romans shewed towards strangers, and how oftentimes Titus (who desired the safetie both of the Citie and Temple) 	ars vtterly raced the fortresses of their captiues: finally, how Titus in trauailing thorow the whole countrey, established a for me of gouernment therein; and afterward returning into Italy, triumphed with much honour. 	DIRECT_ALIGNMENT	HIGH	english-lodge1602-bellum1-unit27	13931	15405	Boundary checked directly against the surrounding Cardwell and Lodge wording.
1	latin-bellum1-num30	0	[30] 12. Haec omnia septem libris comprehensa, adnixus ne vituperationem a rerum scientibus et qui bello interfuerunt sustineam, studiosis veritatis magis quam voluptatis perscripsi. Narrandi autem initium faciam hoc ordine, quo capitula sunt digesta.	A04680.xml:/TEI[1]/text[1]/group[1]/text[2]/front[1]/div[3]/div[1]/p[3]/text()[60]; UTF16 offset 55; printed book preface, chapter 0; pb 557 (tcp:12923:287)	All these things haue I comprehended in seuen  bookes: indeuouring as much as in me lieth; to flie and auoide all occasion of reproofe and reprehension from those men; who knew these affaires and were actors in the warre	 which I haue done for their sakes, who rather affect truth, then follow their pleasure: and according to that order and for me I haue proposed, I will begin and prosecute my stile and Historie.\n\n                        	DIRECT_ALIGNMENT	HIGH	english-lodge1602-bellum1-unit30	15405	15851	Boundary checked directly against the surrounding Cardwell and Lodge wording.
1	latin-bellum1-num31	1	[31] CAP. I. CUM potentes Judaeorum inter se dissiderent eo tempore, quo de tota Syria cum Ptolemaeo Sexto Antiochus, qui Epiphanes dictus est, ambigebat (erat autem illis contentio de potentia, quod honoratus quisque graviter ferret similibus subjugari) Onias quidam e pontificibus postquam praevaluit, Tobiae filios expulit civitate. Illi autem supplices ad Antiochum confugerunt, petentes ut ipsis ducibus in Judaeam irrumperet. Idque regi persuas	A04680.xml:/TEI[1]/text[1]/group[1]/text[2]/body[1]/div[1]/div[1]/p[1]/seg[1]/text()[1]; UTF16 offset 0; printed book 1, chapter 1; pb 558 (tcp:12923:288)	AT such time as Antioch\n                              •…\n                           \n                         surnamed Epiphanes, made warre against Sextus Pompeius for the whole gouernment of Syria, there arose a sediti	led vnto Ptolomey, and hauing obtained a grant of a peece of ground from him, within the liberties and precinct of Heliopolis, he built a towne and temple in that place, resembling the citie and sanctuarie in Ierusalem.\n	DIRECT_ALIGNMENT	HIGH	english-lodge1602-bellum1-unit31	15851	17649	Secure opening of the narrative; Lodge reads Sextus Pompeius against Cardwell Ptolemaeo Sexto. Preserve Lodge; historical/source discrepancy recorded separately.
1	latin-bellum1-num34	1	[34] 2. Veruntamen Antiocho neque praeter spem devicta civitas, neque populatio, neque tantae caedes satis fuere : sed intemperantia vitiorum, eorumque memoria quae in obsidione pertulerat, Judaeos cogere coepit : ut abrogato more patrio, nec infantes suos circumciderent, porcosque super aram immolarent. quibus omnes quidem adversabantur, optimus vero quisque propterea trucidabatur. Et Bacchides praesidiis ab Antiocho praepositus, ad naturalem cr	A04680.xml:/TEI[1]/text[1]/group[1]/text[2]/body[1]/div[1]/div[1]/p[2]/text()[1]; UTF16 offset 0; printed book 1, chapter 1; pb 559 (tcp:12923:288)	But neither was Antiochus satisfied with the vnexpected surprise of the citie, nor with the pillage  & slaughter of the citizens, but was so far transported by his passions, & incensed with the remembrance of those euils	                       d on through the grieuousnes of that which both themselues and others indured, addressed themselues with confidence to prosecute the\n                           •…\n                         reuenge. 	DIRECT_ALIGNMENT	HIGH	english-lodge1602-bellum1-unit34	17649	19060	Coarse-unit incipit and adjacent Lodge wording inspected directly against the Cardwell unit opening; the identity is secure. This decision verifies this boundary only.
1	latin-bellum1-num36	1	[36] 3. Denique Matthias Asamonaei filius, unus ex sacerdotibus, ex vico cui nomen Modin est, cum manu domestica (nam quinque filios habebat) sicis armatus Bacchidem occidit : et statim quidem praesidiorum multitudinem veritus, in montes refugit. Multis vero ex populo sibi sociatis, recepta fiducia descendit : commissoque praelio, superatos duces Antiochi ex Judaeae finibus exegit. Secundis autem rebus potentiam nactus, suisque volentibus, quod a	A04680.xml:/TEI[1]/text[1]/group[1]/text[2]/body[1]/div[1]/div[1]/p[2]/text()[15]; UTF16 offset 10; printed book 1, chapter 1; pb 559 (tcp:12923:288)	A\n                           •…\n                         length Matthias the sonne of Asmoneus one of the Priests, who was borne in a village called Modin, accompanied with his fiue sonnes and his  \n                     	ent, and was by common consent of the people (for that he had deliuered them from the subiection of straungers) made their ruler: he died, leauing his eldest sonne, who was called Iudas to succeed him in the gouernment. 	DIRECT_ALIGNMENT	HIGH	english-lodge1602-bellum1-unit36	19060	19952	Boundary checked directly against the surrounding Cardwell and Lodge wording.
1	latin-bellum1-num38	1	[38] 4. Ille autem (nec enim cessaturum existimabat Antiochum) et indigenarum conflavit exercitum, et cum Romanis primus amicitiam pepigit: Antiochumque Epiphanem iterum in fines suos ingredientem vehementissima percussum plaga repressit. Adhuc autem fervente victoria, in praesidia civitatis impetum fecit : necdum enim caesa fuerant: habitoque conflictu, milites de superiori civitate, quae pars sacra dicitur, ad inferiorem compellit. Fano autem p	A04680.xml:/TEI[1]/text[1]/group[1]/text[2]/body[1]/div[1]/div[1]/p[2]/text()[24]; UTF16 offset 35; printed book 1, chapter 1; pb 559 (tcp:12923:288)	Who fearing least Antiochus would stil continue warres against him, gathered togither an armie of his countrimen, and was the first amongst the Iewes that made a league with the Romans; and droue backe Antiochus Epiphane	rites of religion.\nScarcely was the citie brought to the former estate, but Antiochus died, who left a sonne and  heire behind him, who was not onely inheritor of his kingdome, but also of his hatred against  the Iewes, 	DIRECT_ALIGNMENT	HIGH	english-lodge1602-bellum1-unit38	19952	21153	Coarse-unit incipit and adjacent Lodge wording inspected directly against the Cardwell unit opening; the identity is secure. This decision verifies this boundary only.
1	latin-bellum1-num41	1	[41] 5. Quare coactis peditum millibus L. equitum autem prope v. millibus, Lxxx. vero elephantis, montana Judaeae per partes aggreditur, et Bethsuram quidem oppidum capit. in loco vero cui Bethzachariae nomen est, qua transitus erat angustior, Judas cum suis copiis occurrit. et prius quam congrederentur agmina, Eleazarus frater ejus, prospecto praeter alios excelso elephante, turrique maxima et munimentis aureis ornato, illic Antiochum esse ratus	A04680.xml:/TEI[1]/text[1]/group[1]/text[2]/body[1]/div[1]/div[1]/p[3]/text()[4]; UTF16 offset 12; printed book 1, chapter 1; pb 559 (tcp:12923:288)	who hauing gathered togither fiftie thousand footmen, and almost fiue thousand horsemen, and fourescore Elephants, entred by the mountaines of Iudaea, and tooke a towne named Bethsara, neere which Iudas met him in a plac	ide who escaped: And Antiochus went to Ierusalem, from whence after some stay he departed for want of necessaries, leauing a sufficient garrison; as for the rest of his armie, he led them for the winter time into Syria. 	DIRECT_ALIGNMENT	HIGH	english-lodge1602-bellum1-unit41	21153	23033	Boundary checked directly against the surrounding Cardwell and Lodge wording.
1	latin-bellum1-num47	1	[47] 6. Discessu autem regis Judas non quiescebat, sed accessione multorum suae gentis animatus, aggregatis etiam quos ex praelio receperat, apud vicum Adasa cum Antiochi ducibus congreditur: factisque fortibus in praelio cognitus, multis hostibus interfectis occubuit. et in diebus paucis frater ejus Joannes occiditur, insidiis eorum captus, qui cum Antiocho sentiebant.	A04680.xml:/TEI[1]/text[1]/group[1]/text[2]/body[1]/div[1]/div[1]/p[3]/text()[25]; UTF16 offset 190; printed book 1, chapter 1; pb 560 (tcp:12923:289)	Yet notwithstanding the kings departure Iudas rested not, but encouraged by many of his nation, who daily came vnto him, and gathering also togither those who escaped out of the former battell, at a village named Ada\n   	 brother Ioh\n                              •…\n                           \n                         also was slaine and betrayed by their trecheries, who fauoured Antiochus.\n                     \n\n                        	DIRECT_ALIGNMENT	HIGH	english-lodge1602-bellum1-unit47	23033	23743	Coarse-unit incipit and adjacent Lodge wording inspected directly against the Cardwell unit opening; the identity is secure. This decision verifies this boundary only.
1	latin-bellum1-num48	2	[48] CAP. II. CUM autem successisset ei frater Jonathas, et in aliis quae ad indigenas pertinerent, cautius se ageret, suamque poten tiam Romanorum amicitia corroboraret, Antiochi quidem filio reconciliatur. non tamen horum ei quicquam profuit ad depellemdum periculum. Namque Tryphon tyrannus, Antiochi quidem filii tutor, sed insidiis eum captans, et praeter hoc amicis nudare cupiens, Jonathan, cum ad Antiochum paucis comitatus Ptolemaida venisse	A04680.xml:/TEI[1]/text[1]/group[1]/text[2]/body[1]/div[1]/div[2]/p[1]/seg[1]/text()[1]; UTF16 offset 0; printed book 1, chapter 2; pb 560 (tcp:12923:289)	AFter him succeeded his brother Ionathas, who carefully studied for the peace and securitie  of his people, and fortified himselfe by the friendship of the Romans, and was reconciled to Antiochus his sonne; yet did none 	 binding him, lead an army against Iudaea: from whence. being repulsed by Simon Ionathas brother and ouercome by him, in displeasure and reuenge thereof, he slue Ionathas. \n                        \n                     \n	DIRECT_ALIGNMENT	HIGH	english-lodge1602-bellum1-unit48	23743	24454	Boundary checked directly against the surrounding Cardwell and Lodge wording.
1	latin-bellum1-num50	2	[50] 2. Simon autem fortiter gerendis rebus intentus, Zara quidem et Joppen, et Jamniam capit. Evertit autem et Accaron subactis praesidiis: adversusque Tryphonem Antiocho auxilium praebuit, qui Doram ante expeditionem quam in Medos fecit obsidebat. Sed regis aviditatem satiare non potuit, quamvis neci Tryphonis suam quoque operam adhibuisset. Non multo enim post Antiochus Cendebeum ex ducibus suis ad vastandam Judaeam opprimendumque servitio Sim	A04680.xml:/TEI[1]/text[1]/group[1]/text[2]/body[1]/div[1]/div[2]/p[2]/text()[1]; UTF16 offset 0; printed book 1, chapter 2; pb 560 (tcp:12923:289)	But Simon valiantly bestirring himselfe in the gouernment and guide of the affaires of the common-wealth, tooke Zara, Ioppe, and Iamnia (which were bordering townes): and ouercomming  the garrison at Accaron, he destroye	untaines, he in euery place was victorious: and after this his most famous victorie, he was proclaimed high priest, and deliuered the Iewes from the gouernment of the Macedonians, vnder which they had beene 270. yeeres. 	DIRECT_ALIGNMENT	HIGH	english-lodge1602-bellum1-unit50	24454	25667	Coarse-unit incipit and adjacent Lodge wording inspected directly against the Cardwell unit opening; the identity is secure. This decision verifies this boundary only.
1	latin-bellum1-num54	2	[54] 3. Sed et ipse periit in convivio, captus insidiis Ptolemaei generi sui : qui ejus conjuge, duobusque filiis in custodiam conclusis, certos misit, ut Joannem tertium, cui etiam Hyrcanus nomen fuit, interficerent. Cognito autem impetu, qui parabatur, adolescens ad civitatem properabat, multo populo fretus, et propter memoriam paternae virtutis, et quod iniquitas Ptolemaei cunctis esset invisa. voluit autem Ptolemaeus etiam alia porta ingredi 	A04680.xml:/TEI[1]/text[1]/group[1]/text[2]/body[1]/div[1]/div[2]/p[2]/text()[15]; UTF16 offset 150; printed book 1, chapter 2; pb 560 (tcp:12923:289)	Finally by the trecherie of Ptolemaeus his son in law, he was murthered at a banquet, who imprisoning his wife and two sonnes, sent certaine men to kill the third sonne, whose name was Iohn, otherwise called Hircanus. Bu	hich was left him by his father, and had offered sacrifices vnto God, he led forth his forces with all speed against Ptolemaeus, hoping to helpe and deliuer his mother and brethren that were detained prisoners with him: 	DIRECT_ALIGNMENT	HIGH	english-lodge1602-bellum1-unit54	25667	26688	Coarse-unit incipit and adjacent Lodge wording inspected directly against the Cardwell unit opening; the identity is secure. This decision verifies this boundary only.
1	latin-bellum1-num57	2	[57] 4. Castellumque aggressus, aliis quidem rebus superior erat, justo autem dolori cedebat. Ptolemaeus enim quoties premeretur, matrem ejus fratresque in murum productos, palam ut possent conspici, verberabat: eosdemque praecipitandos, nisi quam primum recederet, minabatur. Unde Hyrcanum quidem plus timor ac misericordia, quam iracundia commovebat. Mater vero ejus nihil plagis, aut intentata nece perterrita, manus protendens, filium precabatur,	A04680.xml:/TEI[1]/text[1]/group[1]/text[2]/body[1]/div[1]/div[2]/p[3]/text()[4]; UTF16 offset 89; printed book 1, chapter 2; pb 560 (tcp:12923:289)	and assaulting the Castle, notwithstanding that in all other things he had the better hand, yet was he ouercome by iust griefe and compassion. For at such time, and so often as Ptolemaeus perceiued himselfe to be in daun	             liuered from the siege by this accident and occasion, put Iohns mother and his brethren to death, and afterwards fled to Zeno the tyrant of Philadelphia, who was also surnamed Cotylas.\n                     \n	DIRECT_ALIGNMENT	HIGH	english-lodge1602-bellum1-unit57	26688	28401	Coarse-unit incipit and adjacent Lodge wording inspected directly against the Cardwell unit opening; the identity is secure. This decision verifies this boundary only.
1	latin-bellum1-num61	2	[61] 5. Antiochus autem ob ea, quae per Simonem passus fuerat, iratus in Judaeam ducit exercitum : ibique assidens Hierosolymis, Hyrcanum obsidebat. Ille autem patefacto sepulchro David, qui regum ditissimus fuerat, ablatisque inde pecuniae plus quam tribus millibus talentorum, et Antiocho persuasit, datis ei trecentis talentis ab obsidione discedere, primusque Judaeorum privatis opibus alere peregrina coepit auxilia.	A04680.xml:/TEI[1]/text[1]/group[1]/text[2]/body[1]/div[1]/div[2]/p[4]/text()[1]; UTF16 offset 0; printed book 1, chapter 2; pb 561 (tcp:12923:289)	In the meane while Antiochus being grieuously vexed at that which Simon had done vnto him, sent his army into Iudaea, and besieged Hyrcanus in Ierusalem, who opening Dauids Sepulchre (who had been one of the richest amon	, that vpon the paiment of three hundreth talents of money, he made him raise his siege and depart the country. This Hyrcanus was the first of all the Iewes that with his owne goods maintained outlanders and  souldiers. 	DIRECT_ALIGNMENT	HIGH	english-lodge1602-bellum1-unit61	28401	28963	Coarse-unit incipit and adjacent Lodge wording inspected directly against the Cardwell unit opening; the identity is secure. This decision verifies this boundary only.
1	latin-bellum1-num62	2	[62] 6. Rursusque tamen quando Antiochus contra Medos bello suscepto tempus ei vindictae praebuit, confestim adversus civitates Syriae perrexit, vacuas propugnatoribus esse ratus : quod et verum fuit. Medabam quidem et Samaeam cum proximis, necnon et Sichimam, et Garizim ipse cepit, et super his Chuthaeorum gentem, adjacentia fano loca incolentium, ad exemplum ejus, quod est Hierosolymis, aedificato. Coepit autem et Idumaeae non paucas alias civi	A04680.xml:/TEI[1]/text[1]/group[1]/text[2]/body[1]/div[1]/div[2]/p[4]/text()[9]; UTF16 offset 12; printed book 1, chapter 2; pb 561 (tcp:12923:289)	But so soone as Antiochus had bent his power and forces against the Medes; he tooke handfast of that opportunitie he had offered him, to reuenge himselfe, and presently assaulted the townes of Syria, assuring himselfe he	 vpon the Chuthaeans, who inhabite the places adioining to the temple, that is made after the imitation of that which is at Ierusalem. Moreouer, he  tooke many Cities of Idumaea, and amongst the rest Doreon, and Marisa: 	DIRECT_ALIGNMENT	HIGH	english-lodge1602-bellum1-unit62	28963	29585	Coarse-unit incipit and adjacent Lodge wording inspected directly against the Cardwell unit opening; the identity is secure. This decision verifies this boundary only.
1	latin-bellum1-num64	2	[64] 7. In Samariam vero usque progressus, ubi nunc est Sebaste civitas ab Herode rege condita, ex omni eam parte concludit : filiosque suos Aristobulum et Antigonum obsidioni praefecit. Quibus nihil remittentibus, ad hoc famis penuria, qui erant intra civitatem venerunt, ut etiam insuetam carnem cogerentur attingere. Igitur Antiochum adjutorem sibi advocant, Spondium cognominatum. qui cum prompta eis voluntate paruisset, ab Aristobulo et Antigon	A04680.xml:/TEI[1]/text[1]/group[1]/text[2]/body[1]/div[1]/div[2]/p[4]/text()[14]; UTF16 offset 72; printed book 1, chapter 2; pb 561 (tcp:12923:289)	and comming into Samaria (where now Sebaste is scituate, which was builded by Herode) he besieged it on euerie side, and left his two sonnes Aristobulus and Antigonus, to continue the siege, who diligently besieged the p	they cea\n                           •…\n                        ed not to pursue their good successe, but led their armie to Scythopolis, and taking it, they deuided and spoiled all the countrey.\n\n                        	DIRECT_ALIGNMENT	HIGH	english-lodge1602-bellum1-unit64	29585	30566	Coarse-unit incipit and adjacent Lodge wording inspected directly against the Cardwell unit opening; the identity is secure. This decision verifies this boundary only.
1	latin-bellum1-num67	2	[67] 8. Secundarum autem rerum Joannis et filiorum ejus invidia seditionem gentilium concitavit, multique adversus eos collecti non quiescebant, donec aperto bello devicti sunt. reliquum vero tempus Joannes cum fortunatissime viveret, et optime rebus per annos xxx. et tres administratis, et quinque filiis relictis moritur : vir plane beatissimus, et qui nullam dedisset occasionem, cur ejus causa de fortuna quispiam quereretur. Denique tria vel ma	A04680.xml:/TEI[1]/text[1]/group[1]/text[2]/body[1]/div[1]/div[3]/p[1]/seg[1]/text()[1]; UTF16 offset 0; printed book 1, chapter 3; pb 561 (tcp:12923:289)	THis felicitie and good hap of Iohn and his sonnes, was accompanied with the enuie of  many of his countrimen, and this discontent of theirs was the cause of a mutinie. For diuers of the Iewes rising vp in armes against 	gnorant of no future accidents: he foresaw and foretolde that his two eldest sonnes should not continue long in the gouernment (whose liues are worth rehearsall, although they much declined from their fathers felicitie) 	DIRECT_ALIGNMENT	HIGH	english-lodge1602-bellum1-unit67	30566	31811	Coarse-unit incipit and adjacent Lodge wording inspected directly against the Cardwell unit opening; the identity is secure. This decision verifies this boundary only.
1	latin-bellum1-num70	3	[70] CAP. III. PATRE nanque mortuo major Aristobulus translato in regnum principatu, diadema sibi primus imposuit : quadringentis et octoginta uno annis ac tribus mensibus, postquam populus in eam terram devenit, servitio quod apud Babylonios sustinuit liberatus. Fratrem vero a se secundum Antigonum (nanque illum diligere videbatur) in honore pari producebat : alios autem vinctos custodiae tradidit. Matremque itidem colligavit, ausam aliquid de p	A04680.xml:/TEI[1]/text[1]/group[1]/text[2]/body[1]/div[1]/div[3]/p[1]/text()[12]; UTF16 offset 9; printed book 1, chapter 3; pb 561 (tcp:12923:289)	for the eldest sonne Aristobulus, after his fathers death translated the principalitie into a  kingdome; and was the first that put a crowne on his head; foure hundreth, eightie and one yeeres, and three moneths after th	\n                           •…\n                        y committed to her dispose) and was so farre giuen ouer to all kinde of crueltie, that he not onely kept her prisoner in bonds: but also put her to death by famine. 	DIRECT_ALIGNMENT	HIGH	english-lodge1602-bellum1-unit70	31811	32639	Boundary checked directly against the surrounding Cardwell and Lodge wording.
1	latin-bellum1-num72	3	[72] 2. Horum autem facinorum poenas Antigoni fratris morte persoluit, quem plurimum amabat, quemque regni participem habebat. nam et hunc interemit, adductus criminationibus per malevolos regni compositis. Itaque primo quidem Aristobulus dictis fidem non habebat, qui et fratrem magnipenderet, et pleraque livore fingi arbitraretur. Sed cum Antigonus ex militia clarus rediisset, festis diebus, quos tabernaculis positis Deo celebrare mos patrius ex	A04680.xml:/TEI[1]/text[1]/group[1]/text[2]/body[1]/div[1]/div[3]/p[1]/text()[20]; UTF16 offset 88; printed book 1, chapter 3; pb 561 (tcp:12923:289)	But the reuenge of this his impietie was this, that he slaughtered his owne brother Antigonus whom he intirely beloued; and made both a competitor and partner with him in the kingdome. For by reason of those scandalous s	y, that he entred the Citie in this Equipage, with an intent to murther him, not contenting himselfe to haue the onely honour of the kingdome, except he might reduce the power and possession thereof into his owne hands. 	DIRECT_ALIGNMENT	HIGH	english-lodge1602-bellum1-unit72	32639	34359	Coarse-unit incipit and adjacent Lodge wording inspected directly against the Cardwell unit opening; the identity is secure. This decision verifies this boundary only.
1	latin-bellum1-num75	3	[75] 3. His paulatim, quamvis invitus tamen credidit Aristobulus, ac ne vel suspicari quicquam videretur, prospiciens, et ut incerta praecaveret, suos quidem satellites in quendam subterraneum et tenebrosum locum transire jubet. Ipse autem jacebat in castello, Bari ante, post autem Antonia cognominato: et ut inermi quidem parcerent, occiderent autem Antigonum, praecepit, si cum armis adiret : necnon et ipsi Antigono qui praeciperent misit, ut ine	A04680.xml:/TEI[1]/text[1]/group[1]/text[2]/body[1]/div[1]/div[3]/p[2]/hi[5]/text()[1]; UTF16 offset 0; printed book 1, chapter 3; pb 562 (tcp:12923:290)	Aristobulus though vnwillingly, yet at last being woon to beleeue them, desirous in seeming not to  suspect, to shew himselfe prouident, commanded his guard to hide themselues in a certaine obscure place vnder the ground	Galilee (which by reason of Antigonus sodaine departure from that place and his owne instant infirmitie he might not behold) would count it no little fauour and felicitie to beholde and see him in his warlike ornaments. 	DIRECT_ALIGNMENT	HIGH	english-lodge1602-bellum1-unit75	34359	35631	Coarse-unit incipit and adjacent Lodge wording inspected directly against the Cardwell unit opening; the identity is secure. This decision verifies this boundary only.
1	latin-bellum1-num77	3	[77] 4. His auditis, Antigonus (ne quid enim male suspicaretur, fratris suadebat affectus) cum armis velut ostentatum se veniens, properabat. Sed ubi ad obscurum transitum, qui Stratonis pyrgus vocabatur, accessit, a satellitibus interemptus est: certumque documentum praebuit, omnem benevolentiam jusque naturae calumniis cedere, nullamque optimatum affectionem tantum valere, ut invidiae perpetuo possit obsistere.	A04680.xml:/TEI[1]/text[1]/group[1]/text[2]/body[1]/div[1]/div[3]/p[2]/text()[19]; UTF16 offset 183; printed book 1, chapter 3; pb 562 (tcp:12923:290)	Which when Antigonus vnderstood (who by reason of his brothers disposition suspected no mischiefe) he armed himselfe, and resorted vnto him, intending to delight and content him with his musters. But no sooner arriued he	rtaine testimonie, that detraction distracteth and destroieth all good nature and friendship, and that amongst all our most accounted affections, there is no one so defenced and fortified as may abate the edge of enuie.\n	DIRECT_ALIGNMENT	HIGH	english-lodge1602-bellum1-unit77	35631	36263	Coarse-unit incipit and adjacent Lodge wording inspected directly against the Cardwell unit opening; the identity is secure. This decision verifies this boundary only.
1	latin-bellum1-num78	3	[78] 5. In hoc autem etiam Judam quis non recte miretur? Essaeus erat genere, qui nunquam divinando aberravit, neque mentitus est. Is Antigono transeunte per templum, mox ut eum vidit, ad notos qui aderant exclamavit (non paucos autem discipulos sive consultores habebat) Papae, nunc mihi pulchrum est mori, quando ante me veritas interiit, mearumque praedictionum aliquod mendacium deprehensum est. vivit enim iste Antigonus, qui hodie deberet occid	A04680.xml:/TEI[1]/text[1]/group[1]/text[2]/body[1]/div[1]/div[3]/p[3]/text()[1]; UTF16 offset 0; printed book 1, chapter 3; pb 562 (tcp:12923:290)	At this time also who would not wonder at a certaine man called Iudas? who being by birth an Essean, was blessed with this felicitie in his prophecies, that his predictions were neither touched with mistaking, or tainted	igonus was slaine in a place vnder ground, which was called the tower of Straton, being of the same name with Caesarea which is scituate vpon the sea coast; which was the occasion that Iudas staggered in his diuination. 	DIRECT_ALIGNMENT	HIGH	english-lodge1602-bellum1-unit78	36263	37646	Boundary checked directly against the surrounding Cardwell and Lodge wording.
1	latin-bellum1-num81	3	[81] 6. At vero Aristobulo confestim sceleris poenitudine morbus ingravescit: semperque facinoris cogitatione solicitus, perturbato animo tabescebat, donec moeroris acerbitate visceribus laceratis subito sanguinem vomeret. Hunc ergo unus e servulis ejus ministerio destinatus foras efferens, providentia numinis erravit: et ubi Antigonus erat occisus, super extantes adhuc caedis maculas cruorem interfectoris effudit. Ululatu autem eorum qui id cons	A04680.xml:/TEI[1]/text[1]/group[1]/text[2]/body[1]/div[1]/div[3]/p[3]/text()[8]; UTF16 offset 30; printed book 1, chapter 3; pb 562 (tcp:12923:290)	The sorrow which incontinently seazed Aristobulus, for committing this hainous murther augmented, and increased  his sicknesse in such sort, that his soule was continually troubled with the thought of his sin,  and his b	nding a parcell of my bloud vnto them?  Let them take it all at once, and let not the diuine vengeance laugh any longer to see the effusion  of mine entrailes. This said, he died after he had scarcely raigned one yeere.\n	DIRECT_ALIGNMENT	HIGH	english-lodge1602-bellum1-unit81	37646	39575	Coarse-unit incipit and adjacent Lodge wording inspected directly against the Cardwell unit opening; the identity is secure. This decision verifies this boundary only.
1	latin-bellum1-num85	4	[85] CAP. IV. UXOR vero fratre ejus vinculis dissolutis regem constituit Alexandrum, qui aetate major erat, et modestia praestare videbatur. Sed ille potestatem adeptus, fratrem quidem alterum regnum appetentem occidit: alterum autem privata vita contentum ablatis rebus secum habebat.	A04680.xml:/TEI[1]/text[1]/group[1]/text[2]/body[1]/div[1]/div[3]/p[4]/text()[1]; UTF16 offset 0; printed book 1, chapter 3; pb 563 (tcp:12923:290)	His wife after his death deliuered his brother Alexander from prison, & annointed him king, who was both the eldest and seemed to be the most staiedst among the rest of his brethren. Who growing by this meanes to be both	d hunting after the kingdome: as for the oth\n                           •…\n                        r that remained aliue, in that he contented himselfe with a priuate and contemplatiue life, he kept him neere about him. 	DIRECT_ALIGNMENT	HIGH	english-lodge1602-bellum1-unit85	39575	40084	Boundary checked directly against the surrounding Cardwell and Lodge wording.
1	latin-bellum1-num86	4	[86] 2. Praelium etiam cum Ptolemaeo cognomento Lathyro committit: qui oppidum Asochin ceperat, et multos quidem peremit hostium, sed victoria in Ptolemaei partes propensior fuit. Postea vero quam ipse pulsus a matre Cleopatra discessit in AEgyptum, et Gadaram obsidione capit Alexander, et castellum Amathuntis, omnium maximum quae trans Jordanem sita erant, ubi preciosissima quaeque bonorum Theodori filii Zenonis habebantur. At Theodorus repente 	A04680.xml:/TEI[1]/text[1]/group[1]/text[2]/body[1]/div[1]/div[3]/p[4]/text()[5]; UTF16 offset 121; printed book 1, chapter 3; pb 563 (tcp:12923:290)	He made warre also against Ptolomey that was called Lathyrus, who had surprised the Citie of Asoch, & put a great number of his enemies to the sword: naithelesse Ptolomies side obtained the victorie, who retiring himself	o the number of ten thousand. But Alexander after he had recouered this losse, inuaded the frontier townes vpon the sea coast, and wan Raphia, and Gaza, and Anthedon, which afterwards by king Herod was called Agrippias. 	DIRECT_ALIGNMENT	HIGH	english-lodge1602-bellum1-unit86	40084	41047	Coarse-unit incipit and adjacent Lodge wording inspected directly against the Cardwell unit opening; the identity is secure. This decision verifies this boundary only.
1	latin-bellum1-num88	4	[88] 3. His autem servitio domitis, concitatur in eum festo die populus Judaeorum. Nam plerunque epulae seditiones accendunt, nec videbatur insidias posse comprimere, nisi conductitios haberet auxilio Pisidas et Cilicas: nam Syros mercenarios respuebat, propter ingenitam cum Judaeorum gente discordiam. Caesis autem supra octo millibus ex turba rebellium, Arabiae bellum intulit. Ibique Galaaditis ac Moabitis subactis, tributoque his imposito, ad A	A04680.xml:/TEI[1]/text[1]/group[1]/text[2]/body[1]/div[1]/div[3]/p[4]/text()[17]; UTF16 offset 23; printed book 1, chapter 3; pb 563 (tcp:12923:290)	But after he had conquered and ouercome these places, the common sort of the Iewes raised a mutiny against him during  a certaine solemne and holy feast: for all mutinies & seditions are commonly raised at banquets: and 	aadites, and Moabites (and imposing vpon them a tribute) he returned to Amathunt: and wheras Theodorus was  daunted with his prosperous successe, he finding the Castle without any to defend it, rased it vnto the ground. 	DIRECT_ALIGNMENT	HIGH	english-lodge1602-bellum1-unit88	41047	41850	Coarse-unit incipit and adjacent Lodge wording inspected directly against the Cardwell unit opening; the identity is secure. This decision verifies this boundary only.
1	latin-bellum1-num90	4	[90] 4. Mox autem congressus cum Oboda rege Arabum qui locum fraudi opportunum in Galaadensi regione occupaverat, captus insidiis totum amisit exercitum in vallem altissimam compulsum, atque obtritum multitudine camelorum. Ipse vero elapsus in Hierosolymam, olim sibi gentem infensam ad novarum rerum motus magnitudine cladis accendit. Fit autem etiam tunc superior, crebrisque praeliis non minus quinquaginta millibus Judaeorum per sex annos interfe	A04680.xml:/TEI[1]/text[1]/group[1]/text[2]/body[1]/div[1]/div[3]/p[4]/text()[24]; UTF16 offset 113; printed book 1, chapter 3; pb 563 (tcp:12923:290)	After this, he presently assaulted Oboda king of the Arabians, who hauing laid ambushments in the countrey of Galaad, in a place fit for such a purpose, discomfited him and his whole army being driuen thence into a deepe	. And thereupon the Iewes sent vnto Demetrius surnamed A\n                              •…\n                           aerus for  helpe, who in hope of great rewards came and ioyned his forces with the Iewes about Sichem: 	DIRECT_ALIGNMENT	HIGH	english-lodge1602-bellum1-unit90	41850	43125	Coarse-unit incipit and adjacent Lodge wording inspected directly against the Cardwell unit opening; the identity is secure. This decision verifies this boundary only.
1	latin-bellum1-num93	4	[93] 5. Utrosque tamen Alexander mille quidem equitibus, sex autem peditum mercenariorum millibus excepit, cum haberet rex Judaeis quoque prope ad decem millia bene sibi cupientium, adversae autem partis essent equitum tria millia, peditumque millia quadraginta. Et priusquam veniretur ad manus, intercedentibus nunciis et praeconibus, reges transfugia tentabant: Demetrius quidem Alexandri mercenarios, Alexander autem Judaeos qui Demetrium sequeren	A04680.xml:/TEI[1]/text[1]/group[1]/text[2]/body[1]/div[1]/div[3]/p[5]/text()[8]; UTF16 offset 93; printed book 1, chapter 3; pb 563 (tcp:12923:290)	where Alexander met them both with a thousand horsmen and six thousand footmen, that were hired (hauing at that time ten thousand Iewes his fauourites) and of the contrarie part there were  three thousand horsemen, and f	ispleased & discouraged Demetrius, for he now thought that Alexander vniting his forces was able to bid him battel, & he feared that al the Iewes would at that present follow Alexander: for which cause he returned home. 	DIRECT_ALIGNMENT	HIGH	english-lodge1602-bellum1-unit93	43125	44576	Coarse-unit incipit and adjacent Lodge wording inspected directly against the Cardwell unit opening; the identity is secure. This decision verifies this boundary only.
1	latin-bellum1-num96	4	[96] 6. Non tamen reliqua multitudo ob abscessum auxiliorum simultates deposuit: bello autem assiduo tam diu cum Alexandro decertabat, donec plerisque interfectis caeteros in Bemeselim civitatem compulit, eaque subacta in Hierosolymam captivos abduxit. Verum immoderata fecit iracundia, ut crudelitas ejus ad impietatem usque procederet. Octingentis enim captivorum in media civitate crucifixis, mulieres earumque filios in conspectu matrum necavit, 	A04680.xml:/TEI[1]/text[1]/group[1]/text[2]/body[1]/div[1]/div[3]/p[5]/text()[29]; UTF16 offset 35; printed book 1, chapter 3; pb 564 (tcp:12923:291)	Yet the rest of the Iewes hauing thus lost the helpe of Demetrius, would not for all this desist from their rebellion; nay they so long warred with Alexander, till at last (the most of them being slaine) he droue the res	r. Thus, after he had by those actions sought for the tranquillitie of his kingdome, which he obtained not but with long time and great difficultie, he ceased to make warre against his countrey.\n\n                        	DIRECT_ALIGNMENT	HIGH	english-lodge1602-bellum1-unit96	44576	45653	Coarse-unit incipit and adjacent Lodge wording inspected directly against the Cardwell unit opening; the identity is secure. This decision verifies this boundary only.
1	latin-bellum1-num99	4	[99] 7. Rursus autem fit ei turbarum initium Antiochus, qui etiam Dionysius dictus est, Demetrii quidem frater, sed eorum novissimus, qui Seleucum generis autorem habebant. hunc enim timens qui Arabas parato bello pulsarat, totum quidem super Antipatrida montibus proximum, et inter Ioppes littora spacium, fossa altissima diremit. ante fossam vero murum aedificavit excelsum, turresque ligneas, ut faciles aditus obstrueret, fabricavit : nec tamen A	A04680.xml:/TEI[1]/text[1]/group[1]/text[2]/body[1]/div[1]/div[4]/p[1]/seg[1]/text()[1]; UTF16 offset 0; printed book 1, chapter 4; pb 564 (tcp:12923:291)	AFter this Antiochus (who likewise was called Dionysius the brother to Demetrius, who was the last of all the race of Seleucus) raised vp new broiles against Alexander, who  fearing him because he had prepared warre agai	were in danger) all of them fled: and the greatest part of them were slaine in the battaile and in flight: as for those that escaped, they fled into the towne of Cana, where they all (except a very few) died for hunger. 	DIRECT_ALIGNMENT	HIGH	english-lodge1602-bellum1-unit99	45653	47189	Boundary checked directly against the surrounding Cardwell and Lodge wording.
1	latin-bellum1-num103	4	[103] 8. Hinc Damasceni Ptolemaeo Minnaei filio infensi Aretam sibi sociant : Syriaeque caeles regem constituunt. qui bello illato Judaeae, postquam pugna vicit Alexandrum, pactione discessit. Alexander autem Pella capta Gerasam petivit rursus opum Theodori cupidus : triplicique ambitu circumdatis defensoribus, locum expugnavit: necnon et Gaulanem et Seleuciam, et eam quae Antiochi Pharanx dicitur, sub jugum mittit. Ad haec autem capto Gamala cas	A04680.xml:/TEI[1]/text[1]/group[1]/text[2]/body[1]/div[1]/div[4]/p[1]/text()[16]; UTF16 offset 174; printed book 1, chapter 4; pb 564 (tcp:12923:291)	After this the people of Damascus being incited by the hatred they bare to Ptolomey the sonne of Mineus, sent for Aretas, and established him King ouer Coelesyria: who warring against Iudaea, and ouercomming  \n          	lfe in some busines: for which cause being not rid of his disease, he applied himselfe to  warre, and labouring aboue his strength, amids those tumults yeelded vp the ghost in the seuen and thirtith yeere of his raigne: 	DIRECT_ALIGNMENT	HIGH	english-lodge1602-bellum1-unit103	47189	48657	Coarse-unit incipit and adjacent Lodge wording inspected directly against the Cardwell unit opening; the identity is secure. This decision verifies this boundary only.
1	latin-bellum1-num107	5	[107] CAP. V. IDQUE Alexandrae conjugi suae reliquit : Judaeos ejus vel maxime dicto obedientes fore non dubitans: quod longe ab ejus crudelitate discrepans, et iniquitati resistens, benevolentiam sibi populi comparasset. Neque spes eum fefellit. Namque opinione pietatis obtinuit muliercula principatum. Quippe quae morem gentis patrium probe norat, et qui sacras leges temerassent ab initio detestabatur. Cum autem duos filios Alexandro genitos hab	A04680.xml:/TEI[1]/text[1]/group[1]/text[2]/body[1]/div[1]/div[4]/p[1]/text()[30]; UTF16 offset 130; printed book 1, chapter 4; pb 564 (tcp:12923:291)	leauing the kingdome to Alexandra his wife, fully acou\n                           •…\n                        ting that the Iewes would in all things obey her, because that she alwaies by misliking and seeking to hinder h	hough he were in princely authoritie, yet he would molest no man: and therefore also made him king. As for the yongest son Aristobulus, because he was of a hot spirit, she was willing that he should liue a priuate life.\n	SUBSTANTIVE_ALIGNMENT	HIGH	english-lodge1602-bellum1-unit107	48657	49635	The participial clause rendering IDQUE ... reliquit is incorporated into Lodge's preceding sentence; split before 'leauing' preserves his syntax and order.
1	latin-bellum1-num110	5	[110] 2. Jungit autem se ejusdem mulieris dominationi quaedam Judaeorum factio, Pharisaei : qui praeter alios pietatem colere putarentur, et peritius leges interpretari : ob eam causam magis eos suspiciebat Alexandra, divinae religioni superstitiose deserviens. Illi autem paulatim foeminae simplici insinuati quo suis pro sua libidine summovendo, deponendo, itemque vinciendo, ac solvendo, jam procuratores habebantur: prorsus ut ipsi quidem regiis 	A04680.xml:/TEI[1]/text[1]/group[1]/text[2]/body[1]/div[1]/div[4]/p[2]/text()[1]; UTF16 offset 0; printed book 1, chapter 4; pb 565 (tcp:12923:291)	Now there was a certaine sect among the Iewes which were called Pharisees, who ioyned themselues with the Queene: these people were thought to be of the godliest sort, and to be more skilfull then other in interpreting t	d two armies, and hired a great many strangers, whereby shee did not onely strengthen her owne countrey, but also made her selfe to be feared of other nations. She ruled others, but her selfe was ruled by the Pharisees, 	DIRECT_ALIGNMENT	HIGH	english-lodge1602-bellum1-unit110	49635	50631	Coarse-unit incipit and adjacent Lodge wording inspected directly against the Cardwell unit opening; the identity is secure. This decision verifies this boundary only.
1	latin-bellum1-num113	5	[113] 3. Denique Diogenem quendam insignem virum, qui Alexandro fuerat amicissimus, interficiunt, ejus factum consilio criminati, ut octingenti (quos supra memoravi) regis jussu tollerentur in crucem. nihilominus autem Alexandrae suadebant, ut et alios, quibus autoribus Alexander in eos fuisset concitatus, occideret. Cumque his nimia superstitione nihil abnuendum putaret, quos sibi libuisset ea specie trucidabant, donec optimus quisque periclitan	A04680.xml:/TEI[1]/text[1]/group[1]/text[2]/body[1]/div[1]/div[4]/p[2]/text()[4]; UTF16 offset 341; printed book 1, chapter 4; pb 565 (tcp:12923:291)	who at last killed Diogenes, who was a gallant man, and highly in fauour with king Alexander; affirming that through his counsell the king commanded those eight hundred before mentioned to bee crucified: and further, the	enia with gifts and promises (who with an armie had besieged Ptolemais, wherein Cleopatra was) but he for feare of troubles in his owne countrey, in  that Lucullus had entred into Armenia, withdrew himselfe from thence.\n	DIRECT_ALIGNMENT	HIGH	english-lodge1602-bellum1-unit113	50631	51930	Boundary checked directly against the surrounding Cardwell and Lodge wording.
1	latin-bellum1-num117	5	[117] 4. Inter haec Alexandra morbo laborante, minor ejus filius Aristobulus, cum famulis suis quos multos habebat, omnesque pro aetatis favore fidissimos, universa castella obtinuit : et pecunia quam ibi reperit conductis auxiliis regem se declaravit. Ob haec miserata querelas Hyrcani mater, conjugem Aristobuli cum filiis includit apud castellum quod a Septentrione fano adjacens, Baris antea vocabatur, ut diximus, postea vero Antonia cognominata	A04680.xml:/TEI[1]/text[1]/group[1]/text[2]/body[1]/div[1]/div[4]/p[3]/text()[1]; UTF16 offset 0; printed book 1, chapter 4; pb 565 (tcp:12923:291)	In the meane time Alexandra being sicke, her youngest sonne Aristobulus with his seruants (which were manie in number, & all trusty for the heat their yong yeares) got all the castels, and  hiring soldiers with the money	 in like manner Sebaste and Agrippias other cities, were named of Augustus and Agrippa. But Alexandra died before she could reuenge Hircanus of the wrongs which Aristobulus had done him. This Queene reigned nine yeeres, 	DIRECT_ALIGNMENT	HIGH	english-lodge1602-bellum1-unit117	51930	52696	Coarse-unit incipit and adjacent Lodge wording inspected directly against the Cardwell unit opening; the identity is secure. This decision verifies this boundary only.
1	latin-bellum1-num120	6	[120] CAP. VI. ET haeres quidem omnium fit Hyrcanus, cui regnum etiam viva commiserat. Verum Aristobulus viribus atque autoritate praestabat. Habito autem inter eos circa Hierichunta de rerum summa conflictu, plerique Hyrcano relicto transeunt ad Aristobulum. Hyrcanus autem cum reliquis fuga pervenit in castellum Antoniam : ibique salutis obsides nactus (erat enim ibi in custodia ut praemisimus, conjunx Aristobuli cum filiis) priusquam gravius al	A04680.xml:/TEI[1]/text[1]/group[1]/text[2]/body[1]/div[1]/div[4]/p[3]/text()[13]; UTF16 offset 48; printed book 1, chapter 4; pb 565 (tcp:12923:291)	& left Hircanus in possession of al, whom during her life time she had aduanced to the kingdome. But Aristobulus being both stronger in power, and more esteemed in authoritie, encountred with his brother about Iericho, w	l the people, they in most friendly sort embraced each other: which when they had done, they changed houses, and Aristobulus went into the kings pallace, and Hircanus vnto Aristobulus his house.\n\n                        	SUBSTANTIVE_ALIGNMENT	HIGH	english-lodge1602-bellum1-unit120	52696	53748	The nine-year reign in 'This Queene reigned nine yeeres' translates Cardwell I.119. Split the same Lodge sentence before the heir clause '& left Hircanus', corresponding to ET haeres I.120; do not transfer the nine-year clause into the new chapter.
1	latin-bellum1-num123	6	[123] 2. Metus vero et alios ejus inimicos praeter spem dominantis occupat, et maxime Antipatrum jamdudum Aristobulo invisum. Erat autem genere Idumaeus, et nobilitate ac opibus gentis suae princeps. Is igitur et Hyrcanum ut ad Aretam regem Arabiae confugeret, ejusque auxilio regnum repeteret hortabatur, et ipsi Aretae ut Hyrcanum susciperet atque in regnum deduceret suadebat, multum obtrectans Aristobuli moribus, multisque Hyrcanum laudibus prae	A04680.xml:/TEI[1]/text[1]/group[1]/text[2]/body[1]/div[1]/div[5]/p[1]/seg[1]/text()[1]; UTF16 offset 0; printed book 1, chapter 5; pb 565 (tcp:12923:291)	NOw a sodaine feare inuaded all the enemies of Aristobulus when they saw him (contrarie to all expectation) made king; and especially Antipater aboue all others, whom Aristobulus a long time had hated. This Antipater was	s) sent him out of Armenia into Syria, who comming to Damascus, found it newly taken by Metellus and Lolius, who dismissing them from thence, and finding how matters stood in Iudaea,  hasted thither in hope of a bootie. 	DIRECT_ALIGNMENT	HIGH	english-lodge1602-bellum1-unit123	53748	55702	Coarse-unit incipit and adjacent Lodge wording inspected directly against the Cardwell unit opening; the identity is secure. This decision verifies this boundary only.
1	latin-bellum1-num128	6	[128] 3. Denique mox ut fines ingressus est, Judaeorum legati ad eum veniunt a fratribus utrisque, ut sibi potius adjumento essent orantibus. Sed trecentis talentis quae Aristobulus ei miserat, justitia posthabita est. Tot enim acceptis Scaurus ad Hyrcanum et Arabes legatos misit Romanorum, eis Pompeii nomen intentans, nisi ab obsidione desisterent. Itaque et Areta ex Judaea in Philadelphiam recedit metu perculsus, et Scaurus Damascum redit. Aris	A04680.xml:/TEI[1]/text[1]/group[1]/text[2]/body[1]/div[1]/div[5]/p[1]/text()[32]; UTF16 offset 37; printed book 1, chapter 5; pb 566 (tcp:12923:292)	So soone as he entred into the confines of the countrey both of the brethren sent embassadours vnto him, desiring him to take their parts: but Aristobulus hauing sent him three hundreth talents he neglected to doe Iustic	d escaped from being taken, but that gathering all his forces togither, he pursued his enemies: and ioyning battell with them about Papyron, he slew six thousand of them, in which number was Cephalon Antipaters brother. 	DIRECT_ALIGNMENT	HIGH	english-lodge1602-bellum1-unit128	55702	56497	Coarse-unit incipit and adjacent Lodge wording inspected directly against the Cardwell unit opening; the identity is secure. This decision verifies this boundary only.
1	latin-bellum1-num131	6	[131] 4. Hyrcanus vero et Antipater Arabum privati auxilio, spem in adversarios transtulerunt. et cum Pompeius Syriam ingressus Damascum pervenisset, ad ipsum confugiunt. multisque muneribus ei datis, eadem illa quibus ad Aretam usi fuerant allegantes, magnopere precabantur ut Aristobuli violentia damnata, regno Hyrcanum restitueret, cui tam aetate quam moribus deberetur. sed nec Aristobulus sibi defuit, corruptione Scauri fretus. Venerat autem q	A04680.xml:/TEI[1]/text[1]/group[1]/text[2]/body[1]/div[1]/div[5]/p[1]/text()[43]; UTF16 offset 10; printed book 1, chapter 5; pb 566 (tcp:12923:292)	But Hyrcanus and Antipater being destitute of the Arabians helpe, were driuen to hope for succour euen at their aduersaries hand. For which cause, as soone as Pompey after he had entred Syria came to Damascus, they in hu	rrupted Scaurus, came in as royall pompe as he could; but not abiding to debase himselfe, and thinking it a disparagement in more abiect manner then beseemed a king to seeke his owne commoditie, returned from Diospolis. 	DIRECT_ALIGNMENT	HIGH	english-lodge1602-bellum1-unit131	56497	57293	Coarse-unit incipit and adjacent Lodge wording inspected directly against the Cardwell unit opening; the identity is secure. This decision verifies this boundary only.
1	latin-bellum1-num133	6	[133] 5. Ob hoc iratus Pompeius, etiam Hyrcano ejusque sociis hoc precantibus, Aristobulum petit, et Romano simul exercitu et Syrorum instructus auxiliis. Cum vero Pellam et Scythopolim praetergressus Coreas venisset, unde Judaeorum fines incipiunt per mediterranea loca subeuntibus, cognito Aristobulum in Alexandrium confugisse (castellum est magnifice structum, in monte praecelso situm) mittit per quos eum juberet inde descendere. Ille autem dec	A04680.xml:/TEI[1]/text[1]/group[1]/text[2]/body[1]/div[1]/div[5]/p[2]/text()[3]; UTF16 offset 204; printed book 1, chapter 5; pb 566 (tcp:12923:292)	Wherat  \n                        Pompey being angrie at the request of Hyrcanus and his followers, he went against Aristobulus, accompanied both with the Roman army and the Syrians, who assisted them. When they had passe	hey receiued letters written by his owne hand) in this he fulfilled  \n                        Pompeies minde: yet being angrie and discontented, he departed into Ierusalem, and now fully determined to fight with Pompey. 	DIRECT_ALIGNMENT	HIGH	english-lodge1602-bellum1-unit133	57293	59073	Coarse-unit incipit and adjacent Lodge wording inspected directly against the Cardwell unit opening; the identity is secure. This decision verifies this boundary only.
1	latin-bellum1-num138	6	[138] 6. Ille autem, nec enim tempus apparatui dandum putavit, statim eum insequitur. multum quippe alacritati ejus addiderat, circa Hierichuntem Mithridatis mors nunciata. Ubi pinguissima Judaeae regio, et palmarum plurimum ac balsamum nutrit : cujus inciso lapidibus acutis robore stillantem lacrymam ex vulneribus colligunt. Cumque illic pernoctasset, mane in Hierosolymam properabat. Itaque hoc ejus impetu perterritus Aristobulus : supplex occur	A04680.xml:/TEI[1]/text[1]/group[1]/text[2]/body[1]/div[1]/div[5]/p[2]/text()[23]; UTF16 offset 1; printed book 1, chapter 5; pb 566 (tcp:12923:292)	But Pompey not thinking it best to let him haue time to prepare  himselfe, followed him with all speede, and so much the willinger, because that neere vnto Ierico he had newes of Mithridates his death, euen in the fruitf	he Citie into his hands, he by this meanes appeased Pompeies anger. But he performed no part of his promise; for Aristobulus his associates would not suffer Gabinius (who was sent for the money) to enter into the Citie: 	DIRECT_ALIGNMENT	HIGH	english-lodge1602-bellum1-unit138	59073	59993	Boundary checked directly against the surrounding Cardwell and Lodge wording.
1	latin-bellum1-num141	7	[141] CAP. VII. HIS commotus Pompeius, Aristobulum in custodiam collocat: ad civitatem vero profectus, explorabat qua ex parte facilior esset accessus. nam et murorum ejus firmitatem oppugnari posse facile non videbat: vallemque pro moenibus horribilem, fanumque illic cernebat proximum, adeo tutissima munitione circumdatum, ut etiam si civitas caperetur, secundum esset hostibus in eo refugium.	A04680.xml:/TEI[1]/text[1]/group[1]/text[2]/body[1]/div[1]/div[5]/p[2]/text()[35]; UTF16 offset 55; printed book 1, chapter 5; pb 567 (tcp:12923:292)	For which cause Pompey being mooued to displeasure, put Aristobulus in hold, and comming neere the Citie, he tooke a view at what place it might be easiliest entred, for he did not lightly perceiue how he might batter th	ter the walles, they were so strong. Moreouer, there was a huge ditch before the wall, and hard by he beheld the Temple so strengthened, that although the Citie were taken; yet it might be a second refuge for the enemy. 	DIRECT_ALIGNMENT	HIGH	english-lodge1602-bellum1-unit141	59993	60427	Boundary checked directly against the surrounding Cardwell and Lodge wording.
1	latin-bellum1-num142	7	[142] 2. Hoc autem diu quid faceret haesitante, seditio intra civitatem orta est: Aristobuli quidem sociis bellum geri potius regemque liberari dignum esse censentibus : qui vero cum Hyrcano sentirent, Pompeio portas aperiri. Metus autem hos plures faciebat, Romanorum constantiam reputantes. Denique victa pars Aristobuli concessit in templum : et ponte qui ab eo civitati jungebatur abscisso, ut ad ultimum usque resisteret, instruebatur. Cum autem	A04680.xml:/TEI[1]/text[1]/group[1]/text[2]/body[1]/div[1]/div[5]/p[2]/text()[37]; UTF16 offset 367; printed book 1, chapter 5; pb 567 (tcp:12923:292)	Whilest thus he long deliberated what to doe, there arose a sedition within the Citie, wherein Aristobulus confederates thought it meete to fight,  and deliuer the king out of prison: but those that fauoured Hyrcanus wou	f them that were in the temple to peace) prepared all places about it to batter it. All which time Hyrcanus and his friends shewed themselues ready to helpe them with counsell, and to doe whatsoeuer they were commanded. 	DIRECT_ALIGNMENT	HIGH	english-lodge1602-bellum1-unit142	60427	61350	Coarse-unit incipit and adjacent Lodge wording inspected directly against the Cardwell unit opening; the identity is secure. This decision verifies this boundary only.
1	latin-bellum1-num145	7	[145] 3. Ipse vero ad partes septentrionales fossamque vallemque replebat omni genere materiae per nmilites comportato, cum per se opus esset difficillimum, propter immensam altitudinem, et praeterea Judaei modis omnibus desuper obsisterent, mansissetque labor imperfectus, nisi Pompeius observatis diebus septimis, quibus Judaeos religio ab omni opere manus abstinere compellit, per eos aggerem cumulare praecepisset inhibitis a praelio militibus. P	A04680.xml:/TEI[1]/text[1]/group[1]/text[2]/body[1]/div[1]/div[5]/p[2]/hi[29]/text()[1]; UTF16 offset 0; printed book 1, chapter 5; pb 567 (tcp:12923:292)	Pompey at the north side filled the ditch and valley with all kind of matter which his souldiers carried, although that by reason of the huge depth, and for that the  Iewes made resistance, it was a thing hard to be done	he wals, who darted diuers stones at them. Against the violent power whereof, the towers that were builded in that quatter, being of a great and goodly building, resisted as valiantly and as long as they possibly could. 	DIRECT_ALIGNMENT	HIGH	english-lodge1602-bellum1-unit145	61350	62372	Coarse-unit incipit and adjacent Lodge wording inspected directly against the Cardwell unit opening; the identity is secure. This decision verifies this boundary only.
1	latin-bellum1-num148	7	[148] 4. Verumtamen Romanis tunc plurimum defatigatis, Pompeius Judaeorum tolerantiam et in aliis admiratus est: et praecipue, quod nihil ceremoniarum inter media tela versantes intermiserunt. sed velut in alta pace civitas ageret, quotidie sacrificia et victimas omnemque Dei cultum diligentissime celebrarunt, nec vel in ipso excidio, cum ad aram in dies singulos trucidarentur, legitimis religionis suae muneribus abstinuerunt. Mense igitur obsidi	A04680.xml:/TEI[1]/text[1]/group[1]/text[2]/body[1]/div[1]/div[5]/p[2]/text()[53]; UTF16 offset 666; printed book 1, chapter 5; pb 567 (tcp:12923:292)	But the Romans found but hard measure in this place, and Pompey admired the constancie of the Iewes; who being  amongst the thickest of their enemies darts, yet omitted not any ceremonie: but (as though they had had firm	was Faustus Cornelius Sylas sonne, and after him two Centurions Furius and Fabius with their regiments; who compassing the temple about (while some sought to hide themselues, and other some resisted) they slew them all. 	DIRECT_ALIGNMENT	HIGH	english-lodge1602-bellum1-unit148	62372	63281	Coarse-unit incipit and adjacent Lodge wording inspected directly against the Cardwell unit opening; the identity is secure. This decision verifies this boundary only.
1	latin-bellum1-num150	7	[150] 5. Ubi plurimi sacerdotum, quanquam hostes strictis gladiis irruentes videbant, intrepidi tamen in peragendis rebus divinis perseverabant : et in ipso libandi templumque adolendi ministerio mactabantur, saluti quoque praeferentes religionis obsequium. Multos autem sui gentiles adversae partis studiosi trucidabant, plurimi sese in rupes praecipitabant. nonnulli furibundi cunctis quae circa murum erant in desperatione succensis, pariter confl	A04680.xml:/TEI[1]/text[1]/group[1]/text[2]/body[1]/div[1]/div[5]/p[2]/text()[61]; UTF16 offset 139; printed book 1, chapter 5; pb 567 (tcp:12923:292)	There were many priests also among the rest; who, although they saw the enemies with naked swords rushing vpon them, yet being nothing at all dismaied  thereat, continued still their sacrifices; and were slaine euen whil	 vpon the rockes; othersome in their furie hauing desperately fired all things vpon the walles, burned themselues for companie. So that there twelue thousand Iewes  were slaine, but verie few Romans: yet many were hurt, 	DIRECT_ALIGNMENT	HIGH	english-lodge1602-bellum1-unit150	63281	63961	Coarse-unit incipit and adjacent Lodge wording inspected directly against the Cardwell unit opening; the identity is secure. This decision verifies this boundary only.
1	latin-bellum1-num152	7	[152] 6. Nihil autem gravius in illa clade Judaeorum genti visum, quam sanctum illud arcanum, neque cuiquam prius visum alienis esse detectum. Denique Pompeius una cum suis comitibus in templum ingressus, ubi neminem praeter pontificem adesse fas erat, quae intus erant candelabra cum lychnis et mensis in quibus libare atque adolere moris est, et vascula ex auro cuncta spectavit : congestamque pigmentorum molem, sacraeque pecuniae ad duo millia ta	A04680.xml:/TEI[1]/text[1]/group[1]/text[2]/body[1]/div[1]/div[5]/p[2]/text()[64]; UTF16 offset 56; printed book 1, chapter 5; pb 567 (tcp:12923:292)	and amongst all that massacre there was nothing so lamentable, as that the holy sanctuarie (which neuer any man saw before that time) was reuealed to strangers. Finally Pompeius accompanied with his followers, came into 	 those that had been the chiefe cause of these wars; Pompey caused them to be beheaded. He rewarded Faustus likewise, and those who fought-valiantly with him, with verie rich gifts, and imposed a tribute vpon Ierusalem, 	DIRECT_ALIGNMENT	HIGH	english-lodge1602-bellum1-unit152	63961	65437	Boundary checked directly against the surrounding Cardwell and Lodge wording.
1	latin-bellum1-num155	7	[155] 7. Ablatas autem genti etiam quas in Coelesyria ceperant civitates, Romano qui tunc erat praesidi parere jussit, propriisque tantum finibus circumclusit. Instauravit autem in gratiam cujusdam ex libertis suis Demetrii Gadarensis, etiam Gadaram, quam Judaei subverterant. Mediterraneas praeterea civitates ab eorum imperio liberavit, quas praeventi non exciderant, Hippon, et Scythopolim, et Pellam, et Samariam, et Marisam : itemque Azotum, et 	A04680.xml:/TEI[1]/text[1]/group[1]/text[2]/body[1]/div[1]/div[5]/p[3]/text()[5]; UTF16 offset 113; printed book 1, chapter 5; pb 568 (tcp:12923:293)	and tooke from that nation the Cities which they had gotten in Coelesyria: and appointed them to be gouerned by him who then was president for the Romans; making them keepe within the bounds of their owne countrey. And i	family captiues, who had two daughters  and two sons, the elder whereof called Alexander escaped in the way; as for the younger whose name was Antigonus, he with his sisters was carried to Rome.\n\n                        	DIRECT_ALIGNMENT	HIGH	english-lodge1602-bellum1-unit155	65437	66773	Boundary checked directly against the surrounding Cardwell and Lodge wording.
1	latin-bellum1-num159	8	[159] CAP. VIII. INTEREA Scaurus in Arabiam ingressus, ad Petram quidem regionum asperitate prohibebatur accedere : quae autem circum erant, omnia vastabat, multis et in hoc malis afflictus. nam exercitum fames premebat : cui tamen Hyrcanus per Antipatrum victui necessaria suppeditabat. quem velut Aretae familiarem etiam Scaurus ad eum legavit, ut bellum pactione deponeret. Itaque persuasum est Arabi, ut ccc. talenta daret: atque ita Scaurus ex A	A04680.xml:/TEI[1]/text[1]/group[1]/text[2]/body[1]/div[1]/div[6]/p[1]/seg[1]/text()[1]; UTF16 offset 0; printed book 1, chapter 6; pb 568 (tcp:12923:293)	AT that time Scaurus tooke his iourney into Arabia, but by the difficultie of the place he was so hindred, that he could not come to Petra, yet wasted he all the countrey adioyning  to Pella; although whilest he staied t	o Aretas, to perswade him that by disbursing some sum of money, he should worke his peace: Vpon whose motion Aretas condescended and gaue him three hundreth talents, and so Scaurus with his army departed out  of Arabia.\n	DIRECT_ALIGNMENT	HIGH	english-lodge1602-bellum1-unit159	66773	67424	Boundary checked directly against the surrounding Cardwell and Lodge wording.
1	latin-bellum1-num160	8	[160] 2. Alexander autem Aristobuli filius, quâ Pompeium fuge rat, magna manu medio tempore congregata, Hyrcano gravis imminebat, Judaeamque depopulabatur. quem quidem mature debellare posse credebat : quoniam disturbatum quoque a Pompeio murum Hierosolymis renovatum esse confidebat : nisi Gabinius in Syriam missus, qui Scauro successerat, quum in aliis fortem se praebuisset, tum etiam in Alexandrum movisset exercitum. Hujus autem ille impetum ve	A04680.xml:/TEI[1]/text[1]/group[1]/text[2]/body[1]/div[1]/div[6]/p[2]/text()[1]; UTF16 offset 0; printed book 1, chapter 6; pb 568 (tcp:12923:293)	In the meane time Alexander the sonne of Aristobulus (who in the way to Rome escaped  from Pompey) gathered togither a great army, and desperately set vpon Hyrcanus, wasting all Iudaea, which he hoped quickly to winne; y	ad ten thousand footmen, and a thousand and fiue hundreth horsemen: he fortified also the commodious places of the country, to wit, Alexandrium, Hyrcanium, and Machaerunt, which were neere vnto the mountaines of Arabia. 	DIRECT_ALIGNMENT	HIGH	english-lodge1602-bellum1-unit160	67424	68216	Coarse-unit incipit and adjacent Lodge wording inspected directly against the Cardwell unit opening; the identity is secure. This decision verifies this boundary only.
1	latin-bellum1-num162	8	[162] 3. Igitur Gabinius cum parte copiarum praemisso M. Antonio, ipse cum toto exercitu sequebatur. Lecti autem Antipatri comites, aliaque Judaeorum multitudo, quorum Malichus et Pitholaus principes erant : junctis cum M. Antonio viribus suis, Alexandro obviam processerunt: neque ita multo post aderat cum suis copiis Gabinius. Alexander autem, quod tum in unum confertam hostium multitudinem sustinere non poterat, abscessit. Cumque Hierosolymis a	A04680.xml:/TEI[1]/text[1]/group[1]/text[2]/body[1]/div[1]/div[6]/p[2]/hi[9]/text()[1]; UTF16 offset 0; printed book 1, chapter 6; pb 568 (tcp:12923:293)	Gabinius sent Marcus Antonius before  him with part of the army, and followed after with the rest; and certaine chosen men out of Antipaters companie, and other companies of the Iewes, wherof Malichus and Pitholaus were 	drawing neere vnto Ierusalem, he was constrained to hazard the fight; where losing to the number of six thousand (whereof some three thousand were taken aliue, and other three thousand  slaine) he escaped with the rest. 	DIRECT_ALIGNMENT	HIGH	english-lodge1602-bellum1-unit162	68216	68924	Coarse-unit incipit and adjacent Lodge wording inspected directly against the Cardwell unit opening; the identity is secure. This decision verifies this boundary only.
1	latin-bellum1-num164	8	[164] 4. Gabinius autem ubi Alexandrium castellum venit, quia multos deseruisse castra cognovit, promissa delictorum venia conabatur eos ante praelium sibi conjungere. Cum autem illi nihil mediocre cogitarent, plerisque interfectis, reliquos in castellum concludit. In hoc praelio dux M. Antonius multa praeclare gessit : et quamvis semper et ubique vir fortis apparuisset, tamen nunc etiam suum vicit exemplum : Gabinius autem relictis, qui castellu	A04680.xml:/TEI[1]/text[1]/group[1]/text[2]/body[1]/div[1]/div[6]/p[3]/text()[4]; UTF16 offset 35; printed book 1, chapter 6; pb 568 (tcp:12923:293)	But Gabinius as soon as he came to the castle called Alexandriū, vnderstanding that many had forsaken their places, he by promising them pardon sought to vnite them vnto him before the warre began: but when he perceiued	thedon, and Apollonia, and Iamnia, and Raphia, and Marisa, and Dora, and\n\nGadara, and Azotus, and many more began to be inhabited; so that their inhabitants ioyfully  \n                         peopled and dwelt therein. 	DIRECT_ALIGNMENT	HIGH	english-lodge1602-bellum1-unit164	68924	69884	Coarse-unit incipit and adjacent Lodge wording inspected directly against the Cardwell unit opening; the identity is secure. This decision verifies this boundary only.
1	latin-bellum1-num167	8	[167] 5. His autem recte dispositis regressus Alexandrium, vehementius urgebat obsidium. Qua re territus Alexander, omnibus desperatis legatos ad eum misit, et ignosci delictis orans, et quae sibi parerent castella Machaerunta et Hyrca nium tradere non dubitans : quinetiam Alexandrium ejusdem potestati permisit. Quae quidem Gabinius omnia consilio matris Alexandri funditus eruit, ne rursus belli alterius receptaculum fierent. Aderat autem, quo su	A04680.xml:/TEI[1]/text[1]/group[1]/text[2]/body[1]/div[1]/div[6]/p[3]/text()[17]; UTF16 offset 28; printed book 1, chapter 6; pb 569 (tcp:12923:293)	Which when he had done he returned to Alexandrium, and began a more vrgent siege: whereat Alexander being terrified and made desperate, he sent Embassadors to him, beseeching him to pardon his offences, promising to rend	oris, the third at Amathunt, the fourth at Iericho, the  fift at Sephoris a citie of Galilee: and the Iewes being deliuered from the gouernment of one man only, willingly suffered themselues to be ruled by the nobility. 	DIRECT_ALIGNMENT	HIGH	english-lodge1602-bellum1-unit167	69884	70981	Coarse-unit incipit and adjacent Lodge wording inspected directly against the Cardwell unit opening; the identity is secure. This decision verifies this boundary only.
1	latin-bellum1-num171	8	[171] 6. Veruntamen non multo post evenit, ut turbarum his fieret initium elapsus Roma Aristobulus : qui magna iterum Judaeorum manu conflata partim cupida mutationis, partim quibus olim dilectus erat, primum occupat Alexandrium : idque recingere muro tentabat. Deinde cognito quod Gabinius Sisennam et Antonium et Servilium duces contra se cum exercitu misit, in Machaerunta concedit, vulgique imbellis onere deposito, solos armatos prope ad octo mi	A04680.xml:/TEI[1]/text[1]/group[1]/text[2]/body[1]/div[1]/div[6]/p[3]/text()[29]; UTF16 offset 164; printed book 1, chapter 6; pb 569 (tcp:12923:293)	But shortly after Aristobulus escaping from Rome raised new troubles, who gathering a great army partly of those that desired a change, partly of them that loued him before, tooke Alexandrium; & began to compasse it agai	to Gabinius, & from thence to Rome, and the Senate put him in prison: but his sonnes they sent into Iudaea, because Gabinius writ that he had so promised Aristobulus his wife vpon condition the castles might be yeelded. 	DIRECT_ALIGNMENT	HIGH	english-lodge1602-bellum1-unit171	70981	72417	Coarse-unit incipit and adjacent Lodge wording inspected directly against the Cardwell unit opening; the identity is secure. This decision verifies this boundary only.
1	latin-bellum1-num175	8	[175] 7. Parato autem Gabinio bellum Parthis inferre, Ptole meus impedimento fuit. Qui reversus ab Euphrate, petebat AEgyptum, Hyrcano et Antipatro amicis usus ad omnia, quae militiae necessitas exigebat. nam et pecuniis et armis eum et frumento Antipater et auxiliis adjuvit. Et Judaeis in ea parte vias, quae Pelusium ducerent, observantibus, transmittere Gabinium persuasit: alia vero Syria discessu Gabinii commota, et Judaeos iterum Alexander Ar	A04680.xml:/TEI[1]/text[1]/group[1]/text[2]/body[1]/div[1]/div[6]/p[3]/text()[48]; UTF16 offset 55; printed book 1, chapter 6; pb 569 (tcp:12923:293)	Now Gabinius being prepared to warre against the Parthians, Ptolomaeus hindred him, who returning from Euphrates wēt into Aegypt, leauing Antipater & Hyrcanus his friends to dispose of al things belonging to the vvar: f	thence and ouercame the Nabathaeans in battel: he likewise permitted Mithridates & Orsanes priuily to depart; who were  \n                         fled from the Parthians, saying that they had escaped from the souldiers. 	DIRECT_ALIGNMENT	HIGH	english-lodge1602-bellum1-unit175	72417	73784	Coarse-unit incipit and adjacent Lodge wording inspected directly against the Cardwell unit opening; the identity is secure. This decision verifies this boundary only.
1	latin-bellum1-num179	8	[179] 8. Interea Crassus ei successor datus Syriam suscepit. Is in Parthicae militiae sumptum, et omne aliud aurum templi quod Hierosolymis erat, abstulit, et a quibus Pompeius temperaverat, duo millia talentorum. Euphratem vero transgressus et ipse perit et exercitus ejus : de quibus non est hujus temporis commemorare.	A04680.xml:/TEI[1]/text[1]/group[1]/text[2]/body[1]/div[1]/div[6]/p[3]/text()[68]; UTF16 offset 75; printed book 1, chapter 6; pb 569 (tcp:12923:293)	In the meane time Crassus who was appointed to be his successor, had Syria deliuered him, who toward the maintenance of the Parthian wars tooke all the gold that was in the temple of Ierusalem, and the 2000. talents whic	ple of Ierusalem, and the 2000. talents which Pompeius had forborne to do: who passing ouer Euphrates was both himselfe and his whole army vtterly ouerthrowne: of which thing it behooueth vs not to speake in this place. 	DIRECT_ALIGNMENT	HIGH	english-lodge1602-bellum1-unit179	73784	74180	Coarse-unit incipit and adjacent Lodge wording inspected directly against the Cardwell unit opening; the identity is secure. This decision verifies this boundary only.
1	latin-bellum1-num180	8	[180] 9. Post Crassum autem Parthos in Syriam properantes irrnere Cassius inhibuit, receptus in provinciam. Ejus autem favore quaesito, in Judaeam festinabat : captisque Tarichaeis, prope ad tria millia Judaeorum abducit in servitium. Occidit autem etiam Pitholaum, seditiosos Aristobuli colligentem, cujus necis suasor erat Antipater. Huic autem nupta fuit ex Arabia nobilis foemina nomine Cypris: unde filios quatuor, Phasaëlum, et regem Herodem, e	A04680.xml:/TEI[1]/text[1]/group[1]/text[2]/body[1]/div[1]/div[6]/p[3]/text()[70]; UTF16 offset 166; printed book 1, chapter 6; pb 569 (tcp:12923:293)	After the death of Crassus, the Parthians endeuored themselues to enter Syria; but Cassius who succeeded him in the gouernment, repulsed them: and hauing gotten the vpper hand he speedily resorted into Iudaea, and taking	rtaken the wars against Aristobulus. But Cassius made a truce vvith Alexander, and in the meane time went to Euphrates to hinder the passage of the Parthians, of which we vvill speake hereafter.\n\n                        	DIRECT_ALIGNMENT	HIGH	english-lodge1602-bellum1-unit180	74180	75222	Coarse-unit incipit and adjacent Lodge wording inspected directly against the Cardwell unit opening; the identity is secure. This decision verifies this boundary only.
1	latin-bellum1-num183	9	[183] CAP. IX. CAESAR autem post senatus et Pompeii fugam trans mare Ionium, rebus omnibus Romaque potitus, solutum vinculis Aristobulum cum duabus cohortibus velociter ad Syriam misit, et hanc facillime et cuncta Judaeae proxima per illum subjici posse ratus ; verum et spem Caesaris, et Aristobuli alacritatem praevenit invidia. Nam veneno peremptus a Pompeii studiosis, aliquandiu etiam sepultura in solo patrio carebat, corpusque mortui servabatu	A04680.xml:/TEI[1]/text[1]/group[1]/text[2]/body[1]/div[1]/div[7]/p[1]/seg[1]/text()[1]; UTF16 offset 0; printed book 1, chapter 7; pb 570 (tcp:12923:294)	AFter that Caesar had forced the Senate and Pompey to flie beyond the Ionian sea, and by that means made himselfe sole Master of all at Rome, he set Aristobulus at libertie;  and with two legions of men sent him in haste	 euen in his owne countrey his bodie lay vnburied, which notwithstanding  was preserued from putrefaction with hony, till such time as Antonius sent it vnto the Iewes commaunding them to burie it in the kings sepulcher. 	DIRECT_ALIGNMENT	HIGH	english-lodge1602-bellum1-unit183	75222	75905	Boundary checked directly against the surrounding Cardwell and Lodge wording.
1	latin-bellum1-num185	9	[185] 2. Occiditur autem Alexander quoque filius ejus, a Scipione securi percussus Antiochiae, secundum Pompeii literas, accusatione ejus pro tribunali prius habita super his, quae in Romanos admiserat. Ptolemaeus autem Minnaei filius, qui Chalcidem sub Libano tenebat, captis ejus fratribus, filium suum Philippionem, qui eos arcesseret, mittit Ascalonem : atque ille abstractum ab Aristobuli conjuge Antigonum, ejusque sorores adducit ad patrem. Am	A04680.xml:/TEI[1]/text[1]/group[1]/text[2]/body[1]/div[1]/div[7]/p[1]/text()[12]; UTF16 offset 77; printed book 1, chapter 7; pb 570 (tcp:12923:294)	His sonne Alexander also was beheaded at Antiochia by Scipio, being first according to the tenour of Pompeies letters accused before the tribunall seat of such things as he had committed against the Romanes. Ptolemaeus t	he yongest, tooke her to his wife: for which cause he was afterward put to death by his father. For Ptolemaeus hauing slaine his sonne, married Alexandra; and for that affinitie sake, was more carefull for her brethren. 	DIRECT_ALIGNMENT	HIGH	english-lodge1602-bellum1-unit185	75905	76646	Coarse-unit incipit and adjacent Lodge wording inspected directly against the Cardwell unit opening; the identity is secure. This decision verifies this boundary only.
1	latin-bellum1-num187	9	[187] 3. Antipater autem Pompeio mortuo in clientelam Caesaris se contulit, et quia Mithridates Pergamenus ab accessu Pelusii prohibitus, cum exercitu quem ducebat in AEgyptum, apud Ascalonem morabatur, non solum Arabas, quamvis hospes esset, auxilium ferre persuasit: verum et ipse armata Judaeorum tria circiter millia secun movit. Excitavit autem praesidio Syriae quoque potentes, et incolam Libani Ptolemaeum, et Iamblichum, et Ptolemaeum alterum	A04680.xml:/TEI[1]/text[1]/group[1]/text[2]/body[1]/div[1]/div[7]/p[1]/text()[24]; UTF16 offset 66; printed book 1, chapter 7; pb 570 (tcp:12923:294)	After the death of Pompey, Antipater sought all meanes to get Caesars fauour, and when Mithridates \n                         of Pergamenus was hindred by the garrison at Pelusium to passe any further, with an armie into 	uld not suffer him to passe, he besieged the citie; in which siege Antipater shewed his valour: for making a breach on that side of the wall, where his quarter was, he first of all with his company brake into the citie, 	DIRECT_ALIGNMENT	HIGH	english-lodge1602-bellum1-unit187	76646	77622	Coarse-unit incipit and adjacent Lodge wording inspected directly against the Cardwell unit opening; the identity is secure. This decision verifies this boundary only.
1	latin-bellum1-num190	9	[190] 4. Et Pelusium quidem captum est: ulterius autem eos progredi non sinebant Judaei AEgyptii, terrarum incolae, quae appellantur Oniae. Quibus tamen Antipater non modo ne obstarent, verumetiam, ut victui necessaria praeberent militi, persuasit. Unde factum est, ut nec Memphitae ad manus venirent, ultroque sese traderent Mithridati, atque ille Delta jam peragrato pugnam cum caeteris commisit AEgyptiis, in loco cui nomen est Judaeorum Castra : 	A04680.xml:/TEI[1]/text[1]/group[1]/text[2]/body[1]/div[1]/div[7]/p[2]/text()[10]; UTF16 offset 144; printed book 1, chapter 7; pb 570 (tcp:12923:294)	and so Pelusium was taken. But the inhabitants  of Onias countrey who were Aegyptians and Iewes, suffered him not to passe any further: yet did Antipater handle the matter so discreetly with them, that they did not only 	tes \n                         flying lost eight hundreth men, & being against all hope preserued out of those wars, was without all enuie a true witnes before Caesar of al that vvhich Antipater had both done & deserued. 	DIRECT_ALIGNMENT	HIGH	english-lodge1602-bellum1-unit190	77622	78671	Coarse-unit incipit and adjacent Lodge wording inspected directly against the Cardwell unit opening; the identity is secure. This decision verifies this boundary only.
1	latin-bellum1-num193	9	[193] 5. Unde ille tunc quidem Antipatrum spe et laudibus incitatum ad subeunda pro se pericula reddidit promptiorem. In quibus omnibus bellator audacissimus comprobatus est, multaque perpessus vulnera, toto corpore gerebat signa virtutis. Post autem quando rebus in AEgypto compositis, ad Syriam rediit, et Romana eum civitate simul et immunitate donavit: aliisque rebus honorando, amicissimeque tractando, dignum aemulatione reddidit : ejusdemque g	A04680.xml:/TEI[1]/text[1]/group[1]/text[2]/body[1]/div[1]/div[7]/p[2]/text()[25]; UTF16 offset 27; printed book 1, chapter 7; pb 570 (tcp:12923:294)	Wherupon  \n                        Caesar redoubled his courage vvith praise and promises vnto him, and made him forward to hazard himselfe for him. In a word, he proued & shewed himselfe a stout vvarrior, & hauing many 	 immunities thereof: and did so honour him in other things and vse him so friendly, that he made him a patterne for all to imitate: and for his sake he confirmed Hyrcanus in the high Priesthood.\n\n                        	DIRECT_ALIGNMENT	HIGH	english-lodge1602-bellum1-unit193	78671	79326	Boundary checked directly against the surrounding Cardwell and Lodge wording.
1	latin-bellum1-num195	10	[195] CAP. X. EODEM vero tempore Antigonus quoque Aristobuli filius cum venisset ad Caesarem, majoris praeter opinionem felicitatis causam praebuit Antipatro. Nam qui de patris morte queri deberet, propter inimicitias Pompeii veneno, quantum putabatur, perempti, et crudelitatis in fratrem accusare Scipionem, nullumque invidiae dolum admiscere miseriis, ultra haec Hyrcanum et Antipatrum criminabatur, veluti se patrio loco cum fratribus iniquissime	A04680.xml:/TEI[1]/text[1]/group[1]/text[2]/body[1]/div[1]/div[8]/p[1]/seg[1]/text()[1]; UTF16 offset 0; printed book 1, chapter 8; pb 570 (tcp:12923:294)	AT the same time Antigonus the sonne of Aristobalus repairing to Caesar, against his will  was a cause of Antipaters greater felicity: for comming to complain of his fathers death, (who was as it was thought through Pomp	e their intent. Alleadging that they had sent aide into Aegypt to Caesars forces, not for good will; but for feare of auncient enmitie, and that hereby they might acquite themselues of the good will they bare to Pompey. 	DIRECT_ALIGNMENT	HIGH	english-lodge1602-bellum1-unit195	79326	80179	Boundary checked directly against the surrounding Cardwell and Lodge wording.
1	latin-bellum1-num197	10	[197] 2. Ad haec Antipater, veste projecta, multitudinem vulnerum demonstrabat, et qua fide quidem Caesarem coluisset, verbis non esse opus dixit: nam corpus etiam se tacente clamare : Antigoni autem mirari audaciam, qui cum hostis Romanorum sit filius, et fugitivi Romanorum, novarumque rerum studium votumque seditiosum patris habeat, apud Romanorum principem alios accusare conetur, bonique aliquid adipisci tentet: quem hoc solum oportere content	A04680.xml:/TEI[1]/text[1]/group[1]/text[2]/body[1]/div[1]/div[8]/p[1]/text()[18]; UTF16 offset 1; printed book 1, chapter 8; pb 571 (tcp:12923:294)	At these words Antipater (casting away his vesture) shewed the number of his wounds, saying, it was not needfull to vse words to proue what affection he had borne to Caesar, for his verie body would shew it, although hee	o ought to be contented with his life onely: alleadging, that hee craued not maintenance for that he wanted,  but that he might raise a rebellion amongst the Iewes, and against them who should bestow any thing vpon him.\n	DIRECT_ALIGNMENT	HIGH	english-lodge1602-bellum1-unit197	80179	80970	Coarse-unit incipit and adjacent Lodge wording inspected directly against the Cardwell unit opening; the identity is secure. This decision verifies this boundary only.
1	latin-bellum1-num199	10	[199] 3. Quae ubi Caesar audivit, Hyrcanum quidem pontificatu digniorem esse pronunciavit : Antipatro autem cujus vellet potestatis detulit optionem. Qui permisso dignitatis modo ipsi, qui daret, Judaeae procurator declaratus est, et praeter hoc impetravit, ut subversa patriae moenia renovare sibi liceret. Et hos quidem honores Caesar incidendos in Capitolium misit, ut justitiae suae virtutisque signum Antipatri memoriae traderetur.	A04680.xml:/TEI[1]/text[1]/group[1]/text[2]/body[1]/div[1]/div[8]/p[2]/text()[1]; UTF16 offset 0; printed book 1, chapter 8; pb 571 (tcp:12923:294)	Which when Caesar heard, he said that Hyreanus was most worthy to be high priest, and bid  \n                        Antipater wish what dignitie he would haue: who leauing that to the pleasure of the giuer, he was made g	nd moreouer, he obtained to reedifie the rased wals of his countrey, and Caesar commanded that those honours should be engraued in the Capitoll, that it might be a token in time to come of Antipaters Iustice and vertue. 	DIRECT_ALIGNMENT	HIGH	english-lodge1602-bellum1-unit199	80970	81435	Coarse-unit incipit and adjacent Lodge wording inspected directly against the Cardwell unit opening; the identity is secure. This decision verifies this boundary only.
1	latin-bellum1-num201	10	[201] 4. Antipater vero, ubi de Syria Caesarem prosecutus est, in Judaeam reversus, ante omnia patriae muros a Pompeio dirutos reparabat: omniaque lustrando, ne quid in illis regionibus turbarum esset, nunc interminando, nunc etiam suadendo curabat: unumquemque admonens, quod si cum Hyrcano sentirent, in otio atque opulentia victuri essent, fortunisque suis et communi pace potituri : sin spe vana ducerentur eorum, qui privati quaestus gratia res 	A04680.xml:/TEI[1]/text[1]/group[1]/text[2]/body[1]/div[1]/div[8]/p[2]/hi[6]/text()[1]; UTF16 offset 0; printed book 1, chapter 8; pb 571 (tcp:12923:294)	Antipater hauing attended Caesar out of Syria, first of all repaired the ruined walles of his countrey which Pompey had raced: and going thorowout all the countrey, he threatned the obstinate, and perswaded the seditious	 the estate of the countrey, and made Phasaelus his eldest sonne gouernour of the army, and the Lord of Ierusalem and of his owne liuing, and sent Herode his youngest son to gouerne Galilee (although he was very young:) 	DIRECT_ALIGNMENT	HIGH	english-lodge1602-bellum1-unit201	81435	82611	Boundary checked directly against the surrounding Cardwell and Lodge wording.
1	latin-bellum1-num204	10	[204] 5. Qui cum natura strenuus esset, cito materiam ubi animi magnitudinem exerceret, invenit: captumque latronum principem Ezechiam, quem praedari maximo agmine continentia Syriae deprehendit, ipsum aliosque latrones multos interfecit. Eaque res adeo grata fuit Syris, ut per vicos atque oppida caneretur Herodes, veluti per eum pace reddita, et possessionibus restitutis. Ex hujus denique operis gloria, Sexto etiam Caesari propinquo magni Caesar	A04680.xml:/TEI[1]/text[1]/group[1]/text[2]/body[1]/div[1]/div[8]/p[2]/text()[19]; UTF16 offset 67; printed book 1, chapter 8; pb 571 (tcp:12923:294)	who being by nature of a valiant courage, found out a present occasion to shew his braue minde:  for he tooke Ezechias which was captain of theeues, who as he vnderstood was woont to pray vpon the confines of Syria with 	ently through might or power; for which cause the people honoured Antipater as their king, and reuerenced him as Lord of all, yet was his fidelitie and good will neuerthelesse towards Hyrcanus. \n                         	DIRECT_ALIGNMENT	HIGH	english-lodge1602-bellum1-unit204	82611	83667	Coarse-unit incipit and adjacent Lodge wording inspected directly against the Cardwell unit opening; the identity is secure. This decision verifies this boundary only.
1	latin-bellum1-num208	10	[208] 6. Verum fieri non potest, ut livorem quisquam in secundis rebus effugiat. Namque Hyrcanus, quamvis et antea tacite sua sponte mordebatur adolescentium gloria, maximeque rebus ab Herode gestis, et crebris munciis laudes ejus per singula facta praedicantibus augerentur : a multis tamen invidis, qui regias infestare solent, quibusque Antipatri ejusque filiorum probitas officiebat, instigabatur : dicentibus, quod Antipatro et filiis ejus rebus	A04680.xml:/TEI[1]/text[1]/group[1]/text[2]/body[1]/div[1]/div[8]/p[3]/text()[10]; UTF16 offset 1; printed book 1, chapter 8; pb 571 (tcp:12923:294)	(But it is impossible that any man that liueth in prosperitie, should not be enuied.) For Hyrcanus, although before time he were mooued something at the glorie of these young men,  and especially with the prosperous succ	priuate person, was to be brought into iudgement, there to answere the matter and shew the king a reason, and satisfie the lawes of his countrey; which permitted no man to be put to death before by law he was conuicted. 	DIRECT_ALIGNMENT	HIGH	english-lodge1602-bellum1-unit208	83667	85018	Boundary checked directly against the surrounding Cardwell and Lodge wording.
1	latin-bellum1-num210	10	[210] 7. His paulatim accendebatur Hyrcanus. Ad extremum autem iracundia prodita, causam dicturum Herodem jubet accersiri : atque ille et patris monitu, et quod ei fiduciam res gestae darent, firmata prius Galilaea praesidiis, ad regem proficiscitur. Ibat autem cum forti caterva, ne vel derogare videretur Hyrcano, si plures duceret, vel invidiae nudus pateret. Sextus autem Caesar adolescenti metuens, ne quid apud ini micos deprehenso mali fieret,	A04680.xml:/TEI[1]/text[1]/group[1]/text[2]/body[1]/div[1]/div[8]/p[3]/text()[22]; UTF16 offset 221; printed book 1, chapter 8; pb 571 (tcp:12923:294)	By these perswasions Hyrcanus grew angrie: so that not concealing his wrath he caused Herode to be sent for to answere the matter: who both for that his father aduertised\n\nhim thereto: and because he trusted to the equit	tide him amongst his enemies, sent vnto Hyrcanus manifestly  warning him to free Herode from the crime of murther. For which cause Hyrcanus who loued Herode, and was willing so to do of his owne accord, did acquite him. 	DIRECT_ALIGNMENT	HIGH	english-lodge1602-bellum1-unit210	85018	85853	Coarse-unit incipit and adjacent Lodge wording inspected directly against the Cardwell unit opening; the identity is secure. This decision verifies this boundary only.
1	latin-bellum1-num212	10	[212] 8. Atque is invito rege evasisse ratus, Damascum recessit ad Sextum, nequaquam paratus obedire, si denuo fuisset accitus. Rursumque ab improbis irritabatur Hyrcanus, qui dicerent iratum Herodem abiisse, et ut se contra ipsum strueret, properasse. Haec autem rex vera esse existimans, quid ageret nesciebat: quoniam potentiorem inimicum videbat. Cum vero a Sexto Caesare dux militum per Syriam itemque per Samariam declaratus esset Herodes, nequ	A04680.xml:/TEI[1]/text[1]/group[1]/text[2]/body[1]/div[1]/div[8]/p[3]/text()[37]; UTF16 offset 63; printed book 1, chapter 8; pb 572 (tcp:12923:295)	Whereupon, he supposing that he had escaped against the kings will went to Damascus vnto Sextus, purposing not to obey, if hereafter he were sent for. Naithelesse, Hyrcanus was once againe incited by bad people against H	fauour with the comminaltie, but also for the forces which he commanded. So that hereupon Hyrcanus fell into an extreme feare, verily perswading himselfe that Herod with his whole army would presently come  against him. 	DIRECT_ALIGNMENT	HIGH	english-lodge1602-bellum1-unit212	85853	86667	Coarse-unit incipit and adjacent Lodge wording inspected directly against the Cardwell unit opening; the identity is secure. This decision verifies this boundary only.
1	latin-bellum1-num214	10	[214] 9. Neque opinione deceptus est. Namque Herodes intentatae sibi accusationis iracundia, conflatam militum multitudinem in Hierosolymam ducebat, ut Hyrcanum regno deponeret. Idque fecisset, ni pariter egressi pater et frater fregissent ejus impetum, deprecantes, ut et ipse vindictam minis tantum, solaque indignatione metiretur: regi autem parceret, sub quo ad hoc potentiae processisset : ac si propterea quod in judicium vocatus esset, indigna	A04680.xml:/TEI[1]/text[1]/group[1]/text[2]/body[1]/div[1]/div[8]/p[4]/text()[6]; UTF16 offset 14; printed book 1, chapter 8; pb 572 (tcp:12923:295)	Neither was his suspition in vaine, for Herod angrie at the pretended crime wherof he was accused, came with a great army to Ierusalem intending to depose Hyrcanus; which he had effected, had not his father and his broth	mislikes, then in regard of his disgraces, framed a shadow of an accusation. Herode pacified herewith, supposing it to be sufficient for him to obtaine the thing he hoped for, to haue shewed his forces vnto his  nation.\n	DIRECT_ALIGNMENT	HIGH	english-lodge1602-bellum1-unit214	86667	88099	Coarse-unit incipit and adjacent Lodge wording inspected directly against the Cardwell unit opening; the identity is secure. This decision verifies this boundary only.
1	latin-bellum1-num216	10	[216] 10. Et inter haec discordia Romanorum circa Apamiam bellumque domesticum oritur : quoniam Caecilius Bassus favore Pompeii Sextum Caesarem dolo necaverat, ejusque militem occupaverat. Alii vero Caesaris duces, mortis ejus ulciscendae gratia, cunctis viribus Bassum petebant. Quibus tam interempti quam superstitis Caesaris causa, quod ambobus esset amicus, Antipater per filios suos misit auxilia. Cum autem bellum traheretur, ex Italia successo	A04680.xml:/TEI[1]/text[1]/group[1]/text[2]/body[1]/div[1]/div[8]/p[5]/text()[1]; UTF16 offset 0; printed book 1, chapter 8; pb 572 (tcp:12923:295)	At this time began Ciuill warre among the Romans neere vnto Apamia, for Caecilius Bassus \n                         for the loue he bare to Sextus Pompey slew Sextus Caesar at vnawares, and made himselfe gouernour of his 	s for Caesars sake that was yet aliue: for he was an entire friend & welwiller vnto them both, and these warres continuing long, Marcus came out of Italy to succeed Sextus.\n                     \n\n                        	DIRECT_ALIGNMENT	HIGH	english-lodge1602-bellum1-unit216	88099	88726	Coarse-unit incipit and adjacent Lodge wording inspected directly against the Cardwell unit opening; the identity is secure. This decision verifies this boundary only.
1	latin-bellum1-num218	11	[218] CAP. XI. - EODEM tempore magnum bellum inter Romanos conflatur, dolo Cassii et Bruti Caesare interfecto, postquam triennium septemque menses tenuit principatum. Maximo autem motu caedis ejus gratia concitato, et optimatibus inter se dissidentibus, propria spe quisque ducebatur ad id' quod existimabat esse commodius. Itaque Cassius Syriam petit, occupaturus militem, qui Apamiam circumsidebat : ubi et Marcum et dissidentes cohortes Basso conc	A04680.xml:/TEI[1]/text[1]/group[1]/text[2]/body[1]/div[1]/div[9]/p[1]/seg[1]/text()[1]; UTF16 offset 0; printed book 1, chapter 9; pb 572 (tcp:12923:295)	AT this time arose great and bloudy ciuill warres amongst the Romans, at such time as Caesar was traiterously slaine by the treason of Cassius and Brutus, after he had ruled the Empire 3. yeers and seuen moneths. By reas	s and the legions that were at variance, and Bassus friends: and raised the siege from Apamia, and leading the army in his owne person, he forced euerie citie to be tributarie: so that  he grew to exact without measure. 	DIRECT_ALIGNMENT	HIGH	english-lodge1602-bellum1-unit218	88726	89497	Boundary checked directly against the surrounding Cardwell and Lodge wording.
1	latin-bellum1-num220	11	[220] 2. Cum autem Judaeos quoque septingenta talenta jussisset conferre, minas ejus veritus Antipater filiis suis et aliis amicis mature pecuniae cogendae curam distribuit : et inter eos Malicho cuidam ex amicis : adeo necessitas urgebat. Primus autem Herodes Cassii favorem promeruit, qui ex Galilaea parte sua, talenta centum attulit, proptereaque inter eximios amicos numerabatur. At vero caeteros tarditatis arguens Cassius, ipsis civitatibus ir	A04680.xml:/TEI[1]/text[1]/group[1]/text[2]/body[1]/div[1]/div[9]/p[1]/text()[11]; UTF16 offset 35; printed book 1, chapter 9; pb 572 (tcp:12923:295)	Whereas therefore he commanded the Iewes to contribute seuen hundreth talents; Antipater, who feared his displeasure, appointed his sons and other of his friends presently to gather the money; and especially among the re	tended to kill Malichus, for that he had been so carelesse and negligent in gathering the tribute mony. But Antipater presently (disbursing vnto Cassius a hundreth talents) saued both him and all the rest of the Cities. 	DIRECT_ALIGNMENT	HIGH	english-lodge1602-bellum1-unit220	89497	90497	Coarse-unit incipit and adjacent Lodge wording inspected directly against the Cardwell unit opening; the identity is secure. This decision verifies this boundary only.
1	latin-bellum1-num223	11	[223] 3. Nequaquam tamen Malichus post abitum Cassii beneficiorum Antipatri memor fnit. Sed illi ipsi, quem saepenumero memorabat sui servatorem fuisse, periculum moliebatur, iniquitatis suae impedimentum abolere festinans. Itaque Antipater et vires ejus et calliditatem metuens, flumen transit Jordanem, ad ulciscendas insidias collecturus exercitum. Deprehensus autem Malichus Antipatri filios impudentia superat. Nam et Phasaelum apud Hierosolymam	A04680.xml:/TEI[1]/text[1]/group[1]/text[2]/body[1]/div[1]/div[9]/p[1]/text()[24]; UTF16 offset 68; printed book 1, chapter 9; pb 573 (tcp:12923:295)	Yet Malichus after Cassius was departed, did no more remember how beneficiall Antipater had been vnto him, but oftentimes did treacherously lie in waite for to murther Antipater, who hindred and withstood his villanous p	on Antipater entreating Marcus (who was Generall of the army in Syria, and had determined to kill him) he was saued. The reason that Marcus would haue put him to death, was because Malichus sought to make an alteration.\n	DIRECT_ALIGNMENT	HIGH	english-lodge1602-bellum1-unit223	90497	91445	Boundary checked directly against the surrounding Cardwell and Lodge wording.
1	latin-bellum1-num225	11	[225] 4. Caesare vero adolescente et Antonio cum Bruto et Cassio bellum gerentibus, Marcus et Cassius exercitu de Syria conflato, quod magnum momentum, ubi usus poposcit, Herodes fuisset, ipsum quidem totius Syriae procuratorem praeficiunt, equitum illi manu peditumque attributa : si autem bellum desiisset, regnum quoque Judaeae Cassius se eidem delaturum esse pollicitus est. Evenit autem, ut Antipatro et spes et fortitudo filii causa mortis fier	A04680.xml:/TEI[1]/text[1]/group[1]/text[2]/body[1]/div[1]/div[9]/p[2]/text()[1]; UTF16 offset 0; printed book 1, chapter 9; pb 573 (tcp:12923:295)	Now Caesar being young, and Antonius warring against Cassius and Brutus; Marcus and Cassius hauing gathered an army in Syria, in consideration that Herode had stood them in steed where  need required, they made him Procu	oney to poison Antipater, by which means he died, being thus vniustly rewarded for his good will toward wretched Malichus. He was a worthy man and fit to gouerne, who had recouered the kingdome being lost, for Hyrcanus. 	DIRECT_ALIGNMENT	HIGH	english-lodge1602-bellum1-unit225	91445	92275	Coarse-unit incipit and adjacent Lodge wording inspected directly against the Cardwell unit opening; the identity is secure. This decision verifies this boundary only.
1	latin-bellum1-num227	11	[227] 5. Malichus autem infensum propter suspicionem veneni populum, negando placabat : simulque, ut validior esset, armatorum sibi copias conquirebat. Nec enim Herodem cessaturum arbitrabatur, quinetiam mox cum exercitu necis paternae ultor adveniret. Sed Phasaëli fratris consilio, qui eum palam minime persequendum esse dicebat, ne vulgi seditio concitaretur, et purgantem se tunc Malichum patienter admisit, et suspicione liberum esse concedens, 	A04680.xml:/TEI[1]/text[1]/group[1]/text[2]/body[1]/div[1]/div[9]/p[2]/hi[13]/text()[1]; UTF16 offset 10; printed book 1, chapter 9; pb 573 (tcp:12923:295)	Malichus (who perceiued that the people were incēsed against him, because they suspected that he had poisoned Antipater) pacified and moderated their displeasure by denying the fact; yet to the intent he might be strong	sedition might arise amongst the people) he patiently permitted it so to be, and suffered Malichus to purge himselfe, and permitted him to be freed from  suspition, and celebrated a most solemne funerall for his father: 	DIRECT_ALIGNMENT	HIGH	english-lodge1602-bellum1-unit227	92275	93050	Coarse-unit incipit and adjacent Lodge wording inspected directly against the Cardwell unit opening; the identity is secure. This decision verifies this boundary only.
1	latin-bellum1-num229	11	[229] 6. Conversus autem in Samariam, et civitatem composuit seditione turbatam, perque dies festos in Hierosolymam remeabat, praemissis ac comitantibus armatis: cui Hyrcanus, ita suadente ob metum Malicho, denunciat, ne alienigenas superinducat indigenis festum pure casteque celebrantibus. Herodes autem, et ipso qui praeceperat, causaque contempta, nocte ingressus est. Iterumque Malichus ad eum veniens, Antipatrum flebat. Contraque ille se falli	A04680.xml:/TEI[1]/text[1]/group[1]/text[2]/body[1]/div[1]/div[9]/p[2]/text()[27]; UTF16 offset 67; printed book 1, chapter 9; pb 573 (tcp:12923:295)	which done, he went vnto Samaria, and appeased the sedition, wherewithall the Citie was disquieted. After this he returned to Ierusalem, intending in that place to celebrate the festiuitie, sending certaine of his armed 	refreshed by  this offence, he writ againe vnto Herod, willing him to reuenge his fathers death: which that he might the better effect, he secretly commanded the captaines of his regiment that they should assist Herode. 	DIRECT_ALIGNMENT	HIGH	english-lodge1602-bellum1-unit229	93050	94086	Coarse-unit incipit and adjacent Lodge wording inspected directly against the Cardwell unit opening; the identity is secure. This decision verifies this boundary only.
1	latin-bellum1-num231	11	[231] 7. Et quoniam capta Laodicia, undique ad Herodem convenerant optimates cum muneribus et coronis, ipse quidem hoc ultioni tempus destinaverat. Malichus autem id Tyri fore suspicabatur : et filium suum tunc apud Tyrios obsidem, statuit subducere, et ipse in Judaeam fugam parabat. Salutis autem desperatio stimulabat, ut etiam najora cogitaret : nam et Judaeorum gentem contra Romanos excitaturum se credidit, dum bello adversus Antonium Cassius 	A04680.xml:/TEI[1]/text[1]/group[1]/text[2]/body[1]/div[1]/div[9]/p[3]/text()[9]; UTF16 offset 1; printed book 1, chapter 9; pb 573 (tcp:12923:295)	Now for that after the surprisall of Laodicea, all the best of the Citie came to Herod bringing gifts and crownes, he appointed this for a fit time of his intended reuenge. Now Malichus suspecting that Herod would worke 	ter matters; for he hoped to incite the Iewes to take armes against the Romans, for that Cassius was now busie in the wars against Antonius: so that he thought he might easily depose Hyrcanus, and so make himselfe king. 	DIRECT_ALIGNMENT	HIGH	english-lodge1602-bellum1-unit231	94086	94704	Coarse-unit incipit and adjacent Lodge wording inspected directly against the Cardwell unit opening; the identity is secure. This decision verifies this boundary only.
1	latin-bellum1-num233	11	[233] 8. Sed profecto irridebat ejus spem fatale decretum. Etenim quo intenderet animum suspicatus Herodes, et ipsum et Hyrcanum ad coenam vocat. Deinde servorum quendam instruendi convivii specie mittit. Sed res erat, ut tribunis praediceret ad insidias egredi : atque illi praeceptorum Cassii memores, ad littus civitati proximum armati gladiis occurrunt, ibique circumseptum Malichum multis vulneribus interficiunt. Hyrcanus autem statim concidit 	A04680.xml:/TEI[1]/text[1]/group[1]/text[2]/body[1]/div[1]/div[9]/p[3]/text()[15]; UTF16 offset 28; printed book 1, chapter 9; pb 573 (tcp:12923:295)	But he was preuented by the destinies: for Herode suspecting his purpose, inuited him and Hyrcanus to supper: at which time he made a  shew as though he had sent one of his seruants to cause a banquet to be prepared, but	ho was a traitor to vs both: but whether herein he spake as he thought, or that for feare he approued the fact, it is vncertaine. And thus was Herod reuenged vpon Malichus.\n                     \n\n                        	DIRECT_ALIGNMENT	HIGH	english-lodge1602-bellum1-unit233	94704	95752	Boundary checked directly against the surrounding Cardwell and Lodge wording.
1	latin-bellum1-num236	12	[236] CAP. XII. POSTQUAM vero Cassius excessit e Syria, iterum Hierosolymis orta seditio est, cum Felix in Phasaelum movisset exercitum et in Herodem, fratris poena, vellet necem Malichi vindicare. Casu autem Herodes cum Fabio Romano duce apud Damascum habitabat: et ne cupiens auxilio foret, morbo impediebatur. Interea Phasaelus etiam sine cujusquam auxilio superavit Felicem : probrumque ingrati objiciebat Hyrcano, qui et Felici studuisset, fratr	A04680.xml:/TEI[1]/text[1]/group[1]/text[2]/body[1]/div[1]/div[10]/p[1]/seg[1]/text()[1]; UTF16 offset 0; printed book 1, chapter 10; pb 574 (tcp:12923:296)	AFter Cassius was departed from Syria, there arose another sedition amongst them in Ierusalem: for Felix came with an armie against Phasaelus, thinking so to be reuenged  vpon Herod for killing Malichus. It chanced that 	l, who had both fauoured Felix, \n                         and suffered Malichus his brother to take and keepe his castles (for alreadie had he seazed many of them, and especially one of greatest strength called Massada) 	DIRECT_ALIGNMENT	HIGH	english-lodge1602-bellum1-unit236	95752	96479	Boundary checked directly against the surrounding Cardwell and Lodge wording.
1	latin-bellum1-num238	12	[238] 2. Nec tamen ei quicquam contra vim Herodis potuit sufficere, qui mox, ut convaluit, et alia recepit, et illum ex Massada supplicem dimisit, et Marionem Tyriorum tyrannum ex Galilaea pepulit : tria enim castella possederat, Tyriisque quos ceperat, vitam concessit omnibus : nonnullos etiam donatos abire jussit, una et sibi civitatis benevolentiam, et tyranno comparans odium. Marion autem a Cassio quidem meruerat tyrannidem, qui tot Syriae ty	A04680.xml:/TEI[1]/text[1]/group[1]/text[2]/body[1]/div[1]/div[10]/p[1]/text()[18]; UTF16 offset 141; printed book 1, chapter 10; pb 574 (tcp:12923:296)	yet all these did not protect him from the violence of Herod, who was no sooner recouered of his sicknesse, but presently tooke all the rest, & Massada: and at Hircanus humble suit, permitted him to depart from thence. H	whom Antigonus had gained vnto himselfe for money, he also got  \n                        Ptolomaeus to assist him in this expedition. Now Ptolomaeus who was father in law to Antigonus, furnished him with al necessaries: 	DIRECT_ALIGNMENT	HIGH	english-lodge1602-bellum1-unit238	96479	97433	Coarse-unit incipit and adjacent Lodge wording inspected directly against the Cardwell unit opening; the identity is secure. This decision verifies this boundary only.
1	latin-bellum1-num240	12	[240] 3. Contra quos Herodes instructus, in aditu Judaeae commisso praelio, victoria potitur : fugatoque Antigono, redit in Hierosolymam, pro merito gestae rei omnibus carus, ut etiam quibus antea despectus erat, tunc in ejus familiaritatem sese dederint, propter Hyrcani affinitatem. Namque is Herodes jampridem ex indigenis habuerat uxorem non ignobilem, quae Doris vocabatur, et Antipatrum ex ea susceperat filium. Tunc autem duxerat Alexandri, cu	A04680.xml:/TEI[1]/text[1]/group[1]/text[2]/body[1]/div[1]/div[10]/p[1]/hi[27]/text()[1]; UTF16 offset 0; printed book 1, chapter 10; pb 574 (tcp:12923:296)	Herod likewise preparing himselfe against them, gaue thē battel  in the entrance into Iudaea, & got the victory: & hauing put Antigonus to flight, he returned into Ierusalē, where he was honoured by all men for his des	 that countrey named Doris, & had by her a son named Antipater: but he thē maried Mariamme Alexanders daughter who was Aristobulus his son, & Hyrcanus his neece, by reason whereof he came to  be familiar with the king. 	DIRECT_ALIGNMENT	HIGH	english-lodge1602-bellum1-unit240	97433	98105	Coarse-unit incipit and adjacent Lodge wording inspected directly against the Cardwell unit opening; the identity is secure. This decision verifies this boundary only.
1	latin-bellum1-num242	12	[242] 4. Sed ubi Cassio circa Philippos interfecto, Caesar in Italiam, et Antonius in Asiam discesserunt : legatis ab aliis civitatibus ad Antonium missis in Bithyniam : etiam Judaeorum optimates accusatum veniunt Phasaelum et Herodem : quod illis rerum summam vi possidentibus, nomen tantum honorabile superesset Hyrcano. Ad quae Herodes, qui praesto erat magna pecunia placatum sic Antonium affecit, ut ne verbum quidem inimicorum ejus pateretur au	A04680.xml:/TEI[1]/text[1]/group[1]/text[2]/body[1]/div[1]/div[10]/p[1]/text()[47]; UTF16 offset 28; printed book 1, chapter 10; pb 574 (tcp:12923:296)	But when Cassius was slaine neere vnto Philippi, Caesar departed into Italy, & Antonius into Asia, at which time the chiefe of the Iewes came & accused Phasaelus and  \n                        Herod, alledging that they b	 only the bare name of a king. But Herod being thē present, so woon & wrought himselfe into Antonius fauour by a great sum of mony, that he permitted not his enemies to speak one word more; who thereupon returned home. 	DIRECT_ALIGNMENT	HIGH	english-lodge1602-bellum1-unit242	98105	98629	Coarse-unit incipit and adjacent Lodge wording inspected directly against the Cardwell unit opening; the identity is secure. This decision verifies this boundary only.
1	latin-bellum1-num243	12	[243] 5. Quum autem denuo Judaeorum primates centum viri, Antiochiae proximam Daphnen ad Antonium venissent, amori Cleopatrae jam servientem, delecti a caeteris, qui eloquentia et dignitate praestabant, adversus fratres accusationem proponunt. Respondebat autem Messala, causae defensor, astante etiam propter affinitatem Hyrcano. Auditis deinde utrisque. partibus, Antonius percontabatur Hyrcanum, quinam essent regendis rebus aptissimi. Cumque is H	A04680.xml:/TEI[1]/text[1]/group[1]/text[2]/body[1]/div[1]/div[10]/p[1]/text()[59]; UTF16 offset 119; printed book 1, chapter 10; pb 574 (tcp:12923:296)	Afterward a hundreth men of the most honorable amongst  the Iewes, repaired to Daphne neere Antiochia vnto Antonius (now doting on the loue of Cleopatra) who being chosen from amongst the rest, because of their eloquence	ng  glad (for he had bin their fathers guest, and was most courteously entertained by Antipater, when he came with Gabinius into Iudaea) & thereupon he made them both Tetrarchs, leauing vnto them the rule of all Iudaea: 	DIRECT_ALIGNMENT	HIGH	english-lodge1602-bellum1-unit243	98629	99457	Coarse-unit incipit and adjacent Lodge wording inspected directly against the Cardwell unit opening; the identity is secure. This decision verifies this boundary only.
1	latin-bellum1-num245	12	[245] 6. Legatis autem id aegre ferentibus, quindecim eorum correptos, carceri tradidit, quos etiam pene occidit. Caeteros autem rejecit cum injuria: unde major tumultus Hierosolymis excitatus est. Denique mille legati iterum Tyrum missi sunt, ubi commorabatur Antonius in Hierosolymam paratus irruere. Et contra eos vociferantes, magistratus Tyriorum directus est, data ei licentia, ut quos comprehendisset, occideret: praeceptoque ut eorum potestat	A04680.xml:/TEI[1]/text[1]/group[1]/text[2]/body[1]/div[1]/div[10]/p[1]/text()[75]; UTF16 offset 32; printed book 1, chapter 10; pb 574 (tcp:12923:296)	which when the Iewes Embassadors misliked, he tooke fifteen of thē and put them in prison, where he almost killed them, and reiected & derided the rest: wherupon there arose greater tumults amongst them in Ierusalem. At	ing their exclaimes, sent out the Magistrates of Tyre against them, commanding them to kill all they could catch of the Iewes, charging them also to confirme their authoritie, whom he himselfe had constituted Tetrarchs. 	DIRECT_ALIGNMENT	HIGH	english-lodge1602-bellum1-unit245	99457	100054	Coarse-unit incipit and adjacent Lodge wording inspected directly against the Cardwell unit opening; the identity is secure. This decision verifies this boundary only.
1	latin-bellum1-num246	12	[246] 7. Ante haec autem Herodes usque ad littus cum Hyrcano progressus, multis eos admonebat, ne et sibi interitus, et patriae belli causa fierent, dum inconsiderate contendunt. Illis autem tanto magis id indigne ferentibus, Antonius missis armatis, multos occidit, multos etiam vulneravit. quorum et saucios cura, et mortuos sepultura Hyrcanus dignatus est. Non tamen ideo qui effugerant quiescebant : perturbando enim civitatem, Antonium irritaban	A04680.xml:/TEI[1]/text[1]/group[1]/text[2]/body[1]/div[1]/div[10]/p[1]/text()[81]; UTF16 offset 54; printed book 1, chapter 10; pb 574 (tcp:12923:296)	But Herod & Hyrcanus went before them toward the sea shore, admonishing thē earnestly to be contented, least they by this their indiscreet  proceedings should become not only the cause of their owne deaths, but also of 	 to be cured: notwithstāding all this, they that escaped would not containe themselues in peace, but they so troubled the citie, that Antonius in his displeasure slue those that he had in hold.\n\n                        	DIRECT_ALIGNMENT	HIGH	english-lodge1602-bellum1-unit246	100054	100744	Coarse-unit incipit and adjacent Lodge wording inspected directly against the Cardwell unit opening; the identity is secure. This decision verifies this boundary only.
1	latin-bellum1-num248	13	[248] CAP. XIII. BARZAPHARNE autem Parthorum satrapa Syriam biennio post cum regis filio Pacoro detinente, Lysanias patris sui mortui successor Ptolemaei Minnaei filii, mille satrapae talenta pollicitus, et mulieres quingentas, ei persuadet ut Antigonum in regnum inducerent, Hyrcanumque deponerent. Impulsus igitur ab eo Pacorus, ipse quidem per maritima loca perrexit, Barzapharnem autem itinere mediterraneo jussit irrumpere. Sed maritimorum Tyrii	A04680.xml:/TEI[1]/text[1]/group[1]/text[2]/body[1]/div[1]/div[11]/p[1]/seg[1]/text()[1]; UTF16 offset 0; printed book 1, chapter 11; pb 575 (tcp:12923:296)	TWo yeeres after this Barzapharnes gouernour of the Parthians, accompanied with Pacorus the kings sonne, seased vpon Syria; and Lysanias who succeeded his father Ptolemaeus \n                         sonne of Minaeus, pro	gaue part of his horsemen vnto one, who was the kings butler, called Pacorus as himselfe was; commaunding him to passe into Iudaea, and learne what their enemies ment to doe, and to helpe Antigonus where neede required. 	DIRECT_ALIGNMENT	HIGH	english-lodge1602-bellum1-unit248	100744	101674	Boundary checked directly against the surrounding Cardwell and Lodge wording.
1	latin-bellum1-num250	13	[250] 2. Quibus Carmelum populantibus, multi Judaei ultro ad Antigonum confluunt, ad expeditionem alacriter animati. Ille autem ad locum qui Drymos dicitur, occupandum eos praemittit: ubi commissa pugna, depulsisque hostibus et effugatis, Hierosolymam cursu petebant : auctique multitudine, usque ad regiam processerunt. Excepti autem ab Hyrcano et Phasaelo, forti acie in foro confligunt. Ibique hostes in fugam versos pars Herodis in fanum concludi	A04680.xml:/TEI[1]/text[1]/group[1]/text[2]/body[1]/div[1]/div[11]/p[1]/text()[18]; UTF16 offset 8; printed book 1, chapter 11; pb 575 (tcp:12923:296)	Who as they vvasted the countrey about Carmelus, many Iewes came of their owne accord and ioyned with Antigonus, shewing themselues verie prompt to fight; for vvhich cause he sent them before to take a place called Drymo	m vvith fire: vvhereat Herod being angrie (for that his men vvere consumed with fire) set vpon the people and killed a great many of them; and euery houre one laid wait for another; so that euery day some was murthered.\n	DIRECT_ALIGNMENT	HIGH	english-lodge1602-bellum1-unit250	101674	102646	Coarse-unit incipit and adjacent Lodge wording inspected directly against the Cardwell unit opening; the identity is secure. This decision verifies this boundary only.
1	latin-bellum1-num253	13	[253] 3. Instante vero die festo, qui Pentecoste vocatur, omnia circa templum, totaque civitas plebe rustica repleta est, et pleraque armata. Et Phasaelus quidem muros, Herodes autem cum paucis domum regiam custodiebat. Invasisque de improviso hostibus in suburbano, complures quidem peremit, omnes autem in fugam vertit, et hos in civitatem, alios in fanum, alios in extremum vallum includit. Interea pacis arbitrum Pacorum Antigonus petit admitti. 	A04680.xml:/TEI[1]/text[1]/group[1]/text[2]/body[1]/div[1]/div[11]/p[2]/text()[1]; UTF16 offset 0; printed book 1, chapter 11; pb 575 (tcp:12923:296)	Now the feast of Pentecost drawing nigh, all places about the temple and all the vvhole citie vvas filled with people of the countrey, whereof the most part was armed, and Phasaelus kept the walles, and Herode vvith a sm	ll. Pacorus departing out of the citie, tooke Hyrcanus with him that he might be the lesse suspected, and leauing some horsemen with Herode named  \n                        Eleutheri, he followed Phasaelus with the rest. 	DIRECT_ALIGNMENT	HIGH	english-lodge1602-bellum1-unit253	102646	103996	Boundary checked directly against the surrounding Cardwell and Lodge wording.
1	latin-bellum1-num256	13	[256] 4. Sed ubi ad Galilaeam venerunt, indigenas quidem dissidentes atque armatos offendunt : satrapam vero conveniunt satis callide et officiis dolos tegentem. Denique postquam dona eis dedit, redeuntibus insidias posuit. Illi autem in maritimum quendam locum deducti, cui nomen est Ecdippon, fraudem intelligunt. Ibi enim de promissis mille talentis audierunt : et quod Antigonus plerasque mulieres ex his quas ipsi haberent, inter quingentas Part	A04680.xml:/TEI[1]/text[1]/group[1]/text[2]/body[1]/div[1]/div[11]/p[2]/text()[22]; UTF16 offset 16; printed book 1, chapter 11; pb 575 (tcp:12923:296)	When they came neere vnto Galilee, they found the inhabitants at variance and vp in armes, and met with Barzapharnes \n                         (vvho craftily with pretence of courtesie and friendship hid his trecherie) w	 vvas surprised in Ierusalem, for feare least he hearing vvhat vvas become of them might prouide for himselfe. Now they might perceiue that these vvere not only vvords: for they might behold their keepers not farre off; 	DIRECT_ALIGNMENT	HIGH	english-lodge1602-bellum1-unit256	103996	104986	Coarse-unit incipit and adjacent Lodge wording inspected directly against the Cardwell unit opening; the identity is secure. This decision verifies this boundary only.
1	latin-bellum1-num259	13	[259] 5. Et tamen Phasaelus Hyrcanum deserere non sustinuit, quamvis eum saepius moneret Offilius ut fugeret: cui Saramalla Syrorum tunc ditissimus dixerat: quemadmodum essent omnia de insidiis constituta. Sed convenire satrapam maluit, atque in os exprobrare, quod se insidiis appetisset : ac maxime quia pecuniae causa talis extitisset, cum plus ipse pro salute daturus esset, quam pro regno promisisset Antigonus. Ad haec Parthus subdola satisfact	A04680.xml:/TEI[1]/text[1]/group[1]/text[2]/body[1]/div[1]/div[11]/p[2]/text()[27]; UTF16 offset 220; printed book 1, chapter 11; pb 575 (tcp:12923:296)	yet vvould not Phasaelus forsake Hyrcanus, notwithstanding that Offilius often exhorted him to flie (vnto vvhom Saramalla the richest  amongst the Syrians had declared all the platforme of their treason:) but he chose ra	paired he to Pacorus but presently the Parthians, who stayed behind, and had charge so\n\nto doe, laid hands on Phasaelus and Hyrcanus, who openly exclaimed against their falsehood  \n                         and periurie.\n	DIRECT_ALIGNMENT	HIGH	english-lodge1602-bellum1-unit259	104986	105835	Coarse-unit incipit and adjacent Lodge wording inspected directly against the Cardwell unit opening; the identity is secure. This decision verifies this boundary only.
1	latin-bellum1-num261	13	[261] 6. At interim pincerna ad hoc missus, Herodem capere moliebatur: eumque fallere, ut extra murum procederet, sicut sibi mandatum fuerat, conabatur. Ille autem suspectos habere solitus Barbaros, et tunc minime dubitans in hostes incidisse literas quae insidias indicarent, prodire nolebat : quanquam satis idoneam causam Pacorus obtenderet, epistolas portantibus obviam ire debere : nec enim ab hostibus esse captos, aut quicquam de insidiis, sed	A04680.xml:/TEI[1]/text[1]/group[1]/text[2]/body[1]/div[1]/div[11]/p[3]/text()[1]; UTF16 offset 0; printed book 1, chapter 11; pb 576 (tcp:12923:297)	In the meane time a butler was sent out for that purpose, who sought to surprise Herod, and by some stratageme to toul him out of the Citie, who wrought by all the meanes hee could, according as he was instructed. But He	y wise woman Hyrcanus daughter, with many entreaties perswaded Herod not to go forth: but that he  should beware how he trusted himselfe to the mercie of that barbarous people, who did now as it were openly assault him. 	DIRECT_ALIGNMENT	HIGH	english-lodge1602-bellum1-unit261	105835	106800	Coarse-unit incipit and adjacent Lodge wording inspected directly against the Cardwell unit opening; the identity is secure. This decision verifies this boundary only.
1	latin-bellum1-num263	13	[263] 7. Adhuc autem Pacoro cum sociis deliberante, quonam modo clam patraret insidias, nec enim fieri posse ut tantae sapientiae vir ex aperto circumveniretur, nocte Herodes cum propinquissimis sibi ad Idumeam ignaris hostibus proficiscitur. Eo cognito, Parthi persequebantur. Et ille matrem quidem fratresque suos, desponsatamque puellam cum matre, minimoque fratre praetendere iter jussit. Ipse autem caute cum famulis suis Barbaros retentabat : m	A04680.xml:/TEI[1]/text[1]/group[1]/text[2]/body[1]/div[1]/div[11]/p[3]/text()[15]; UTF16 offset 122; printed book 1, chapter 11; pb 576 (tcp:12923:297)	Whilest Pacorus was consulting with his accomplices how he might priuily effect his treasons (seeing it was not possible openly to circumuent a man of so great wisdome) Herod in the night time whilest his enemies neither	d her mother and youngest brother to keepe on their iourney, and he with his seruants warily assaulted the Parthians; and hauing in euerie assault killed a great number of them, he hasted towards  the Castle of Massada, 	DIRECT_ALIGNMENT	HIGH	english-lodge1602-bellum1-unit263	106800	107461	Coarse-unit incipit and adjacent Lodge wording inspected directly against the Cardwell unit opening; the identity is secure. This decision verifies this boundary only.
1	latin-bellum1-num265	13	[265] 8. Graviores autem in fuga Parthis Judaeos expertus est. Qui cum semper molesti fuissent, a sexagesimo tamen civitatis stadio aliquandiu etiam acie decertaverunt. ubi Herodes victoria potitus, cum multos interfecisset, ipsumque locum in memoriam praeclari facinoris aedificatum, locupletissima exornavit regia, arcemque in eo munitissimam condidit, ac de suo nomine Herodion vocavit. ' Et tunc quidem cum fugeret, multos sibi adjungebat. Postea	A04680.xml:/TEI[1]/text[1]/group[1]/text[2]/body[1]/div[1]/div[11]/p[3]/text()[22]; UTF16 offset 24; printed book 1, chapter 11; pb 576 (tcp:12923:297)	and in his retreat sustained more harme by the Iewes, then by the Parthians: who as they had been alwaies troublesome, so now some threescore furlongs from the  towne, set vpon him; where Herod obtaining the victorie, ki	d them with him, and so was he receiued into the Castle, vvhere leauing eight hundreth souldiers to defend the women, and prouision sufficient for those  that were within, he himselfe vvent vnto Petra a Citie of Arabia.\n	DIRECT_ALIGNMENT	HIGH	english-lodge1602-bellum1-unit265	107461	108629	Coarse-unit incipit and adjacent Lodge wording inspected directly against the Cardwell unit opening; the identity is secure. This decision verifies this boundary only.
1	latin-bellum1-num268	13	[268] 9. Parthi autem apud Hierosolymam in praedam versi, in fugientium domos ac regiam irruebant, solis Hyrcani pecuniis abstinentes : quae trecenta talenta superabant, aliorum vero spe minores inveniebantur: quoniam Herodes jampridem Barbarorum perfidiam suspicans, quicquid in opibus pretiosum in Idumaeam multo ante comportaverat: ejusque sociorum itidem quisque fecerat. Verumtamen postquam praeda potiti sunt Parthi, ad hoc injuriae processerun	A04680.xml:/TEI[1]/text[1]/group[1]/text[2]/body[1]/div[1]/div[11]/p[4]/text()[1]; UTF16 offset 0; printed book 1, chapter 11; pb 576 (tcp:12923:297)	Now the Parthians at Ierusalem began to sacke the houses of them that were fled, and the  kings pallace; they onely abstained from Hyrcanus money, which did amount to more then three hundreth talents: as for other mens g	off Hyrcanus eares, to the end that if by some alteration he chanced hereafter to get loose, he might be no more high  \n                         priest: for none might offer sacrifice that wanted any member of his body. 	DIRECT_ALIGNMENT	HIGH	english-lodge1602-bellum1-unit268	108629	109583	Coarse-unit incipit and adjacent Lodge wording inspected directly against the Cardwell unit opening; the identity is secure. This decision verifies this boundary only.
1	latin-bellum1-num271	13	[271] 10. Phasaeli vero virtute praeventus est Antigonus. Qui cum nec ferri copiam, nec manus liberas haberet, ad saxum fracto capite interiit : atque ita probato, quod verus Herodis frater esset, Hyrcanusque degenerasset, viriliter moritur: dignum anteacta vita obitum assecutus. Fertur tamen et aliud, quod ex illa quidem plaga resipuerit, sed veluti curandi ejus causa, missus ab Antigono medicus, venenis malis vulnus expleverit, eoque illum pact	A04680.xml:/TEI[1]/text[1]/group[1]/text[2]/body[1]/div[1]/div[11]/p[4]/text()[12]; UTF16 offset 76; printed book 1, chapter 11; pb 576 (tcp:12923:297)	But Phasaelus his fortitude preuented the cruelty of Antigonus, who hauing neither weapon nor his hands at libertie, beat out his owne braines against a stone and died, demonstrating himselfe by that act, to be the true 	ewise, that vnderstanding before his death by the meanes of a certaine woman that Herode was escaped, he spake these words: Now I shal die with a courage, who leaue behinde me one that will take vengeance of my enemies, 	DIRECT_ALIGNMENT	HIGH	english-lodge1602-bellum1-unit271	109583	110415	Coarse-unit incipit and adjacent Lodge wording inspected directly against the Cardwell unit opening; the identity is secure. This decision verifies this boundary only.
1	latin-bellum1-num273	13	[273] 11. Ille quidem hunc exitum habuit. Parthi autem quanquam mulieribus caruerint, quas maxime cupiebant, rebus tamen cum Antigono apud Hierosolymam compositis, vinctum in Parthiam Hyrcanum ducunt.	A04680.xml:/TEI[1]/text[1]/group[1]/text[2]/body[1]/div[1]/div[11]/p[4]/text()[22]; UTF16 offset 53; printed book 1, chapter 11; pb 576 (tcp:12923:297)	and so he died. Although the Parthians  \n                         had not yet receiued the women (which was the chiefe thing they looked for) yet leauing them, they established Antigonus in Ierusalem, and lead Hyrcanus p	gh the Parthians  \n                         had not yet receiued the women (which was the chiefe thing they looked for) yet leauing them, they established Antigonus in Ierusalem, and lead Hyrcanus prisoner into Parthia. 	SUBSTANTIVE_ALIGNMENT	HIGH	english-lodge1602-bellum1-unit273	110415	110657	The Latin recap of Phasaelus's death ('Ille quidem hunc exitum habuit') is compressed to 'and so he died' at the end of the Lodge sentence. The Parthian departure follows without rearrangement.
1	latin-bellum1-num274	14	[274] CAP. XIV. HERODES autem obstinatus in Arabiam, velut adhuc vivo fratre suo festinabat: ut pecunias a rege acciperet, quibus solis exoratum iri pro Phasaelo sperabat avaritiam Barbarorum. Etenim cogitabat, si Arabs minus memor fuisset paternae amicitiae, animoque liberali parcior, vel mutuum ab eo sumere, quod redemptionis causa praeberet : pignori opposito ipsius filio quem redimeret. Secum enim habebat fratris filium, septem annos natum : 	A04680.xml:/TEI[1]/text[1]/group[1]/text[2]/body[1]/div[1]/div[11]/p[4]/text()[26]; UTF16 offset 24; printed book 1, chapter 11; pb 576 (tcp:12923:297)	But Herode with all speede hasted into Arabia, as if his brother had beene yet aliue, to the intent he might borrow money of the king of Arabia, wherewith onely he hoped that the crueltie of those barbarous Parthians mig	turnes that he had receiued at their fathers hands: and those who counselled him to this, were such as offered to forsweare those summes, which Antipater had put them  in trust with, who were the chiefest men about him. 	DIRECT_ALIGNMENT	HIGH	english-lodge1602-bellum1-unit274	110657	112171	Boundary checked directly against the surrounding Cardwell and Lodge wording.
1	latin-bellum1-num277	14	[277] 2. Proinde Herodes ubi Arabas ex ea sibi causa hostes esse deprehendit, unde amicissimos existimabat, eaque respondit nunciis, quae dolor imperavit, AEgyptum versus recedit. et prima quidem vespera in quoddam agreste fanum, dum post se relictos reciperet, divertit. Postero autem die cum Rhinocoluram pervenisset, fratris ei mors nunciatur. acceptoque tanto luctu, quantum curarum aestum deposuit, ibat ulterius. Itaque Arabem sero facti poenit	A04680.xml:/TEI[1]/text[1]/group[1]/text[2]/body[1]/div[1]/div[11]/p[4]/text()[42]; UTF16 offset 53; printed book 1, chapter 11; pb 577 (tcp:12923:297)	For which cause, Herod perceiuing the Arabians  to be his foes, for that which he thought would haue procured him friendship, answered the messenger according as griefe mooued him, and tooke his iourney towards Aegypt: a	rmy which she was preparing at that present. But he neither regarding the offers and request of the Queene, nor yet discouraged by the hard winter season, nor the dangers of the seas, tooke his iourney towards Rome; and 	DIRECT_ALIGNMENT	HIGH	english-lodge1602-bellum1-unit277	112171	113442	Coarse-unit incipit and adjacent Lodge wording inspected directly against the Cardwell unit opening; the identity is secure. This decision verifies this boundary only.
1	latin-bellum1-num280	14	[280] 3. Circa Pamphiliam vero periclitatus, majore oneris parte rejecta, vix in Rhodum vehementer bello Cassii vexatam, salvus evadit, amicorum autem suorum, Ptolemaei et Saphinii receptus hospitio, licet rei pecuniariae premeretur inopia, maximam tamen aedificat navim triremem : eaque cum amicis delatus Brundusium, atque inde continuo Romam profectus, familiaritatis paternae gratia primum convenit Antonium : eique tam suas quam totius generis c	A04680.xml:/TEI[1]/text[1]/group[1]/text[2]/body[1]/div[1]/div[11]/p[5]/text()[5]; UTF16 offset 294; printed book 1, chapter 11; pb 577 (tcp:12923:297)	being in great danger of shipwrack neere vnto Pamphilia, both hee  & the rest of the passengers were inforced to cast away the most part of their loading: with much adoe he arriued safe at Rhodes, vvhich had been sore mo	 miserable desolation of his vvhole countrey; and howe leauing his dearest friends besieged in a Castle, himselfe in humble manner through the stormie  vvinter seas was come vnto him, humbly crauing succor at his hands: 	DIRECT_ALIGNMENT	HIGH	english-lodge1602-bellum1-unit280	113442	114347	Boundary checked directly against the surrounding Cardwell and Lodge wording.
1	latin-bellum1-num282	14	[282] 4. Itaque tantae miserationis casu miseratus Antonius, et memoria quidem junctae cum Antipatro dexterae, tum vero ipsius qui aderat contemplatione virtutis, etiam tunc eum regem constituere proposuit Judaeorum, quem ipse tetrarcham antea fecerat. Non minus autem quam favore Herodis, odio ducebatur Antigoni. Hunc enim et seditiosum, et Romanis inimicum esse arbitrabatur. Caesarem quidem habebat multo quam ipse paratius renovantem Antipatri e	A04680.xml:/TEI[1]/text[1]/group[1]/text[2]/body[1]/div[1]/div[11]/p[5]/text()[13]; UTF16 offset 69; printed book 1, chapter 11; pb 577 (tcp:12923:297)	VVherupon Antonius compassionating his calamitie, and remembring his familiaritie with Antipater, and contemplating the vertue of Herod vvho stood before him, determined vpon the present to make him king of the Iewes, vv	accompanied with other Magistrates to offer sacrifice, and to register the decree of the Senate in the Capitoll. And Antonius feasted Herod \n                         the first day of his raigne.\n\n                        	DIRECT_ALIGNMENT	HIGH	english-lodge1602-bellum1-unit282	114347	115971	Boundary checked directly against the surrounding Cardwell and Lodge wording.
1	latin-bellum1-num286	15	[286] CAP. XV. EODEM vero tempore Antigonus apud Massadam inclusos obsidebat. aliis quidem victui necessariis abundantes, aquae autem inopes. Unde Josephus quoque frater Herodis cum ducentis familiaribus suis ad Arabas confugere cogitabat : audito quod eorum quae in Herodem commiserat, Malichum poeniteret : castellumque reliquisset, nisi circa noctem, qua exiturus erat, plurimum imbrium contigisset effundi. aqua enim repletis puteis, fugiendi cau	A04680.xml:/TEI[1]/text[1]/group[1]/text[2]/body[1]/div[1]/div[12]/p[1]/seg[1]/text()[1]; UTF16 offset 0; printed book 1, chapter 12; pb 578 (tcp:12923:298)	AT this time Antigonus besieged those that vvere left in the Castle of Massada, vvho had great store of victuals and wanted nothing but vvater. For vvhich cause Iesophus Herods \n                         brother purposed 	 of the Castle, he assaulted Antigonus souldiers, and killed  verie many of them; sometime in open war, and sometime by pollicie: yet fought they not alwaies vvith fortunate successe, but returned sometimes vvith losse. 	DIRECT_ALIGNMENT	HIGH	english-lodge1602-bellum1-unit286	115971	116817	Boundary checked directly against the surrounding Cardwell and Lodge wording.
1	latin-bellum1-num288	15	[288] 2. Interea dux Romani militis Ventidius, prohibitum missus Parthos a Syria, post illos in Judaeam venit : verbo quidem ut Josepho et qui una obsidebantur, ferret auxilium : re autem vera, ut pecunias auferret Antigono. Itaque cum non longe ab Hierosolymis tetendisset, quaestu expletus, ipse quidem cum maxima exercitus parte discessit. Silonem vero cum paucis, ne furtum deprehenderetur, si omnes abduxisset, reliquit. Antigonus autem sperans 	A04680.xml:/TEI[1]/text[1]/group[1]/text[2]/body[1]/div[1]/div[12]/p[1]/text()[12]; UTF16 offset 159; printed book 1, chapter 12; pb 578 (tcp:12923:298)	In the meane time Ventidius (vvho was Generall of that Roman army vvhich was sent to expulse the Parthians out of Syria) after he had repulsed them resorted into Iudaea, vnder pretence to succour Ioseph and the rest that	t of his army, leauing Silo behinde him vvith a few to colour his pretence: and Antigonus hoping for a second supply from the Parthians, feed Silo not to molest him for the present, seeing he vvas in great possibilitie. 	DIRECT_ALIGNMENT	HIGH	english-lodge1602-bellum1-unit288	116817	117436	Coarse-unit incipit and adjacent Lodge wording inspected directly against the Cardwell unit opening; the identity is secure. This decision verifies this boundary only.
1	latin-bellum1-num290	15	[290] 3. Jam vero navi ex Italia in Ptolemaidem devectus Herodes, non parva manu coacta externorum atque gentilium, per Galilaeam adversus Antigonum properabat, Ventidii et Silonis fultus auxilio: quibus Gellius ab Antonio missus, ut Herodem in regnum deducerent, persuasit. Horum autem Ventidius quidem turbas in civitatibus, quae propter Parthos evenerant, compouebat. Silonem vero Antigonus in Judaea mercede corruperat. Non tamen Herodes opis ege	A04680.xml:/TEI[1]/text[1]/group[1]/text[2]/body[1]/div[1]/div[12]/p[1]/text()[21]; UTF16 offset 74; printed book 1, chapter 12; pb 578 (tcp:12923:298)	By this time Herode hauing sailed from Italy to Ptolemais, and gathered a  great army of strangers and his owne countrimen togither, came into Galilee against Antigonus, being assisted vvith the forces of Ventidius and S	se  he vvas persecuted by the Iewes; vvhom Herod with a loose wing of his army and a small companie of men, terrified, and presently put to flight, and saued Silo also vvho had much adoe to make resistance against them. 	DIRECT_ALIGNMENT	HIGH	english-lodge1602-bellum1-unit290	117436	118721	Coarse-unit incipit and adjacent Lodge wording inspected directly against the Cardwell unit opening; the identity is secure. This decision verifies this boundary only.
1	latin-bellum1-num293	15	[293] 4. Deinde capta Joppe, suos liberaturus ad Massadam fes tinabat : dum indigenarum alios amicitia paterna sibi sociaret, alios ipsius gloria, nonnullos utriusque beneficiis debita vicissitudo : plurimos tamen spes, ut a rege certissimo. Jamque validissimas quaesierat militum copias: sed Antigonus iter ejus impediebat, loca insidiis opportuna praeoccupans, unde nullum aut minimum afferebat hostibus detrimentum. Herodes autem facile receptis e	A04680.xml:/TEI[1]/text[1]/group[1]/text[2]/body[1]/div[1]/div[12]/p[1]/text()[43]; UTF16 offset 58; printed book 1, chapter 12; pb 578 (tcp:12923:298)	This done and Ioppe taken, he hasted to Massada, and the people of the countrey (some of them for his fathers sake, othersome for his owne, and many for both) ioyned themselues vnto him: many also came vnto him for hope,	 and rescued his friends from thence, he vvent to Ierusalem, vvhere both Siloes souldiers, and many of the Citie came and followed him, being nowe  \n                         terrified vvith the greatnesse of his forces: 	DIRECT_ALIGNMENT	HIGH	english-lodge1602-bellum1-unit293	118721	119446	Coarse-unit incipit and adjacent Lodge wording inspected directly against the Cardwell unit opening; the identity is secure. This decision verifies this boundary only.
1	latin-bellum1-num295	15	[295] 5. Castris autem positis ad occiduam regionem oppidi, custodes ejus partis ipsum sagittis et jaculis impetebant : ab aliis vero per cuneos excurrentibus primae frontis acies tentabantur. Herodes autem primo circa muros praeconis voce declarari jussit, populi se bono et saluti civitatis advenisse : poenasque ab nullo quamvis manifesto inimico repetiturum, sed discordissimis etiam offensarum oblivionem daturum. Deinde cum allocutionibus contr	A04680.xml:/TEI[1]/text[1]/group[1]/text[2]/body[1]/div[1]/div[12]/p[2]/text()[6]; UTF16 offset 47; printed book 1, chapter 12; pb 578 (tcp:12923:298)	there pitching their tents at the west side of the town, they that guarded that part assaulted them with dartes and arrowes; and others issuing by troupes foorth of the Citie, assaulted the forefront of the army. Whereup	 criers voices from being heard, least any man should alter  his minde: Herod presently commaunded his men to beat the enemies off of the wall, who with their arrowes speedily forced all that were in the towers to flie. 	DIRECT_ALIGNMENT	HIGH	english-lodge1602-bellum1-unit295	119446	120220	Coarse-unit incipit and adjacent Lodge wording inspected directly against the Cardwell unit opening; the identity is secure. This decision verifies this boundary only.
1	latin-bellum1-num297	15	[297] 6. Ibique tunc Silonis detecta corruptio est. Multis enim militum subornatis, qui rebus egere se necessariis acclamarent, pecuniamque alimentis poscerent, atque hyemandi gratia in loca opportuna dimitti (nam civitati proxima deserta erant, ita omnibus ab Antigono ante provisis) et incitabat exercitum, et ipse recedere conabatur. Herodes autem non solum duces qui Siloni parerent, sed etiam milites ubi plurimi essent conveniendo, rogabat ne s	A04680.xml:/TEI[1]/text[1]/group[1]/text[2]/body[1]/div[1]/div[12]/p[2]/text()[10]; UTF16 offset 143; printed book 1, chapter 12; pb 578 (tcp:12923:298)	At this time Silo was detected to haue been hired with money: for he solicited many souldiers to crie out, that they vvanted all  things; and to aske money and victuals, and to craue to be dismissed and sent into some pl	y might abide there till winter was past. Antigonus also through Silo his meanes (whom he by money had made his friend) obtained that a part of his armie might (during the winter time) abide at Lydda, for Antonius sake, 	DIRECT_ALIGNMENT	HIGH	english-lodge1602-bellum1-unit297	120220	122577	Coarse-unit incipit and adjacent Lodge wording inspected directly against the Cardwell unit opening; the identity is secure. This decision verifies this boundary only.
1	latin-bellum1-num303	16	[303] CAP. XVI.' ET Romani quidem armorum cura soluti, rebus omnibus abundabant. Herodes autem non quiescebat, sed Idumaeam duobus millibus peditum, et quadringentis equitibus, misso etiam fratre suo Josepho, communivit, ne quid novi cum Antigono tentaretur. Ipse autem, matre cum aliis quos ex Massada liberaverat affinibus suis in Samariam translata, ibique tutissime collocata ut caetera Galilaeae subverteret, atque Antigoni praesidia expelleret,	A04680.xml:/TEI[1]/text[1]/group[1]/text[2]/body[1]/div[1]/div[12]/p[2]/text()[33]; UTF16 offset 7; printed book 1, chapter 12; pb 579 (tcp:12923:298)	and the Romans being now discharged from warres, abounded in all things.\nAll this time Herod was not idle, for accompanied with two thousand footmen & fiue hundreth horse, he went about Idumaea, and sent also his brother	aria; and hauing placed them where no danger might betide them; himselfe went into Galilee, to subdue that part of the country, which as yet was not in his hands, & to expell from thence the garrisons left by Antigonus. 	DIRECT_ALIGNMENT	HIGH	english-lodge1602-bellum1-unit303	122577	123189	Boundary checked directly against the surrounding Cardwell and Lodge wording.
1	latin-bellum1-num304	16	[304] 2. Cumque Sephorim, licet vehementissime ningeret, pervenisset, facillime civitatem capit, custodibus ejus ante aggressionem fuga dilapsis: ibique suis militibus, quos hyems fatigaverat, recreatis (erat enim magna copia commeatus) adversus latrones in speluncis degentes direxit animum : qui pleraque illius regionis incursantes, non minoribus quam belli cladibus incolas afficiebant. Praemissis autem tribus peditum cohortibus, unaque ala equi	A04680.xml:/TEI[1]/text[1]/group[1]/text[2]/body[1]/div[1]/div[12]/p[3]/text()[7]; UTF16 offset 1; printed book 1, chapter 12; pb 579 (tcp:12923:298)	And when hee was come to Sephoris, notwithstanding it snew mightily, he easily tooke it; for the garrison before he assaulted  it fled; and finding there great store of prouision, he refreshed his souldiers, which now wi	ntly succoured them, and recalled his men that fled; and rushing violently vpon his enemies, he a little asswaged the forces of the enemy, till at last the forefront of their battell, not able to stand any longer, fled. 	DIRECT_ALIGNMENT	HIGH	english-lodge1602-bellum1-unit304	123189	124352	Coarse-unit incipit and adjacent Lodge wording inspected directly against the Cardwell unit opening; the identity is secure. This decision verifies this boundary only.
1	latin-bellum1-num307	16	[307] 3. Qui tamen eos usque ad Jordanem caedendo persequebatur: et magna fugientium parte perempta, caeteri trans fluvium disjecti sunt : et Galilaea metu est purgata, nisi quod in speluncis latitantes reliquerant, eorumque causa diutius ibi remorandum fuit. Quamobrem primum laboris fructum militibus rependebat, centum quinquaginta argenti drachmas singulis dividendo : eorumque ducibus multiplicatam -summam ad hyberna mittendo. Pherorae autem fr	A04680.xml:/TEI[1]/text[1]/group[1]/text[2]/body[1]/div[1]/div[12]/p[3]/hi[6]/text()[1]; UTF16 offset 0; printed book 1, chapter 12; pb 579 (tcp:12923:298)	Herod pursued them euen vnto Iordan, and killed manie of them; those that escaped fled ouer the riuer; & thus he freed Galilee from that feare, saue that yet hee had left some lurking in the caues, and therfore he was co	y should passe the winter. Also he writ vnto his youngest brother  \n                        Pheroras to prouide necessaries for them in the market; and to build a wal about the castle of Alexandrium, which he performed.\n	DIRECT_ALIGNMENT	HIGH	english-lodge1602-bellum1-unit307	124352	125041	Coarse-unit incipit and adjacent Lodge wording inspected directly against the Cardwell unit opening; the identity is secure. This decision verifies this boundary only.
1	latin-bellum1-num309	16	[309] 4. Interea circum Athenas versabatur Antonius. Ventidius autem ad bellum contra Parthos Silonem atque Herodem accersit : mandato eis per epistolas, ut Judaeae statum ante componerent. Sed Herodes, libenter ad Ventidium Silone dimisso, ipse adversum latrones in speluncis habitantes movet exercitum. Istae autem speluncae in praeruptis montibus erant, undique inaccessae, transversosque tantum ac perangustos ascensus habebant: saxumque ab earum	A04680.xml:/TEI[1]/text[1]/group[1]/text[2]/body[1]/div[1]/div[12]/p[4]/text()[1]; UTF16 offset 0; printed book 1, chapter 12; pb 579 (tcp:12923:298)	In the meane while Antonius passed the time about Athens, and Ventidius sent for Silo and  \n                        Herod to assist him in the warre against the Parthians, charging them, that before their comming they sh	ords, vpbraided Herodes base mind, and hauing butchered his sonnes, he also killed his wife, and casting the dead bodies downe into the vallies, finally he cast himselfe likewise downe headlong.\n\n                        	DIRECT_ALIGNMENT	HIGH	english-lodge1602-bellum1-unit309	125041	126991	Coarse-unit incipit and adjacent Lodge wording inspected directly against the Cardwell unit opening; the identity is secure. This decision verifies this boundary only.
1	latin-bellum1-num314	16	[314] 5. Speluncis igitur et qui in his erant ita subactis, Herodes relicta exercitus parte, quantum ne quis rebellare tentaret satis esse arbitrabatur, eique parti Ptolemaeo praeposito, in Samariam rediit : scutatorum quidem tria millia, sexcentos vero equites in Antigonum ducens. Tuncque propter ejus abscessum nacti licentiam, quibus Galilaeam turbare mos erat, Ptolemaeum quidem ducem aggressi, nec opinantem interficiunt. Agros autem vastabant,	A04680.xml:/TEI[1]/text[1]/group[1]/text[2]/body[1]/div[1]/div[12]/p[5]/hi[1]/text()[1]; UTF16 offset 0; printed book 1, chapter 12; pb 580 (tcp:12923:299)	Herod hauing thus taken the caues, and slaine those that were in them, leauing a part of his armie, so much as he thought might suffice to represse any that should attempt any rebellion, and making Ptolemaeus chiefe ouer	rstood, he presently came to succor the countrey, and killed the most part of the enemies; and hauing taken all the castles by force, he exacted a hundreth talents for recompence of that reuolt to be paid by the cities. 	DIRECT_ALIGNMENT	HIGH	english-lodge1602-bellum1-unit314	126991	127835	Coarse-unit incipit and adjacent Lodge wording inspected directly against the Cardwell unit opening; the identity is secure. This decision verifies this boundary only.
1	latin-bellum1-num317	16	[317] 6. Jam vero Parthis expulsis, occiso etiam Pacoro, Ventidius Antonii literis monitus, equitum mille auxilia duarumque, legionum adversus Antigonum mittit Herodi. eorum autem ducem Machaeram, ut se adjutum veniret, per epistolas rogavit Antigonus, et de injuria Herodis multa conquestus, et pecuniam dare pollicitus. Sed is, nec enim ad quos missus fuerat, negligendum putabat, cum praesertim plura daret Herodes, in proditione quidem ei non par	A04680.xml:/TEI[1]/text[1]/group[1]/text[2]/body[1]/div[1]/div[12]/p[5]/text()[10]; UTF16 offset 225; printed book 1, chapter 12; pb 580 (tcp:12923:299)	Now the Parthians being put to flight, and Pacorus slaine, Ventidius being willed thereto by letters from Antonius, sent vnto Herod a thousand horsemen, & two legions of footmen to assist him against Antigonus. Now Antig	 of that he had done; and so returned to Amathunt vnto Herode. and being in a rage that things fell out against his expectation, he killed all the Iewes he found, not respecting whether they fauoured Herode or Antigonus 	DIRECT_ALIGNMENT	HIGH	english-lodge1602-bellum1-unit317	127835	129013	Coarse-unit incipit and adjacent Lodge wording inspected directly against the Cardwell unit opening; the identity is secure. This decision verifies this boundary only.
1	latin-bellum1-num320	16	[320] 7. Haec cum aegre ferret Herodes in Machaeram quidem vindicare voluit, tanquam in hostem : iracundiam vero repressit, et ad Antonium properabat, apud eum accusaturus Machaerae iniquitatem. Ille autem delicta sua reputans velociter regem consequitur : utque in gratiam secum redeat, multis precibus efficit. Neque tamen Herodes a proposito suo revocatus est quo minus ad Antonium pergeret. Sed cum audisset eum magnis viribus oppugnare Samosatam	A04680.xml:/TEI[1]/text[1]/group[1]/text[2]/body[1]/div[1]/div[12]/p[5]/hi[22]/text()[1]; UTF16 offset 10; printed book 1, chapter 12; pb 580 (tcp:12923:299)	Herode hereat was moued, and thought to be reuenged vpon Machaera as vpon an enemies yet he brideled himselfe and hasted to Antonius to let him vnderstand Machaeras crueltie. Machaera remembring how he had offended; foll	efore that he admired his vertue; yet then was his opinion encreased; so that he had a greater hope of his honour and attaining to the kingdome. So Antiochus was constrained to render the Citie.\n\n                        	DIRECT_ALIGNMENT	HIGH	english-lodge1602-bellum1-unit320	129013	130016	Coarse-unit incipit and adjacent Lodge wording inspected directly against the Cardwell unit opening; the identity is secure. This decision verifies this boundary only.
1	latin-bellum1-num323	17	[323] CAP. XVII. DUM haec agerentur, res Herodis in Judaea fractae sunt. Reliquerat enim Josephum fratrem suum, qui omnia procuraret, cum mandatis hujusmodi, ut nihil ante reditum suum adversus Antigonum moveret, quia non firmum esset auxilium Machaerae, quantum ex delictis superioribus appareret. Verum Josephus, ubi fratrem procul abesse cognovit, immemor praeceptorum, Hierichunta cum quinque cohortibus a Machaera secum missis petit, ut maturo m	A04680.xml:/TEI[1]/text[1]/group[1]/text[2]/body[1]/div[1]/div[13]/p[1]/seg[1]/text()[1]; UTF16 offset 0; printed book 1, chapter 13; pb 580 (tcp:12923:299)	IN the meane season Herodes affaires in Iudaea went backward: for he left his brother Ioseph gouernour of all, commaunding him to doe nothing against Antigonus till his returne. For he little trusted to Machaeras helpe, 	thy and valiant man: and there was not one left aliue of all the Romanc souldiers; for they were all  newly gathered out of Syria, and they had no olde souldiers amongst them to assist them who were ignorant in warfare. 	DIRECT_ALIGNMENT	HIGH	english-lodge1602-bellum1-unit323	130016	130874	Boundary checked directly against the surrounding Cardwell and Lodge wording.
1	latin-bellum1-num325	17	[325] 2. Antigonus autem victoria minime contentus fuit : sed eo processit iracundiae, ut mortuum quoque Josephum verberaret. Denique nactus corpora nortuorum, etiam caput ejus abscidit, quamvis L. talenta Pheroras frater pretium redemptionis offerret. tanta vero novitas post Antigoni victoriam Galilaeae res occupavit, ut qui partibus ejus magis faverent, productos primates Herodis studiosos lacu submergerent: multaque in Idumaea quoque mutarentu	A04680.xml:/TEI[1]/text[1]/group[1]/text[2]/body[1]/div[1]/div[13]/p[1]/hi[7]/text()[1]; UTF16 offset 0; printed book 1, chapter 13; pb 580 (tcp:12923:299)	Antigonus not contented with the victory became such a tyrant, that hee caused the dead corps of Ioseph to be scourged, and hauing the dead bodies in his  power, he cut off Iosephs head, although Pheroras his brother off	r with him, that he should helpe Herode against Antigonus, and so he departed into Aegypt: Sosius sent two companies of souldiers with Herode into Iudaea to helpe him, and he himselfe with the rest of the army followed. 	DIRECT_ALIGNMENT	HIGH	english-lodge1602-bellum1-unit325	130874	131806	Coarse-unit incipit and adjacent Lodge wording inspected directly against the Cardwell unit opening; the identity is secure. This decision verifies this boundary only.
1	latin-bellum1-num328	17	[328] 3. Herodi autem degenti prope Daphnem Antiochiae, mortem fratris somnia manifesta significant. Cumque turbatus prosiluisset e stratis, ecce nuncii cladis intrabant: quare prae dolore paululum questus, maxima parte luctus dilata, in hostes properabat, ultra vires iter accelerans. et ubi ad Libanum venit, octingentos montis accolas assumit auxilio, unamque his jungit Romanorum cohortem. cum quibus non expectata luce, Galilaeam ingressus est, 	A04680.xml:/TEI[1]/text[1]/group[1]/text[2]/body[1]/div[1]/div[13]/p[2]/text()[17]; UTF16 offset 79; printed book 1, chapter 13; pb 581 (tcp:12923:299)	When Herode was at Antiochia neere Daphne, his brothers death was manifested vnto him in a dreame:  And whilest he was troubled thus, so that he leapt out of his bed, euen at the same instant the messengers who brought t	 leade his army into the next village. Within a few daies his number being increased by one other legion which Antonius sent, he put his enemies in such a feare, that they in the night time fled and forsooke the Castle. 	DIRECT_ALIGNMENT	HIGH	english-lodge1602-bellum1-unit328	131806	132869	Coarse-unit incipit and adjacent Lodge wording inspected directly against the Cardwell unit opening; the identity is secure. This decision verifies this boundary only.
1	latin-bellum1-num331	17	[331] 4. Jamque per Hierichunta properans ibat, ut quam primum interfectores fratris sui posset ulcisci, ubi etiam mirabilis ei monstrique similis casus evenit : unde praeter spem liberatus, opinionem quod Deo carus esset adeptus est. nam cum multi honorati vespera illa apud eum coenavissent, postquam dimisso convivio omnes egressi sunt, confestim coenaculum concidit. Id autem commune sibi tam periculorum quam salutis praesagium, quantum ad futur	A04680.xml:/TEI[1]/text[1]/group[1]/text[2]/body[1]/div[1]/div[13]/p[2]/text()[24]; UTF16 offset 18; printed book 1, chapter 13; pb 581 (tcp:12923:299)	And now he hasted to Iericho to be reuenged vpon those that killed his brother, where there befell him a most strange accident, from the which being against all hope deliuered, he perswaded himselfe that God bare an espe	d, but they durst not ioine battell with the Romans, but molested them standing a farre off with stones and darts, and they wounded many: so that also Herode himselfe passing along, was wounded in the side with a darte. 	DIRECT_ALIGNMENT	HIGH	english-lodge1602-bellum1-unit331	132869	133743	Coarse-unit incipit and adjacent Lodge wording inspected directly against the Cardwell unit opening; the identity is secure. This decision verifies this boundary only.
1	latin-bellum1-num333	17	[333] 5. Antigonus autem se non solum audacia suorum, sed etiam multitudine superiorem videri cupiens, Pappum quendam ex contubernalibus suis cum manu militum in Samariam mittit, quibus quidem Machaera erat praemium victoriae. Herodes vero terram pervagatus hostilem, quinque municipia capit, duoque habitatorum millia consumit. exustisque domibus, ad exercitum redit, circa vicum, qui appellatur Cana tendentem.	A04680.xml:/TEI[1]/text[1]/group[1]/text[2]/body[1]/div[1]/div[13]/p[2]/hi[16]/text()[1]; UTF16 offset 0; printed book 1, chapter 13; pb 581 (tcp:12923:299)	Antigonus desirous to shew himselfe most potent, as well in multitude of men, as also in courage, sent Pappus a friend of his with an army into Samaria, who there got the victorie of Machaera. Herod went about the enemie	. Herod went about the enemies countrey and tooke there fiue townes, and destroied two thousand of the inhabitants, and firing the houses, he returned to his army neere vnto a village called Cana. \n                     \n	DIRECT_ALIGNMENT	HIGH	english-lodge1602-bellum1-unit333	133743	134154	Coarse-unit incipit and adjacent Lodge wording inspected directly against the Cardwell unit opening; the identity is secure. This decision verifies this boundary only.
1	latin-bellum1-num335	17	[335] 6. In dies autem singulos magna ei multitudo Judaeorum vel ex ipsa Hierichunte, vel ex aliis regionibus accedebat : cum hos odium moveret Antigoni, alios ipsis Herodis praeclara facinora. Enimvero multos ratione carentes mutationis cupiditas impellebat. hoc autem congredi festinante, Pappi milites neque multitudine hostium, neque impetu perterriti, acriter ad pugnam ex altera parte procedunt. sed ubi agmina conflixerunt, caeteri quidam paul	A04680.xml:/TEI[1]/text[1]/group[1]/text[2]/body[1]/div[1]/div[13]/p[3]/text()[1]; UTF16 offset 0; printed book 1, chapter 13; pb 581 (tcp:12923:299)	Euerie day there came flocking vnto him a verie great number of Iewes, both from Iericho and from other parts of the countrey, some of them hating Antigonus, other some louing Herode for his valiant deeds: for many witho	not  winter stormes hindred him, which was the onely cause that he at that time got not a full conquest; and that Antigonus was not vtterly ouerthrowne, who thorow feare and desperation was  purposed to leaue the Citie. 	DIRECT_ALIGNMENT	HIGH	english-lodge1602-bellum1-unit335	134154	136122	Coarse-unit incipit and adjacent Lodge wording inspected directly against the Cardwell unit opening; the identity is secure. This decision verifies this boundary only.
1	latin-bellum1-num340	17	[340] 7. Herodes autem ad vesperam, cum lassos amicos reficiendi corporis gratia dimisisset, ipse adhuc ab armis calidus, nore militis lavatum ibat. Siquidem unus tantum puer eum sequebatur. Et prius quam in balneum perveniret, obvius ei quidam ex hostibus gladio armatus occurrit, deinde alter, et tertius, et plures. Et hi confugerant armati ex acie in balneum, sed perculsi etiam tum metu ac latitantes, ut regem viderunt, illum quidem stupore deb	A04680.xml:/TEI[1]/text[1]/group[1]/text[2]/body[1]/div[1]/div[13]/p[3]/text()[16]; UTF16 offset 30; printed book 1, chapter 13; pb 581 (tcp:12923:299)	But Herode towards night hauing giuen his friends leaue to depart to rest their wearie bodies, being himselfe heated with his armour, after the manner of souldiers went to wash himselfe, accompanied onely with one page. 	lthough the king at that time was naked and  \n                         weaponlesse, in so much as none were present there to surprise them; they escaped; and Herode was verie well contented that he had no harme by them. 	DIRECT_ALIGNMENT	HIGH	english-lodge1602-bellum1-unit340	136122	136932	Coarse-unit incipit and adjacent Lodge wording inspected directly against the Cardwell unit opening; the identity is secure. This decision verifies this boundary only.
1	latin-bellum1-num342	17	[342] 8. Postero autem die Pappum quidem, Antigoni militum ducem, abscisso capite obtruncant: idque Pherorae magistro exercitus fratri suo mittit in perempti fratris ultionem. namque Pappus erat qui Josephum interfecerat. Ubi autem rigor hyemis cessit, Hierosolymam repetiit : murisque admoto milite, (annus autem tertius agebatur, ex quo Romae rex fuerat declaratus) pro templo castra posuit, qua facilior erat expugnatio, et antea Pompeius ceperat 	A04680.xml:/TEI[1]/text[1]/group[1]/text[2]/body[1]/div[1]/div[13]/p[3]/text()[22]; UTF16 offset 56; printed book 1, chapter 13; pb 582 (tcp:12923:300)	The next day after he beheaded Pappus who was the Generall of Antigo\n                              •…\n                           s his army, and sent his head to his brother Pheroras, who was ruler of his army, in reueng	 Aristobulus, who (as we before made mention) was despo\n                           •…\n                        sed vnto him, & he wedded her euen in the time of the siege, as who should say, now he contemned his enemies: 	DIRECT_ALIGNMENT	HIGH	english-lodge1602-bellum1-unit342	136932	138077	Coarse-unit incipit and adjacent Lodge wording inspected directly against the Cardwell unit opening; the identity is secure. This decision verifies this boundary only.
1	latin-bellum1-num345	17	[345] 9. Igitur ubi eam duxit, ad Hierosolymam redit, auctus militum copiis: eique Sosius cum magna manu equitum peditumque sociatur: qua mediterraneo itinere praemissa, ipse per Phoenicem iter fecit, universo autem exercitu congregato, ad peditum legiones undecim, equitumque sex millia, praeter auxilia Syrorum, non pro minima parta ducenda, prope a Septentrionali muro castra collocarunt : Herodes quidem senatusconsulto fretus, quo rex fuerat dec	A04680.xml:/TEI[1]/text[1]/group[1]/text[2]/body[1]/div[1]/div[13]/p[4]/text()[11]; UTF16 offset 20; printed book 1, chapter 13; pb 582 (tcp:12923:300)	after his marriage rites were performed, he returned to Ierusalem with a far greater army: Sosius also seconded him with a great army of footmen and horsemen, whom he sent before him through the middest of the countrey; 	ecree of the Senate, whereby he was declared to be king.  \n                        Sosius also was warranted by Antonies letters, whereby he commanded him to helpe Herode with all the army that was vnder his gouernment▪ 	DIRECT_ALIGNMENT	HIGH	english-lodge1602-bellum1-unit345	138077	138879	Coarse-unit incipit and adjacent Lodge wording inspected directly against the Cardwell unit opening; the identity is secure. This decision verifies this boundary only.
1	latin-bellum1-num347	18	[347] CAP. XVIII. JUDAEORUM autem intra civitatem agentium populus varie turbatus erat. Nam circa templum infirmior multitudo conveniens furore agebatur : multaque veluti divinitus de temporibus dictitabat : et qui audaciores essent, in catervas conglobati, multis modis latrocinabantur: maxime ex locis oppido proximis victui necessaria proripientes, neque aut equis, aut viris alimenta relinquebant. bellatorum autem constantiores obsidentibus oppo	A04680.xml:/TEI[1]/text[1]/group[1]/text[2]/body[1]/div[1]/div[13]/p[4]/text()[17]; UTF16 offset 1; printed book 1, chapter 13; pb 582 (tcp:12923:300)	Meane while those Iewes that were within the  Citie▪ were diuersly troubled: for a multitude of the weaker sort gathering themselues togither about the temple, grew to this resolution; that whosoeuer should fortune to di	d them, hindred the aduersarie from erecting their rampiers; so that they still found some new deuice to hinder the force of their engines: neither did they any waies preuaile so much as by their  mines which they made. 	DIRECT_ALIGNMENT	HIGH	english-lodge1602-bellum1-unit347	138879	139771	Boundary checked directly against the surrounding Cardwell and Lodge wording.
1	latin-bellum1-num349	18	[349] 2. Rex autem adversus latrocinia quidem occultas excogitavit militum insidias quibus eorum reprimerentur excursus : inopiam vero alimentorum longinquis transvectionibus adjuvari disposuit. ac pugnae intenti, quamvis omnem modum audaciae supergrederentur, Romanorum tamen peritia vincebantur. nihilominus aperte cum his, certa morte proposita, confligebant. Ex improviso autem Romanis per cuniculos intermedios emergentibus, prius quam nuri aliq	A04680.xml:/TEI[1]/text[1]/group[1]/text[2]/body[1]/div[1]/div[13]/p[4]/text()[26]; UTF16 offset 24; printed book 1, chapter 13; pb 582 (tcp:12923:300)	As for the theeues; the king sought to represse their excursions by placing an ambush of men to intercept them, by which meanes he relieued the want and scarcitie of victuals, by fetching prouision from places farre dist	feete, beseeching him to be mercifull vnto him; but Sosius nothing compassionating his calamitie, cruelly derided him, and called him Antigona: yet did he not permit him to depart free as a woman, but put him in prison.\n	DIRECT_ALIGNMENT	HIGH	english-lodge1602-bellum1-unit349	139771	142222	Boundary checked directly against the surrounding Cardwell and Lodge wording.
1	latin-bellum1-num354	18	[354] 3. Herodes autem cum jam hostes vicisset, ut externa quoque auxilia compesceret providebat. Visendi enim templi, sanctorumque ejus studio, omnis multitudo peregrina fuerat incitata. Ob eamque rem, hos minis, alios precibus, nonnullos armis etiam refraenabat, acerbiorem, quam si victus fuisset, existimans sibi fore victoriam, si quod videri nefas esset, culpa sua visum fuisset. mox autem etiam rapinas in civitate prohibuit, multa invectus in	A04680.xml:/TEI[1]/text[1]/group[1]/text[2]/body[1]/div[1]/div[13]/p[5]/text()[1]; UTF16 offset 0; printed book 1, chapter 13; pb 582 (tcp:12923:300)	Now when Herode had conquered his enemies, he endeuoured to the vttermost to appease the furie of the souldiers; for all the whole multitude were desirous to see the temple, and the\n\nholy vessels therein: but he resisted	nius. This man desirous to continue his life, and entertaining himselfe with this cold hope euen vntill the last, receiued in the end that reward which his faint heart desired, and was beheaded.\n\n                        	DIRECT_ALIGNMENT	HIGH	english-lodge1602-bellum1-unit354	142222	144039	Boundary checked directly against the surrounding Cardwell and Lodge wording.
1	latin-bellum1-num358	18	[358] 4. Rex autem Herodes discreta multitudine civitatis, suarum quidem partium studiosos, quo magis benevolos sibi faceret, honorifice tractabat, Antigonianos autem neci tradebat. et cum pecunia defecisset, diviso quicquid ornamentorum haberet, Antonio ejusque comitibus misit, non tamen omnino ne quid pateretur redemit. Jam enim Antonius Cleopatrae amore corruptus, in omni re cupidini cesserat. Etenim Cleopatra, ubi tanta cognationem suam saevi	A04680.xml:/TEI[1]/text[1]/group[1]/text[2]/body[1]/div[1]/div[13]/p[6]/hi[1]/text()[1]; UTF16 offset 0; printed book 1, chapter 13; pb 583 (tcp:12923:300)	Herode being now king, made a distinction betweene the Citizens; and those who had fauoured him, he vsed verie honourably; and put those to death, who had followed Antigonus: and when money failed, he distributed all his	essions. Afterward her couetous minde sought to effect the like against the Arabians, and the Iewes also, in so much as she secretly went about to cause the kings of those places, Malichus and Herode to be put to death. 	DIRECT_ALIGNMENT	HIGH	english-lodge1602-bellum1-unit358	144039	144980	Coarse-unit incipit and adjacent Lodge wording inspected directly against the Cardwell unit opening; the identity is secure. This decision verifies this boundary only.
1	latin-bellum1-num361	18	[361] 5. Cui cum verbotenus annuisset Antonius, occidere quidem bonos viros tantosque reges injustum esse duxit : verum inter amicos ultra non habuit, sed multa terra ex eorum praecisa finibus, et quod erat in Hierichunte palmetum in quo balsamum gignitur, et civitates praeter Tyrum et Sidonem cunctas intra flumen Eleutherum ipsi dedit. Quorum potita doniinio, ad Euphratem usque Parthis bellum inferentem prosecuta Antonium, per Apamiam et Damascu	A04680.xml:/TEI[1]/text[1]/group[1]/text[2]/body[1]/div[1]/div[13]/p[6]/hi[10]/text()[1]; UTF16 offset 0; printed book 1, chapter 13; pb 583 (tcp:12923:300)	Antonius made a shew as though he would haue granted her request, yet he thought it great impietie to kill good men and so great kings: yet notwithstanding he no more accounted them his friends, but tooke a great quantit	ed out of Parthia, and brought Artabazes the sonne of Tigranes captiue, and gaue him vnto Cleopatra: for all the money and riches which he had got and the captiue likewise, were bestowed on her.\n\n                        	DIRECT_ALIGNMENT	HIGH	english-lodge1602-bellum1-unit361	144980	146150	Coarse-unit incipit and adjacent Lodge wording inspected directly against the Cardwell unit opening; the identity is secure. This decision verifies this boundary only.
1	latin-bellum1-num364	19	[364] CAP. XIX. CONCITATO autem bello Actiaco, Herodes quidem cum Antonio proficisci paratus erat, et aliis per Judaeam turbis liberatus, et Hyrcanio potitus, quem vicum Antigoni soror tenebat : veruntamen a Cleopatra callide ne periculorum Antonii particeps fieret, interclusus est. Regibus enim, ut diximus, insidias tendens, bellum in Arabas ut Herodi committeret, persuadet Antonio. quos si vicisset, Arabiae : sin autem victus esset, Judaeae dom	A04680.xml:/TEI[1]/text[1]/group[1]/text[2]/body[1]/div[1]/div[14]/p[1]/seg[1]/text()[1]; UTF16 offset 0; printed book 1, chapter 14; pb 583 (tcp:12923:300)	ABout such time as the Actiacum war was on foot, Herode prepared himselfe to attend Antonius; for that for the time present all troubles were pacified in Iudaea: and he had  already gotten the castle of Hyrcanion, which 	abians; whom if he ouercame, then she should be made Queene of Arabia; and if so be he himselfe were ouercome, then she should be Queene of iudaea: intending hereby that one of these potentates should ruinate the other. 	DIRECT_ALIGNMENT	HIGH	english-lodge1602-bellum1-unit364	146150	147004	Boundary checked directly against the surrounding Cardwell and Lodge wording.
1	latin-bellum1-num366	19	[366] 2. Sed hoc ejus consilium Herodi feliciter cessit. nam primum in Syros hostes ducens, magnum quem conflaverat equitatum, circa Diospolim in eos mittit, et quamvis fortiter resistentes, superavit. qui cum jam victi essent, magno motu Arabes suscitantur: et infinita manus in Syriae coeles Canatham congregati, expectabant Judaeos. ubi rex eos Herodes cum exercitu aggressus, bellum consultius administrare tentabat, castraque muro cingi praecipi	A04680.xml:/TEI[1]/text[1]/group[1]/text[2]/body[1]/div[1]/div[14]/p[1]/text()[14]; UTF16 offset 249; printed book 1, chapter 14; pb 583 (tcp:12923:300)	But this practise of hers was greatly to Herods gaine: For first of all making head against those of Syria that were his enemies; with all the power of horsemen he could make, which was verie many, and meeting them at Di	t his armie to flight, and  killed many of them; & those that escaped fled vnto a little village hard by called Ormiza; vvhere the Arabians compassing them about, took both the men & their tents with al their furniture. 	DIRECT_ALIGNMENT	HIGH	english-lodge1602-bellum1-unit366	147004	148389	Coarse-unit incipit and adjacent Lodge wording inspected directly against the Cardwell unit opening; the identity is secure. This decision verifies this boundary only.
1	latin-bellum1-num369	19	[369] 3. Neque multo post accepta clade, Herodes aderat cum auxiliis, serius quam usus poposcit. Hujus ei vulneris causa fuit: praepositorum militibus contumacia, quod jussis obedire noluerunt. non enim repentino commisso praelio ullum Athenio insidiandi tempus habuisset. rursus tamen ultus est Arabas, assiduis fines eorum incursionibus infestans: quodque semel victus est, saepe rependit. Sed dum inimicos persequitur, incurrit ei divinitus alia c	A04680.xml:/TEI[1]/text[1]/group[1]/text[2]/body[1]/div[1]/div[14]/p[1]/text()[26]; UTF16 offset 193; printed book 1, chapter 14; pb 584 (tcp:12923:301)	Not  long after this ouerthrow of Herods souldiers, he came and brought helpe, but too late and to little purpose: but the cause hereof was, for that the captaines of his army would not obey his commaundement: for if the	ine approch of their enemies, and not onely broken, but wearied with the greatnes and continuance of  their calamities, rowsed vp their drouping spirits that were tired with suspect, & encouraged them after this manner. 	DIRECT_ALIGNMENT	HIGH	english-lodge1602-bellum1-unit369	148389	149951	Coarse-unit incipit and adjacent Lodge wording inspected directly against the Cardwell unit opening; the identity is secure. This decision verifies this boundary only.
1	latin-bellum1-num373	19	[373] 4. Rationem habere non videtur, cur vos praesens formido perculerit. nam divinae quidem indignationis plagas moerori vobis esse non miror. Ignavum autem est perpeti idem, etiam cum incursus hominum repellendi sunt. Ego enim tantum abest, ut hostes post terraemotum pertimescam, quod magis putaverim Deum hanc illis illecebram immisisse, ut poenas redderent. non enim tantum manu armisque freti, quantum nostris calamitatibus, veniunt. Fallax au	A04680.xml:/TEI[1]/text[1]/group[1]/text[2]/body[1]/div[1]/div[14]/p[2]/q[1]/text()[1]; UTF16 offset 0; printed book 1, chapter 14; pb 584 (tcp:12923:301)	I see no reason of your present feare, neither do I admire, that you were terrified with the punishment of Gods indignation: but it is a cowardly mind to be daunted by the comming of your enemies, who are but men, and wh	he first that will lead you, and will hazard my selfe for you: for you know full well that if your valour be not eclipsed by some headlong rashnes, there is nothing that may make head against  you.\n                     \n	DIRECT_ALIGNMENT	HIGH	english-lodge1602-bellum1-unit373	149951	154106	Coarse-unit incipit and adjacent Lodge wording inspected directly against the Cardwell unit opening; the identity is secure. This decision verifies this boundary only.
1	latin-bellum1-num380	19	[380] 5. His adhortatus milites, ubi eos alacres vidit, sacra Deo celebravit : deinde cum exercitu Jordanem fluvium transgressus est. Castris autem Philadelphiae positis, haud procul ab hostibus, quasi de interjacente castello contenderet, pugnam eminus irritabat, quamprimum cupiens congredi. nam et hostes praemiserant, qui castellum occuparent. Sed illos quidem regii facile repulerunt, collemque tenuerunt. ipse vero quotidie producto ad praelium	A04680.xml:/TEI[1]/text[1]/group[1]/text[2]/body[1]/div[1]/div[14]/p[3]/text()[1]; UTF16 offset 0; printed book 1, chapter 14; pb 585 (tcp:12923:301)	After he had by these or such like perswasions sounded his souldiers, and found them in some  sort encouraged thereby, he offered sacrifice to God. And presently after with all his army, hee passed ouer Iordan, and pitch	ootmen were confusedly mixt togither. And although the Iewes in number were inferior vnto them, yet they were inferiour vnto the Iewes in courage; yet they became now more hardy, because they despaired of the victory: & 	DIRECT_ALIGNMENT	HIGH	english-lodge1602-bellum1-unit380	154106	155375	Coarse-unit incipit and adjacent Lodge wording inspected directly against the Cardwell unit opening; the identity is secure. This decision verifies this boundary only.
1	latin-bellum1-num383	19	[383] 6. Et quandiu quidem restiterunt, non magna eorum caedes facta est : ubi vero terga nudaverunt, multi a Judaeis, multi vero a semetipsis conculcati perierunt. Denique millia v. in fuga ceciderunt, caeteraque multitudo intra vallum compulsa est, eosque statim circumseptos obsidebat Herodes. et licet armis prope adesset excidium, tamen aquae penuria vehementer urgebat. Cumque rex arrogantius eorum legatos despiceret, et talenta quinquaginta p	A04680.xml:/TEI[1]/text[1]/group[1]/text[2]/body[1]/div[1]/div[14]/p[3]/text()[7]; UTF16 offset 98; printed book 1, chapter 14; pb 585 (tcp:12923:301)	so long as they stood to it, they had no great losse, but when they \n                           •…\n                        urned their backs; then many were slaine by the Iewes, & many perished being trode\n              	tinguished all th\n                           •…\n                         strong men, the countreymen admired him, and were so much daunted at his puissance, that they wished him for their ruler.\n\n                        	DIRECT_ALIGNMENT	HIGH	english-lodge1602-bellum1-unit383	155375	156923	Coarse-unit incipit and adjacent Lodge wording inspected directly against the Cardwell unit opening; the identity is secure. This decision verifies this boundary only.
1	latin-bellum1-num386	20	[386] CAP. XX. MOX autem illum excepit desueta rerum solicitudo propter amicitiam Antonii, post victoriam Caesaris apud Actium. -Veruntamen plus timoris habebat, quam ipse patiebatur. Nec enim Caesar victum judicabat Antonium, donec Herodes cum eo superesset. Itaque rex periculis decrevit occurrere : Rhodumque transmissus, ubi Caesar eo tempore morabatur, adiit eum sine diademate veste quidem cultuque privato, sed fastu regio, neque dissimulata v	A04680.xml:/TEI[1]/text[1]/group[1]/text[2]/body[1]/div[1]/div[15]/p[1]/seg[1]/text()[1]; UTF16 offset 0; printed book 1, chapter 15; pb 585 (tcp:12923:301)	INcontinent after this his prosperous successe, there did betide vnto him a sea of cares and  \n                         griefes, in respect of the loue which he bare vnto Anto\n                              •…\n           	rie vnto thee, stopped his eares. For which cause, O Caesar, I am conquered with Antonius, and haue forsaken my crowne and dignitie with his fortunes: and am come vnto thee hoping that at thy hands I may obtaine pardon. 	DIRECT_ALIGNMENT	HIGH	english-lodge1602-bellum1-unit386	156923	159783	Boundary checked directly against the surrounding Cardwell and Lodge wording.
1	latin-bellum1-num391	20	[391] 2. Ad haec Caesar: Imo vero salvus esto, inquit, et nunc regnato certius. Nam meritus es, qui plurimos regas, cum amicitiam tanta fide tuearis.' Experire autem, ut etiam felicioribus fidus permaneas : siquidem ego praeclarissimam spem de tua magnanimitate mihi promitto. Recte tamen fecit Antonius, qui magis Cleopatrae, quam tibi paruit. Te nanque lucrati sumus propter ejus amentiam. Prior autem ab officiis coepisti, quantum apparet, quem ad	A04680.xml:/TEI[1]/text[1]/group[1]/text[2]/body[1]/div[1]/div[15]/p[1]/q[1]/text()[26]; UTF16 offset 45; printed book 1, chapter 15; pb 586 (tcp:12923:302)	To this Caesar answered: Liue in safetie, and raigne now with greater securitie then before; for thou deseruest to rule others, who with such constancie didst defend and maintaine thy friendship. At this time endeuour th	s my present decree, be thou  established in thy kingdome, and I will shortly let thee know that I will be beneficiall vnto thee: so as thou shalt haue no cause to bewaile the losse of Antonius. \n                        	DIRECT_ALIGNMENT	HIGH	english-lodge1602-bellum1-unit391	159783	160700	Coarse-unit incipit and adjacent Lodge wording inspected directly against the Cardwell unit opening; the identity is secure. This decision verifies this boundary only.
1	latin-bellum1-num393	20	[393] 3. Hujus sermonis humanitate regem ne quid de amicitia sua dubitaret hortatus, et diadema illi imposuit, et indulgentiam decreto consignat : in quo multa magnifice in ejus laudem commemoravit. Ille autem prius eum muneribus delinitum rogabat, ut Alexandrum quendam supplicem, ex amicis Antonii, juberet absolvi. Sed vicit iracundia Caesaris, multa illum et gravia pro quo rogabatur admisisse dicentis, quibus repulit deprecantem. Postea vero ad	A04680.xml:/TEI[1]/text[1]/group[1]/text[2]/body[1]/div[1]/div[15]/p[1]/text()[13]; UTF16 offset 0; printed book 1, chapter 15; pb 586 (tcp:12923:302)	By this speech he exhorted the king not to misdoubt of his friendship, and withall put a crowne vpon his head, and made a decree, and sealed it, testifying how he had remitted all things done by Herod, and confirmed him 	him foure hundreth Galathians, which before were Cleopatra \n                         her guard: and there was nothing that so much mooued Caesars liberalitie, as the couragious minde of him vnto whom he was so liberall: 	DIRECT_ALIGNMENT	HIGH	english-lodge1602-bellum1-unit393	160700	162543	Coarse-unit incipit and adjacent Lodge wording inspected directly against the Cardwell unit opening; the identity is secure. This decision verifies this boundary only.
1	latin-bellum1-num398	20	[398] 4. Post primam vero Actiada, etiam regionem, quae Trachon vocatur, ejus ditioni subdidit, eique continentem Batanaeam, itemque Auranitin, ex hujusmodi causa. Zenodorus, qui domus I.ysaniae conductor erat, non cessavit unquam ex regione, quae Trachon dicitur, latrones Damascenis immittere. Illi autem ad Varum tunc rectorem Syriae confugerunt, eumque deprecati sunt, quo suas miserias Caesari declararet. Caesar autem his cognitis ei rescripser	A04680.xml:/TEI[1]/text[1]/group[1]/text[2]/body[1]/div[1]/div[15]/p[2]/text()[19]; UTF16 offset 47; printed book 1, chapter 15; pb 586 (tcp:12923:302)	after the first Actian solemnitie, he added vnto Herodes dominion Trachon, and Batanaea, and Auranitis bordering vpon it. For this cause Zenodorus (who for mony hired Lysanias his house) continually sent theeues out of T	 vnto Agrippa: and Agrippa loued him most of all men next vnto Caesar. Thus nowe he touched the verie toppe of felicitie: and so encreasing in high minde, he employed himselfe chiefly to pietie.\n\n                        	DIRECT_ALIGNMENT	HIGH	english-lodge1602-bellum1-unit398	162543	163864	Coarse-unit incipit and adjacent Lodge wording inspected directly against the Cardwell unit opening; the identity is secure. This decision verifies this boundary only.
1	latin-bellum1-num401	21	[401] CAP. XXI. ITAQUE anno regni sui quintodecimo, et templum instauravit, et duplum terrae spatium, quam fuerat circa templum, muro amplexus est, ingenti sumptu et magnificentia singulari. Argumento erant in ambitu fani magnae porticus, eique junctum a Septentrione castellum. Et illas quidem a fundamentis erexit. Hoc autem nulla re minus, quam regni sedes, largis opibus renovatum, Antoniam vocavit, in honorem Antonii. Quinetiam domo sibi regia 	A04680.xml:/TEI[1]/text[1]/group[1]/text[2]/body[1]/div[1]/div[16]/p[1]/seg[1]/text()[1]; UTF16 offset 0; printed book 1, chapter 16; pb 586 (tcp:12923:302)	IN the fifteenth yeere of his raigne he repaired the temple, and enclosed twise so much  ground as was before about the temple with a strong wall, whereon he bestowed great costs and charges to beautifie it: as the great	       part of the Citie, and in it two houses, huge, and richly adorned: so that the temple was not to be compared vnto them. And calling them by his friends names, he tearmed one of them Caesarea, and another Agrippa; 	DIRECT_ALIGNMENT	HIGH	english-lodge1602-bellum1-unit401	163864	164658	Boundary checked directly against the surrounding Cardwell and Lodge wording.
1	latin-bellum1-num403	21	[403] 2. Nec vero solis tectis memoriam eorum et cognomina circumscripsit, sed in totas etiam civitates studium liberalitatis extendit. nam in Samaritica regione oppidum muro pulcherrimo per viginti stadia circumdatum, Sebasten appellavit, deductis eo sex milibus colonorum, terraque foecundissima his attributa: ubi templum quoque maximum inter aedificia, et circum id aream trium et semis stadiorum Caesari dedicavit, ejusdemque oppidi habitatoribu	A04680.xml:/TEI[1]/text[1]/group[1]/text[2]/body[1]/div[1]/div[16]/p[1]/text()[8]; UTF16 offset 214; printed book 1, chapter 16; pb 587 (tcp:12923:302)	vvhose names and memories he did not onely solemnize, and write in his priuate houses, but also throughout all the vvhole countrey, and in euerie part of the Citie. For in the countrey of Samaria he compassed a towne wit	her buildings, he erected a verie huge temple, and dedicated it to Caesar, and gaue the inhabitants of that place especiall priuiledges. About the temple was there a piece of ground containing three stounds and a halfe. 	DIRECT_ALIGNMENT	HIGH	english-lodge1602-bellum1-unit403	164658	165278	Coarse-unit incipit and adjacent Lodge wording inspected directly against the Cardwell unit opening; the identity is secure. This decision verifies this boundary only.
1	latin-bellum1-num404	21	[404] 3. Ob haec alterius terrae adjectione donatus a Caesare, aliud ei templum circa Jordanis fontem candido marmore posuit, qui locus appellatur Panium. Ubi montis quidam vertex in praecelsum editus, propter subjecti lateris vallem specus aperit umbrosum, qua profundae altitudinis rupes ad immensum liquentis guttae receptaculum concavatur, ut stag nantis aquae copia demittentibus aliquid, donec terram inveniant, longitudo nulla sufficiat. Foris	A04680.xml:/TEI[1]/text[1]/group[1]/text[2]/body[1]/div[1]/div[16]/p[1]/text()[11]; UTF16 offset 82; printed book 1, chapter 16; pb 587 (tcp:12923:302)	For this monuments sake, Caesar added vnto his dominion another countrey; for vvhich cause he erected  another temple vnto him neere vnto the head of Iordan, of vvhite marble, in a place called Panium, vvhere there is a 	length as is admirable. At the foote of this valley on the out side, there spring  certaine fountains, and many thinke this to be the head of the riuer Iordan, which whether it be true or no, vve will declare hereafter.\n	LODGE_ADDITION_OR_TRANSPOSITION	HIGH	english-lodge1602-bellum1-unit404	165278	166013	Lodge postpones the temple precinct's three-and-a-half-stadia area to after the inhabitants' privileges. The delayed area sentence remains in I.403; I.404 starts with Caesar's grant of another territory.
1	latin-bellum1-num407	21	[407] 4. Quin et apud Hierichunta, inter castellum Cyprum et priores domos regias, meliores alias, et quae commodiorem usum praeberent advenientibus fabricatas, eorundem amicorum nominibus vocitavit. Prorsus non est idoneus regni locus, quem honore Caesaris nudum reliquerit. Postea vero quam fines suos templis replevit, in provinciam quoque honores ejus effudit, et in multis civitatibus templa, quae Caesaria vocantur, constituit.	A04680.xml:/TEI[1]/text[1]/group[1]/text[2]/body[1]/div[1]/div[16]/p[2]/text()[1]; UTF16 offset 0; printed book 1, chapter 16; pb 587 (tcp:12923:302)	At Iericho also (betweene the castle of Cyprus, & the other auncient kings houses) he erected other buildings fairer, and more commodious for them that came thither, calling them after the names of his friends. Finally t	esar: and hauing in euerie place of his owne kingdome, deuised and dedicated temples vnto him, he in Syria also where he ruled did the like, founding in verie many cities temples, vvhich he called by the name of Caesar. 	DIRECT_ALIGNMENT	HIGH	english-lodge1602-bellum1-unit407	166013	166561	Coarse-unit incipit and adjacent Lodge wording inspected directly against the Cardwell unit opening; the identity is secure. This decision verifies this boundary only.
1	latin-bellum1-num408	21	[408] 5. Cum autem inter maritimas civitates vidisset unam vetustate jam fessam, quae Stratonos pyrgos vocabatur, et pro loci natura munificentiae suae capacem, totam eam candido saxo reparatam, clarissima regia decoravit, et in ea maxime innatam sibi animi magnitudinem demonstravit. Nam inter Doram et Joppen, quarum media civitas sita est, omnis ora maritima adeo fuit importuosa, ut omnes, qui ad AEgyptum ex Phoenice navigarent, in salo fluctuar	A04680.xml:/TEI[1]/text[1]/group[1]/text[2]/body[1]/div[1]/div[16]/p[2]/text()[5]; UTF16 offset 75; printed book 1, chapter 16; pb 587 (tcp:12923:302)	And perceiuing that amongst the cities of the sea coast, there was one called Stratons tower, the which being verie old was ruinated; and for the scituation thereof, deserued reparation and cost, he repaired it all with 	, make the whole sea tempestuous. But the king vvith his liberalitie and cost ouercomming nature, builded a port or hauen in that place far bigger then that of Piraeum,  and vvithin it made most safe stations for ships. 	DIRECT_ALIGNMENT	HIGH	english-lodge1602-bellum1-unit408	166561	167511	Coarse-unit incipit and adjacent Lodge wording inspected directly against the Cardwell unit opening; the identity is secure. This decision verifies this boundary only.
1	latin-bellum1-num411	21	[411] 6. Et quanquam totus ei locus adversabatur, tamen ita cum difficultate certavit, ut firmitas quidem structurae nequaquam mari cederet : pulchritudo vero tanta esset, quasi nulla res ardua praepedisset ornatum. Metitus enim quantum diximus portui spatium per viginti ulnas in profundum saxa demisit, quorum pleraque pedum quinquaginta longitudinis, et altitudinis novem, et latitudinis decem, nonnulla vero etiam majora fuerunt. Expleto autem sp	A04680.xml:/TEI[1]/text[1]/group[1]/text[2]/body[1]/div[1]/div[16]/p[2]/text()[8]; UTF16 offset 51; printed book 1, chapter 16; pb 587 (tcp:12923:302)	And although the nature of that place was altogether contrarie to his intent, yet he so ouercame that difficultie, that the sea could doe that building no harme, and it was so gallant and beautifull to behold, as though 	hundreth foote serued for a foundation of the wall, vvhereof the hauen was compassed, vvhich was replenished with many goodly towers; the greatest and fairest whereof, he named Drusius after the name of Caesars kinsman. 	DIRECT_ALIGNMENT	HIGH	english-lodge1602-bellum1-unit411	167511	168530	Coarse-unit incipit and adjacent Lodge wording inspected directly against the Cardwell unit opening; the identity is secure. This decision verifies this boundary only.
1	latin-bellum1-num413	21	[413] 7. Crebri autem fornices ad deducenda, quae portus haberet : proque fornicibus et circum eos crepido saxea, et lata, quae naves egredientes exciperet, deambulatio. aditus autem Septentrionalis erat. Ventorum enim pro situ loci placidissimus est boreas. ad ostium vero colossi tres, utrinque fulti columnis : quarum a leva quidem intrantibus stantes solida turris sustinet : dextra vero duo proceri lapides juncti, et partis adversae turris magn	A04680.xml:/TEI[1]/text[1]/group[1]/text[2]/body[1]/div[1]/div[16]/p[2]/text()[16]; UTF16 offset 10; printed book 1, chapter 16; pb 587 (tcp:12923:302)	There were verie many vautes also to conduct such things into the towne as were brought into the hauen, and about them a paued place for them to walke in, that came out of the ships: The entrance thereunto was on the nor	t Argos. The Citie he builded for the inhabitants of that prouince, and the port or for hauen to seafaring men. The honour and credit he attributed to\n\n                        Caesar, and by his name called it Caesarea. 	DIRECT_ALIGNMENT	HIGH	english-lodge1602-bellum1-unit413	168530	169815	Coarse-unit incipit and adjacent Lodge wording inspected directly against the Cardwell unit opening; the identity is secure. This decision verifies this boundary only.
1	latin-bellum1-num415	21	[415] 8. Quinetiam et caetera opera, forum, theatrum, amphitheatrum, digna vocabulo collocavit : et quinquennali certamine instituto, nomen ei Caesaris donavit. Primusque ipse in centesima nonagesima et secunda Olympiade maxima praemia proposuit: ut non solum victores, sed et proximi et tertii successores eorum regalibus divitiis potirentur. Anthedona quoque renovatam, quam bella subverterant, Agrippium vocavit : nimiaque benevolentia, nomen amic	A04680.xml:/TEI[1]/text[1]/group[1]/text[2]/body[1]/div[1]/div[16]/p[2]/text()[28]; UTF16 offset 37; printed book 1, chapter 16; pb 588 (tcp:12923:303)	He also made other buildings, as the Market, the  \n                         Theater, and the Amphitheater, which are worth the memorie. And he euerie fift yeere ordained certaine sports, & called them after the name of C	ird after them. Hee repaired Anthedon also, which was destroyed by the warres, and called it Agrippium, and louing Agrippa verie dearely, he caused her name to be engrauen ouer the portall that he builded in the temple. 	DIRECT_ALIGNMENT	HIGH	english-lodge1602-bellum1-unit415	169815	170421	Coarse-unit incipit and adjacent Lodge wording inspected directly against the Cardwell unit opening; the identity is secure. This decision verifies this boundary only.
1	latin-bellum1-num417	21	[417] 9. Sed nec parentes suos ita quisquam dilexit. nam et patri monumentum optimo regni campo civitatem condidit, fluminum arborumque ditissimam, eamque Antipatridem nuncupavit. et super Hierichunta castellum natura tutum, et pulchritudine praecipuum, muro cinxit, atque in honorem matris Cyprum vocavit: fratrique Phasaëlo turrim cognomine Phasaelidem Hierosolymis aedificavit, cujus ambitus et in magnitudine liberalitas postea declarabitur. Alia	A04680.xml:/TEI[1]/text[1]/group[1]/text[2]/body[1]/div[1]/div[16]/p[2]/text()[32]; UTF16 offset 98; printed book 1, chapter 16; pb 588 (tcp:12923:303)	Neither was he vnmindfull of his parents, for in the richest soile of the whole kingdome, he built a Citie for a monument of his father: and by his name called it Antipatris, being a verie rich soile, both for trees and 	 at Ierusalem, and  called it Phasaelus his tower (of the compasse & beautie of this tower we wil speake hereafter.) He also called another citie Phasaelus, which is scituate in a valley beyond Iericho toward the north.\n	DIRECT_ALIGNMENT	HIGH	english-lodge1602-bellum1-unit417	170421	171039	Coarse-unit incipit and adjacent Lodge wording inspected directly against the Cardwell unit opening; the identity is secure. This decision verifies this boundary only.
1	latin-bellum1-num419	21	[419] 10. Cognatis autem et amicis aeternae gloriae traditis, ne sui quidem fuit iummemor : sed castellum contra montem Arabici lateris propugnaculo permunitum, de suo nomine Herodium vocavit: tumulumque in mammae formam manufactum, qui stadiorum sexaginta spatio ab Hierosolymis aberat, similiter nominatum, munificentius accuravit. Etenim rotundis quidem turribus cacumen ejus amplexus est. Ambitum autem complevit aedibus regiis liberalissime exor	A04680.xml:/TEI[1]/text[1]/group[1]/text[2]/body[1]/div[1]/div[16]/p[3]/text()[1]; UTF16 offset 0; printed book 1, chapter 16; pb 588 (tcp:12923:303)	Hauing thus eternized the memorie of his friends and kinsfolke, he did not forget to doe the like to himselfe, for he built a Castle on a mountaine neere Arabia, hauing on one side a strong  place of defence, and this Ca	e thereof, likewise he builded another pallace and houses to receiue his friends, and their carriage: so that this castle for the abundance of all necessarie places, seemed a citie; and yet was it all the kings pallace. 	DIRECT_ALIGNMENT	HIGH	english-lodge1602-bellum1-unit419	171039	172095	Coarse-unit incipit and adjacent Lodge wording inspected directly against the Cardwell unit opening; the identity is secure. This decision verifies this boundary only.
1	latin-bellum1-num422	21	[422] 11. Tantis autem constructis aedificiis, animi sui magnitudinem in plurimis etiam externis civitatibus demonstravit. Nanque apud Tripolim et Damascum et Ptolemaidem, publicas balneas quae gymnasia dicunt : Bibli autem murum, exhedras vero et porticus, foraque et templa Beryti ac Tyri: necnon et apud Sidonem, et Damascum theatra condidit. Maritimis autem Laodicensibus aquae ductum : apud Ascalona vero Nymphea sive lacus ornatissimos, et baln	A04680.xml:/TEI[1]/text[1]/group[1]/text[2]/body[1]/div[1]/div[16]/p[3]/text()[5]; UTF16 offset 296; printed book 1, chapter 16; pb 588 (tcp:12923:303)	Hauing erected thus many buildings, he shewed his braue minde in strange Cities likewise; for at Tripolis, and Damascus, and Ptolemais he builded publike bathes, which are called exercises.  He builded the wall of Biblus	tie stounds, and that with faire marble. This streete before that time was so full of durt, that no man could goe thorow it; and all along  it, he builded galleries, that people might go drie thorow it in rainy weather. 	DIRECT_ALIGNMENT	HIGH	english-lodge1602-bellum1-unit422	172095	173784	Coarse-unit incipit and adjacent Lodge wording inspected directly against the Cardwell unit opening; the identity is secure. This decision verifies this boundary only.
1	latin-bellum1-num426	21	[426] 12. Sed haec quidem propria quis dixerit illorum, quibus ea detulit, populorum. Quod autem Elidensibus praestitit, non solum Achaiae commune, sed etiam totius orbis terrae munus videtur, per quem Olympiaci certaminis gloria diffunditur. Nam cum hoc deficere sumptuum videret inopia, quodque solum ex veteri Graecia restabat collabi, non solum agonotheta ipse factus est, eo lustro, quod cum Romam navigaret, offendit: sed etiam perpetuos pecuni	A04680.xml:/TEI[1]/text[1]/group[1]/text[2]/body[1]/div[1]/div[16]/p[3]/text()[12]; UTF16 offset 81; printed book 1, chapter 16; pb 588 (tcp:12923:303)	Some one may say, that these benefits that he thus bestowed, were done for the proper vse of those people, on whom he bestowed them: but no man can denie, but that which he did for the citizens of Elis, was not onely com	t was he not so liberall vnto them as he would haue been, fearing least the enuy of some might accuse him of some further meaning, if he should be more bountifull vnto the cities then those that were the owners thereof. 	DIRECT_ALIGNMENT	HIGH	english-lodge1602-bellum1-unit426	173784	174878	Coarse-unit incipit and adjacent Lodge wording inspected directly against the Cardwell unit opening; the identity is secure. This decision verifies this boundary only.
1	latin-bellum1-num429	21	[429] 13. Quin et corpore usus est, quod animo conveniret. cumque summus venator esset, in hoc tamen ipso equitandi peritia quae cuperet assequebatur. Denique uno die quondam quadraginta feras subegit. Est autem aprorum altrix illa regio, sed magis cervis et onagris frequentatur. Bellator autem erat, qui sustineri non posset. itaque multos etiam in exercitatione terrebat : quibus et torquendo jaculo directissimus, et sagittarum librator videbatur	A04680.xml:/TEI[1]/text[1]/group[1]/text[2]/body[1]/div[1]/div[16]/p[3]/text()[18]; UTF16 offset 223; printed book 1, chapter 16; pb 588 (tcp:12923:303)	He exercised his body likewise in exercises fit for so valiant a minde: for he was a verie skilfull hunter, wherein he had alwaies his purpose, by reason of his skil in riding; so that in one day he killed fortie wilde b	for very seldome the euent of warre was otherwise then he expected: which if it sometime chanced, it was not through his fault, but through the rashnes of his souldiers, or else through treason.\n\n                        	DIRECT_ALIGNMENT	HIGH	english-lodge1602-bellum1-unit429	174878	175711	Coarse-unit incipit and adjacent Lodge wording inspected directly against the Cardwell unit opening; the identity is secure. This decision verifies this boundary only.
1	latin-bellum1-num431	22	[431] CAP. XXII. AT vero publicam ei felicitatem moerores invidere domestici, et adversi casus ex muliere coeperunt, quam maxime diligebat. Nam quia regis metuit potestatem, repudiata quam prius acceperat uxorem ex Hierosolymis genus ducentem, quae Doris vocabatur, Mariamnem sibi conjunxit, Alexandri filiam Aristobuli filii, unde domus ejus in discordiam venit, et antea quidem, maxime vero postquam Roma regressus est. nam primum Antipatrum ex Dor	A04680.xml:/TEI[1]/text[1]/group[1]/text[2]/body[1]/div[1]/div[17]/p[1]/seg[1]/text()[1]; UTF16 offset 0; printed book 1, chapter 17; pb 589 (tcp:12923:303)	BVt his priuate and domesticall sorrowes seemed to enuie him his publike felicitie, and  \n                         most aduerse fortune befell him through the meanes of a woman, whom he loued as himselfe. For being now m	his death: for, for that cause, and especially for the loue of his natiue soyle, he came thither. That which moued Herode to kill him was, not for that he sought the kingdome, but because he had right vnto the kingdome. 	DIRECT_ALIGNMENT	HIGH	english-lodge1602-bellum1-unit431	175711	177169	Boundary checked directly against the surrounding Cardwell and Lodge wording.
1	latin-bellum1-num435	22	[435] 2. Quinque autem filiorum quos ex Mariamne susceperat, duae foeminae, caeteri mares erant, horumque minimo Romae in studiis mortuo, duos majores natu, et propter matris nobilitatem, et quod jam regnanti sibi fuissent geniti, regie producebat. Sed enim fortior amor his Mariamnes suffragababatur: qui in dies singulos proficiens, adeo succendebat Herodem, ut eorum nihil sentiret quae propter dilectam sibi dolerent. Tantum namque in eum Mariamn	A04680.xml:/TEI[1]/text[1]/group[1]/text[2]/body[1]/div[1]/div[17]/p[1]/hi[12]/text()[1]; UTF16 offset 0; printed book 1, chapter 17; pb 589 (tcp:12923:303)	Herode had fiue children by Mariamme, two daughters,  and three sons. The yongest was sent to Rome to studie, where he died. The other two he brought vp like Princes both for their mothers nobilitie sake, & for that they	e to the Altar clothed in sacred attire vpon a festiuall day, all the people wept: and the same night was he sent to Iericho, and drowned in a lake by the Galatheans, who had receiued commission to performe the murther. 	DIRECT_ALIGNMENT	HIGH	english-lodge1602-bellum1-unit435	177169	178384	Coarse-unit incipit and adjacent Lodge wording inspected directly against the Cardwell unit opening; the identity is secure. This decision verifies this boundary only.
1	latin-bellum1-num438	22	[438] 3. Haec igitur Herodi Mariamne probro dabat, sororemque ejus et matrem maledictis atrocioribus dehonestabat. Sed ille quidem amore mutus erat. Gravi autem indignatione mulieres saeviebant : et quo maxime commoveretur Herodes, insimulabant eam adulterii : praeter alia multa, quae verisimilia fingerentur, haec accusantes, quod in AEgyptum imaginem suam misisset Antonio : proque immoderata libidine, absentem se properasset ostendere viro mulie	A04680.xml:/TEI[1]/text[1]/group[1]/text[2]/body[1]/div[1]/div[17]/p[1]/text()[31]; UTF16 offset 6; printed book 1, chapter 17; pb 589 (tcp:12923:303)	These things did Mariamme daily cast in Herodes teeth, and vpbraided both his mother and sister, with verie sharpe and reprochfull words: yet he so loued her, that notwithstanding  all this he held his peace. But the wom	 himselfe vpon the crueltie of Cleopatra, for vvhose sake king Lysanias and Malichus king of Arabia were put to death; and now he measured not the daunger by the losse of his wife, but by his owne death which he feared. 	DIRECT_ALIGNMENT	HIGH	english-lodge1602-bellum1-unit438	178384	179344	Coarse-unit incipit and adjacent Lodge wording inspected directly against the Cardwell unit opening; the identity is secure. This decision verifies this boundary only.
1	latin-bellum1-num441	22	[441] 4. Itaque profecturus Josepho Salomes sororis suae viro, quem fidum habebat, et pro affinitate benevolum, commendabat uxorem : mandato ei clam, ut eam interficeret, si etiam se occidisset Antonius. Verum Josephus non maligne, sed regis amorem mulieri cupiens demonstrare, quod ab ea nec mortuus pateretur divelli, secretum ei sermonem aperit. Et illa reverso Herode, multaque inter fabulas de affectu jurante, quodque nunquam esset alterius mul	A04680.xml:/TEI[1]/text[1]/group[1]/text[2]/body[1]/div[1]/div[17]/p[2]/text()[6]; UTF16 offset 136; printed book 1, chapter 17; pb 589 (tcp:12923:303)	For which cause being drawen by his affaires into the countrey,  he gaue secret commaundement vnto Ioseph his sister Salomes husband (whom he knew to  be trustie, and one who for affinitie was his well-willer) to kill hi	d, and amongst other talke with many oaths sware that he neuer loued woman but her; indeed (quoth she) it may  well be knowne how greatly you loue me by the commaundement you gaue to Ioseph, whom you charged to kill me. 	DIRECT_ALIGNMENT	HIGH	english-lodge1602-bellum1-unit441	179344	179989	Coarse-unit incipit and adjacent Lodge wording inspected directly against the Cardwell unit opening; the identity is secure. This decision verifies this boundary only.
1	latin-bellum1-num443	22	[443] 5. His auditis quae occulta credebat, amens erat Herodes ilico : nec unquam Josephum mandata sua proditurum fuisse ratus, nisi eam corrupisset, prae dolore insaniebat. Cumque stratis exiluisset, in regia spatiatur : ibique tunc Salome soror ejus arrepto tempore criminandi, suspicionem de Josepho confirmavit. Unde Herodes immoderata zelotypia furens confestim utrunque jussit interfici. Deinde poenitudo. sequebatur insaniam : et postquam irac	A04680.xml:/TEI[1]/text[1]/group[1]/text[2]/body[1]/div[1]/div[17]/p[2]/hi[12]/text()[1]; UTF16 offset 0; printed book 1, chapter 17; pb 589 (tcp:12923:303)	Herode hearing this which he thought to be secret, was like a mad man, and\n\npresently perswaded himselfe that Ioseph would neuer haue disclosed that commaundement of  \n                         his, except he had abused h	was dead, but spake vnto her as though she were aliue, vntill in processe of time being assertained of her funerall, he equalled the affection he bare her during her life, by the vehemencie of his passion for her death. 	DIRECT_ALIGNMENT	HIGH	english-lodge1602-bellum1-unit443	179989	180919	Coarse-unit incipit and adjacent Lodge wording inspected directly against the Cardwell unit opening; the identity is secure. This decision verifies this boundary only.
1	latin-bellum1-num445	23	[445] CAP. XXIII. MATERNAE autem iracundiae succedunt filii, et immanitatem sceleris reputantes, non aliter suspectum patrem quam si hostis esset, habebant : idque et antea, quam diu Romae in studiis erant, et multo magis postquam in Judaeam reversi sunt. Siquidem cum aetatibus eorum, mentium quoque roborabatur affectio. Jam vero maturi conjugio, unus amitae suae Salomes, quae matrem amborum accusaverat, filiam duxit : alter Archelai Cappadocum r	A04680.xml:/TEI[1]/text[1]/group[1]/text[2]/body[1]/div[1]/div[17]/p[2]/hi[17]/text()[1]; UTF16 offset 0; printed book 1, chapter 17; pb 590 (tcp:12923:304)	Mariammes sonnes succeeded their mother in her wrath, and recogitating what an impious act it was, they accounted their father as a mortall enemie, both before and after they went to studie at Rome, and especially after 	e before  \n                        Caesar. Herode giuing eare vnto those calumniations, sent for Antipater whom he had by Doris, to the end he might defend him against his two sons, and sought to aduance him aboue them. 	DIRECT_ALIGNMENT	HIGH	english-lodge1602-bellum1-unit445	180919	182104	Boundary checked directly against the surrounding Cardwell and Lodge wording.
1	latin-bellum1-num449	23	[449] 2. Qui cum hanc mutationem tolerabilem non putarent, ac privata matre editum proficientem viderent, indignationem cohibere pro sua nobilitate non poterant : sed in singulis quibus offenderentur, iram prodebant. Et illi quidem in dies singulos magis magisque negligebantur. Antipater autem etiam sui causa favorabilis erat: nam et patri blandiri callide noverat, et varias in fratres suos calumnias conferebat, quaedam ipse dictitans, amicos ver	A04680.xml:/TEI[1]/text[1]/group[1]/text[2]/body[1]/div[1]/div[17]/p[2]/text()[41]; UTF16 offset 92; printed book 1, chapter 17; pb 590 (tcp:12923:304)	But  they thought this alteration intolerable; seeing one, whose mother was but a priuate woman, so preferred: and they moued with their owne noblenes of birth could not containe their indignation, but vpon euerie occasi	ore no Crowne: and in time he so preuailed, that he wrought his mother into Mariammes steed; and with flatteries and calumniation so moued the king, that he began to deliberate about  the putting to death of his sonnes. 	DIRECT_ALIGNMENT	HIGH	english-lodge1602-bellum1-unit449	182104	183091	Coarse-unit incipit and adjacent Lodge wording inspected directly against the Cardwell unit opening; the identity is secure. This decision verifies this boundary only.
1	latin-bellum1-num452	23	[452] 3. Quapropter Alexandrum quidem secum Romam pater abstractum, veneni sibi dati reum apud Caesarem postulavit. Ille autem vix deplorandi copiam nactus, et licet apud imperitissimum judicem, tamen Herode et Antipatro prudentiorem, delicta quidem patris verecunde suppressit : in se vero delata crimina fortiter diluit : periculorumque socio fratre purgato, mox de Antipatri calliditate, et de suis injuriis questus est : cum praeter innocentiae c	A04680.xml:/TEI[1]/text[1]/group[1]/text[2]/body[1]/div[1]/div[17]/p[2]/text()[53]; UTF16 offset 37; printed book 1, chapter 17; pb 590 (tcp:12923:304)	For which cause he conducted his sonne Alexander with him to Rome, and accused him before Caesar, that he had giuen him poyson. But he with much  adoe hauing obtained libertie to plead his owne cause, and that before an 	t were laid vnto  them, he presently made Herode and them friends, vpon these conditions, that they in all things should be obedient vnto their father; and that their father should leaue the kingdome to whom he pleased.\n	DIRECT_ALIGNMENT	HIGH	english-lodge1602-bellum1-unit452	183091	184308	Coarse-unit incipit and adjacent Lodge wording inspected directly against the Cardwell unit opening; the identity is secure. This decision verifies this boundary only.
1	latin-bellum1-num455	23	[455] 4. Postea rex Roma reversus, licet solvisse criminibus filios videretur, nondum tamen erat suspicionibus liberatus : quoniam argumentum odii sequebatur Antipater, etsi verecun dia reconciliatoris palam proferre inimicitias non auderet. Cum autem Ciliciam praeternavigans Eleusam delatus esset, suscepit eum benignissime Archelaus, pro salute generi gratiam referens, et redintegratae concordiae causa laetus: quippe nihil moratus amicis Romae s	A04680.xml:/TEI[1]/text[1]/group[1]/text[2]/body[1]/div[1]/div[17]/p[3]/text()[1]; UTF16 offset 0; printed book 1, chapter 17; pb 590 (tcp:12923:304)	Hereupon Herode returned from Rome, and though he seemed to haue forgiuen his sonnes; yet laid he not his iealousie and suspition aside. For Antipater stil vrged his argument to make Herod hate his other two sonnes, thou	 should be fauourable vnto Alexander, when he came to plead his cause. And after this entertainement, he conducted Herode vnto Zephyrius, giuing him gifts to the value  of thirtie talents, and so tooke his leaue of him. 	DIRECT_ALIGNMENT	HIGH	english-lodge1602-bellum1-unit455	184308	185129	Coarse-unit incipit and adjacent Lodge wording inspected directly against the Cardwell unit opening; the identity is secure. This decision verifies this boundary only.
1	latin-bellum1-num457	23	[457] 5. Postea vero quam Hierosolymam pervenit Herodes, populo convocato, tribusque filiis prope astantibus causam reddit profectionis : multasque Deo gratias agit, multas etiam *Caesari, qui domus suae perturbationem sedasset : et, quod regno majus esset, concordiam filiis praestitisset, quam ego, inquit, arctius copulabo. Nam ille quidem me regni dominum et successorum judicem constituit. Ego autem cum mea commoditate illi gratias refero, tres	A04680.xml:/TEI[1]/text[1]/group[1]/text[2]/body[1]/div[1]/div[17]/p[3]/hi[9]/text()[1]; UTF16 offset 0; printed book 1, chapter 17; pb 590 (tcp:12923:304)	Herode so soone as he came to Ierusalem assembled the people togither, & being assisted by his three sons, he shewed vnto them the cause of his going to Rome, and blessed God, and thanked Caesar, who had appeased the dis	                 \nAfter he had thus spoken, he saluted them verie louingly, and dismissed the people, some praying that it might be as he had said: others (who desired alteration) made as though they had  heard nothing. 	DIRECT_ALIGNMENT	HIGH	english-lodge1602-bellum1-unit457	185129	188641	Coarse-unit incipit and adjacent Lodge wording inspected directly against the Cardwell unit opening; the identity is secure. This decision verifies this boundary only.
1	latin-bellum1-num467	24	[467] CAP. XXIV. FRATRES autem dissensio non reliquit, sed pejora suspicantes alius de alio digressi sunt. Namque Alexander et Aristobulus aegre ferebant confirmatum esse Antipatro meritum, Antipater autem succensebat vel secundo loco fratres haberi. sed tamen ille pro varietate morum, et reticere secreta noverat, et quanto sibi essent odio multa fraude celabat. His autem pro nobilitate generis, in lingua erat quicquid venisset in mentem. Et mult	A04680.xml:/TEI[1]/text[1]/group[1]/text[2]/body[1]/div[1]/div[17]/p[4]/text()[3]; UTF16 offset 16; printed book 1, chapter 17; pb 591 (tcp:12923:304)	Yet for all this, the dissension amongst the brethren was not appeased; but each of them mistrusting worser euents, departed from one another. For Alexander and Aristobulus stomached the matter, that Antipater had his de	od was verie wrath, but turned all as though Alexander went about treason, and sought to kill his father, and nothing made so much credit be giuē to these calumniations, as that Antipater colorably excused his brother. 	DIRECT_ALIGNMENT	HIGH	english-lodge1602-bellum1-unit467	188641	190875	Boundary checked directly against the surrounding Cardwell and Lodge wording.
1	latin-bellum1-num473	24	[473] 2. His accensus Herodes, quantum in dies singulos de affectu adolescentium detrahebat, tantum adjiciebat Antipatro. In eandem vero partem inclinati sunt etiam qui regno parebant : hi volentes, alii pro imperio, sicut Ptolemaeus amicorum clarissimus, regisque fratres, ac tota progenies. omnia namque in Antipatro sita erant: et quod Alexandro fuit acerbissimum, cuncta in eorum perniciem matris Antipatri consilio gerebantur. Noverca enim saevi	A04680.xml:/TEI[1]/text[1]/group[1]/text[2]/body[1]/div[1]/div[17]/p[4]/hi[18]/text()[1]; UTF16 offset 0; printed book 1, chapter 17; pb 591 (tcp:12923:304)	Herod incēsed herat, euerie day withdrew his affection more & more frō the two brethren, & daily\n\nencreased his loue towards Antipater. The nobilitie also were inclined after the same manner,  \n                        	erod (as we haue said) had many wiues, both for that it was lawfull by the custome of their countrey, and because Herode delighted in many; and all of them hated Alexander, for Glaphyras pride and contumelious speeches. 	DIRECT_ALIGNMENT	HIGH	english-lodge1602-bellum1-unit473	190875	193262	Coarse-unit incipit and adjacent Lodge wording inspected directly against the Cardwell unit opening; the identity is secure. This decision verifies this boundary only.
1	latin-bellum1-num478	24	[478] 3. Salomen autem Aristobulus, et si socrus ejus erat, ipse inimicam sibi reddidit, et ante quidem propter maledicta Glaphyrae saevientem : frequenter enim humilitatem generis objiciebat uxori : quodque ipse privatam, reginam vero frater suus duxisset Alexander. Hoc Salomes filia cum fletu matri nunciavit. Addebat autem, quod aliorum quoque fratrum matres idem Alexander et Aristobulus, si regnum obtinuissent, textrices cum ancillis facere mi	A04680.xml:/TEI[1]/text[1]/group[1]/text[2]/body[1]/div[1]/div[17]/p[5]/text()[14]; UTF16 offset 34; printed book 1, chapter 17; pb 592 (tcp:12923:305)	And Aristobulus made Salome his enemy, although she was his wiues mother: for she was before mooued by Glaphyras speeches, and he often vpbraided his wife with her base birth, still telling her that he had married a priu	hard happe with  sighes, and cursed him: and that often when he bestowed some of Mariammes cloathes vpon his latter wiues, they threatned that in short time in steed of princely attire, they should weare a black habite. 	DIRECT_ALIGNMENT	HIGH	english-lodge1602-bellum1-unit478	193262	194521	Coarse-unit incipit and adjacent Lodge wording inspected directly against the Cardwell unit opening; the identity is secure. This decision verifies this boundary only.
1	latin-bellum1-num481	24	[481] 4. His de causis Herodes licet constantem animum adolescentium formidaret, tamen ne spem correptionis abscinderet, ad se eos vocavit: Romam enim migraturus erat: et quasi rex pauca interminatus, pluribus quasi pater monuit: rogavitque ut fratres diligerent, promissa priorum peccatorum venia, si post haec meliores fierent. Illi autem criminationum invidiam deprecando, fictas eas esse dicebant, purgationisque suae fidem rebus ipsis posse cons	A04680.xml:/TEI[1]/text[1]/group[1]/text[2]/body[1]/div[1]/div[17]/p[5]/text()[32]; UTF16 offset 130; printed book 1, chapter 17; pb 592 (tcp:12923:305)	Whereupon Herod, though he feared the constant mindes of the young men, yet because he would not take away all hope of amendment, he called them vnto him (for he was to saile to Rome) and as a king threatned them in few 	ue malignant  people opportunitie and recourse vnto him: for that there would alwaies be some that would maliciously inuent tales to tell, whilst there was any one that would giue them the hearing and beleeuing thereof. 	DIRECT_ALIGNMENT	HIGH	english-lodge1602-bellum1-unit481	194521	195362	Coarse-unit incipit and adjacent Lodge wording inspected directly against the Cardwell unit opening; the identity is secure. This decision verifies this boundary only.
1	latin-bellum1-num483	24	[483] 5. Cum his eum mature placavissent, ut patrem, praesenti metu rejecto, de futuris moerere coeperunt. Etenim cognovere Salomen sibi esse infensam, et patruum Pheroram: uterque autem saevi et graves erant : sed amplius Pheroras, qui totius quidem regni praeter diadema socius esset: proprios autem reditus haberet centum talentorum, totiusque trans Jordanem terrae fructus ipse caperet, a fratre sibi dono datae. Quinetiam tetrarcham eum fieri be	A04680.xml:/TEI[1]/text[1]/group[1]/text[2]/body[1]/div[1]/div[17]/p[5]/text()[42]; UTF16 offset 17; printed book 1, chapter 17; pb 592 (tcp:12923:305)	For they knew that Salome was their enemie, and Pheroras their vncle, and both of them bare cruell minds, and were hard hearted; and especially Pheroras; who was fellow with his brother of all, sauing onely the crowne, a	s fell in loue with his maid, and forsooke a princesse: whereat Herode being angrie maried his daughter vnto his brothers sonne, who was afterward slaine by the Parthians; but Herode presently pardoned Pheroras offence. 	OMITTED_AT_BOUNDARY	HIGH	english-lodge1602-bellum1-unit483	195362	196243	The initial reassurance and renewed fear expressed by Cardwell ('Cum his ... de futuris moerere coeperunt') has no separate Lodge rendering. Boundary placed at the surviving causal explanation about Salome and Pheroras.
1	latin-bellum1-num485	24	[485] 6. De hoc autem erat vetus opinio, quod etiam viva regina Herodem opprimere voluisset veneno. Sed tunc plurimis delatoribus aditus erat, ut quamvis amantissimus fratris esset Herodes, fide tamen eorum quae audisset, adduceretur ad metum. Itaque de multis qui suspecti erant habita quaestione, postremo ad Pherorae amicos venit, quorum nulla quidem fuit de maleficiis aperta confessio, quod cum amica subrepta in Parthos cogitasset effugere prod	A04680.xml:/TEI[1]/text[1]/group[1]/text[2]/body[1]/div[1]/div[17]/p[5]/text()[54]; UTF16 offset 10; printed book 1, chapter 17; pb 592 (tcp:12923:305)	Diuers before this time were of opinion that in the life time of the Queen, he would haue poisoned Herode; and Herode although he loued his brother\n\nverie well; yet because many who had accesse vnto him told him so, he b	 procurator to Oboda king of Arabia, who was a great enemie of the kings, and she being conuicted both of this and all things else, whereof her brother Pheroras accused her, yet obtained pardon as likewise Pheroras did: 	DIRECT_ALIGNMENT	HIGH	english-lodge1602-bellum1-unit485	196243	197288	Coarse-unit incipit and adjacent Lodge wording inspected directly against the Cardwell unit opening; the identity is secure. This decision verifies this boundary only.
1	latin-bellum1-num488	24	[488] 7. Domus vero tempestas in Alexandrum transiit, totaque capiti ejus incubuit. Tres erant eunuchi regis carissimi, et ex genere famulatus neminem id latebat. Uni enim vinum ministrare fuit cura, alteri coenam apponere, tertius autem dormitum eum collocabat, et cum ipso cubabat : hos muneribus maximis Alexander cupiditati suae subjecerat. Itaque postquam regi haec sunt indicata, vi tormentorum coacti, et stuprum statim confessi sunt, et quibu	A04680.xml:/TEI[1]/text[1]/group[1]/text[2]/body[1]/div[1]/div[17]/p[5]/text()[69]; UTF16 offset 6; printed book 1, chapter 17; pb 593 (tcp:12923:305)	so that the whole tempest of all their family was turned against Alexander, and light vpon his head.\nThe king had three Eunuches whom he loued dearly, and euery one knowne by their offices:  for one of them was his butle	d then he would be reuenged vpon his enemies, and make his friends happie, and especially them: and that the whole nobilitie did secretly obey him, and the captaines of the army and gouernours did priuily come vnto him. 	DIRECT_ALIGNMENT	HIGH	english-lodge1602-bellum1-unit488	197288	198218	Coarse-unit incipit and adjacent Lodge wording inspected directly against the Cardwell unit opening; the identity is secure. This decision verifies this boundary only.
1	latin-bellum1-num492	24	[492] 8. Haec Herodes adeo pertimuit, ut non auderet statim delata proferre, sed exploratores die noctuque submittens, dicta factaque singula scrutabatur : et de quibus suspicio esset, ilico trucidabat. Itaque regnum ejus acerbissima iniquitate repletum est. Nam pro suo quisque odio vel inimicitiis, calumnias finxere, multique regis iracundia caedis cupida contra adversarios abutebantur. et mendacio quidem confestim fides habebatur : erant autem 	A04680.xml:/TEI[1]/text[1]/group[1]/text[2]/body[1]/div[1]/div[17]/p[6]/text()[7]; UTF16 offset 366; printed book 1, chapter 17; pb 593 (tcp:12923:305)	Hereat Herode was so terrified that he durst not presently diuulgate their confessions, but night and day he sent spies to learne what was said or done, and whom he suspected, them he presently killed: so that  his whole	re to inuent them, and the king willingly beleeued them, as it were comforting himselfe thereby in that he might not be thought to haue imprisoned his sonne vn\n                           •…\n                        stly. 	DIRECT_ALIGNMENT	HIGH	english-lodge1602-bellum1-unit492	198218	200361	Coarse-unit incipit and adjacent Lodge wording inspected directly against the Cardwell unit opening; the identity is secure. This decision verifies this boundary only.
1	latin-bellum1-num498	25	[498] CAP. XXV. VERUM Alexander quoniam suspicionem patris nullo modo aboleri posse arbitrabatur, ultro malis assentiendum putavit : ac digestis adversus inimicos quatuor libris, fatetur insidias, earumque se plurimos socios habere perscribit ; ante omnes autem Pheroram et Salomen. Hanc enim etiam stupro sibi quondam esse mixtam, cum vim noctu adhibuisset invito. Jamque libri in manibus erant Herodis : multa et gravia de optimatibus clamantes, cu	A04680.xml:/TEI[1]/text[1]/group[1]/text[2]/body[1]/div[1]/div[17]/p[6]/hi[9]/text()[1]; UTF16 offset 0; printed book 1, chapter 17; pb 593 (tcp:12923:305)	Alexander perceluing that it was vnpossible for him to abolish his fathers suspition,  thought it better to yeeld hi\n                           •…\n                        selfe guiltio: and so wrote foure bookes against 	thy sonne, thy \n                              •…\n                           echerous sonne; let vs chaunge  roumes, and let me be in t\n                              •…\n                           y place to reuenge thee: 	DIRECT_ALIGNMENT	HIGH	english-lodge1602-bellum1-unit498	200361	202217	Boundary checked directly against the surrounding Cardwell and Lodge wording.
1	latin-bellum1-num502	25	[502] 2. Talibus increpans, quamvis pertinacem fallit Herodem. Itaque ille quos Alexander perscripserat libros, legendos ei praebet, singulisque capitulis insistens, cum eo deliberabat. Unde occasionem sui consilii nactus Archelaus, paulatim causam in eos, qui scriptis continebantur, et in Pheroram contulit. Cum autem sibi credere regem videret, considerandum est, inquit, ne forte adolescentulus tot nequissimorum insidiis circumveniatur, non tu a	A04680.xml:/TEI[1]/text[1]/group[1]/text[2]/body[1]/div[1]/div[17]/p[6]/q[1]/text()[9]; UTF16 offset 25; printed book 1, chapter 17; pb 593 (tcp:12923:305)	with such like inuections he deceiued Herode\n                           \n(though otherwise firme in his purpose.) Then Herode shewed him the bookes that Alexander \n                            \n                           	seeing him a young man, entised him vnto such naughtines. For we see that through such men, not onely young men, but also olde men, and most noble families, yea and whole kingdomes are ruinated. \n                        	DIRECT_ALIGNMENT	HIGH	english-lodge1602-bellum1-unit502	202217	203232	Coarse-unit incipit and adjacent Lodge wording inspected directly against the Cardwell unit opening; the identity is secure. This decision verifies this boundary only.
1	latin-bellum1-num504	25	[504] 3. Consentiebat dictis Herodes, iramque paulatim remittebat in Alexandro, et in Pheroram excitabatur. namque hic erat librorum quatuor argumentum. qui ubi propensiorem esse regis animum sensit, et in omnibus apud eum amicitiam Archelai praevalere, quam honeste non posset, ex impudentia salutem quaesivit. relictoque Alexandro, confugit ad Archelaum. et ille negat se videre, quo pacto eximat tot criminibus involutum, quibus manifeste convince	A04680.xml:/TEI[1]/text[1]/group[1]/text[2]/body[1]/div[1]/div[17]/p[6]/hi[15]/text()[1]; UTF16 offset 0; printed book 1, chapter 17; pb 594 (tcp:12923:306)	Herode vpon these speeches began somewhat to relent, so that he appeased his wrath toward Alexāder, & encreased it towards Pheroras; for he was as it were the subiect  of the whole booke. Who perceiuing the king so to t	ng of his fact, and confesse the crimes wherof he was accused; and so in humble wise go vnto his brother who loued him dearely, and craue pardon; promising him that if he would so do, he would do him what good he could. 	DIRECT_ALIGNMENT	HIGH	english-lodge1602-bellum1-unit504	203232	204253	Coarse-unit incipit and adjacent Lodge wording inspected directly against the Cardwell unit opening; the identity is secure. This decision verifies this boundary only.
1	latin-bellum1-num506	25	[506] 4. Paruit Archelao Pheroras, atraque veste cum lacrymis, ut quam miserabilis appararet, instructus, ad pedes Herodis accessit: veniamque meruit postulans. et se quidem sceleratum esse fatebatur : namque omnia quae sibi objicerentur fecisse, horum autem causam esse diminutionem mentis atque insaniam, ex mulieris amore conceptam. Itaque postquam stetit Pheroras suimet ipse accusator ac testis, tunc eum jam Archelaus excusando, Herodis iracund	A04680.xml:/TEI[1]/text[1]/group[1]/text[2]/body[1]/div[1]/div[17]/p[6]/text()[48]; UTF16 offset 0; printed book 1, chapter 17; pb 594 (tcp:12923:306)	Hereupon Pheroras obeyed Archelaus his counsell, and putting on a blacke attire, he in pitifull maner and with teares  \n                         prostrated himselfe at Herodes feete, and crauing pardon obtained it, confe	 that in euery kingdome as in mightie bodies, alwaies some part began to swell, which notwithstanding was not presently to be cut off, but to be cured by easie means.\n\n                        \n                           	DIRECT_ALIGNMENT	HIGH	english-lodge1602-bellum1-unit506	204253	205248	Coarse-unit incipit and adjacent Lodge wording inspected directly against the Cardwell unit opening; the identity is secure. This decision verifies this boundary only.
1	latin-bellum1-num508	25	[508] 5. Multa in hunc modum locutus Archelaus, Herodem quidem Pherorae placidum reddidit, ipse autem Alexandro tandiu manebat iratus, filiamque ab eo distractam secum abducturum se aiebat, donec Herodem compulit ultro pro adolescentulo deprecari, ut iterum ei filiam desponderet. Satis autem gravatim Archelaus cui vellet eam praeter Alexandrum collocari permisit ; maximi enim pendere, quo jura inter se affinitatis inviolata permaneant. Rege autem	A04680.xml:/TEI[1]/text[1]/group[1]/text[2]/body[1]/div[1]/div[17]/p[7]/hi[1]/hi[1]/text()[1]; UTF16 offset 0; printed book 1, chapter 17; pb 594 (tcp:12923:306)	Archelaus vsing many speeches vnto Herod to this purpose, at last quite appeased his wrath  toward Pheroras, still counterfaiting himselfe to be angrie with Alexander, affirming that he would take his daughter away with 	 so was reconciled vnto his sonne in law, and he vnto his father. Yet Herode \n                         affirmed that he must needs be sent to Rome to speake with Caesar, for he had written the  whole matter vnto Caesar. 	DIRECT_ALIGNMENT	HIGH	english-lodge1602-bellum1-unit508	205248	206347	Coarse-unit incipit and adjacent Lodge wording inspected directly against the Cardwell unit opening; the identity is secure. This decision verifies this boundary only.
1	latin-bellum1-num511	25	[511] 6. Vafrum igitur Archelai consiliuum, quo generum peri culo liberavit peractum erat, et redintegrata concordia in epulis et humanitate convictus familiariter versabantur. Abeuntem autem muneribus talentorum septuaginta, solio quoque gemmis ornato, et eunuchis, et concubina, donat Herodes, quae Pannychis vocabatur: itemque amicorum ejus quemque pro merito, quin et cognati regis omnes jussu ejus Archelao dona splendidissima dederunt : eumque 	A04680.xml:/TEI[1]/text[1]/group[1]/text[2]/body[1]/div[1]/div[17]/p[7]/text()[7]; UTF16 offset 1; printed book 1, chapter 17; pb 594 (tcp:12923:306)	Thus Archelaus craftily deliuered his sonne in law from daunger, and after this reconciliation was made, they spent the time in feasting and mirth. Vpon Archelaus departure, Herode gaue him seuentie talents, and a throne	ded euery one of his friends according to their deserts. And all the kings kinred by the kings appointment and consent, bestowed rich gifts vpon Archelaus, and both he and all his nobilitie accompanied him to Antiochia.\n	DIRECT_ALIGNMENT	HIGH	english-lodge1602-bellum1-unit511	206347	206887	Boundary checked directly against the surrounding Cardwell and Lodge wording.
1	latin-bellum1-num513	26	[513] CAP. XXVI. NON multo post quidam in Judaeam venit, Archelai consiliis multo potentior: qui non solum reconciliationem gratiae Alexandro quaesitam fecit irritam, verumetiam causa fuit, ut periret. Laco erat genere, nomine Eurycles, ad regni desiderium amore pecuniae corruptus. Jam enim luxum ejus regia tolerare non poterat. Is amplissimis donis Herodi oblatis, velut eorum, quae aucuparetur illecebra, cum statim multiplicata recepisset, immac	A04680.xml:/TEI[1]/text[1]/group[1]/text[2]/body[1]/div[1]/div[17]/p[8]/text()[1]; UTF16 offset 0; printed book 1, chapter 17; pb 594 (tcp:12923:306)	Not long after there came one into Iudaea far more subtil then Archelaus, who both disanulled the reconciliation made for Alexander, and caused his death also. This man was a Lacedemonian borne named Eurycles, who by mon	                \nso that the king accounted him amongst his chiefest friends. For both the king and all the nobilitie  \n                         honoured him the more for his country sake, in that he was a Lacedemonian. 	DIRECT_ALIGNMENT	HIGH	english-lodge1602-bellum1-unit513	206887	208015	Boundary checked directly against the surrounding Cardwell and Lodge wording.
1	latin-bellum1-num516	26	[516] 2. Ille autem postquam fragilitatem domus animadvertit, fratrumque inimicitias, et quemadmodum pater in singulos esset animatus, Antipatri quidem hospitio praeventus erat. Simulata vero amicitia fallebat Alexandrum olim se et Archelai socium esse mentitus, quo etiam citius quasi probatus obrepsit. Moxque ab eo fratri quoque Aristobulo commendatus est. Pertentatis autem personis omnibus, aliam alio modo subibat: ac primum fit Antipatri merce	A04680.xml:/TEI[1]/text[1]/group[1]/text[2]/body[1]/div[1]/div[17]/p[8]/text()[16]; UTF16 offset 76; printed book 1, chapter 17; pb 595 (tcp:12923:306)	But he very easily perceiuing the feeble stay of Herodes house, and the hatred betweene the brethren, and how the king was affected towards euery one of them, he first of all entertained himselfe at Antipaters house, mak	 of the citie: and that there he would bewaile the death of his vncle, and his mother, and vnfold all Herodes wickednes: which being once made manifest vnto the world, no man would account him a murtherer of his father. 	DIRECT_ALIGNMENT	HIGH	english-lodge1602-bellum1-unit516	208015	212606	Coarse-unit incipit and adjacent Lodge wording inspected directly against the Cardwell unit opening; the identity is secure. This decision verifies this boundary only.
1	latin-bellum1-num526	26	[526] 3. His Eurycles im Alexandrum falso delatis, Antipatri laudes prosequebatur, illum solum, qui patrem diligeret esse confirmans, quique adhuc insidias retardasset. Rex autem nondum praeteritae suspicionis dolore compresso, intolerabilis iracundiae feritate perturbatur. Iterumque hoc tempus nactus Antipater, alios accusatores fratribus subornavit, qui eos dicerent cum Jucundo et Tyrannio clam colloqui solitos esse, equitum regis olim principi	A04680.xml:/TEI[1]/text[1]/group[1]/text[2]/body[1]/div[1]/div[17]/p[9]/hi[21]/text()[1]; UTF16 offset 0; printed book 1, chapter 17; pb 595 (tcp:12923:306)	Eurycles hauing falsely reported this of Alexander, fell  presently to praise and extoll Antipater, affirming that he onely loued his father, and hindered such practises.\nThe king yet not throughly appeased for that whic	, and could counterfeit anie ones hand; and hauing counterfeited manie, was at last for the same put to death. Herod caused the Gouernour of the castle to be tortured, but he confessed nothing that was laid against him: 	DIRECT_ALIGNMENT	HIGH	english-lodge1602-bellum1-unit526	212606	213989	Coarse-unit incipit and adjacent Lodge wording inspected directly against the Cardwell unit opening; the identity is secure. This decision verifies this boundary only.
1	latin-bellum1-num530	26	[530] 4. Sed quamvis nullum documentum validum proferretur, filios tamen asservari praecepit. Euryclem vero domus suae pestem, ac totius sceleris fabricatorem, bene de se meritum datoremque salutis appellans, talentis quinquaginta donavit. Ille autem prius quam certa fama nunciaret, ad Archelaum properat : aususque dicere, quod Herodem reconciliasset Alexandro, ab illo quoque pecunias capit. deinde in Achaiam transgressus, ad similia facinora mal	A04680.xml:/TEI[1]/text[1]/group[1]/text[2]/body[1]/div[1]/div[17]/p[10]/text()[17]; UTF16 offset 42; printed book 1, chapter 17; pb 596 (tcp:12923:307)	and although he had no good proofe of any thing, yet he commaunded his two sonnes to bee kept in hold. He likewise called Eurycles (who was the bane of his house, and the breeder of all the mischiefe) author of his safet	d vnto Caesar, that he had caused dissension in all Achaia, and spoyled the Cities: for the which cause hee was banished. And this was the punishment which was inflicted vpon him for Alexanders and Aristobulus troubles.\n	DIRECT_ALIGNMENT	HIGH	english-lodge1602-bellum1-unit530	213989	214804	Coarse-unit incipit and adjacent Lodge wording inspected directly against the Cardwell unit opening; the identity is secure. This decision verifies this boundary only.
1	latin-bellum1-num532	26	[532] 5. Hoc loco dignum est Coum Euaratum huic Spartiatae conferre. Namque is cum amicissimus esset Alexandro, eodemque tempore quo Eurycles ibidem erat, advenisset, per contanti regi super his, quae ille insimularet, juratus nihil se ab adolescentibus audisse affirmavit. nec tamen id quicquam miseris profuit apud Herodem, solis maledictis aures paratissimas aperientem : eumque gratiosissimum sibi judicantem, qui secum eadem crederet, iisdemque 	A04680.xml:/TEI[1]/text[1]/group[1]/text[2]/body[1]/div[1]/div[17]/p[11]/text()[1]; UTF16 offset 0; printed book 1, chapter 17; pb 596 (tcp:12923:307)	It is not amisse here in this placeto compare Euaratus of Cous vnto this Eurycles; who being a deare friend vnto Alexander, and arriuing about the same time that Eurycles did, being  put to his oath, sware that he heard 	s oath nothing preuailed  nor profited them, poore soules. For Herod would onely heare and giue eare vnto accusatitions; and hee highly esteemed them that would beleeue them with him, and shewe themselues moued thereat. 	DIRECT_ALIGNMENT	HIGH	english-lodge1602-bellum1-unit532	214804	215277	Coarse-unit incipit and adjacent Lodge wording inspected directly against the Cardwell unit opening; the identity is secure. This decision verifies this boundary only.
1	latin-bellum1-num534	27	[534] CAP. XXVII. INCITABAT praeterea Salome crudelitatem ejus in filios. Nam ad hanc Aristobulus, quo periculis involveret, quam et socrum habebat et amitam, monitum miserat, ut saluti suae consuleret : quasi rex eam decrevisset occidere, iterum insimulatam, quorum ante fuerat accusata : quod Syllaeo Arabi nubere cupiens, quem sciret ejus inimicum, occulte illi secreta regis nunciaret. Et hoc fuit extremum quo tanquam tempestate oppressi adolesc	A04680.xml:/TEI[1]/text[1]/group[1]/text[2]/body[1]/div[1]/div[17]/p[11]/text()[11]; UTF16 offset 22; printed book 1, chapter 17; pb 596 (tcp:12923:307)	Moreouer, Salome encreased his crueltie towards his sonnes: for Aristobulus minding to bring her into the same trouble with himselfe, who was his mother  in law and his Aunt, sent vnto her, willing her to looke to her se	ified vnto him, that he should do better to cal his Nobles together, and let them make enquirie concerning the treasons; and then if he found them guiltie of these things whereof they were accused, to put them to death.\n	DIRECT_ALIGNMENT	HIGH	english-lodge1602-bellum1-unit534	215277	216748	Boundary checked directly against the surrounding Cardwell and Lodge wording.
1	latin-bellum1-num538	27	[538] 2. Paret scriptis Herodes : cumque Berytum quo Caesar jusserat, pervenisset, cogit judicium. Praesederunt autem rectores, quibus a Caesare scriptum fuerat, Saturninus et Pedanius legati, et cum his Volumnius procurator, itemque propinqui regis et amici, necnon et Salome et Pheroras, et post hos optimates Syriae, praeter Archelaum regem : namque hunc Herodes, quod Alexandri socer esset, suspectum habebat. Sed filios quidem satis provido cons	A04680.xml:/TEI[1]/text[1]/group[1]/text[2]/body[1]/div[1]/div[17]/p[12]/text()[1]; UTF16 offset 0; printed book 1, chapter 17; pb 596 (tcp:12923:307)	Hereupon Herod according to Caesars letters and appointment, came vnto Berytum, and  there gathered an assembly to sit in iudgement; the chiefe in that iudgement were the Gouernors  that Caesar in his letters appointed, 	ue moued all men to compassion. And moreouer, if they were permitted to speake for themselues, that then Alexander would easily haue acquited them both: for which cause they were kept in Platane, in a Castle of Sidonia. 	DIRECT_ALIGNMENT	HIGH	english-lodge1602-bellum1-unit538	216748	217555	Coarse-unit incipit and adjacent Lodge wording inspected directly against the Cardwell unit opening; the identity is secure. This decision verifies this boundary only.
1	latin-bellum1-num540	27	[540] 3. Exorsus autem rex, veluti cum praesentibus ageret, commovebatur. et insidias quidem timide objiciebat : nam probationibus deficiebat. maledicta vero et probra et injurias, et peccata plurima in se admissa prosequebatur : eaque morte graviora esse consessoribus demonstrabat. postremo cum nemo contradiceret, semetipsum argui miserabiliter questus, acerbamque victoriam vincere, singulos sententiam proferre rogat in filios. et primus Saturni	A04680.xml:/TEI[1]/text[1]/group[1]/text[2]/body[1]/div[1]/div[17]/p[12]/text()[16]; UTF16 offset 106; printed book 1, chapter 17; pb 596 (tcp:12923:307)	The king beginning his oration, was as vehement, as though they had beene present against whom he spake; and he was halfe afraid  to obiect anie treason against them, for that he had no proofe thereof: and therfore he pr	e such a Tyrant, as that he would haue put his two sonnes to death. Herod caused his sonnes to be brought to Tyre, & from thence by ship he conueyed them to Caesarea, bethinking himself what death he should put them to. 	DIRECT_ALIGNMENT	HIGH	english-lodge1602-bellum1-unit540	217555	218896	Coarse-unit incipit and adjacent Lodge wording inspected directly against the Cardwell unit opening; the identity is secure. This decision verifies this boundary only.
1	latin-bellum1-num544	27	[544] 4. Interea vetus quidam regis miles, Tiro nomine, qui et filium habebat Alexandro assuetum atque amicum, et ipse diligebat adolescentulos ; prae nimia indignatione mentis postremo circumveniens clamitabat conculcatam esse justitiam, veritatem periisse, naturam esse confusam, vitamque hominum iniquitatis esse plenam, et omnia quae dolor contemptori vitae dictasset. Deinde ipsum etiam regem ausus adire: Mihi vero, inquit, omnium videris esse 	A04680.xml:/TEI[1]/text[1]/group[1]/text[2]/body[1]/div[1]/div[17]/p[13]/text()[14]; UTF16 offset 54; printed book 1, chapter 17; pb 597 (tcp:12923:307)	In the meane time there was an old souldiour of the kings named Tyro, who had a sonne belonging  to Alexander, and highly in his sauour, and he himselfe greatly loued the two young men: who being verie much grieued in mi	e the two young men, and many of the Nobilitie are displeased hereat. After he had spoken this, he named them who were displeased: whereupon the king presently commaunded them, and him, and his sonne to be laid hold on; 	DIRECT_ALIGNMENT	HIGH	english-lodge1602-bellum1-unit544	218896	220257	Coarse-unit incipit and adjacent Lodge wording inspected directly against the Cardwell unit opening; the identity is secure. This decision verifies this boundary only.
1	latin-bellum1-num547	27	[547] 5. Ibique tum alius quidem regius tonsor, nomine Tryphon, nescio qua exagitatus insania, semetipsum indicans prosilit: ac mihi quoque Tiro, inquit, iste persuasit, ut occasione tondendi novacula te occiderem : magnaque inde Alexandrum daturum munera pollicebatur. His auditis, Herodes et Tironem ejusque filium, et tonsorem subdidit quaestioni. Cumque illi pernegarent, tonsor autem amplius nihil diceret, Tironem vehementius torqueri jussit: t	A04680.xml:/TEI[1]/text[1]/group[1]/text[2]/body[1]/div[1]/div[17]/p[13]/text()[19]; UTF16 offset 150; printed book 1, chapter 17; pb 597 (tcp:12923:307)	and presently one of the kings Barbers named Tryphon, \n                         \n                         shewing himselfe to be in I know not what furie, came forth, and said vnto Herode: Tiro perswaded me to kill thee 	gh Alexanders means and procurement, was purposed to haue killed him. Manie that were present thought this was a deuise of the young man, to free his father from torments: and yet others were perswaded that it was true. 	DIRECT_ALIGNMENT	HIGH	english-lodge1602-bellum1-unit547	220257	221224	Coarse-unit incipit and adjacent Lodge wording inspected directly against the Cardwell unit opening; the identity is secure. This decision verifies this boundary only.
1	latin-bellum1-num550	27	[550] 6. Herodes tamen et militum principibus et Tirone pro concione accusatis in eos armavit populum, ut ibidem cum tonsore lignorum et lapidum ictibus interirent. Filios vero in Sebasten missos, quae non longo a Caesarea intervallo distaret, profocari jubet: eaque re mature perfecta, in castellum Alexandrium mortuos asportari, cum Alexandro materno avo sepeliendos. His finis Aristobulo et Alexandro vitae fuit.	A04680.xml:/TEI[1]/text[1]/group[1]/text[2]/body[1]/div[1]/div[17]/p[13]/text()[32]; UTF16 offset 25; printed book 1, chapter 17; pb 597 (tcp:12923:307)	Vpon this Herod made a speech vnto the people, wherein he inueighed  against the Gouernours of his armie, and Tiro, and made the people arme themselues and kill both them and the Barber with staues and stones. Now he sen	tched the matter, he caused them to bee brought into the Castle Alexandrium, there to be buried with their mothers vncle. And this was the end of Alexander and Aristobulus.\n                     \n\n                        	DIRECT_ALIGNMENT	HIGH	english-lodge1602-bellum1-unit550	221224	221793	Coarse-unit incipit and adjacent Lodge wording inspected directly against the Cardwell unit opening; the identity is secure. This decision verifies this boundary only.
1	latin-bellum1-num552	28	[552] CAP. XXVIII. ANTIPATRUM vero, cum jam cum sine controversia successionem regni speraret, intolerabile gentis excepit odium, cunctis scientibus, illum omnes fratribus suis conseruisse calumnias : nihiloque minus timor eum non mediocris solicitabat, crescente sobole peremptorum. Erant enim Alexandro ex Glaphyra filii duo, Tigranes et Alexander : itemque Aristobulo ex Berenice Salomes filia, Herodes et Agrippa et Aristobulus, filiaeque Herodia	A04680.xml:/TEI[1]/text[1]/group[1]/text[2]/body[1]/div[1]/div[18]/p[1]/seg[1]/text()[1]; UTF16 offset 0; printed book 1, chapter 18; pb 597 (tcp:12923:307)	BVt Antipater now hoping without all controuersie to succeed in the kingdome, was  generally hated of the whole nation: for it was openly knowne that he by false calu\n                           •…\n                       	ountifull, seeing against his expectation, Herode made much of their children whose parents he had slaine, intending to shew how much hee repented their deaths, by the pitie\n\nand compassion he tooke vpon their children. 	DIRECT_ALIGNMENT	HIGH	english-lodge1602-bellum1-unit552	221793	223513	Boundary checked directly against the surrounding Cardwell and Lodge wording.
1	latin-bellum1-num556	28	[556] 2. Convocatis enim propinquis atque amicis suis, et pupillis astantibus cum lacrymis opplesset oculos, dixit: Horum quidem mihi patres fortuna quaedam tristis eripuit, ipsos autem orbitatis misericordia cum natura commendat. Experiar itaque, ut etsi pater infortunatissimus fui, avus tamen sim providentior, et a quibus post me regantur, amicissimos mihi relinquam. Despondeo igitur filiam tuam Pherora maximo filiorum Alexandri, ut ei curator 	A04680.xml:/TEI[1]/text[1]/group[1]/text[2]/body[1]/div[1]/div[18]/p[1]/text()[35]; UTF16 offset 46; printed book 1, chapter 18; pb 598 (tcp:12923:308)	For assembling together his friends, he caused the  \n                         children to be placed by him, and the teares standing in his eyes, he sayd: Hard, cruell, and sinister fortune tooke away from me the fathers 	eeke to alter this. And I beseech Almightie God, for the good of my countrie,  and of these my Nephewes, to prosper these mariages, and to looke vpon these children with a more fauourable eye, then he did their fathers. 	DIRECT_ALIGNMENT	HIGH	english-lodge1602-bellum1-unit556	223513	224687	Coarse-unit incipit and adjacent Lodge wording inspected directly against the Cardwell unit opening; the identity is secure. This decision verifies this boundary only.
1	latin-bellum1-num559	28	[559] 3. Postquam haec locutus est, flevit, et puerorum dexteras junxit, benignissimeque consalutatis singulis dimisit concilium. Statim diriguit Antipater, quantoque dolore affectus esset neminem latuit pupillorum. namque honorem apud patrem quoque sibi derogatum existimabat : iterumque de rebus cunctis periculum fore, si Alexandri filiis praeter Archelaum etiam Pheroram tetrarcham adjutorem habere licuisset. Ad haec reputabat odium suum, et orb	A04680.xml:/TEI[1]/text[1]/group[1]/text[2]/body[1]/div[1]/div[18]/p[1]/text()[45]; UTF16 offset 142; printed book 1, chapter 18; pb 598 (tcp:12923:308)	Hauing thus spoken, he wept, and ioyned the childrens hands, and curteously saluting euerie one, he dismissed the Councell.\nVpon this Antipater was amazed, and all the Orphans well perceiued how sorrowfull hee was. For n	assionate the children, for that they were fatherlesse, and affected them, remembring their fathers who were dead, & were terrified at his wickednes. Wherfore he attempted all means possible to breake off the marriages, 	DIRECT_ALIGNMENT	HIGH	english-lodge1602-bellum1-unit559	224687	225390	Coarse-unit incipit and adjacent Lodge wording inspected directly against the Cardwell unit opening; the identity is secure. This decision verifies this boundary only.
1	latin-bellum1-num561	28	[561] 4. Et callide quidem patri surrepere timuit, saevienti acriterque vigilanti ad suspicandum, palam vero eum supplex adire ausus est, coramque deposcere, ne se honore privaret, quo dignum esse judicasset, nudumque regis nomen habere vellet, regni autem substantiam penes alios esse. Nec enim posse rerum obtinere dominatum, si praeter avum Archelaum, etiam Pheroras Alexandri filiis socer esset adjunctus. Instantissime vero precabatur quia numer	A04680.xml:/TEI[1]/text[1]/group[1]/text[2]/body[1]/div[1]/div[18]/p[2]/text()[10]; UTF16 offset 35; printed book 1, chapter 18; pb 598 (tcp:12923:308)	yet he feared to insinuate anie thing to his father cunningly,  who was now verie seuere, and warie, and mistrustfull. And therefore went openly vnto him to make his humble suit, & request him, that he would not leaue hi	ousin, and his neece: and beside these he had two daughters by Mariamme, sisters to Aristobulus and Alexander. Wherefore Antipater seeing his father had such choise of daughters, he requested the mariages to be altered.\n	DIRECT_ALIGNMENT	HIGH	english-lodge1602-bellum1-unit561	225390	226807	Boundary checked directly against the surrounding Cardwell and Lodge wording.
1	latin-bellum1-num564	28	[564] 5. Rex autem perspecto ejus animo, quid de pupillis cogitaret, vehementer iratus est: quippe filiorum quos interfecerat casum reputans, verebatur ne etiam hi quandoque criminationum Antipatri praemium fierent. Sed tunc quidem saevioribus dictis eum protelat. Postea vero blanditiis ejus adductus, sponsalia reformavit: ac primum ipsi Antipatro Aristobuli filiam collocat, filium vero ejus jungit filiae Pherorae.	A04680.xml:/TEI[1]/text[1]/group[1]/text[2]/body[1]/div[1]/div[18]/p[3]/text()[1]; UTF16 offset 0; printed book 1, chapter 18; pb 598 (tcp:12923:308)	The king well perceiuing his mind and purpose towards the Orphans, was verie angrie: and calling to remembrance the misfortune of his sonnes, whom he had put to death, he greatly feared  least Antipater by some false acc	did driue him off for that time; yet afterward he so flattered Herod, that he got the mariages to be altered. And first of all he ioyned Aristobulus daughter with Antipater himselfe, and his sonne  to Pheroras daughter. 	DIRECT_ALIGNMENT	HIGH	english-lodge1602-bellum1-unit564	226807	227304	Coarse-unit incipit and adjacent Lodge wording inspected directly against the Cardwell unit opening; the identity is secure. This decision verifies this boundary only.
1	latin-bellum1-num566	28	[566] 6. Hinc licebat advertere, quantum Antipatri valuerit adulatio, quod idem in simili causa impetrare Salome non potuit. hanc enim quamvis soror esset, atque haec saepe intercedente Julia uxore Caesaris postulasset, Arabi Syllaeo nubere non passus est : sed inimicissimam sibi fore juravit, nisi ab hoc studio destitisset. posteaque invitam Alexae cuidam ex amicis suis in matrimonium dedit : ejusque filiarum unam Alexandri filio, alteram Antipa	A04680.xml:/TEI[1]/text[1]/group[1]/text[2]/body[1]/div[1]/div[18]/p[3]/text()[9]; UTF16 offset 11; printed book 1, chapter 18; pb 598 (tcp:12923:308)	Here one may see what Antipater could do by flattering speeches: for Salome in the like matter could not speed although that she was his sister, and procured many times Iulia Caesars, wife to speake for her, that shee mi	nd of his: and one of her daughters to Alexanders sonne, and the other to Antipaters vncle. As for Mariammes daughters, one of them was maried to Antipater his sisters sonne, the other vnto Phasaelus his brothers sonne. 	DIRECT_ALIGNMENT	HIGH	english-lodge1602-bellum1-unit566	227304	227990	Coarse-unit incipit and adjacent Lodge wording inspected directly against the Cardwell unit opening; the identity is secure. This decision verifies this boundary only.
1	latin-bellum1-num567	29	[567] CAP. XXIX. SIC interrupta pupillorum spe Antipater, et pro sua commoditate affinitatibus junctis, expectatione certa nitebatur: adjectaque malignitati fiducia, nequaquam erat tolerabilis : nam quia singulorum odium vitare non poterat, securitatem sibi ex terrore quaerebat : cum praeterea Pheroras ei veluti jam confirmato regi obsecundaret. Quin et mulierum conflata in aula conflictio novas turbas excitabat. Etenim Pherorae uxor cum matre ac	A04680.xml:/TEI[1]/text[1]/group[1]/text[2]/body[1]/div[1]/div[18]/p[3]/text()[20]; UTF16 offset 21; printed book 1, chapter 18; pb 598 (tcp:12923:308)	When Antipater had quite ouerthrowne the hope of  the Orphans & ioyned affinitie, as he thought good, he now held himselfe on a sure ground; and adding confidence to his malice he became intolerable to all men. And seein	 to offend Pheroras: notwithstanding they had meetings and banquets in the night, and the vnitie was the more confirmed because they perceiued themselues to be noted: for Salome knew all this, and told it vnto the king. 	DIRECT_ALIGNMENT	HIGH	english-lodge1602-bellum1-unit567	227990	229445	Boundary checked directly against the surrounding Cardwell and Lodge wording.
1	latin-bellum1-num571	29	[571] 2. Ille autem ardens iracundia, maximeque adversus Pherorae conjugem, quod eam praeter caeteras accusaret Salome, advocato cognatorum amicorumque concilio, et alia multa mulieri et filiarum contumelias crimini dedit, quodque Pharisaeis mercedem contra se praebuisset, fratremque sibi hostem reddidisset expugnatum venenis. Postremo conversus ad Pheroram, utrum, ait, se fratrem, an uxorem vellet optare ? Cumque ille se citius vita dixisset qua	A04680.xml:/TEI[1]/text[1]/group[1]/text[2]/body[1]/div[1]/div[18]/p[4]/text()[6]; UTF16 offset 43; printed book 1, chapter 18; pb 599 (tcp:12923:308)	The king was verie angrie, and especially against Pheroras wife, whom chiefly Salome blamed: and hauing called togither his kinred and friends, he laid many accusations against her before them; and told them how contumel	at summe of money: giuing him likewise his last Will and Testament to carie with him to Caesar, wherein was  written that Antipater should be king; and after him Herod the sonne of Mariammes daughter of the high Priest. 	DIRECT_ALIGNMENT	HIGH	english-lodge1602-bellum1-unit571	229445	230825	Coarse-unit incipit and adjacent Lodge wording inspected directly against the Cardwell unit opening; the identity is secure. This decision verifies this boundary only.
1	latin-bellum1-num574	29	[574] 3. Quin et Syllaeus Arabs itidem Romam, neglecto Caesaris praecepto, navigavit : de his cum Antipatro certaturus, de quibus cum Nicolao causam ante dixerat. Non leve autem cum Areta rege suo certamen habebat, cujus et alios amicos interfecerat, et Soemum in Petra oppido potentissimum, redemptoque Fabato procuratore Caesaris fautore utebatur etiam in Herodem. Sed majore pecunia data Herodes Fabatum a Syllaeo alienavit: ac per eum quae Caesar	A04680.xml:/TEI[1]/text[1]/group[1]/text[2]/body[1]/div[1]/div[18]/p[4]/text()[29]; UTF16 offset 30; printed book 1, chapter 18; pb 599 (tcp:12923:308)	But Syllaeus the Arabian neglecting Caesars commaundement, at the same time failed to Rome there to contend with Antipater about matters, which were before in controuersie between him and Nicholaus. He had also a great c	nfessed that Corinthus for a great summe of money was hired to kill the King. After this they vvere sent vnto Saturninus the gouernour of Syria, and from him to Rome.\n\n                        \n                           	DIRECT_ALIGNMENT	HIGH	english-lodge1602-bellum1-unit574	230825	232297	Coarse-unit incipit and adjacent Lodge wording inspected directly against the Cardwell unit opening; the identity is secure. This decision verifies this boundary only.
1	latin-bellum1-num578	29	[578] 4. At Herodes Pherorae vehementius imminebat, ut repudiaret uxorem, neque quomodo mulierem plecteret inveniebat, cum multas in eam odii causas haberet, donec ipsum etiam fratrem cum ea supra modum indignatus ejecit. Pheroras autem aequo animo accepta injuria, in tetrarchiam suam recessit, juratus unum sibi exilii finem fore mortem Herodis, neque ad eum reversurum esse dum vixerit. Denique nec aegrotum quamvis saepe accitus fratrem invisere 	A04680.xml:/TEI[1]/text[1]/group[1]/text[2]/body[1]/div[1]/div[19]/p[1]/hi[1]/seg[1]/text()[1]; UTF16 offset 0; printed book 1, chapter 19; pb 599 (tcp:12923:308)	HErode still vrged Pheroras to forsake his wife: for he knew not how to punish her, hauing  \n                         many matters against her: at last he was so moued that he banished his brother and her. Pheroras takin	 him. Herode caused his bodie to be brought vnto Ierusalem, and commaunded all his nation to mourne, and buried him with a sumptuous funerall. And thus one of the murtherers of Alexander and Aristobulus came to his end: 	DIRECT_ALIGNMENT	HIGH	english-lodge1602-bellum1-unit578	232297	233512	Coarse-unit incipit and adjacent Lodge wording inspected directly against the Cardwell unit opening; the identity is secure. This decision verifies this boundary only.
1	latin-bellum1-num582	30	[582] CAP. XXX. TRANSIIT autem in Antipatrum autorem poena sceleris, ex interitu Pherorae nacta principium. Quidam enim ex ejus libertis, cum regem tristes adiissent, fratrem ipsius Pheroram veneno interceptum esse dicebaiit. Nam quendam ei cibum obtulisse conjugem suam, et non eo quo solebat modo conditum : eoque sumpto illum morbo protinus esse correptum. Venisse autem ante biduum, matris ac sororis ejus accitu, quandam veneficam mulierculam ex	A04680.xml:/TEI[1]/text[1]/group[1]/text[2]/body[1]/div[1]/div[19]/p[1]/text()[18]; UTF16 offset 18; printed book 1, chapter 19; pb 599 (tcp:12923:308)	but shortly after the reuenge of that wicked fact did fall vpon Antipater, vvho was the chiefe author thereof: it did but begin with Pheroras. For certaine that belonged to Pheroras came in mournefull wise vnto Herode, a	here came a witch out of Arabia, who was sent for by his mother and his sister to giue Pheroras a loue potion, and she in steed thereof through Syllaeus inducements gaue him poyson, for she was of Syllaeus acquaintance.\n	DIRECT_ALIGNMENT	HIGH	english-lodge1602-bellum1-unit582	233512	234225	Boundary checked directly against the surrounding Cardwell and Lodge wording.
1	latin-bellum1-num584	30	[584] 2. Perculsus igitur plurimis suspicionibus rex, ancillas et nonnullas libertinas quaestioni subjecit. Ibique tum exclamat aliqua doloris impatiens, Deus caeli terraeque rector, in matrem Antipatri, quae horum nobis malorum causa est, vindicet. Hoc rex initium nactus, persequebatur ulterius indaginem veritatis. Mulier vero et matris Antipatri familiaritatem cum Pherora ejusque mulieribus, et occultos eorum conventus aperuit : quodque Pherora	A04680.xml:/TEI[1]/text[1]/group[1]/text[2]/body[1]/div[1]/div[19]/p[2]/text()[1]; UTF16 offset 0; printed book 1, chapter 19; pb 600 (tcp:12923:309)	The King daunted with so many suspicions caused diuers of Pheroras maids and libertines to be put to torments, and one of them impatient therein, exclaimed in this vvise: O thou God ruler  of heauen and earth, reuenge vs	s: and that Pheroras and Antipater after they came from the king vsed to drinke with them all night long, not suffering any seruant nor maid to be in the roume with them; and one of the Libertines  vviues reuealed this. 	DIRECT_ALIGNMENT	HIGH	english-lodge1602-bellum1-unit584	234225	234918	Coarse-unit incipit and adjacent Lodge wording inspected directly against the Cardwell unit opening; the identity is secure. This decision verifies this boundary only.
1	latin-bellum1-num586	30	[586] 3. Cum autem ancillae separatim singulae torquerentur, patuit omnium dicta congruere, qua de causa Romam quidem Antipater ex composito, Pheroras vero trans flumen secedere euravisset. Nam saepe illos in sermone dixisse, quod post Alexandrum et Aristobulum ad ipsos eorumque conjuges transiturus esset Herodes. Nec alicui posse parcere, qui Mariamnae ejusque filiis minime pepercisset: ideoque melius esse, ab hac belua. quam longissime fugere. 	A04680.xml:/TEI[1]/text[1]/group[1]/text[2]/body[1]/div[1]/div[19]/p[2]/text()[13]; UTF16 offset 23; printed book 1, chapter 19; pb 600 (tcp:12923:309)	And vvhen euery one of the maids were tortured apart, all their examinations agreed; so that now it was euident wherfore Antipater had compacted to go to Rome, and Pheroras beyond the riuer Iordan. For they were often wo	dangerous beast, who will not suffer men openly to shew friendship to one another. Lastly, though we now secretly meete, yet if we beare the hearts and hands of men, the  time will be when we may talke and meete openly. 	DIRECT_ALIGNMENT	HIGH	english-lodge1602-bellum1-unit586	234918	236848	Boundary checked directly against the surrounding Cardwell and Lodge wording.
1	latin-bellum1-num590	30	[590] 4. Haec in tormentis ancillae prodiderunt : et quod Pheroras cum illis Petram fugere cogitasset. Ut omnibus autem dictis Herodes crederet, centum talentis effectum est. De his enim soli Antipatro dixerat. Igitur ante alios in Doridem Antipatri matrem furor ejus erumpit : eamque omni ornatu, quem illi donaverat, spoliatam, multis comparato talentis, expellit. Deinde ira deposita, Pherorae mulieres a tormentis recreabat. Timore autem pavidus 	A04680.xml:/TEI[1]/text[1]/group[1]/text[2]/body[1]/div[1]/div[19]/p[2]/text()[33]; UTF16 offset 50; printed book 1, chapter 19; pb 600 (tcp:12923:309)	The maides in torments disclosed these speeches, and that Pheroras was determined to fly with them into Petra. Herod beleeued all their saying\n                           •…\n                        , and the rather for th	 somewhat appeased, he released Pheroras maids from torments: and now he became timorous and feareful, and prone to any suspition, torturing many that were innocent, for feare he should let any escape that were guiltie. 	DIRECT_ALIGNMENT	HIGH	english-lodge1602-bellum1-unit590	236848	237622	Coarse-unit incipit and adjacent Lodge wording inspected directly against the Cardwell unit opening; the identity is secure. This decision verifies this boundary only.
1	latin-bellum1-num592	30	[592] 5. Hinc ad Samaritam se convertit Antipatrum, qui procurator erat Antipatri, et ex illius tormentis comperit, necandi sui causa ex AEgypto Antipatrum venenum malum petiisse, per quendam Antiphili amicum : idque ab eo Antipatri avunculum accepisse Theudionem, ac Pherorae tradidisse, cui mandasset Antipater ut Herodem occideret, dum ipse Romae abesset, ac suspicione careret : Pheroram vero venenum uxori suae dedisse servandum. Itaque hanc evo	A04680.xml:/TEI[1]/text[1]/group[1]/text[2]/body[1]/div[1]/div[19]/p[3]/text()[4]; UTF16 offset 180; printed book 1, chapter 19; pb 600 (tcp:12923:309)	Hereupon he set vpon Antipater the Samaritane, who was procurator for his sonne Antipater; who through torments confessed that  his sonne Antipater had procured poyson out of Aegypt to kill him, by the meanes of a friend	d  of her, wherefore she had done so, and sware vnto her that if she would truly disclose all, he would pardon her for all; but if she told an vntruth, her bodie should be tome in peeces with torments and not be buried. 	DIRECT_ALIGNMENT	HIGH	english-lodge1602-bellum1-unit592	237622	238916	Coarse-unit incipit and adjacent Lodge wording inspected directly against the Cardwell unit opening; the identity is secure. This decision verifies this boundary only.
1	latin-bellum1-num595	30	[595] 6. Paulisper tacuit. deinde inquit, Secreta custodio, cum Pheroras obierit, Antipatro qui nos omnes perdidit servitura ? Audi rex, et tecum Deus testis mihi veritatis, qui falli non potest. Cum Pherorae morituro lacrymans assiderem, tunc ille me ad se vocavit : En multum, inquit, conjunx de fratris erga me animo sum deceptus. Nam qui sic me diligeret, invisum habui, et necare cogitavi : qui tanto nunc mei, quamvis necdum mortui, dolore conf	A04680.xml:/TEI[1]/text[1]/group[1]/text[2]/body[1]/div[1]/div[19]/p[3]/text()[17]; UTF16 offset 218; printed book 1, chapter 19; pb 600 (tcp:12923:309)	She a while held her peace, and at last sayd: Wherefore should I keepe any thing secret, seeing Pheroras is dead, to saue Antipater, who hath caused all our ouerthrowes?  Heare O king and God be witnesse of the truth her	 as he willed me, & the most part of the poison I cast into the fire, where it was \n                           •…\n                        onsumed, & kept a little therof to my self, for feare of mischances, and of thee: 	DIRECT_ALIGNMENT	HIGH	english-lodge1602-bellum1-unit595	238916	239944	Boundary checked directly against the surrounding Cardwell and Lodge wording.
1	latin-bellum1-num598	30	[598] 7. His dictis, illa quidem omnino paululum quiddam veneni habentem pyxidem profert : rex vero in matrem fratremque Antiphili contulit quaestionem. Verum hi quoque Antiphilum ex AEgypto attulisse pyxidem fatebantur. illumque venenum a fratre apud Alexandriam exercente medicinam accepisse dicebant. Totum autem regnum circumeuntes Alexandri et Aristobuli manes, ipsi erant incertarum rerum exploratores atque indices, et a suspicionibus remotiss	A04680.xml:/TEI[1]/text[1]/group[1]/text[2]/body[1]/div[1]/div[19]/p[3]/text()[28]; UTF16 offset 82; printed book 1, chapter 19; pb 601 (tcp:12923:309)	And hauing thus said, she brought forth a box which had in it a very little of the poison. And then the king tortured the brother & mother of Antiphilus, and they also confessed that Antiphilus brought a boxe out of Aegy	. Wherefore the king reuenged the mothers fault vpon her child: for hauing writ in his will, that Herod her sonne should succeed Antipater in the kingdome, now for her fault he blotted that out.\n\n                        	DIRECT_ALIGNMENT	HIGH	english-lodge1602-bellum1-unit598	239944	240922	Coarse-unit incipit and adjacent Lodge wording inspected directly against the Cardwell unit opening; the identity is secure. This decision verifies this boundary only.
1	latin-bellum1-num601	31	[601] CAP. XXXI. POST haec etiam Bathyllus novissima consiliorum Antipatri fides documentis accessit. Namque is erat quidem libertus ejus : aliud autem venenum ferens, hoc est, aspidum virus, advenerat, aliorumque serpentum succos : ut si prius fuisset invalidum, hoc se Pheroras cum sua conjuge in regem armaret. Idem vero praeter susceptam contra salutem patris audaciam, velut operam succisivam, habebat epistolas adversum fratres compositas ab An	A04680.xml:/TEI[1]/text[1]/group[1]/text[2]/body[1]/div[1]/div[20]/p[1]/seg[1]/text()[1]; UTF16 offset 0; printed book 1, chapter 20; pb 601 (tcp:12923:309)	AFter all this Bathyllus ioyned himselfe with Antipater, as it were to adde the last hand vnto all his practises. This Bathyllus was one of his libertines, who brought another sort of poyson, to wit, of Aspes, and the po	lus: and that they tooke it in bad part that they were sent for home (for their father sent word that they should come away) and thereat Antipater was m\n                           •…\n                        st troubled. 	DIRECT_ALIGNMENT	HIGH	english-lodge1602-bellum1-unit601	240922	242234	Boundary checked directly against the surrounding Cardwell and Lodge wording.
1	latin-bellum1-num604	31	[604] 2. Quinetiam prius quam proficiscerentur, in Judaea constitutus Antipater, ejusdem modi contra eos Romae literas mercabatur : patremque adeundo vitandae suspicionis causa fratres purgare simulabat : quaedam falso scripta, quaedam vero adolescentiae peccata esse commemorans. Quo quidem tempore scriptoribus epistolarum, quas in fratrum perniciem simulabat, plurimis pecuniis datis, sumptuum confundere tentabat indicia, vestem preciosam variaqu	A04680.xml:/TEI[1]/text[1]/group[1]/text[2]/body[1]/div[1]/div[20]/p[1]/text()[17]; UTF16 offset 13; printed book 1, chapter 20; pb 601 (tcp:12923:309)	For he before his departure from Iudaea to Rome procured such like letters to be forged against them at Rome; and so deliuering them to his father, that he might auoid all suspicion; seemed to excuse his brethren, affirm	, were forced to hold their peace by the ghosts of  them who were put to death: At last he sent letters from Rome to his father, that now he would  shortly returne home, and that Caesar had dismissed him very honorably. 	DIRECT_ALIGNMENT	HIGH	english-lodge1602-bellum1-unit604	242234	244109	Coarse-unit incipit and adjacent Lodge wording inspected directly against the Cardwell unit opening; the identity is secure. This decision verifies this boundary only.
1	latin-bellum1-num608	31	[608] 3. Rex autem insidiatorem manibus tenere desiderans, timensque ne si quid praescisset, forte caveret, ipse quoque literis benevolentiam simulans, et alia familiarissime scripsit, et ut reversionem suam maturaret oravit. Nam si properasset, matris suae quoque offensionem posset componere, quam expulsam esse non ignoravit Antipater. Primam quidem jam de morte Pherorae susceperat epistolam apud Tarentem, eumque vehementer luxerat: id autem non	A04680.xml:/TEI[1]/text[1]/group[1]/text[2]/body[1]/div[1]/div[20]/p[1]/text()[30]; UTF16 offset 73; printed book 1, chapter 20; pb 601 (tcp:12923:309)	The king desired greatly that the Traitor were in his power, and fearing that if he had an inckling of any matter, that hee would looke to himselfe, fained great kindnesse towards him, and sent backe againe vnto him veri	dily vnto his father, and receiue the kingdome at his hands, who had him in whom onely his hope was. This counsell (for fortune would haue it so) Antipater followed, & so arriued in the hauen of Cesarea passing Sebaste, 	DIRECT_ALIGNMENT	HIGH	english-lodge1602-bellum1-unit608	244109	246406	Coarse-unit incipit and adjacent Lodge wording inspected directly against the Cardwell unit opening; the identity is secure. This decision verifies this boundary only.
1	latin-bellum1-num614	31	[614] 4. Occurrit autem illi praeter opinionem maxima solitudo, cum omnes eum devitarent, nullusque auderet accedere. Nam etsi semper aeque invisus erat, odio tamen ut proderetur tunc data libertas est. Multos autem avertebat ex rege formido, quoniam cunctas jam civitates de Antipatro fama repleverat, solusque de se quid ageretur Antipater ignorabat. Nec enim vel clarius eo quisquam deductus est, cum Romam navigaret, vel ignobilius inde susceptus	A04680.xml:/TEI[1]/text[1]/group[1]/text[2]/body[1]/div[1]/div[20]/p[2]/text()[11]; UTF16 offset 65; printed book 1, chapter 20; pb 602 (tcp:12923:310)	where contrarie to his expectation, he fell into a great sorrow and admiration: for all men eschewed his  companie, and no man durst come neere him. For although that he was alwayes hated of them,  yet then they had libe	forted himselfe thus, that either all matters concerning  him were yet secret, or if any thing was come to light, that he by policie and impudencie could acquite himselfe thereof; for these two were his refuge and hope. 	DIRECT_ALIGNMENT	HIGH	english-lodge1602-bellum1-unit614	246406	247708	Boundary checked directly against the surrounding Cardwell and Lodge wording.
1	latin-bellum1-num617	31	[617] 5. Itaque his armatus, sine amicis in regiam venit, qui a prima janua cum injuria sunt repulsi. Forte autem Varus Syriae rector intus aderat. Ingressus inde ad patrem, confirmatusque audacia, velut ejus salutandi causa, propius accedebat : cum ille objecta manu, et capite declinato, exclamat: Et hoc parricidae est, ut me amplexari velis, qui tot maleficiis involutus sis. Dispereas, impium caput, neque me attingas, prius quam criminibus te e	A04680.xml:/TEI[1]/text[1]/group[1]/text[2]/body[1]/div[1]/div[20]/p[2]/text()[18]; UTF16 offset 163; printed book 1, chapter 20; pb 602 (tcp:12923:310)	Being thus determined, he went into the kings pallace alone without anie of his friendes and followers; which at the verie first gate were most contumeliously repulsed. And by chaunce Varus the ruler of Syria was there w	 anie thing but so went his way. Presently his mother and his wife came vnto him, and told him all the proofes of treasons against him. Then he calling his wits together, be thought himselfe how to answere euerie point. 	DIRECT_ALIGNMENT	HIGH	english-lodge1602-bellum1-unit617	247708	248883	Boundary checked directly against the surrounding Cardwell and Lodge wording.
1	latin-bellum1-num620	32	[620] CAP. XXXII. POSTERO autem die rex adhibito propinquorum atque amicorum concilio, Antipatri quoque amicos vocat. Ipse autem cum Varo residens, cunctos indices jussit adduci, in quibus erant etiam servi matris Antipatri quidam pridem comprehensi, qui ab ea literas ad eum deportaverunt hujuscemodi : Quoniam illa omnia patri tuo cognita sunt, cave ne ad eum venias, nisi aliquod auxilium a Caesare impetraveris. Itaqué his una cum aliis introduct	A04680.xml:/TEI[1]/text[1]/group[1]/text[2]/body[1]/div[1]/div[20]/p[3]/text()[3]; UTF16 offset 11; printed book 1, chapter 20; pb 602 (tcp:12923:310)	The next day the king caused an assemblie of his friends and kinsfolks, and to them admitted Antipaters friends: and he and Varus sitting in iudgement, commanded all proofes to be  brought, and witnesses to appeare: amon	efore his fathers feete, he said: I beseech thee, O father, beare no preiudicate opinion against me, & lend me an open eare whilst  I purge my selfe: for if you please to giue me leaue, I will proue my selfe guiltlesse. 	DIRECT_ALIGNMENT	HIGH	english-lodge1602-bellum1-unit620	248883	249747	Boundary checked directly against the surrounding Cardwell and Lodge wording.
1	latin-bellum1-num622	32	[622] 2. Ille autem magna voce imperato ei silentio, ad Varum locutus est: Quod et tu Vare, et quivis justus judex, Antipatrum morte dignum judicaverit, certo scio. Vereor autem ne mea quoque tibi sit invisa fortuna, omnique calamitate dignunm deputes, qui tales filios genuerim. Atqui hoc tibi magis miserandus videri debeo, quod erga tam scelestos indulgentissimus pater fui. Nam illis prioribus adhuc adolescentulis regnum detuleram, eosque Romae 	A04680.xml:/TEI[1]/text[1]/group[1]/text[2]/body[1]/div[1]/div[20]/p[3]/text()[13]; UTF16 offset 89; printed book 1, chapter 20; pb 602 (tcp:12923:310)	But Herod with a vehement voice commanding him to hold his tongue, spake thus vnto Varus. \n                        I know Varus, that both thou, or anie other iust and indifferent Iudge, will adiudge Antipater to haue de	are my greatest enemies, I will bewaile mine owne fortune, and alone lament mine owne desolation; and not one that hath thirsted after my bloud shall escape, although proofe be brought against euerie one of my children. 	DIRECT_ALIGNMENT	HIGH	english-lodge1602-bellum1-unit622	249747	253413	Coarse-unit incipit and adjacent Lodge wording inspected directly against the Cardwell unit opening; the identity is secure. This decision verifies this boundary only.
1	latin-bellum1-num629	32	[629] 3. Haec dicens, ipse quidem interrupto sermone tacuit, dolore confusus. Nicolaum autem unum ex amicis probationes jussit exponere. Inter haec autem Antipater sublato capite, cum prostratus ante patris pedes maneret, exclamat : Tu pater meas partes defendisti. Nam quomodo ego parricida, quem tu semper servatorem te habuisse commemoras ? Aut si ficta, ut dicis, simulataque mea pietas fuit, cur in aliis tam callidus, in hoc adeo demens fui, ut	A04680.xml:/TEI[1]/text[1]/group[1]/text[2]/body[1]/div[1]/div[20]/p[3]/text()[16]; UTF16 offset 1; printed book 1, chapter 20; pb 603 (tcp:12923:310)	And thus his heart being surcharged with sorrow, hee was forced to breake off his speech: and presently he commanded Nicholaus, one of his friends, to shew all the proofes and euidences.\nAll this while Antipater lay pros	g out aloud after this manner, and vveeping he moued all that vvere present, and Varus also to compassion; but Herode onely abstained from teares, for his anger gaue attention  \n                            to the truth. 	DIRECT_ALIGNMENT	HIGH	english-lodge1602-bellum1-unit629	253413	256901	Coarse-unit incipit and adjacent Lodge wording inspected directly against the Cardwell unit opening; the identity is secure. This decision verifies this boundary only.
1	latin-bellum1-num637	32	[637] 4. Ibi autem Nicolaus, jussu regis multa de Antipatri calliditate praefatus, et misericordiae spem abstulit, et atrocissimam accusationem instituit, cuncta quidem regni nmaleficia ascribens : maxime vero fratrum interitum, quos ipsius calumniis interfectos esse demonstrans, etiam superstitibus eum insidiari quasi successionis captatoribus affirmabat. Nam qui patri venenum parasset, multo minus a fratribus abstineret. Cum autem ad veneni pro	A04680.xml:/TEI[1]/text[1]/group[1]/text[2]/body[1]/div[1]/div[20]/p[4]/hi[2]/text()[5]; UTF16 offset 15; printed book 1, chapter 20; pb 604 (tcp:12923:311)	And presently Nicholaus at the kings commaundement making a long speech of Antipaters craft and subtiltie, tooke away all hope of mercy, and began a verie bitter accusation, ascribing all mischiefe vvhich had befallen th	 and how he had corrupted the kings deerest friends; and so filled the wholecourt with wickednes. And when he had accused him of many other  things; and brought proofe thereof, he ended his speech.\n                     \n	DIRECT_ALIGNMENT	HIGH	english-lodge1602-bellum1-unit637	256901	257914	Coarse-unit incipit and adjacent Lodge wording inspected directly against the Cardwell unit opening; the identity is secure. This decision verifies this boundary only.
1	latin-bellum1-num639	32	[639] 5. Varus autem cum respondere jussisset Antipatrum, et ille nihil amplius elocutus, quam, Deus testis est innocentiae meae, silensque jaceret, venenum petiit, idque cuipiam damnatorum capitis ex custodiis bibendum dedit : eoque statim mortuo, quaedam in secreto cum Herode sermocinatus, gesta in concilio Caesari scripsit : posteroque die inde discessit. Nihiloque minus rex Antipatro vinculis tradito, cladis suae nuncios ad Caesarem misit.	A04680.xml:/TEI[1]/text[1]/group[1]/text[2]/body[1]/div[1]/div[20]/p[5]/text()[1]; UTF16 offset 0; printed book 1, chapter 20; pb 604 (tcp:12923:311)	Then Varus when he had commaunded Antipater to make aunswere vnto those things; and  that he said nothing more, then God is a witnesse of my innocencie, he called for the poyson and gaue it to one that was condemned to d	secretly with Herod, and what was done there in that councell he wrote vnto Caesar. Yet notwithstanding when Herod had sent Antipater to prison, he sent messengers vnto Caesar to shew him his hard fortune and calamitie. 	DIRECT_ALIGNMENT	HIGH	english-lodge1602-bellum1-unit639	257914	258444	Coarse-unit incipit and adjacent Lodge wording inspected directly against the Cardwell unit opening; the identity is secure. This decision verifies this boundary only.
1	latin-bellum1-num641	32	[641] 6. Post haec Salomen appetisse insidiis arguebatur Antipater. Quidam enim e servis Antiphili Roma venerat, epistolas ferens cujusdam Acmes nomine, ancillae Juliae : quibus ad regem scriptis, indicaverat Salomes epistola inter literas Juliae reperta, clam ei benevolentiae causa misisse. Ipsius autem Salomes epistolis et maledicta in regem acerbissima, et accusatio maxima continebantur. Sed hae ab Antipatro erant fictae: isque Acmen pecunia c	A04680.xml:/TEI[1]/text[1]/group[1]/text[2]/body[1]/div[1]/div[20]/p[5]/text()[11]; UTF16 offset 45; printed book 1, chapter 20; pb 604 (tcp:12923:311)	After this it was proued that Antipater wrought treason against Salome. For one of Antiphil\n                              •…\n                           s seruants came from Rome and brought letters in the name of Acmes, 	d sent also other letters and I assure my selfe he will not spare his sister, if he doe but read the letters: and you may do wel, seeing I haue performed all your requests, that now you would be mindful of your promise. 	DIRECT_ALIGNMENT	HIGH	english-lodge1602-bellum1-unit641	258444	259527	Coarse-unit incipit and adjacent Lodge wording inspected directly against the Cardwell unit opening; the identity is secure. This decision verifies this boundary only.
1	latin-bellum1-num644	32	[644] 7. Hac epistola et quae in Salomen sunt composita deprehensis, regem subiit cogitatio, ne forte etiam Alexander falsis epistolis fuisset oppressus : quodque pene sororem propter Antipatrum occidisset, anxius erat. Itaque non est ultra cunctatus, quo minus ab eo sumeret omnium causa supplicium : sed ne propositis satis faceret, gravi morbo impeditus est. De Acme tamen ancilla, et in Salomen fictione conflata, dedit literas ad Caesarem. ac pr	A04680.xml:/TEI[1]/text[1]/group[1]/text[2]/body[1]/div[1]/div[20]/p[5]/text()[26]; UTF16 offset 333; printed book 1, chapter 20; pb 604 (tcp:12923:311)	This letter against Salome and others being found to be counterfaited, the king began to doubt that Alexander was made away by such counterfaited letters: and he was verie angry that he had almost put his sister to death	s about fiue hundreth, and gaue euery one a great gift either in ground or money, and honoured his sister Salome with most rich gifts. And thus he corrected his will.\n\n                        \n                           	DIRECT_ALIGNMENT	HIGH	english-lodge1602-bellum1-unit644	259527	260572	Coarse-unit incipit and adjacent Lodge wording inspected directly against the Cardwell unit opening; the identity is secure. This decision verifies this boundary only.
1	latin-bellum1-num647	33	[647] CAP. XXXIII. MORBUS autem ingravescebat, quod eum senectus pariter ac moeror urgeret, et annos jam septuaginta natus esset: et filiorum cladibus animum adeo habebat afflictum, ut nec bona valetudine quicquam jucunditatis admitteret. Acriorem autem faciebat aegritudinem, quod Antipater viveret. Hunc enim nom obiter et aliud agens, sed cum ipse convaluisset, cogitabat occidere.	A04680.xml:/TEI[1]/text[1]/group[1]/text[2]/body[1]/div[1]/div[21]/p[1]/hi[1]/seg[1]/text()[1]; UTF16 offset 0; printed book 1, chapter 21; pb 604 (tcp:12923:311)	HErods disease encreased, partly through age, and especially for his g\n                           •…\n                        ese and sorrow: for he  was now three score and ten yeeres olde, and his mind was so troubled b	e in health; yet he tooke no pleasure in any thing: and his sicknes was so much the more grieuous vnto him, because that Antipater was yet aliue; for he purposed to put him to death when he was recouered of his sicknes. 	DIRECT_ALIGNMENT	HIGH	english-lodge1602-bellum1-unit647	260572	261059	Boundary checked directly against the surrounding Cardwell and Lodge wording.
1	latin-bellum1-num648	33	[648] 2. Ad has ei calamitates accidit etiam populi quidam tumultus. Erant in civitate sophistae duo, qui summe scire leges patrias videbantur : et propterea per omnem gentem maxima gloria praedicabantur : Judas filius Sepphoraei, et alter Margali Matthias. Hos non pauci adolescentium sectabantur, cum leges exponerent, et in dies singulos puberum exercitum congregabant. Qui cum regem audissent moerore ac morbo tabescere, apud notos loquebantur, o	A04680.xml:/TEI[1]/text[1]/group[1]/text[2]/body[1]/div[1]/div[21]/p[1]/text()[5]; UTF16 offset 90; printed book 1, chapter 21; pb 604 (tcp:12923:311)	To encrease his calamitie,\n\nthere arose a tumult amongst the people. For there were in the citie two sophisters, who made  \n                         a shew as though they were very skilful in their country lawes, & for t	 their soules immortall and enioy euerlasting blisse: and that many vnwise men ignorant of that doctrine so loued their liues, that they chose rather to die by sicknesse then to spend their liues in a vertuous quarrell. 	DIRECT_ALIGNMENT	HIGH	english-lodge1602-bellum1-unit648	261059	262551	Coarse-unit incipit and adjacent Lodge wording inspected directly against the Cardwell unit opening; the identity is secure. This decision verifies this boundary only.
1	latin-bellum1-num651	33	[651] 3. Dum haec illi dissererent, rumor subito pervagatur, regem fere jam mori : unde etiam confidentius adolescentes coronam adorti sunt: ipsoque meridie, quum plurima multitudo versaretur in templo, crassis demissi funibus, Aquilam ex tecto auream securibus abscindebant. Qua re statim regis duci nunciata, non parva ille manu comitatus ad templum cucurrit: et prope ad quadraginta juvenes comprehensos regi exhibüit. Qui primum interrogati, an A	A04680.xml:/TEI[1]/text[1]/group[1]/text[2]/body[1]/div[1]/div[21]/p[1]/text()[18]; UTF16 offset 331; printed book 1, chapter 21; pb 605 (tcp:12923:311)	Whilest they said thus, there was a rumour spred that the king was now at the last cast: whereat the young men being incouraged, about noone when many were walking in the temple, they let themselues downe from the top of	by the commaundement of their country lawes. After this it was asked them why they who were presently to die were so ioyfull? they answered, for that after death they hoped to enioy many good things and eternall blisse. 	DIRECT_ALIGNMENT	HIGH	english-lodge1602-bellum1-unit651	262551	263462	Boundary checked directly against the surrounding Cardwell and Lodge wording.
1	latin-bellum1-num654	33	[654] 4. His itaque rex commotus, magnitudine iracundiae morbum superat, atque in concionem procedit. Deinde multum in eos quasi sacrilegos invectus, et quod occasione legis patriae quaedam majora tentassent, velut impios supplicio dignos esse judicavit. Populus autem metuens, ne per multos quaestio iret, precabatur, ut primum facinoris suasoribus, deinde in eo deprehensis poenae subditis, caeteris indignationem remitteret. Tandem igitur exoratus	A04680.xml:/TEI[1]/text[1]/group[1]/text[2]/body[1]/div[1]/div[21]/p[1]/text()[22]; UTF16 offset 87; printed book 1, chapter 21; pb 605 (tcp:12923:311)	The king hereat greatly moued with anger, ouercame his disease and vvent forth and made a speech to the people, vvherein he inueighed against them as Church-robbers, and that vnder pretence and colour of their country la	t the offence to all the people besides. The king with much ado entreated, caused the yong men that let themselues down in cords,  and the Sophisters to be burned, & the rest which were taken in that act to be beheaded. 	DIRECT_ALIGNMENT	HIGH	english-lodge1602-bellum1-unit654	263462	264225	Coarse-unit incipit and adjacent Lodge wording inspected directly against the Cardwell unit opening; the identity is secure. This decision verifies this boundary only.
1	latin-bellum1-num656	33	[656] 5. Hinc totum ejus corpus morbo occupatum variis doloribus differebatur. nam febris quidem non mediocris erat: prurigo autem intolerabilis habebat omnem corporis superficiem. Assiduis autem vexabatur coli tormentis, pedesque tanquam ex intercutis vitio tumuerant. Quin et inflatio ventriculi, putredoque virilis membri vermiculos generans, ac praeterea creber anhelitus, et irrupta eum suspiria, membrorumque omnium contractio fatigabat : ut qu	A04680.xml:/TEI[1]/text[1]/group[1]/text[2]/body[1]/div[1]/div[21]/p[1]/text()[27]; UTF16 offset 90; printed book 1, chapter 21; pb 605 (tcp:12923:311)	After this the kings sicknesse spred ouer his whole bodie, and he vvas afflicted with most grieuous paine:  for he had a vehement ague, and an itch ouer all his whole bodie, which was intolerable, and a daily colicke; an	ere about him being troubled, with their cries caused him to looke vp, & now despairing of life he willed fiftie Drachmes to be distributed vnto euery souldier, and great summes of money to the captains and his friends.\n	DIRECT_ALIGNMENT	HIGH	english-lodge1602-bellum1-unit656	264225	265590	Coarse-unit incipit and adjacent Lodge wording inspected directly against the Cardwell unit opening; the identity is secure. This decision verifies this boundary only.
1	latin-bellum1-num659	33	[659] 6. Cum autem rediens ad Hierichunta venisset, atra jam bili correptus, et pene ipsi morti minabatur, factumque nefarium excogitavit. Collectos enim cujusque vici ex omni Judaea nobiles, in locum cui nomen est Hippodromus, concludi praecepit. Deinde Salome sorore et Alexa marito ejus ad se vocatis : Scio, inquit, mortem meam festis gaudiis celebraturos esse Judaeos. Verum per alios lugeri potero, et praeclarissimos honores sepulturae assequi	A04680.xml:/TEI[1]/text[1]/group[1]/text[2]/body[1]/div[1]/div[21]/p[2]/text()[1]; UTF16 offset 0; printed book 1, chapter 21; pb 605 (tcp:12923:311)	As he returned, when he came to Iericho, he was in verie great likelihood to die of melancholie, and there he deuised a wicked fact: for he caused the chiefe men of euerie towne and village in all Iudaea to be assembled 	efore so soone as I haue giuen vp the ghost, cause souldiours to compasse these men, whom I haue here in hold, and kill them all: for so all Iudaea, and euerie houshold thereof shall against their will bewaile my death. 	DIRECT_ALIGNMENT	HIGH	english-lodge1602-bellum1-unit659	265590	266331	Coarse-unit incipit and adjacent Lodge wording inspected directly against the Cardwell unit opening; the identity is secure. This decision verifies this boundary only.
1	latin-bellum1-num661	33	[661] 7. Et simul his mandatis, legatorum quos Romam miserat, epistolae sunt allatae, quibus Acmen ancillam Juliae jussu Caesaris interemptam, et Antipatrum morte damnatum esse indicabatur. Quin et si pater eum in exilium dare mallet, id quoque permisisse Caesarem, scriptum erat. Herodes autem paululum hoc nuncio recreatus, doloribusque rursum victus (nam inedia tussisque pariter violentia distendebatur) fatum praevenire conatus est : sumptoque m	A04680.xml:/TEI[1]/text[1]/group[1]/text[2]/body[1]/div[1]/div[21]/p[2]/text()[9]; UTF16 offset 165; printed book 1, chapter 21; pb 605 (tcp:12923:311)	As thus he commanded this to be done, the Legates came which he had sent to Rome, bringing him letters, wherein was shewed how Acmes Iulia her maid, was by Caesars command put to death, and Antipater condemned to die: ye	nd kill Antipater, and burie him in the  Castle called Hyrcanium. And then againe he altered his testament, and writ Archelaus his eldest  sonne, who was brother to Antipas, for king, and appointed Antipas for Tetrarch. 	DIRECT_ALIGNMENT	HIGH	english-lodge1602-bellum1-unit661	266331	267942	Coarse-unit incipit and adjacent Lodge wording inspected directly against the Cardwell unit opening; the identity is secure. This decision verifies this boundary only.
1	latin-bellum1-num665	33	[665] 8. Post interitum autem filii quinque diebus exactis moritur : annos quidem trigintaquatuor, ex quo interfecit Antigonum, regno politus: triginta vero septem, postquam rex a Romanis declaratus est. Et in aliis quidem omnibus, secunda fortuna usus est, si quis alius. Regnum enim quod privatus sibi quaesierat, tanto conservatum tempore, filiis suis reliquit. In rebus autem domesticis infelicissimus fuit. Salome autem, antequam resciret mortem	A04680.xml:/TEI[1]/text[1]/group[1]/text[2]/body[1]/div[1]/div[21]/p[2]/text()[36]; UTF16 offset 15; printed book 1, chapter 21; pb 606 (tcp:12923:312)	Fiue dayes after the death of his sonne Antipater, Herod died \n                           •…\n                        hauing reigned thirtie and foure yeares after he slew Antigonus, and thirtie seuen yeares after that th	elligence of the estate of the kingdome, whereof he had beene gouernor, fast sealed in writing: for he appointed Caesar to be ouerseer of all his ordinances, vnto whose pleasure he left the performance of his testament.\n	DIRECT_ALIGNMENT	HIGH	english-lodge1602-bellum1-unit665	267942	269578	Coarse-unit incipit and adjacent Lodge wording inspected directly against the Cardwell unit opening; the identity is secure. This decision verifies this boundary only.
1	latin-bellum1-num670	33	[670] 9. Quo perlecto, confestim clamor secutus est omnium Archelao gratulantium: militesque per cuneos et populus adeuntes, suamque promittebant, deique benevolentiam precabantur. Hinc ad sepeliendum regem operam contulerunt. Nihil autem munificentiae praetermisit Archelaus, sed omnem ornatum extulit regium in funeris pompa ducendum. Lectus quippe totus erat gemmis auroque distinctus, totus autem purpura variatus, corpusque super eum velatum iti	A04680.xml:/TEI[1]/text[1]/group[1]/text[2]/body[1]/div[1]/div[21]/p[3]/text()[1]; UTF16 offset 0; printed book 1, chapter 21; pb 606 (tcp:12923:312)	This was no sooner reade, but presently the skies were filled with the voyces and cries of  \n                         the people, who did congratulate Archelaus, and the souldiers and the people came in companies vnto hi	nto the Castle named Herodion, where, as himselfe had appointed, it was interred. And this was the end of king Herode. \n                        \n                     \n\n                        \n                           	DIRECT_ALIGNMENT	HIGH	english-lodge1602-bellum1-unit670	269578	270883	Coarse-unit incipit and adjacent Lodge wording inspected directly against the Cardwell unit opening; the identity is secure. This decision verifies this boundary only.
2	latin-bellum2-num1	1	[1] CAP. I. TURBARUM autem novarum principium fuit, Archelao Romam proficiscendi necessitas. Diebus enim septem in lugendo patrem consumptis, epulisque feralibus prolixe populo exhibitis, (hic autem mos apud Judaeos necessario multos ad inopiam redegit : nam qui eum neglexerat, impius aestimabatur) candida veste indutus procedit ad templum. Ibique variis favoribus exceptus a plebe, ipse quoque in excelso tribunali, solioque aureo residens, humani	A04680.xml:/TEI[1]/text[1]/group[1]/text[2]/body[1]/div[2]/div[1]/p[1]/hi[1]/seg[1]/text()[1]; UTF16 offset 0; printed book 2, chapter 1; pb 607 (tcp:12923:312)	ARchelaus being appointed successor in the kingdom of Herod late dead, necessitie  constrained him to go to Rome, which iourney gaue occasion of new  broyles. For after that for seuen dayes space hee had celebrated his f	 that if he were confirmed king by those who were in authoritie, he would largely recompence both the souldiers and the people  for their good will; and that he fully purposed to be better vnto them then his father was. 	DIRECT_ALIGNMENT	HIGH	english-lodge1602-bellum2-unit1	270883	272201	Boundary checked directly against the surrounding Cardwell and Lodge wording.
2	latin-bellum2-num4	1	[4] 2. His gavisa multitudo, statim ejus mentem magnis tentare petitionibus coepit. Namque alii tributa levari, alii vectigalia tolli, quidam solvi custodias acclamabant. Cunctis autem postulatis in gratiam populi facile annuebat Archelaus. Deinde celebratis hostiis, cum amicis erat in epulis. Ecce autem subito post meridiem congregati non pauci novarum rerum studiosi, ubi communis luctus de rege cessavit, propria lamenta suscipiunt, fientes eoru	A04680.xml:/TEI[1]/text[1]/group[1]/text[2]/body[1]/div[2]/div[1]/p[1]/text()[13]; UTF16 offset 93; printed book 2, chapter 1; pb 608 (tcp:12923:313)	The multitude hereat greatly reioyced, and made present triall of his mind and purpose; for some cried out, requesting that the tribute might be no more exacted. Others desired that the yearly paiments might cease. Other	 was to be taken vpon them, whom Herod for that fact rewarded with money. And that first of all, he who by Herod was constituted high Priest, was to bee reiected, and another more holy and deuout to be put in his place. 	DIRECT_ALIGNMENT	HIGH	english-lodge1602-bellum2-unit4	272201	273299	Coarse-unit incipit and adjacent Lodge wording inspected directly against the Cardwell unit opening; the identity is secure. This decision verifies this boundary only.
2	latin-bellum2-num8	1	[8] 3. Quibus etsi movebatur Archelaus ad ultionem, tamen eum profectionis festinatio continebat, metuentem, ne sibi multitudinem reddidisset inimicam, motu ejus impediretur. Quamobrem monendo magis quam vi experiebatur sedare turbatos : missoque magistro militum, ut quiescerent, eos rogabat. Sed illum seditionis authores, ubi ad templum venit, prius quam verbum faceret, lapidibus proturbarunt: et aliis post eum mulcendi sui gratia missis, multos	A04680.xml:/TEI[1]/text[1]/group[1]/text[2]/body[1]/div[2]/div[1]/p[1]/hi[8]/text()[1]; UTF16 offset 0; printed book 2, chapter 1; pb 608 (tcp:12923:313)	Archelaus, although he was hereby moued to reuenge, yet because he was presently to take such a iourny, abstained frō it, fearing least that if he brought the multitude into hatred of him, they might hinder him. Wherfor	e adioyning. There were also criers who followed Archelaus, and proclaimed by vertue of his commaund, that euerie one should depart home to his house: so euerie one notwithstandinding the  holinesse of the day departed. 	DIRECT_ALIGNMENT	HIGH	english-lodge1602-bellum2-unit8	273299	275438	Coarse-unit incipit and adjacent Lodge wording inspected directly against the Cardwell unit opening; the identity is secure. This decision verifies this boundary only.
2	latin-bellum2-num14	2	[14] CAP. II. IPSE autem cum matre, necnon et Popla, et Ptolemaeo, et Nicolao amicis, ad mare descendit: relicto Philippo regni procuratore, itemque rerum familiarium curatore. Una vero egressa est cum filiis suis Salome, fratrisque regis filii, generque, specie velut Archelao ad obtinendam successionem adjumento futuri: certa vero causa, quae contra leges in templum admissa fuerant, delaturi.	A04680.xml:/TEI[1]/text[1]/group[1]/text[2]/body[1]/div[2]/div[1]/p[1]/text()[40]; UTF16 offset 32; printed book 2, chapter 1; pb 608 (tcp:12923:313)	But he accompanied with his mother Popla, Ptolemaeus, and Nicholaus his friends, went vnto the sea coast, leauing Philip for Gouernour of the kingdome, and ouer his houshold: with them departed Salome and her children, a	 with them departed Salome and her children, and the kings brethren and kinred, vnder pretence to assist Archelaus to the crowne, but indeed it was to informe Caesar of that which was done in the Temple against the law.\n	DIRECT_ALIGNMENT	HIGH	english-lodge1602-bellum2-unit14	275438	275832	Boundary checked directly against the surrounding Cardwell and Lodge wording.
2	latin-bellum2-num16	2	[16] 2. Interea fit illis Caesareae obviam Sabinus Syriae procurator, ad Judaeam veniens, ad pecunias custodiendas Herodis, quem ulterius progredi Varus inhibuit, multis accitus Archelai precibus, intercedente Ptolemaeo. Et tunc quidem Sabinus in gratiam Vari, neque ad arces venire properavit, neque thesauros paternae pecuniae clausit Archelao: sed usque ad cognitionem Caesaris se otiosum esse pollicitus, apud Caesaream commorabatur. Postea vero 	A04680.xml:/TEI[1]/text[1]/group[1]/text[2]/body[1]/div[2]/div[1]/p[2]/text()[1]; UTF16 offset 0; printed book 2, chapter 1; pb 608 (tcp:12923:313)	When they came to Caesarea, they met with Sabinus Gouernour of Syria, who was comming toward Iudaea to take into his custodie Herods treasure: whom Varus forbad to go anie further,  being sent for by Archelaus, and Ptole	 the Castles and strong holds. But the Captaines of the garrison, mindfull of the charge which Archelaus gaue them, kept vnto themselues the custodie of all, affirming that they kept them more for Caesar then Archelaus. 	DIRECT_ALIGNMENT	HIGH	english-lodge1602-bellum2-unit16	275832	276812	Coarse-unit incipit and adjacent Lodge wording inspected directly against the Cardwell unit opening; the identity is secure. This decision verifies this boundary only.
2	latin-bellum2-num20	2	[20] 3. Ad hoc autem Antipas quoque de regno certabat, posteriore superius Herodis testamentum firmius esse defendens, in quo rex ipse Antipas fuerat scriptus : eique se tam Salome quam multi alii cognati, qui cum Archelao navigarant, suffragio fore promiserant. Ducebat autem secum matrem, fratremque Nicolai Ptolemaeum, in quo pro fide apud Herodem probata, nonnihil videbatur esse momenti. Namque illi fuerat amicorum carissimus. Oratori autem Ire	A04680.xml:/TEI[1]/text[1]/group[1]/text[2]/body[1]/div[2]/div[1]/p[2]/text()[22]; UTF16 offset 1; printed book 2, chapter 1; pb 608 (tcp:12923:313)	At this time Antipas made a claime to the\n\ncrowne alleaging that Herods first testament was of more force then the last, and that he in the  \n                         first was declared king; and both Salome and many mor	               •…\n                        ed at Rome, because they hated Archelaus, and especially those that desired to liue at libertie, and either to be gouerned by the Romans, or else to haue Antipas for their king. 	DIRECT_ALIGNMENT	HIGH	english-lodge1602-bellum2-unit20	276812	277880	Coarse-unit incipit and adjacent Lodge wording inspected directly against the Cardwell unit opening; the identity is secure. This decision verifies this boundary only.
2	latin-bellum2-num23	2	[23] 4. Ad hoc etiam Sabini ope nitebatur Antipas, qui Archelaum per epistolas accusaverat apud Caesarem, Antipam vero multum laudaverat. Itaque digesta crimina Salome et caeteri, qui cum ea sentirent, Caesari tradiderunt, et post eos Archelaus gestorum suorum perscripta capitula, patrisque anulum per Ptolemaeum, rationesque administrationis intromisit ad Caesarem. Ille autem secum praemeditans ea, quae ab utraque parte dicerentur, ubi et regni m	A04680.xml:/TEI[1]/text[1]/group[1]/text[2]/body[1]/div[2]/div[1]/p[2]/text()[42]; UTF16 offset 17; printed book 2, chapter 1; pb 609 (tcp:12923:313)	And to further him the more, he vsed, Sabinus letters vnto Caesar, wherein Archelaus was accused, and Antipas commended. Therefore Salome, \n                         and the rest of their accomplices brought the accusatio	the Romans to councell. Wherein Caius the sonne of Agrippa and his daughter Iulia, by his assignment,  sate in the first place (this Caius was Caesars adopted sonne) and so he licensed the parties to plead their rights. 	DIRECT_ALIGNMENT	HIGH	english-lodge1602-bellum2-unit23	277880	278736	Coarse-unit incipit and adjacent Lodge wording inspected directly against the Cardwell unit opening; the identity is secure. This decision verifies this boundary only.
2	latin-bellum2-num26	2	[26] 5. Igitur Salomes filius Antipater (namque is erat orator acerrimus eorum, qui adversabantur Archelao) accusationem proposuit, insimulans Archelaum, quasi verbis quidem de regno videretur contendere, re autem vera jamdudum rex esset èffectus, et apud aures modo Caesaris cavillaretur, quem judicem successionis expectare noluisset. Nam post Herodis mortem, quibusdam, ut diadema sibi imponerent subornatis, regis eum more in solio aureo resident	A04680.xml:/TEI[1]/text[1]/group[1]/text[2]/body[1]/div[2]/div[1]/p[2]/text()[63]; UTF16 offset 70; printed book 2, chapter 1; pb 609 (tcp:12923:313)	Then Antipater Salomes sonne being the most eloquent of all Archelaus aduersaries, offered himselfe to be his accuser, for that Archelaus seemed now in words to contend for the kingdome, which he had alreadie possest him	priued  himselfe of all kingly dignitie, hauing committed manie things against the lawes. For (said he)  what will he be after he hath receiued authoritie from Caesar, who before hee receiued any, hath murdered somanie? 	DIRECT_ALIGNMENT	HIGH	english-lodge1602-bellum2-unit26	278736	281088	Coarse-unit incipit and adjacent Lodge wording inspected directly against the Cardwell unit opening; the identity is secure. This decision verifies this boundary only.
2	latin-bellum2-num33	2	[33] 6. Multa in hunc modum prosecutus Antipater, multis ex numero circumstantium propinquorum in singula crimina testibus exhibitis peroravit. Surrexit autem Nicolaus defensor Archelai, et ante omnia caedem in templo necessario factam esse perdocuit: nam quorum necis argueretur, non regni solum, sed etiam ipsius judicis, id est, Caesaris hostes fuisse: aliorum autem criminum suasores adversarios ipsos demonstravit. Secundum vero testamentum idci	A04680.xml:/TEI[1]/text[1]/group[1]/text[2]/body[1]/div[2]/div[1]/p[2]/hi[59]/text()[1]; UTF16 offset 0; printed book 2, chapter 1; pb 609 (tcp:12923:313)	Antipater hauing spoken much to this effect, and at euerie accusation taking witnesse of his kinred that stood by, ended his speech.\nThen Nicholaus stood vp, and first of all he shewed that the slaughter of them in the T	 leaue the performance of his will to the discretion of him who was Lord of all, did neither mistake himself in appointing his heire, nor yet was depriued  of his senses, seeing he knew by whom he should be established. 	DIRECT_ALIGNMENT	HIGH	english-lodge1602-bellum2-unit33	281088	281960	Coarse-unit incipit and adjacent Lodge wording inspected directly against the Cardwell unit opening; the identity is secure. This decision verifies this boundary only.
2	latin-bellum2-num37	2	[37] 7. Cum autem omnibus expositis, etiam Nicolaus perorasset, in medium progressus Archelaus, ad genua Caesaris accidit ocyus. Quo perbenigne Caesar erecto, quod paterna quidem successione dignus esset, ostendit: certum vero nihil pronunciavit. Sed illo die dimisso concilio, secum ipse de cognitis deliberabat, utrum ex his, qui testamento continerentur, aliquem regni oporteret constitui snccessorem, an toti familiae distribui principatum. Multi	A04680.xml:/TEI[1]/text[1]/group[1]/text[2]/body[1]/div[2]/div[1]/p[3]/text()[11]; UTF16 offset 65; printed book 2, chapter 1; pb 609 (tcp:12923:313)	When Nicholaus had ended his speech, and declared all that he thought might make for Archelaus; Archelaus comming into  the middest of the Councell, prostrated himselfe at Caesars feet, whom Caesar curteously taking from	 should succeed\n\ntheir father in the kingdome, or that the kingdome should be distributed amongst the whole  \n                         family: for he thought that they for number wanted succour.\n\n                        	DIRECT_ALIGNMENT	HIGH	english-lodge1602-bellum2-unit37	281960	282670	Coarse-unit incipit and adjacent Lodge wording inspected directly against the Cardwell unit opening; the identity is secure. This decision verifies this boundary only.
2	latin-bellum2-num39	3	[39] CAP. III. SED antequam de his quicquam statueretur a Caesare, mater Archelai Malthace morbo correpta moritur. Et variae literae de Syria perlatae sunt, Judaeos defecisse nunciantes: quod Varus fore prospiciens in Hierosolymam, postquam Archelaus navigarat, ascendit, ut incentores seditionis prohiberet. Et quia multitudo cessatura non videbatur, ex tribus quas ex Syria duxerat secum legionibus, unam in civitate reliquit: atque ita in Antiochi	A04680.xml:/TEI[1]/text[1]/group[1]/text[2]/body[1]/div[2]/div[2]/p[1]/seg[1]/text()[1]; UTF16 offset 0; printed book 2, chapter 2; pb 610 (tcp:12923:314)	BEfore such time as Caesar determined any thing concerning this matter, Malthace the mother of Archelaus fell sicke and died; and many letters came out of Syria, signifying  that the Iewes had rebelled. Which Varus fores	 three campes: one vpon the North part of the temple; the other on the South part neere vnto the Castle called Hippodromus, the third on the West-part neere the pallace, and so they besieged  the Romanes on euerie side. 	DIRECT_ALIGNMENT	HIGH	english-lodge1602-bellum2-unit39	282670	284265	Boundary checked directly against the surrounding Cardwell and Lodge wording.
2	latin-bellum2-num45	3	[45] 2. Sabinus autem multitudine pariter, eorumque spiritu perterritus, crebris quidem Varum nunciis precabatur, ut quam mature ferret auxilium, quasi occasione delenda legione, si quid morae intervenisset. Ipse vero in altissimam castelli turrim, quae Phasaelus vocabatur, evadit, fratris Herodis cognominem, quem Parthi necaverunt. Hinc legionariis, ut in hostes irruerent, signum dabat. Nam prae timore nec ad eos quibus ipse praeerat, descendere	A04680.xml:/TEI[1]/text[1]/group[1]/text[2]/body[1]/div[2]/div[2]/p[1]/hi[8]/text()[1]; UTF16 offset 0; printed book 2, chapter 2; pb 610 (tcp:12923:314)	Sabinus greatly fearing them, both for their multitude, and for their courage, sent many letters vnto Varus earnestly requesting him with all speed to bring succour: for if hee did not, the whole legion would be extingui	he toppe thereof, so that they killed many: but the other could not reuenge themselues of them, who fought against them from so high a place; neither could they sustaine the force of them, who ioyned battaile with them; 	DIRECT_ALIGNMENT	HIGH	english-lodge1602-bellum2-unit45	284265	285363	Coarse-unit incipit and adjacent Lodge wording inspected directly against the Cardwell unit opening; the identity is secure. This decision verifies this boundary only.
2	latin-bellum2-num49	3	[49] 3. Ab utrisque tamen afflicti succendunt porticus, opere magnitudine atque ornatu mirabiles. ibique tum multi flamma subito comprehensi aut ea consumebantur, aut in hostes desilientes ab ipsis occidebantur : alii retrorsum cedentes praecipitabantur ex muro : nonnulli desperata salute, incendii periculum suis gladiis praeveniebant. Qui tamen ex moenibus , obrependo in Romanos fecissent impetum, metu attoniti nullo negotio subigebantur, donec 	A04680.xml:/TEI[1]/text[1]/group[1]/text[2]/body[1]/div[2]/div[2]/p[1]/text()[24]; UTF16 offset 485; printed book 2, chapter 2; pb 610 (tcp:12923:314)	till at last they fired the porches, which for greatnes and curious worke were admirable. And so many were eyther destroyed with the sodaine fier, or else leaping downe amidst their enemies were by them slaine: others go	 put to the sworde, or caste downe through feare, the treasure dedicated to God was left destitute of keepers, so that the Souldiers tooke away thereof about foure hundreth talents, and that which they left Sabinus got.\n	OMITTED_AT_BOUNDARY	HIGH	english-lodge1602-bellum2-unit49	285363	286070	The pressure from above and close combat is expressed at II.48; the additional recap 'Ab utrisque tamen afflicti' has no separate Lodge phrase. II.49 is placed at the resulting burning of the porches.
2	latin-bellum2-num51	3	[51] 4. At Judaeos multo plures, magisque pugnaces, tam virorum quam opum interitus in Romanos contraxit. Obsessaque his regia minitabuntur exitium, nisi quam primum inde secederent : Sabino, si vellet, una cum legione abeundi copiam pollicentes. Quibus opitulabantur regiorum plurimi, qui ad eos sponte transfugerant. Pars tamen bellicosior erat, Sebastenorum tria millia, hisque Rufus et Gratus praepositi, unus peditum rector, at vero equitum Rufu	A04680.xml:/TEI[1]/text[1]/group[1]/text[2]/body[1]/div[2]/div[2]/p[2]/text()[1]; UTF16 offset 0; printed book 2, chapter 2; pb 610 (tcp:12923:314)	But this losse of men and money stirred vp many moe Iewes, and those more warlike then the first, against the Romans; who besieging the kings pallace threatned all their destructions, vnlesse they would presently depart 	 trust them; but he suspected that their courtesie was but\n\na plot to entrappe him: and on the other side hoping that Varus would come and helpe him, he  \n                         still indured the daunger of the siege. 	DIRECT_ALIGNMENT	HIGH	english-lodge1602-bellum2-unit51	286070	287277	Coarse-unit incipit and adjacent Lodge wording inspected directly against the Cardwell unit opening; the identity is secure. This decision verifies this boundary only.
2	latin-bellum2-num55	4	[55] CAP. IV. EODEM tempore per Judaeam plurimis locis tumultus erat, multosque ad regni cupidinem tempus impulerat. Nam in Idumea quidem duo millia veteranorum, qui sub Herode militaverant, congregati, armisque instructi cum regiis decertabant : quibus Achiabus regis consobrinus, ex vicis munitissimis repugnabat, campestre praelium declinando. In Sephori autem Galilaeae, Judas filius Ezechiae latronum principis, ab Herode quondam rege capti, qui	A04680.xml:/TEI[1]/text[1]/group[1]/text[2]/body[1]/div[2]/div[2]/p[2]/text()[15]; UTF16 offset 41; printed book 2, chapter 2; pb 611 (tcp:12923:314)	At the same time there were tumults in many places of Iudaea, and many through opportunitie of the time aspired to the kingdome. For in Idumaea two thousand olde souldiers, who had borne armes vnder Herod, gathering togi	 before was taken by king Herode, and had vvasted that countrey; gathered togither a great multitude, and brake into the kings armory, and armed all his company, and fought against them who affected the royall dignitie. 	DIRECT_ALIGNMENT	HIGH	english-lodge1602-bellum2-unit55	287277	288000	Boundary checked directly against the surrounding Cardwell and Lodge wording.
2	latin-bellum2-num57	4	[57] 2. Trans flumen quoque Simon quidam ex regiis servis pulchritudine simul et vastitate corporis fretus, imposito sibi diademate, cum latronibus quos congregaverat ipse circumiens, et apud Hierichunta regiam, et multa alia magnifica diversoria igni corrupit, facilem sibi praedam ex incendio comparans. Omnesque habitationes, quibus aliquid decoris . erat, concremasset, nisi Gratus regiorum peditum rector ex Trachone sagittarios, itemque Sebaste	A04680.xml:/TEI[1]/text[1]/group[1]/text[2]/body[1]/div[2]/div[2]/p[2]/text()[21]; UTF16 offset 7; printed book 2, chapter 2; pb 611 (tcp:12923:314)	Also beyond the riuer, Simon one of the kings seruants being faire and of a huge stature, put a crowne vpon his owne head, and gathering togither a companie of theeues went about  with them vnto Iericho, and burned the k	oke him, and cut him ouerthwart the necke, and so he fell downe. In like manner other of the kings pallaces neere Iordan by Bethara were burned, by a multitude of others gathered togither in bands from beyond the riuer: 	DIRECT_ALIGNMENT	HIGH	english-lodge1602-bellum2-unit57	288000	288820	Coarse-unit incipit and adjacent Lodge wording inspected directly against the Cardwell unit opening; the identity is secure. This decision verifies this boundary only.
2	latin-bellum2-num60	4	[60] 3. Tunc enim pastor quidam, cui nomen Athrongaeus, regnum affectare ausus est: quod ut speraret, vi corporis animaeque fiducia mortem contemnentis impulsus est, ac praeterea fratrum quatuor sibi similium robore, quorum singulis tanquam ducibus et satrapis attributa manu armatorum, ad incursus utebatur. Ipse autem veluti rex majora negotia procurabat. Et tum quidem etiam diadema sibi imposuit. Non parvo autem post tempore, cum fratribus suis 	A04680.xml:/TEI[1]/text[1]/group[1]/text[2]/body[1]/div[2]/div[2]/p[2]/text()[29]; UTF16 offset 273; printed book 2, chapter 2; pb 611 (tcp:12923:314)	At this time a shepheard named Athrongaeus presumed to vsurpe the crowne: he was thereunto induced by the courage he bare, and the disdaine of death. With this resolution he armed his foure brethren, and euerie one of th	nds of Gratus and Ptolemaeus: and the fourth yeelded  himselfe vnto Archelaus vpon composition: and thus at last they came to their end. And all  Iudaea by their example was filled with theeues.\n\n                        	DIRECT_ALIGNMENT	HIGH	english-lodge1602-bellum2-unit60	288820	290157	Coarse-unit incipit and adjacent Lodge wording inspected directly against the Cardwell unit opening; the identity is secure. This decision verifies this boundary only.
2	latin-bellum2-num66	5	[66] CAP. V. VARUS autem acceptis Sabini et principum literis, toti legioni metuens, opem his ferre properabat. Itaque cum duabus reliquis legionibus, et quatuor alis equitum, in Ptolemaida profectus, eodem regum atque optimatum auxilia convenire jussit. Ad haec a Beritiis etiam, cum per eorum transiret oppidum, mille et quingentos accepit armatos. Ubi vero in Ptolemaidem tam caetera manus auxiliorum, quam propter Herodis inimicitias Aretas rex A	A04680.xml:/TEI[1]/text[1]/group[1]/text[2]/body[1]/div[2]/div[3]/p[1]/seg[1]/text()[1]; UTF16 offset 0; printed book 2, chapter 3; pb 611 (tcp:12923:314)	WHen Varus had receiued the letters of Sabinus, and of the nobles with him, fearing the whole legion, he hasted to succour them: Wherefore he came to Ptolemais with  two other legions and foure comets of horsemen, vvhere	ir auarice. Also Varus commaunded Ammaus to bee burned, being angrie for the death of Arias, and the rest that were slaine there: and the inhabitants thereof were scattered, euery one by flight seeking to saue himselfe. 	DIRECT_ALIGNMENT	HIGH	english-lodge1602-bellum2-unit66	290157	291854	Boundary checked directly against the surrounding Cardwell and Lodge wording.
2	latin-bellum2-num72	5	[72] 2. Hinc progressus ad Hierosolymam cum exercitu, solo visu Judaeorum castra disjecit : et alii quidem per agros abiere fugientes : qui vero intra civitatem degebant, suscepto eo, seditionis causas in alios conferebant, nihil quidem se penitus movisse dicentes, sed propter diem festum receptam necessario multitudinem, in civitate obsessos esse potius cum Romanis, quam cum dissidentibus conspirasse. Ante vero obviam ei venerant Josephus, Arche	A04680.xml:/TEI[1]/text[1]/group[1]/text[2]/body[1]/div[2]/div[3]/p[1]/text()[23]; UTF16 offset 65; printed book 2, chapter 3; pb 611 (tcp:12923:314)	From thence hee went to Ierusalem, and at the sight of him the Iewes fled and scattered themselues some here, some there, all about the country: they that remained in the Citie excused themselues, that they were not cons	t into the fields against the Authours of that tumult,  and those that were brought vnto him who were in lesse fault, hee committed to prison, and those who were the chiefest he crucified, to the number of two thousand.\n	DIRECT_ALIGNMENT	HIGH	english-lodge1602-bellum2-unit72	291854	292948	Coarse-unit incipit and adjacent Lodge wording inspected directly against the Cardwell unit opening; the identity is secure. This decision verifies this boundary only.
2	latin-bellum2-num76	5	[76] 3. Adhuc autem circa Idumaeam superesse decem armatorum millia nunciato, confestim Arabas domum abire jubet: quod eos non auxiliantium more uti militia, sed pro sua libidine, et supra quam ipse vellet, agros vastare perspexit: suis autem comitatus agminibus, in adversarios properabat. Verum illi se Varo prius quam in manus veniretur, Achiabi consilio tradiderunt. Varus autem multitudini, venia data, duces ejus interrogandos misit ad Caesarem	A04680.xml:/TEI[1]/text[1]/group[1]/text[2]/body[1]/div[2]/div[3]/p[2]/text()[1]; UTF16 offset 0; printed book 2, chapter 3; pb 612 (tcp:12923:315)	And vnderstanding that in Idumaea there yet remained ten thousand of armed men, he presently sent the Arabians home, because he perceiued that they did not warre as those that came  to helpe him, but as they themselues p	o Herod) because they altogether  rebelled against their king. Varus hauing thus quieted the estate of Iudaea and Ierusalem, leauing the same legion that was there before, departed to Antiochia.\n\n                        	DIRECT_ALIGNMENT	HIGH	english-lodge1602-bellum2-unit76	292948	293793	Coarse-unit incipit and adjacent Lodge wording inspected directly against the Cardwell unit opening; the identity is secure. This decision verifies this boundary only.
2	latin-bellum2-num80	6	[80] CAP. VI. ROMAE autem Archelao alia rursus cum Judaeis causa conflata est: qui ante seditionem permissu Vari, legati exierant, jus genti suae liberum petituri. Erant autem numero quinquaginta, qui venerant, et astabant eis plus quam octo millia Judaeorum Romae degentium. Itaque convocato a Caesare optimatum Romanorum amicorumque concilio in Palatini Apollinis templum, quod privatum ipsius erat aedificium admirandis opibus exornatum, multitudo	A04680.xml:/TEI[1]/text[1]/group[1]/text[2]/body[1]/div[2]/div[4]/p[1]/seg[1]/text()[1]; UTF16 offset 0; printed book 2, chapter 4; pb 612 (tcp:12923:315)	NOw Archelaus had a new processe at Rome against the Iewes, who before the sedition  with the leaue of Varus were gone to Rome to craue the libertie of their countrie. These who came as Embassadours in their countries be	mongst them also was Philip the brother  of Archelaus, whom Varus sent in curteous maner to assist his brother; or if that it pleased Caesar to deuide Herods kingdom amongst his children, that then he might haue a part. 	DIRECT_ALIGNMENT	HIGH	english-lodge1602-bellum2-unit80	293793	294786	Boundary checked directly against the surrounding Cardwell and Lodge wording.
2	latin-bellum2-num84	6	[84] 2. Jussit autem accusatoribus exponere, quaenam contra leges fecisset Herodes: primum non se regem, sed omnium, qui usquam fuissent, tyrannorum crudelissimum tolerasse dicebant. Deinde multis ab eo trucidatis, ea pertulisse superstites questi sunt, ut beatiores mortui putarentur. Non enim tormentis solum eum lacerasse corpora subjectorum, sed etiam gentis suae civitatibus deformatis exteras ornavisse, populisque alienis Judaeae sanguinem con	A04680.xml:/TEI[1]/text[1]/group[1]/text[2]/body[1]/div[2]/div[4]/p[1]/text()[17]; UTF16 offset 63; printed book 2, chapter 4; pb 612 (tcp:12923:315)	The aduersaries were comaunded to shew what Herod had committed contratie to the lawes: First of all they answered, that they found him not a King, but the most cruell tyrant that euer was, and that he murdered many, and	oued his countrey-men, for that they would not be easily gouerned, and by their owne nature would not except they were forced, obey their kings: and he also blamed the kinsmen of Archelaus, who ioined with his accusers. 	DIRECT_ALIGNMENT	HIGH	english-lodge1602-bellum2-unit84	294786	297823	Coarse-unit incipit and adjacent Lodge wording inspected directly against the Cardwell unit opening; the identity is secure. This decision verifies this boundary only.
2	latin-bellum2-num93	6	[93] 3. Sed tum quidem partibus Caesar auditis, conventum diremit. Paucis autem diebus post, mediam regni partem sub .ethnarchiae nomine dedit Archelao : etiam regem, si se dignum praebuisset, facturum esse pollicitus. Reliquam vero dimidiam in duas tetrarchias divisit, duobusque aliis Herodis filiis attribuit : unam Philippo, alteram Antipae, qui cum Archelao de regno certaverat. Hujus parti cesserat trans flumen regio, et Galilaea : quarum duce	A04680.xml:/TEI[1]/text[1]/group[1]/text[2]/body[1]/div[2]/div[4]/p[1]/hi[16]/text()[1]; UTF16 offset 0; printed book 2, chapter 4; pb 613 (tcp:12923:315)	Caesar hauing heard what both parts could say, dismissed the Assembly. And within a few dayes after he gaue Archelaus halfe of the kingdome vnder the title of an Ethnarch, promising him moreouer to make him king, if he b	o distributed that which Herod bequeathed vnto him, amounting vnto a thousand talents, leauing himselfe onely some iewell of small value, which he reserued in honour and remembrance of the dead.\n\n                        	DIRECT_ALIGNMENT	HIGH	english-lodge1602-bellum2-unit93	297823	299759	Coarse-unit incipit and adjacent Lodge wording inspected directly against the Cardwell unit opening; the identity is secure. This decision verifies this boundary only.
2	latin-bellum2-num101	7	[101] CAP. VII. INTEREA quidam juvenis natione Judaeus, apud quendam libertinum Romanorum in Sidoniorum oppido educatus, illum se formae similitudine, quem Herodes necaverat, Alexandrum esse mentitus, fallendi spe Romam venit. Hujus autem facinoris habebat socium quendam gentilem suum, omnes regni actus optime scientem : a quo instructus affirmabat eorum se misericordia, qui sui atque Aristobuli occidendi causa missi fuerant, sinilibus corporibus	A04680.xml:/TEI[1]/text[1]/group[1]/text[2]/body[1]/div[2]/div[5]/p[1]/seg[1]/text()[1]; UTF16 offset 0; printed book 2, chapter 5; pb 613 (tcp:12923:315)	AT the same time a certaine young man, a Iew borne, brought vp by a Libertine of  Rome in the towne of Sidonia, being verie like vnto Alexander whom Herod put  to death, went to Rome, hauing one of his countrimen for his	at an infinite multitude followed him whithersoeuer he went in the streetes, and they so doted vpon him, that they carried him in a horslitter, and at their owne proper cost and charges prepared for him a royall traine.\n	DIRECT_ALIGNMENT	HIGH	english-lodge1602-bellum2-unit101	299759	301109	Boundary checked directly against the surrounding Cardwell and Lodge wording.
2	latin-bellum2-num106	7	[106] 2. Sed Caesar Alexandri vultum optime sciens (accusatus enim apud eum fuerat ab Herode) etsi prius quam videret hominem, fallaciam similitudinis adverterat, hilariori tamen animi spei nonnihil indulgendum putavit, et Celadum quendam, qui Alexandrum bene cognosceret, misit, ut ad se adolescentem deduceret. Qui illo conspecto, statim personae differentiam conjectura deprehendit. Maxime vero, ubi corporis ejus duritiam, et servilem formam cons	A04680.xml:/TEI[1]/text[1]/group[1]/text[2]/body[1]/div[2]/div[5]/p[2]/text()[1]; UTF16 offset 0; printed book 2, chapter 5; pb 613 (tcp:12923:315)	But Caesar well remembred Alexanders visage (for Herod accused him before him) and  although before he saw him he iudged that it was some that presumed because of his likenesse vnto Alexander, to say that hee was the sam	duced him thereto. And as for the Iewes of Milo, he thought that they had punishment sufficient, if they lost all that which they had laid out, and bestowed vpon him.\n\n                        \n                           	DIRECT_ALIGNMENT	HIGH	english-lodge1602-bellum2-unit106	301109	303030	Coarse-unit incipit and adjacent Lodge wording inspected directly against the Cardwell unit opening; the identity is secure. This decision verifies this boundary only.
2	latin-bellum2-num111	7	[111] 3. Ethnarchia vero suscepta, memor discordiae superioris Archelaus, non solum Judaeis, sed etiam Samariensibus crudeliter abusus est. Nonoque principatus sui anno legatis contra se ab utrisque ad Caesarem missis, ipse quidem in exilium pellitur Viennam Galliae civitatem: patrimonium vero ejus fisco Caesaris adjudicatur: quem quidem prius quam evocaretur ad Caesarem, hujuscemodi somnium vidisse commemorant : novem spicas plenas et maximas a 	A04680.xml:/TEI[1]/text[1]/group[1]/text[2]/body[1]/div[2]/div[6]/p[1]/hi[1]/seg[1]/text()[1]; UTF16 offset 0; printed book 2, chapter 6; pb 614 (tcp:12923:316)	ARchelaus being now made Prince, remembred the discord past, and in reuenge thereof he tyrannized not onely ouer the Iewes, but also ouer the Samaritans: and in the ninth yeere of his raigne the Iewes and Samaritans sent	e were eares of corne in number; and then, after he had abidden many mutations he should die. Fiue dayes after this interpretation; Archelaus was sent for to Rome, to answer that before Augustus, whereof he was accused. 	DIRECT_ALIGNMENT	HIGH	english-lodge1602-bellum2-unit111	303030	304237	Coarse-unit incipit and adjacent Lodge wording inspected directly against the Cardwell unit opening; the identity is secure. This decision verifies this boundary only.
2	latin-bellum2-num114	7	[114] 4. Dignum autem memoria duxi, etiam conjugis ejus Glaphyrae somnium, Archelai filiae Cappadocum regis, referre : quam cum Alexander prius habuisset uxorem, frater hujus de quo loquimur, Herodis filius regis, a quo ille interfectus est, sicut jam designavimus, post illius mortem Jubae regi I.ibyae nuptam, eoque defuncto domum reversam, domique apud patrem in viduitate degentem, Ethnarches Archelaus ubi conspexit ad hoc amoris accensus est, u	A04680.xml:/TEI[1]/text[1]/group[1]/text[2]/body[1]/div[2]/div[6]/p[1]/text()[16]; UTF16 offset 25; printed book 2, chapter 6; pb 614 (tcp:12923:316)	I also thought it worth rehearsing to set downe the dreame of his wife Glaphyra daughter to Archelaus king of Cappadocia, who was first married vnto Alexander brother vnto this man, and sonne to king Herod, by whom he wa	mine own brother. I wil not conceale nor dissemble this iniurie which thou dostme, but I will recouer you against your will. And she scarcely liued two dayes after she had recounted this dreame.\n\n                        	DIRECT_ALIGNMENT	HIGH	english-lodge1602-bellum2-unit114	304237	305371	Coarse-unit incipit and adjacent Lodge wording inspected directly against the Cardwell unit opening; the identity is secure. This decision verifies this boundary only.
2	latin-bellum2-num117	8	[117] CAP. VIII. IGITUR Archelai finibus in provinciam redactis, procurator Coponius quidam eques Romanus missus est, ea sibi a Caesare potestate mandata. Hoc disceptante, Galilaeus quidam, Simon nomine, defectionis arguebatur : quia indigenas increparet, si tributum Romanis pendere paterentur, dominosque post Deum ferre mortales. Erat autem propriae sectae sophista, nulla in re similis aliis.	A04680.xml:/TEI[1]/text[1]/group[1]/text[2]/body[1]/div[2]/div[7]/p[1]/seg[1]/text()[1]; UTF16 offset 0; printed book 2, chapter 7; pb 614 (tcp:12923:316)	AFter that Archelaus his dominions were made a prouince, a certaine Roman knight called Coponiu's was made gouernour thereof, receiuing authority from Caesar to punish  and put to death. In his time a Galilaean named Sim	ted his countrimen to reuolt, reprouing them for paying tribute to the Romans, and for being subiect to anie mortall men, but God. This Simon was a Sophister, hauing a sect of his own deuising, nothing like other sects. 	DIRECT_ALIGNMENT	HIGH	english-lodge1602-bellum2-unit117	305371	305818	Boundary checked directly against the surrounding Cardwell and Lodge wording.
2	latin-bellum2-num119	8	[119] 2. Etenim tria sunt apud Judaeos genera philosophiae. Horum unum Pharisaei profitentur, alterum Sadducaei. tertium vero quod etiam probabilius habetur, Esseni colunt, gente quidem Judaei, verum inter se mutuo amore conjunctissimi: et qui praeter caeteros voluptates quidem quasi maleficia vitarent: continentiam vero servare, neque cupiditati succumbere, virtutem maximam ducerent. Itaque nuptias quidem fastidiunt, alienos vero filios, dum adh	A04680.xml:/TEI[1]/text[1]/group[1]/text[2]/body[1]/div[2]/div[7]/p[1]/text()[8]; UTF16 offset 79; printed book 2, chapter 7; pb 614 (tcp:12923:316)	For there are three sects of Philosophers amongst the Iewes, one is that which the Pharisies do follow; another which the Sadduces do follow; the third is that which the Esseans follow, which  is the most famous of the t	                        ; not for that they condemne mariage and propagation of mankind; but for that they thinke men should auoid womens intemperance, for they think that none of them keepe themselues truly to one man. 	DIRECT_ALIGNMENT	HIGH	english-lodge1602-bellum2-unit119	305818	306754	Coarse-unit incipit and adjacent Lodge wording inspected directly against the Cardwell unit opening; the identity is secure. This decision verifies this boundary only.
2	latin-bellum2-num122	8	[122] 3. Quin et divitiarum contemptores sunt, rerumque apud eos communicatio admirationi habetur, neque invenias alteri alterum opulentia praestare : legemque sibi dixerunt, ut qui disciplinam suam sectari vellent, bona contubernio publicarent. Ita enim fore, ne vel paupertatis humilitas, vel divitiarum dignitas appareret: sed permixtis facultatibus, velut inter fratres, unum esset omnium patrimonium. Probro autem ducunt oleum, et si quis vel in	A04680.xml:/TEI[1]/text[1]/group[1]/text[2]/body[1]/div[2]/div[7]/p[1]/text()[14]; UTF16 offset 196; printed book 2, chapter 7; pb 614 (tcp:12923:316)	Also they contemne riches, and all things with them are common, & no man amongst\n\nthem is richer then other. And they haue a law amongst themselues, that whosoeuer will followe  \n                         their sect, he m	t; and all their clothes are white. They haue amongst them procurators, to ouersee and vse all things for their common benefit, and euerie one seeketh the good of all, who are chosen from among them by a common consent. 	DIRECT_ALIGNMENT	HIGH	english-lodge1602-bellum2-unit122	306754	307557	Coarse-unit incipit and adjacent Lodge wording inspected directly against the Cardwell unit opening; the identity is secure. This decision verifies this boundary only.
2	latin-bellum2-num124	8	[124] 4. Non est autem illis una civitas certa, sed in singulas multi domicilia transferunt, et aliunde advenientibus sectae suae professoribus, quicquid habeant, promptum exhibent quasi proprium. Denique tanquam consuetissimi ad eos ingrediuntur, quos nunquam ante viderunt. Hinc est quod cum peregrinantur,' propter latrocinia tantum armentur, neque praeterea quicquam ferant. In singulis autem civitatibus, ex eodem collegio specialis curator hosp	A04680.xml:/TEI[1]/text[1]/group[1]/text[2]/body[1]/div[2]/div[7]/p[1]/text()[19]; UTF16 offset 309; printed book 2, chapter 7; pb 615 (tcp:12923:316)	They haue not one certaine citie, but are in manie cities: and if anie of their sect come vnto them from another place, they giue him any thing they haue, as if he himselfe were owner thereof. And in briefe, they goe bol	 but euery man that hath any thing that another wanteth, giueth him it, and taketh that of him which himselfe needeth: yet euerie one of them may take any thing he hath need of from whom he pleaseth, without any change. 	DIRECT_ALIGNMENT	HIGH	english-lodge1602-bellum2-unit124	307557	308713	Coarse-unit incipit and adjacent Lodge wording inspected directly against the Cardwell unit opening; the identity is secure. This decision verifies this boundary only.
2	latin-bellum2-num128	8	[128] 5. Praecipue circa Deum religiosi sunt. Namque ante solis ortum nihil profani loquuntur, sed ei patria quaedam voto celebrant, quasi ut oriatur precantes. Deinde ad quas venerunt singuli artes, a curatoribus dimittuntur. Cumque ad horam quintam studiose fuerint operati, rursus in unum congregantur: linteisque praecincti velaminibus, ita corpus aquis frigidis abluunt. Atque hac lustratione facta in eadem secreta coeunt, quo neminem alterius 	A04680.xml:/TEI[1]/text[1]/group[1]/text[2]/body[1]/div[2]/div[7]/p[1]/text()[25]; UTF16 offset 377; printed book 2, chapter 7; pb 615 (tcp:12923:316)	Aboue all, towards God they are verie religious: for before the sunne rise they haue no profane talke, but they make certain vowes & praiers after the custome of their countrie, as it were, praying  that it may rise vpon	eake in his turne: so that they who are without the house esteeme their silence as some sacred mysterie. The cause hereof is their continuall sobrietie, and that euerie one is limited howe much he should eate or drinke. 	DIRECT_ALIGNMENT	HIGH	english-lodge1602-bellum2-unit128	308713	310289	Coarse-unit incipit and adjacent Lodge wording inspected directly against the Cardwell unit opening; the identity is secure. This decision verifies this boundary only.
2	latin-bellum2-num134	8	[134] 6. Sed quamvis aliarum rerum nihil sine praecepto faciunt curatoris, tamen in his duobus, hoc est juvando et miserendo, sui juris sunt. Nam et subvenire dignis, cum opus est, suo arbitrio cuique licet, et indigentibus alimenta porrigere. Sane cognatis dare aliquid sine curatoribus, interdictum. Iidem iracundiae moderatores justi sunt, indignationem cohibent, fidem tuentur, paci obsecundant : et omne quod dixerint, jurejurando fortius habent	A04680.xml:/TEI[1]/text[1]/group[1]/text[2]/body[1]/div[2]/div[7]/p[1]/text()[32]; UTF16 offset 383; printed book 2, chapter 7; pb 615 (tcp:12923:316)	And although that in all other matters they are ruled by their gouernour, yet in these two, to wit compassionating and helping, they may doe as they thinke good: for euerie one may when hee  pleaseth helpe those whom he 	riters, chiefly gathering out of their writings, what is most conuenient for the soule and the body. Out of them they learne remedies for diseases, and medicinable hearbes, and what is the proper effect of euerie stone. 	DIRECT_ALIGNMENT	HIGH	english-lodge1602-bellum2-unit134	310289	311260	Coarse-unit incipit and adjacent Lodge wording inspected directly against the Cardwell unit opening; the identity is secure. This decision verifies this boundary only.
2	latin-bellum2-num137	8	[137] 7. Sectae vero suae studiosis non statim cum eis una collectio. sed per annum integrum extrinsecus commoranti cuique eundem victus ordinem tribuunt, dolabellam quoque, et quod praedictum est perizoma, et albam vestem tradentes. Cum vero processu temporis experimentum continentiae dederit, accedit etiam ad communem cibum: et purioribus, ob castificationem scilicet, aquis participat: neque tamen in convictum assumitur. Post ostensionem quippe	A04680.xml:/TEI[1]/text[1]/group[1]/text[2]/body[1]/div[2]/div[7]/p[1]/text()[36]; UTF16 offset 218; printed book 2, chapter 7; pb 615 (tcp:12923:316)	Those who are desirous to be of their order, do not straightway conuerse with them, but for a yeare before they liue out of their Colledge, and haue the same diet, giuing them also a little hatchet, and such a girdle, as	hich they haue receiued; and that they will auoide theft, and diligently keepe the bookes of their doctrine, and the names of Angels. And with these oaths they trie, and as it were arme those who enter into their order. 	DIRECT_ALIGNMENT	HIGH	english-lodge1602-bellum2-unit137	311260	313222	Coarse-unit incipit and adjacent Lodge wording inspected directly against the Cardwell unit opening; the identity is secure. This decision verifies this boundary only.
2	latin-bellum2-num143	8	[143] 8. Deprehensos vero in peccatis a sua congregatione depellunt : et qui taliter fuerit condemnatus, miserabili plerunque morte consumitur. Illis quidem sacramentis, ac ritibus obligatus, neque capere ab aliis oblatum cibum potest. herbas vero pecudum more decerpens, et fame exesus per membra corrumpitur. Ob quod etiam plurimos plerumque miserati, extremum spiritum agentes receperunt : sufficientem pro peccatis eorum quae usque ad mortem addu	A04680.xml:/TEI[1]/text[1]/group[1]/text[2]/body[1]/div[2]/div[7]/p[1]/text()[44]; UTF16 offset 119; printed book 2, chapter 7; pb 616 (tcp:12923:317)	Those of their congregation, who shall be condemned; they thrust out of their companie: and whosoeuer is so punished, for the most part dieth a miserable death; for hauing once taken this oath, it is not lawfull for him 	 with compassion, receiue many into their order againe, euen readie by famine to yeeld vp the ghost, iudging them to haue endured penance inough for their offences, who with famine were almost brought vnto deaths doore. 	DIRECT_ALIGNMENT	HIGH	english-lodge1602-bellum2-unit143	313222	313807	Coarse-unit incipit and adjacent Lodge wording inspected directly against the Cardwell unit opening; the identity is secure. This decision verifies this boundary only.
2	latin-bellum2-num145	8	[145] 9. In judiciis vero sunt diligentissimi atque justissimi. Disceptant autem non minus quam centum in unum coacti : quod autem his decretum fuerit, immobile manet. Veneratio quoque apud eos post Deum magna legislatoris est: ita ut si quis eum blasphemaverit, morte damnetur. Senibus vero obedire et plurium quorumque decreto, probabile arbitrantur officium. Cum simul denique sederint decem, nullus unus novem loquitur invitis. Expuere quoque in 	A04680.xml:/TEI[1]/text[1]/group[1]/text[2]/body[1]/div[2]/div[7]/p[1]/text()[46]; UTF16 offset 236; printed book 2, chapter 7; pb 616 (tcp:12923:317)	They are verie seuere, and iust in their iudgement; and to decide any matter, there is neuer fewer of them then a hundreth, and that which by them is agreed vpon, is an irreuocable sentence. Next after God they reuerence	ordure with the earth they took out of the pit: & this they do in most secret places.\nAnd although this purging of their bodies be naturall, yet do they by washing purifie themselues after it, as after great vncleannes. 	DIRECT_ALIGNMENT	HIGH	english-lodge1602-bellum2-unit145	313807	315164	Coarse-unit incipit and adjacent Lodge wording inspected directly against the Cardwell unit opening; the identity is secure. This decision verifies this boundary only.
2	latin-bellum2-num150	8	[150] 10. Discernuntur autem inter se, secundum susceptae abstinentiae tempora, in ordines quatuor: tantumque hi qui juniores sunt, inferiores praecedentibus aestimantur, ut si aliquos eorum contigerint, quasi a contrectatu alienigenae diluantur. Vivunt autem quam longissime, ita ut plurimi eorum usque ad centenariam proferantur aetatem, propter simplicitatem victus, ut equidem puto, et institutionem bene in omnibus ordinatam. Sunt etiam contempt	A04680.xml:/TEI[1]/text[1]/group[1]/text[2]/body[1]/div[2]/div[7]/p[2]/text()[2]; UTF16 offset 44; printed book 2, chapter 7; pb 616 (tcp:12923:317)	Furthermore they amongst themselues are deuided into foure orders, according to the times which they haue taken to follow this exercise of life: and they who are iuniors, are so farre different from the seniors, that if 	or shew any sorrow amidst their torments. Nay in the verie midst of their griefes and paines they scoffed at their tormenters, and laughing ioyfully yeelded vp their soules, as though they hoped to receiue them  againe. 	DIRECT_ALIGNMENT	HIGH	english-lodge1602-bellum2-unit150	315164	316387	Coarse-unit incipit and adjacent Lodge wording inspected directly against the Cardwell unit opening; the identity is secure. This decision verifies this boundary only.
2	latin-bellum2-num154	8	[154] 11. Opinio quippe apud illos firmata consistit, corruptibilia quidem esse corpora, materiamque eorum non esse perpetuam : animas autem immortales semper manere, et de aethere subtilissimo commeantes, quasi carceribus ita corporibus implicari, velut quas illecebra naturalis attraxerit. Cum vero fuerint a carnalibus relevatae vinculis, quasi de servitute longissima liberatas, ita ilico laetari eas, sublimesque ferri. Et quidem bonas concinent	A04680.xml:/TEI[1]/text[1]/group[1]/text[2]/body[1]/div[2]/div[7]/p[2]/text()[10]; UTF16 offset 9; printed book 2, chapter 7; pb 616 (tcp:12923:317)	For it is an opinion amongst them, that the bodie is corruptible, and that the matter thereof is not perpetual: but yet the soule remaines for euer immortall, who passing out of a most pure and subtile ayre, wrap themsel	if they continue in wickednes they shall endure. This is the Esseans Philosophie touching the immortalitie of the soule, wherein they propose an\n\nineuitable allurement to those who haue once tasted of their Philosophie. 	DIRECT_ALIGNMENT	HIGH	english-lodge1602-bellum2-unit154	316387	318042	Coarse-unit incipit and adjacent Lodge wording inspected directly against the Cardwell unit opening; the identity is secure. This decision verifies this boundary only.
2	latin-bellum2-num159	8	[159] 12. Sunt autem in eis qui etiam futura nosse promittant, sacris videlicet libris, et variis sanctificationibus, prophetarumque dictis a primis aetatibus adhaerentes : raro autem accidit ut praedictiones eorum frustratio consequatur.	A04680.xml:/TEI[1]/text[1]/group[1]/text[2]/body[1]/div[2]/div[7]/p[2]/text()[21]; UTF16 offset 75; printed book 2, chapter 7; pb 617 (tcp:12923:317)	There are also some  \n                         amongst them, who promise to foretell things to come, who from their tender age haue studied and followed holy bookes, diuers purifications and sayings of the Prophets: and 	             amongst them, who promise to foretell things to come, who from their tender age haue studied and followed holy bookes, diuers purifications and sayings of the Prophets: and their diuination seldome faileth.\n	DIRECT_ALIGNMENT	HIGH	english-lodge1602-bellum2-unit159	318042	318296	Boundary checked directly against the surrounding Cardwell and Lodge wording.
2	latin-bellum2-num160	8	[160] 13. Est autem aliud etiam Essenorum collegium, cibos quidem et mores legesque similes cum prioribus habens, distans vero opinione de conjugio. Maximam siquidem vitae hominum partem, successionem scilicet, amputare eos qui abstineant nuptiis arbitrantur: quippe si in eandem velint omnes ire sententiam, defecturum confestim genus humanum. Nihilominus autem cum tanta ipsi moderatione conveniunt, ut per triennium explorent valetudinem foeminaru	A04680.xml:/TEI[1]/text[1]/group[1]/text[2]/body[1]/div[2]/div[7]/p[3]/text()[1]; UTF16 offset 0; printed book 2, chapter 7; pb 617 (tcp:12923:317)	There is another colledge of these Esseans agreeing with the former, both in apparrell, meat, and kind of life, and obserue the same lawes and ordinances; onely they differ in the opinion of marriage, affirming that they	  with child, to shew that they do not marry to satisfie lust, but for to haue children. When their wiues wash themselues they are couered with a garment as the men are, and this is the manner  and custome of this sect. 	DIRECT_ALIGNMENT	HIGH	english-lodge1602-bellum2-unit160	318296	319183	Boundary checked directly against the surrounding Cardwell and Lodge wording.
2	latin-bellum2-num162	8	[162] 14. Duorum autem priorum ordinum, Pharisaei dicuntur, qui certiorem legalium rituum notitiam profitentur: et hi primum dogma habent, ut fato et Deo universa deputent : et quidem vel agere quae justa sunt, vel negligere, secundum a. majorem partem esse in hominibus profitentur: adjuvare tamen in singulis et fatum. Animam autem omnem quidem incorruptam esse, transire autem in alia corpora solas bonorum, improborum vero interminabili supplicio	A04680.xml:/TEI[1]/text[1]/group[1]/text[2]/body[1]/div[2]/div[7]/p[3]/text()[4]; UTF16 offset 27; printed book 2, chapter 7; pb 617 (tcp:12923:317)	Of the two former sects; the Pharisees are said to be most skilfull in interpreting the law, and are of opinion that all things are to be attributed to God, and Fate: and that euerie man may of his owne power doe good or	s vncourteous to their owne sect as to straungers. This is all which I haue to speake concerning the Philosophers amongst the Iewes. Now I will returne to my purpose.\n\n                        \n                           	DIRECT_ALIGNMENT	HIGH	english-lodge1602-bellum2-unit162	319183	320325	Coarse-unit incipit and adjacent Lodge wording inspected directly against the Cardwell unit opening; the identity is secure. This decision verifies this boundary only.
2	latin-bellum2-num167	9	[167] CAP. IX. . ARCHELAI ethnarchia in provinciam redacta, reliqui, id est, Philippus et Herodes, qui cognominabatur Antipas, tetrarchias suas regebant. Salome enim moriens Juliae Augusti conjugi toparchiam quam rexerat, et Jamniam, et in Phasaelide palmeta testamento reliquit. Delato autem ad Tiberium Juliae filium Romano imperio, post mortem scilicet Augusti, qui praefuit rebus annis septem et quinquaginta, mensibus sex, diebus duobus, manente	A04680.xml:/TEI[1]/text[1]/group[1]/text[2]/body[1]/div[2]/div[8]/p[1]/hi[1]/seg[1]/text()[1]; UTF16 offset 0; printed book 2, chapter 8; pb 617 (tcp:12923:317)	ARchelaus his Ethnarchie being now made a prouince, the rest of his brethren, to wit Philip \n                         and Herode who was surnamed Antipas, gouerned their Tetrarchies. And Salome dying left vnto Iulia by h	nd called it Caesarea; and another he built in the lower part of Gaulanitis, and named it Iulias. Herode in Galilee built the Citie called Tiberias, and another in Peraea on this side Iordan, which also he named Iulias. 	DIRECT_ALIGNMENT	HIGH	english-lodge1602-bellum2-unit167	320325	321159	Boundary checked directly against the surrounding Cardwell and Lodge wording.
2	latin-bellum2-num169	9	[169] 2. Missus autem a Tiberio in Judaeam Pilatus, cum curandam accepisset regionem, nocte intempesta opertas in Hierosolymam intulit imagines Caesaris, quae res post triduum ingentem inter Judaeos suscitavit tumultum : nam qui aderant stupore permoti sunt, quasi jam profanatas leges suas viderent. Nullum enim fas esse collocari in urbe simulacrum. Ad querelam autem eorum qui in civitate erant, subito etiam ex agris multitudo confluxit. Euntes a	A04680.xml:/TEI[1]/text[1]/group[1]/text[2]/body[1]/div[2]/div[8]/p[1]/hi[12]/text()[1]; UTF16 offset 0; printed book 2, chapter 8; pb 617 (tcp:12923:317)	Pilate being sent by Tiberius to be gouernour ouer the Iewes, caused in the night time the statua of Caesar to be brought into Ierusalem couered: which thing within three daies after caused a great tumult among the Iewes	and that the law of their countrey might remaine inuiolated. When Pilate denied their suit, they prostrated themselues before his house, and there remained lying vpon their faces, for fiue daies and nights neuer mouing. 	DIRECT_ALIGNMENT	HIGH	english-lodge1602-bellum2-unit169	321159	322045	Coarse-unit incipit and adjacent Lodge wording inspected directly against the Cardwell unit opening; the identity is secure. This decision verifies this boundary only.
2	latin-bellum2-num172	9	[172] 3. Post autem Pilatus tribunal ascendens, studio magno convocat multitudinem Judaeorum, quasi qui eis vellet dare responsum : cum subito milites accepto signo (sic enim jam fuerat praeparatum) armati circunsteterunt Judaeos: circundataque triplici acie, Judaei quidem stuporis erant pleni, videntes insperatam rerum faciem. Tunc Pilatus denuncians trucidaturum se omnes, nisi imagines Caesaris susciperent, annuit militibus ut educerent gladios	A04680.xml:/TEI[1]/text[1]/group[1]/text[2]/body[1]/div[2]/div[8]/p[1]/text()[24]; UTF16 offset 148; printed book 2, chapter 8; pb 617 (tcp:12923:317)	Afterward Pilate sitting in his tribunall seat was verie carefull to call all the Iewes togither before him, as though there he would haue giuen them an answere: when vpon the sodain a company of armed souldiers (for so 	would rather lose their liues, then suffer their religion to be prophaned. Then Pilate admiring the constancy of the people in their religion, presently commaunded the statuaes to be taken out of the citie of Ierusalem.\n	DIRECT_ALIGNMENT	HIGH	english-lodge1602-bellum2-unit172	322045	322962	Coarse-unit incipit and adjacent Lodge wording inspected directly against the Cardwell unit opening; the identity is secure. This decision verifies this boundary only.
2	latin-bellum2-num175	9	[175] 4. Deinde vero conturbationem alteram commovebat. Est apud eos sacer thesaurus quem Corban dicunt, hunc ad inductionem aquarum jussit expendere, erat autem inducenda aqua ab stadiis trecentis. ob hoc itaque vulgi oriebantur querelae : ita ut etiam Pilati, qui Hierosolymam venerat, cum clamore circumdarent tribunal. Ille autem praeviderat tumultum eorum : siquidem populo permiscuit armatos milites, qui tunc essent privatorum vestibus induti:	A04680.xml:/TEI[1]/text[1]/group[1]/text[2]/body[1]/div[2]/div[8]/p[2]/text()[1]; UTF16 offset 0; printed book 2, chapter 8; pb 617 (tcp:12923:317)	After this he caused another tumult amongst them, for they haue a sacred treasure called\n\nCorban, which Pilate vsed to bring water in vnto the Citie, foure hundreth furlongs off: for this  \n                         cause	em, partly with blowes, and partly troden vpon by the multitude, died miserably. The multitude amazed a\n                           •…\n                         the calamitie of those that were slaine, held their tongues. 	DIRECT_ALIGNMENT	HIGH	english-lodge1602-bellum2-unit175	322962	323908	Coarse-unit incipit and adjacent Lodge wording inspected directly against the Cardwell unit opening; the identity is secure. This decision verifies this boundary only.
2	latin-bellum2-num178	9	[178] 5. Atque ob hoc accusator Herodis tetrarchae Agrippa, qui fuit filius Aristobuli, quem pater Herodes interfecit, ad Tiberium venit. Illo autem non suscipiente accusationem, residens Romae et reliquorum quidem potentium notitias ambiebat : maximis autem colebat officiis Germanici filium Caium, cum adhuc esset privatus. Et quodam die inter copiosum epularum apparatum, quibus eum demerebatur, ad ultimum extensis manibus, aperte Deum coepit pre	A04680.xml:/TEI[1]/text[1]/group[1]/text[2]/body[1]/div[2]/div[8]/p[2]/text()[11]; UTF16 offset 62; printed book 2, chapter 8; pb 618 (tcp:12923:318)	For this cause Agrippa sonne to Herod the Tetrarch, whose father Aristobulus Herode the King put to death, went to Rome, and accused him to Caesar. Tyberius not admitting his accusation, he remained still at Rome, and so	ll the world. Tyberius hauing notice here of by one of his familiar friends, caused Agrippa to be imprisoned; where he endured a hard and streight imprisonment, vntill the death of Tyberius, which was six moneths after. 	SUBSTANTIVE_ALIGNMENT	HIGH	english-lodge1602-bellum2-unit178	323908	324674	Agrippa's accusation and Roman residence securely identify II.178, but Lodge calls him son to Herod the Tetrarch before naming Aristobulus as his father. Preserve the genealogy as transmitted; comparison with the print is needed before alleging TCP error.
2	latin-bellum2-num181	9	[181] 6. Sed defuncto eo, post regnum annorum duorum et viginti, sex mensium, trium dierum, succedens in imperium C. Caesar absolvit Agrippam vinculis, et tetrarchiam Philippi (jam enim is decesserat) ei tradidit, regemque appellavit. Cum venisset autem in regnum Agrippa, Herodis tetrarchae cupiditates per invidiam suscitavit. Irritabat autem eum maxime in spem regni Herodias uxor, exprobrans ei socordiam, et dicens, quia per id quod moluerat ad 	A04680.xml:/TEI[1]/text[1]/group[1]/text[2]/body[1]/div[2]/div[8]/p[2]/text()[25]; UTF16 offset 30; printed book 2, chapter 8; pb 618 (tcp:12923:318)	After he was dead (hauing raigned 22. yeares, sixe moneths, and three dayes) Caius Caesar who succeeded him in the Empire, freed him from prison, and gaue him the Tetrarchie of  \n                        Philip, who was n	d into Spaine; for Agrippa followed him to Rome to accuse him before Caesar: and Caius gaue vnto him Herods Tetrarchie. And so Herod remained in Spaine with his wife.\n\n                        \n                           	DIRECT_ALIGNMENT	HIGH	english-lodge1602-bellum2-unit181	324674	325663	Coarse-unit incipit and adjacent Lodge wording inspected directly against the Cardwell unit opening; the identity is secure. This decision verifies this boundary only.
2	latin-bellum2-num184	10	[184] CAP. X. CAIUS vero Caesar in tantum contumeliose abusus est fortuna, ut etiam et Deum se putaret, et vellet vocari. Patriam quoque suam multorum nobilium caede truncavit. Extendit autem impietatem suam etiam in Judaeam : Petronium denique cum exercitu Hierosolymam misit, praecipiens ut in templo statuas ejus locaret : quas nisi susciperent Judaei, contradicentes quidem ex his interficeret, reliquam vero multitudinem captivaret. Permovebat a	A04680.xml:/TEI[1]/text[1]/group[1]/text[2]/body[1]/div[2]/div[9]/p[1]/hi[1]/seg[1]/text()[1]; UTF16 offset 0; printed book 2, chapter 9; pb 618 (tcp:12923:318)	CAius Caesar so abused himselfe and his autoritie, that he would be thought to bee a God,  \n                         & be so called. Also he put many Noble men of his countrie to death. He likewise extended his impietie 	ereof: and they \n                           •…\n                        at beleeued it, could not bethinke themselues of anie meanes to resist. Sodainly all were in a great feare: for the armie was now come to Ptolemais, 	DIRECT_ALIGNMENT	HIGH	english-lodge1602-bellum2-unit184	325663	326648	Boundary checked directly against the surrounding Cardwell and Lodge wording.
2	latin-bellum2-num188	10	[188] 2. Est autem haec civitas Galilaeae littore in magno camP0 sita: circundatur autem montibus ab Orientali plaga per sexaginta stadia disparatis, sed ad Galilaeam pertinentibus: * meridiana autem Carmelo, qui abest stadiis centum viginti: * Septentrionali quoque monte qui est altissimus, quem vocan' incolae Scalam Tyriorum : et hic autem distat stadiis centum. Ab ea autem urbe distans duobus stadiis praeterlabitur fluvius, quem vocant Beleum,	A04680.xml:/TEI[1]/text[1]/group[1]/text[2]/body[1]/div[2]/div[9]/p[1]/text()[12]; UTF16 offset 1; printed book 2, chapter 9; pb 618 (tcp:12923:318)	which Citie is situate by the sea shore in Galilee in a large field, and on the East side it is compassed about with mountaines,  \n                         distant from it threescore furlongs, which appertaine vnto Galil	 is more to be wondered at, is, that the sand being turned into glasse, if afterward any part thereof be cast vpon the brinke of this place, it is againe turned into ordinarie sand. And this is the nature of that place.\n	DIRECT_ALIGNMENT	HIGH	english-lodge1602-bellum2-unit188	326648	328083	Boundary checked directly against the surrounding Cardwell and Lodge wording.
2	latin-bellum2-num192	10	[192] 3. Judaei autem cum mulieribus et filiis collecti in campum, in quo est sita Ptolemaeis, Petronio supplicabant, principio ob patrias leges, deinceps vero etiam pro suo statu. Ille autem ob multitudinem precantium et precum inflexus, exercitum quidem et statuas in Ptolemaide reliquit : procedens autem in Galilaeam, et convocans in Tiberiadem tam populum Judaeorum quam omnes eorum nobiles, et vim Romani exercitus coepit exponere, et minas Cae	A04680.xml:/TEI[1]/text[1]/group[1]/text[2]/body[1]/div[2]/div[9]/p[2]/text()[1]; UTF16 offset 0; printed book 2, chapter 9; pb 618 (tcp:12923:318)	Now the Iewes with their wiues & children gathered themselues together in the field where the Citie Ptolemais is situate, and humbly besought Petronius, first not to violate their countrie\n\nlawes: and next, to be good vn	r  the dominion of the Romans (the Iewes onely excepted) had alreadie placed Caesars statuaes in their Temples amongst the rest of their Gods: & herein they did as it were reuolt frō the Empire, & iniure the President. 	DIRECT_ALIGNMENT	HIGH	english-lodge1602-bellum2-unit192	328083	328994	Coarse-unit incipit and adjacent Lodge wording inspected directly against the Cardwell unit opening; the identity is secure. This decision verifies this boundary only.
2	latin-bellum2-num195	10	[195] 4. Illis vero contra haec legem moresque patrios allegantibus-: et quia ne Dei quidem simulacrum, nedum hominis, nec solum in templo, sed neque in profano aliquo totius regionis loco fas sibi esset locare : arripiens dictum Petronius, respondit : Sed et mihi mei domini lex servanda est. si eam quippe transgrediar, vobisque parcam, juste animadversionem subibo. Impugnabit sane vos non Petronius, sed ille a quo sum missus, nam et ipse aeque a	A04680.xml:/TEI[1]/text[1]/group[1]/text[2]/body[1]/div[2]/div[9]/p[2]/text()[13]; UTF16 offset 37; printed book 2, chapter 9; pb 619 (tcp:12923:318)	They answered, that it was against their lawes & custom of their country: for it was not lawfull for them to haue the image of God, much lesse the image of a man; and that they were not only forbidden by the law, to haue	etronius greatly maruelled, being moued to compassion when he beheld the constancie of the Iewes in their religion,  and so great a multitude prepared to die for it. And for that time they departed, nothing being  done. 	DIRECT_ALIGNMENT	HIGH	english-lodge1602-bellum2-unit195	328994	330326	Coarse-unit incipit and adjacent Lodge wording inspected directly against the Cardwell unit opening; the identity is secure. This decision verifies this boundary only.
2	latin-bellum2-num199	10	[199] 5. Postridie autem ac deinceps summates eorum privatin viritimque compellans, populum quoque publice alloquens, nunc quasi consulens admonebat, interdum etiam minabatur, extollens et virtutem Romanam et indignationem Caesaris: inter haec etiam suam necessitatem, cui essent exequenda praecepta. Sed illis ad nulla horum experimenta cedentibus, cum videret etiam sementem regionis intercipi (ipsum quidem anni tempus erat, et quinquaginta pene c	A04680.xml:/TEI[1]/text[1]/group[1]/text[2]/body[1]/div[2]/div[9]/p[2]/text()[23]; UTF16 offset 7; printed book 2, chapter 9; pb 619 (tcp:12923:318)	The next day following he assembled onely the Nobilitie of the Iewes, one by one, compelling them to accord to Caesars commaund, and spake publikely to the people, sometime admonishing them, otherwhile threatning them, a	 of Caius his death, had a prosperous wind; so Petronius receiued the letters of Caius Caesars death twentie and seuen dayes before the other threatning letters came.\n\n                        \n                           	DIRECT_ALIGNMENT	HIGH	english-lodge1602-bellum2-unit199	330326	332195	Coarse-unit incipit and adjacent Lodge wording inspected directly against the Cardwell unit opening; the identity is secure. This decision verifies this boundary only.
2	latin-bellum2-num204	11	[204] CAP. XI. CAIO per dolum interempto, qui regnaverat annis tribus, mensibus sex, rapitur in regnum ab eo exercitu, qui Romae erat, Claudius. Senatus autem, referentibus consulibus Sentio Saturnino et Pomponio Secundo, mandat tribus cohortibus urbanis, ut essent praesidio civitati, et ipse frequens in Capitolium convenit: et propter immanitatem Caii, bellum agi cum Claudio decernebat, volens imperium ad optimates reducere : ut sicut olim ad re	A04680.xml:/TEI[1]/text[1]/group[1]/text[2]/body[1]/div[2]/div[10]/p[1]/hi[1]/seg[1]/text()[1]; UTF16 offset 0; printed book 2, chapter 10; pb 619 (tcp:12923:318)	CAius Caesar being slaine by treason when he had raigned three yeares and sixe moneths,  \n                        Claudius was made Emperour by the armie which was at Rome. The Senate by the instigation of the Consuls Se	nd for Caius Caesars crueltie they determined to fight against Claudius, intending to reduce the Empire to the ancient gouernmēt, that as before time, so for euer after, those shuld  rule that the Senate iudged worthy. 	DIRECT_ALIGNMENT	HIGH	english-lodge1602-bellum2-unit204	332195	332778	Boundary checked directly against the surrounding Cardwell and Lodge wording.
2	latin-bellum2-num206	11	[206] 2. Accidit interim, ut Agrippa adveniret : quem cum et senatus in concilium, in castra Claudius evocasset, ut scilicet eo strenuo adjutore uteretur in quibus res posceret, videns Agrippa Claudium jam esse opibus Caesarem, ad eum perrexit : quem ille ilico legatum ad senatum misit, indicantem suum propositum, quoniam primo quidem invitus ab exercitu raptus sit, et iniquum esse, si militum erga se studia tam religiosa desereret, imo tutam ali	A04680.xml:/TEI[1]/text[1]/group[1]/text[2]/body[1]/div[2]/div[10]/p[1]/text()[12]; UTF16 offset 37; printed book 2, chapter 10; pb 619 (tcp:12923:318)	It chanced that at this time Agrippa came to Rome, and the Senate sent vnto him, requesting him to come and be one of their Councell. Claudius also desired him to take part with the armie, intending to vse his helpe wher	 without the common consent of them all. And although he was not naturally inclined to modest and curteous behauiour, yet he had a sufficient example to beware that he abused not  his authoritie, by Caius Caesars death. 	DIRECT_ALIGNMENT	HIGH	english-lodge1602-bellum2-unit206	332778	333953	Coarse-unit incipit and adjacent Lodge wording inspected directly against the Cardwell unit opening; the identity is secure. This decision verifies this boundary only.
2	latin-bellum2-num209	11	[209] 3. Quae cum detulisset Agrippa, respondit senatus, quasi qui militi suo bonisque consiliis fideret, nolle se subire voluntariam servitutem. Sed accepto patrum responso, Claudius rursus misit Agrippam, nunciantem eis, se non posse adduci, ut eos proderet, quorum consensu in imperium esset accitus. Invitum autem se initurum esse pugnam adversus eos, cum quibus confligere minime vellet: proinde eligendum esse locum extra civitatem in quo confl	A04680.xml:/TEI[1]/text[1]/group[1]/text[2]/body[1]/div[2]/div[10]/p[1]/hi[12]/text()[1]; UTF16 offset 0; printed book 2, chapter 10; pb 620 (tcp:12923:319)	Agrippa bare this message to the Senate, who answered (as though they trusted vnto their souldiers and learned Counsell) that they would not thrust themselues into wilfulbondage. Claudius receiuing this answer, sent Agri	use a place out of the Citie for the battell to be fought in: for it stood with no reason to deface the Citie with ciuill wars and massacres for the obstinacie of some few. Agrippa did also this message vnto the Senate: 	DIRECT_ALIGNMENT	HIGH	english-lodge1602-bellum2-unit209	333953	334616	Coarse-unit incipit and adjacent Lodge wording inspected directly against the Cardwell unit opening; the identity is secure. This decision verifies this boundary only.
2	latin-bellum2-num211	11	[211] 4. Inter haec unus ex illis militibus, qui cum patribus erant, educens gladium, Commilitones, inquit, quibus perturbati causis parricidia perpetrare cupimus, et concurrere adversus propinquos nostros Claudium secutos ? maxime cum habeamus Imperatorem quem in nulla re culpare possimus, et ad quem cum justis magis allegationibus, quam cum armis egredi debeamus. Haec dicens, per mediam egressus est curiam, omnibus se militibus consecutis. Hoc 	A04680.xml:/TEI[1]/text[1]/group[1]/text[2]/body[1]/div[2]/div[10]/p[1]/text()[31]; UTF16 offset 40; printed book 2, chapter 10; pb 620 (tcp:12923:319)	and one of the souldiers that were for the Senate drew his sword, and said, Fellow souldiers, what should moue vs to massacre our friends, and kinred, and parents, who follow Claudius, especially seeing wee haue an Emper	e matter, saying, that if he did not presently appease the souldiers furie, now raging against the Citizens, that all his Nobilitie would presently be extinguished, and he should be left an Emperour of a desolate place. 	DIRECT_ALIGNMENT	HIGH	english-lodge1602-bellum2-unit211	334616	335809	Coarse-unit incipit and adjacent Lodge wording inspected directly against the Cardwell unit opening; the identity is secure. This decision verifies this boundary only.
2	latin-bellum2-num214	11	[214] 5. Haec audiens Claudius, continuit militum impetum. Suscepit autem in castris advenientem senatum, et indulgenti honore complexus, egressus cum patribus confestim obtulit Deo hostias, ut mos est pro Imperio supplicari. Agrippam quoque protinus donat regno paterno universo, adjiciens ei etiam illa quae Augustus Herodi donaverat, Trachonitidem scilicet et Auranitidem : praeter haec autem aliud quoque regnum, quod Lysaniae vocabatur. Et popul	A04680.xml:/TEI[1]/text[1]/group[1]/text[2]/body[1]/div[2]/div[10]/p[2]/text()[9]; UTF16 offset 245; printed book 2, chapter 10; pb 620 (tcp:12923:319)	When Claudius heard this, hee repressed the souldiers furie, and verie honourably receiued the Senate into his campe, and went forth presently  with them, and offered sacrifice to God, as the maner is, for the good estat	 the Senate to engraue that donation in brasen tables, and to place  it in the Capitoll. Moreouer he rewarded his brother Herod, who was his kinsman, with the kingdome of Chalcis, and married him to the Queene Berenice. 	DIRECT_ALIGNMENT	HIGH	english-lodge1602-bellum2-unit214	335809	336556	Coarse-unit incipit and adjacent Lodge wording inspected directly against the Cardwell unit opening; the identity is secure. This decision verifies this boundary only.
2	latin-bellum2-num218	11	[218] 6. Opinione autem celerius Agrippae dati regni census maximus affluebat : qua sane pecunia non ille in rebus exiguis abutebatur, sed talem murum Hierosolymis circundare coepit, qualis, si potuisset absolvi, irritam prorsus obsidionem Romanis oppugnantibus effecisset. Sed antequam impleret opus, decessit in Caesarea. Regnavit autem annis tribus. Ante quoque cum tetrarchiam regeret, aliis tribus annis tenuerat potestatem. Reliquit filias tres	A04680.xml:/TEI[1]/text[1]/group[1]/text[2]/body[1]/div[2]/div[10]/p[2]/hi[10]/text()[1]; UTF16 offset 10; printed book 2, chapter 10; pb 620 (tcp:12923:319)	Agrippa receiued greater reuenues of his kingdome then he could desire, which he spent not vainly, but in building such a wall about Ierusalem, as had he finished it, the Romans could neuer haue taken it: but before  he 	nd these were the posterity of Aristobulus king Herods sonne, and Herod had Alexander and Aristobulus by Mariamme, whom he put to death: but Alexanders posteritie raigned in the greater Armenia.\n\n                        	DIRECT_ALIGNMENT	HIGH	english-lodge1602-bellum2-unit218	336556	337807	Coarse-unit incipit and adjacent Lodge wording inspected directly against the Cardwell unit opening; the identity is secure. This decision verifies this boundary only.
2	latin-bellum2-num223	12	[223] CAP. XII. POST obitum autem Herodis, qui regnavit in Chalcide, Claudius Agrippam filium Agrippae in patrui sui regno constituit. Alterius autem provinciae suscepit curam post Alexandrum Cumanus, sub quo oriri coeperunt tunmultus, et denuo Judaeos calamitas comprehendit. Conveniente quippe multitudine ad diem festum azymorum in Hierosolymam, stante cohorte Romana super porticum templi (armati quippe milites semper custodiebant festos dies, n	A04680.xml:/TEI[1]/text[1]/group[1]/text[2]/body[1]/div[2]/div[11]/p[1]/seg[1]/text()[1]; UTF16 offset 0; printed book 2, chapter 11; pb 620 (tcp:12923:319)	AFter the death of Herode who raigned in Chalcis, Claudius created Agrippa the sonne of the former Agrippa, king of Chalcis in his vncles kingdome: and Cumanus was  made ruler of the other prouince after Alexander, vnder	ple, and there was such a throng that as they rushed out to flie, aboue tenne thousand people were prest and troden to death: so that this festiuall day was turned into wofull lamentations and mournings in euerie place. 	DIRECT_ALIGNMENT	HIGH	english-lodge1602-bellum2-unit223	337807	339244	Boundary checked directly against the surrounding Cardwell and Lodge wording.
2	latin-bellum2-num228	12	[228] 2. Successit autem huic calamitati latrocinantium tumultus. Juxta Bethoron quippe, per viam publicam, Stephanus quidam servus Caesaris supellectilem quandam vehebat, quae ab irruentibus latronibus direpta est. Cumanus autem ad inquisitionem mittens eos, qui in proximis vicis essent, vinctos ad se adduci jussit, objiciens quod latrones illos non comprehendissent : qua occasione quidam militum in vico quodam libros sacrae legis offensos disci	A04680.xml:/TEI[1]/text[1]/group[1]/text[2]/body[1]/div[2]/div[11]/p[1]/text()[17]; UTF16 offset 434; printed book 2, chapter 11; pb 621 (tcp:12923:319)	This calamitie was encreased afterward by a company of theeues:  for neere Bethoron one Stephanus seruant vnto Caesar, caried some household stuff, which the theeues tooke from him in the high way. But Cumanus sending fo	pe vnpunished. But Cumanus perceiued the Iewes would not be appeased without some satisfaction, wherefore he condemned the souldier to death, and sent him to execution before their  faces; which done, they all departed.\n	DIRECT_ALIGNMENT	HIGH	english-lodge1602-bellum2-unit228	339244	340289	Coarse-unit incipit and adjacent Lodge wording inspected directly against the Cardwell unit opening; the identity is secure. This decision verifies this boundary only.
2	latin-bellum2-num232	12	[232] 3. Denuo autem Galilaeorum et Samaritanorum conflictus exoritur. ln vico enim quem Gaeman vocant, qui est in magno Samariae campo situs, quidam Galilaeus de numero Judaeorum ad festivitatem ascendens interficitur. Ad quod factum multi ex Galilaea regione concurrerunt, ut cum Samaritanis confiigerent. Horum autem nobiliores convenerunt ad Cumanum, rogantes, ut antequam gravis calamitas oriretur, transiret in Galilaeam : et in eos qui autores	A04680.xml:/TEI[1]/text[1]/group[1]/text[2]/body[1]/div[2]/div[11]/p[2]/text()[1]; UTF16 offset 0; printed book 2, chapter 11; pb 621 (tcp:12923:319)	At last there arose a tumult betweene the Galileans and Samaritans; for at a village called Geman, scituate in the great field of Samaria, a certaine Galilean of the number of the Iewes that came to the feast was slaine:	rey went vnto Cumanus, requesting him before any more harme were done to go into Galilee and punish the authors of this euill. But Cumanus being busied in greater affaires, sent them away without granting their request. 	DIRECT_ALIGNMENT	HIGH	english-lodge1602-bellum2-unit232	340289	340826	Coarse-unit incipit and adjacent Lodge wording inspected directly against the Cardwell unit opening; the identity is secure. This decision verifies this boundary only.
2	latin-bellum2-num234	12	[234] 4. Nunciato igitur homicidio Hierosolymam, omnis multitudo commota est: et relicta diei solennitate, in Samariam vulgus impetum fecit sine ullo duce, nec quicquam principum suorum retinenti acquiescentes. Latrocinii autem eorum et tumultus, quidam Dinaei filius Eleazarus, et Alexander, principes erant : qui in Acrebatenae regioni conterminos irruentes, promiscuam edidere caedem, et a nullius aetatis exitio temperantes, vicos etiam inflammav	A04680.xml:/TEI[1]/text[1]/group[1]/text[2]/body[1]/div[2]/div[11]/p[2]/text()[3]; UTF16 offset 82; printed book 2, chapter 11; pb 621 (tcp:12923:319)	When this murther was knowne in Ierusalem, all the multitude left the solemnitie of the day; and went into Samaria without any guide, refusing to be restrained by the nobilitie. Of this their tumult and sedition the sonn	edition the sonne of Dinaeus called Eleazar, and one Alexander were captaines; who with violence  entering the borders of the countrey of Acrabatena, killed man, woman and child, sparing no  age, and burning the townes. 	DIRECT_ALIGNMENT	HIGH	english-lodge1602-bellum2-unit234	340826	341250	Coarse-unit incipit and adjacent Lodge wording inspected directly against the Cardwell unit opening; the identity is secure. This decision verifies this boundary only.
2	latin-bellum2-num236	12	[236] 5. Cumanus autem haec audiens, adduxit secum unam equitum alam, quae vocatur Sebastenorum, ut auxilio his qui vastabantur esset: sicque eorum multos, qui Eleazarum erant secuti, comprehendit, plures quoque interfecit. Ad reliquam autem multitudinem, qui in vastandos Samaritanorum fines irruerant, principes gentis de Hierosolymis occurrerunt: opertique ciliciis, et aspersis cinere capitibus precabantur, ut ab incepto desinerent: nec propter 	A04680.xml:/TEI[1]/text[1]/group[1]/text[2]/body[1]/div[2]/div[11]/p[2]/text()[8]; UTF16 offset 30; printed book 2, chapter 11; pb 621 (tcp:12923:319)	When Cumanus heard this, he tooke a cornet of ho\n                           •…\n                        semen called the Sebastians; to come and helpe them that were thus oppressed, and so tooke and killed many of them wh	 the Samaritanes accusations, affirming the Samaritanes to haue beene cause of that tumult in killing the Galilean: and after that Cumanus was cause of the rest of their calamities, who refused to punish the murtherers. 	DIRECT_ALIGNMENT	HIGH	english-lodge1602-bellum2-unit236	341250	342774	Coarse-unit incipit and adjacent Lodge wording inspected directly against the Cardwell unit opening; the identity is secure. This decision verifies this boundary only.
2	latin-bellum2-num241	12	[241] 6. Tunc Quadratus utramque partem interim distulit, dicens se cum ad ipsas regiones venisset, diligenter singula inquisiturum : deinceps vero progressus Caesaream, eos omnes quos Cumanus vivos ceperat, in crucem sustulit. Inde cum Lyddam venisset, denuo audivit Samaritanorum querelas, et accitos Judaeorum decem et octo viros, quos cognovit pugnae fuisse participes, securi percussit. Duos autem principes sacerdotum, Jonatham et Ananiam, ejus	A04680.xml:/TEI[1]/text[1]/group[1]/text[2]/body[1]/div[2]/div[11]/p[2]/hi[12]/text()[1]; UTF16 offset 0; printed book 2, chapter 11; pb 621 (tcp:12923:319)	Quadratus for that time sent away both parties, promising thē that when he came into their countries, he would diligently  enquire of the matter, and comming from thence to Caesarea, he crucified all those whom Cumanus 	at which they had done in that countrey.\nThis done, he went from Lydda to Ierusalem, and finding there the multitude celebrating the\n\nfeast of vnleuened bread, without any tumults or disorders, he returned to Antiochia. 	DIRECT_ALIGNMENT	HIGH	english-lodge1602-bellum2-unit241	342774	343674	Coarse-unit incipit and adjacent Lodge wording inspected directly against the Cardwell unit opening; the identity is secure. This decision verifies this boundary only.
2	latin-bellum2-num245	12	[245] 7. Romae autem Caesar auditis allegationibus Cumani et Samaritanorum (aderat autem etiam Agrippa, Judaeorum causam magna contentione defendens : siquidem et Cumano multi potentium aderant) pronuncians adversus Samaritas, tres eorum nobilissimos jussit interfici, Cumanum autem in exilium deportari. Celerem autem tribunum vinctum Hierosolymam missum, Judaeis ad supplicium tradidit, ut per urbem tractus, capite plecteretur.	A04680.xml:/TEI[1]/text[1]/group[1]/text[2]/body[1]/div[2]/div[11]/p[3]/hi[1]/text()[1]; UTF16 offset 0; printed book 2, chapter 11; pb 622 (tcp:12923:320)	Caesar at  \n                         Rome hearing the allegations of Cumanus, and the Samaritanes (Agrippa was also there earnestly defending the cause of the Iewes, as also Cumanus was assisted by many potentates) he pr	amaritans, & commanded three of their chiefe nobilitie to be put to death, and banished Cumanus, and sent Celer the tribune bound vnto Ierusalem, that the Iewes might draw him about the citie, and then cut off his head. 	DIRECT_ALIGNMENT	HIGH	english-lodge1602-bellum2-unit245	343674	344145	Coarse-unit incipit and adjacent Lodge wording inspected directly against the Cardwell unit opening; the identity is secure. This decision verifies this boundary only.
2	latin-bellum2-num247	12	[247] 8. Post haec Felicem Pallantis fratrem misit ad Judaeos, qui et eorum provinciam cum Samaria et Galilaea curaret. Agrippam vero de Chalcide in regnum majus transtulit, tradens ei illam quoque provinciam, quae Felicis fuisset. Erat autem ista Trachonitis et Batanaea et Gaulanitis. Addidit autem regnum etiam Lysaniae, et tetrarchiam quam Varus rexerat. Ipse autem per annos tredecim, menses octo, dies triginta administrato imperio, decessit, s	A04680.xml:/TEI[1]/text[1]/group[1]/text[2]/body[1]/div[2]/div[11]/p[3]/text()[12]; UTF16 offset 109; printed book 2, chapter 11; pb 622 (tcp:12923:320)	This done, he sent Felix brother to Pallas to rule Iudaea, Samaria, and Galilaea. And he preferred Agrippa from Chalcis vnto a greater kingdome, making him king of that prouince, whereof Philip had beene ruler, to wit Tr	o the Empire, hauing a lawfull begotten sonne of his owne named Britannicus by his former wife Messalina, and a daughter called Octauia, whom he maried vnto Nero: he had also another daughter by Agrippina named Antonia. 	DIRECT_ALIGNMENT	HIGH	english-lodge1602-bellum2-unit247	344145	344938	Coarse-unit incipit and adjacent Lodge wording inspected directly against the Cardwell unit opening; the identity is secure. This decision verifies this boundary only.
2	latin-bellum2-num250	13	[250] CAP. XIII. ET Nero quidem quemadmodum per magnitudinem felicitatis et opum abusus sit fortuna, et qualiter fratrem suum, atque uxorem, matremque interfecerit, post quos in omnes proximos immanitatem suam convertit, atque ut ad ultimum per amentiam ad histrionum opera scenamque pervenerit, quoniam scio esse narratione molestum, silentio praeterire melius puto. Convertar autem ad narranda quae ab eo adversus Judaeos gesta sunt.	A04680.xml:/TEI[1]/text[1]/group[1]/text[2]/body[1]/div[2]/div[11]/p[3]/text()[30]; UTF16 offset 1; printed book 2, chapter 11; pb 622 (tcp:12923:320)	How Nero abused his wealth and felicitie, and how he slew his brother, mother and his wife, and afterward raged against all his kinred, and how in a mad vaine he became a player vpon a stage, because it requireth a long 	, and how in a mad vaine he became a player vpon a stage, because it requireth a long narration, I will speake nothing thereof.\n\n                        WHerefore I will begin to recount what Nero did against the Iewes. 	DIRECT_ALIGNMENT	HIGH	english-lodge1602-bellum2-unit250	344938	345292	Boundary checked directly against the surrounding Cardwell and Lodge wording.
2	latin-bellum2-num252	13	[252] 2. Minorem igitur Armeniam regnandam Aristobulo dedit, Herodis filio. Regno autem Agrippae quatuor urbes addidit cum agris ad singulas pertinentibus : in Peraea scilicet regione, Abilam et Juliadem : in Galilaea autem Tarichaeam et Tiberiadem. Reliqua autem Judaeae Felici procuranda dedit. Hic principem latronum Eleazarum, qui per viginti annos regionem fuerat depraedatus, aliosque cum eo multos cepit, vinctosque Romam misit: aliorumque quo	A04680.xml:/TEI[1]/text[1]/group[1]/text[2]/body[1]/div[2]/div[12]/p[1]/text()[3]; UTF16 offset 24; printed book 2, chapter 12; pb 622 (tcp:12923:320)	He made Aristobulus \n                         \n                        Herodes sonne king of the lesser Armenia, and ioyned vnto Agrippas kingdome foure  cities, and the ground belonging vnto them; two of them Abila and 	bbed and spoyled the countrey twentie yeeres, and many more with him, and sent them bound vnto Caesar, and he crucified a great number of them, who either were theeues and his confederates, or else such as assisted him. 	DIRECT_ALIGNMENT	HIGH	english-lodge1602-bellum2-unit252	345292	345939	Coarse-unit incipit and adjacent Lodge wording inspected directly against the Cardwell unit opening; the identity is secure. This decision verifies this boundary only.
2	latin-bellum2-num254	13	[254] 3. Sic autem regione purgata, aliud genus latrocinantium in Hierosolymis oriebatur. Hi autem sicarii vocabantur, die claro et in media civitate passim quosque interficientes. Potissimum vero diebus solennitate festivis immiscebantur vulgo, sicas sub veste, gestantes. His inimicos interficiebant : ac deinceps collapsis hominibus, illi inter reliquos de scelere querebantur: qua fraude extra suspicionem manebant, diuque latuerunt. Primus igitu	A04680.xml:/TEI[1]/text[1]/group[1]/text[2]/body[1]/div[2]/div[12]/p[1]/text()[15]; UTF16 offset 118; printed book 2, chapter 12; pb 622 (tcp:12923:320)	The countrey was no sooner clensed from these, but presently another sort of theeues arose in Ierusalem called Sicarij, with short swords, who at high noone in the midst of the citie killed many in euery place: and espec	n those that came neere him; also no man trusted his familiar friends: and yet were they murthered, whilst they were looking about them to escape daunger. So cunningly did these theeues couer and conceale their actions. 	DIRECT_ALIGNMENT	HIGH	english-lodge1602-bellum2-unit254	345939	346998	Coarse-unit incipit and adjacent Lodge wording inspected directly against the Cardwell unit opening; the identity is secure. This decision verifies this boundary only.
2	latin-bellum2-num258	13	[258] 4. Ad haec autem alia etiam malorum collectio facta est, caede quidem abstinentium, sed consiliis magis impiorum, quae pars non minus quam sicariorum felicitatem urbis statumque corrupit. Seductores namque homines et circumventores, sub specie religionis novis rebus studentes, vulgus insanire fecerunt. nam in solitudines egrediebantur, promittentes Deum signa eis ostensurum libertatis. Contra quos Felix (videbantur quippe semina defectionis	A04680.xml:/TEI[1]/text[1]/group[1]/text[2]/body[1]/div[2]/div[12]/p[1]/text()[20]; UTF16 offset 128; printed book 2, chapter 12; pb 622 (tcp:12923:320)	Moreouer there arosean other sort of mischieuous people, who did not so much harme with their hands as the first, but with their impious counsell more, and did no lesse trouble the quiet estate of the citie then did the 	ldernes, affirming that there God would shew them tokens of their liberty. Felix perceiuing that their action tended to rebellion, sent an army of horse and footmen against these people, and killed a great many of them.\n	DIRECT_ALIGNMENT	HIGH	english-lodge1602-bellum2-unit258	346998	347597	Coarse-unit incipit and adjacent Lodge wording inspected directly against the Cardwell unit opening; the identity is secure. This decision verifies this boundary only.
2	latin-bellum2-num261	13	[261] 5. Majore autem plaga Judaeos afflixit AEgyptius quidam pseudopropheta. Adveniens quippe in provinciam, magnus cum. esset, prophetae opinionem sibi arrogans, triginta ferme millia hominum congregavit, quos vana seductione deceperat. Et circumducens eos de solitudine in montem, qui vocatur Olivarum, inde ad Hierosolymam nitebatur ascendere, depulsoque Romanorum praesidio, in populares exercere dominationem. Utebatur autem stipatoribus, qui a	A04680.xml:/TEI[1]/text[1]/group[1]/text[2]/body[1]/div[2]/div[12]/p[2]/text()[1]; UTF16 offset 0; printed book 2, chapter 12; pb 622 (tcp:12923:320)	But a certaine Aegytian a false Prophet, caused a farre greater massacre among the Iewes then that was: for being a Magician, he came into the countrey, and calling himselfe a Prophet he gathered  vnto him almost thirtie	r Iewes assisting, and fighting against him, the Aegyptian with a few fled, and many that were with him were taken and committed to prison, and the rest of the  multitude dispersed themselues euerie one in his countrey. 	DIRECT_ALIGNMENT	HIGH	english-lodge1602-bellum2-unit261	347597	348416	Coarse-unit incipit and adjacent Lodge wording inspected directly against the Cardwell unit opening; the identity is secure. This decision verifies this boundary only.
2	latin-bellum2-num264	13	[264] 6. Compressis vero his etiam, sicut fere in aegro corpore, rursus pars altera tumescebat. Magi enim quidam et latrones collecti, multis afflictionem inducebant, et quasi ad libertatem vocabant, mortem apertissimam comminantes his, qui Romanorum principatui obedire voluissent : ut vel reluctantes averterent eos, qui spontaneam ferrent servitutem. Dispersi ergo per totam regionem diripiebant quorumque potentium domos, eosque insuper trucidaba	A04680.xml:/TEI[1]/text[1]/group[1]/text[2]/body[1]/div[2]/div[12]/p[2]/text()[7]; UTF16 offset 60; printed book 2, chapter 12; pb 622 (tcp:12923:320)	These being thus repressed, the other part (as it hapneth in a sicke bodie) began to rise: for some of the Magitians, and the theeues being gathered togither, they brought many vnto miserie, and as it were exhorted them 	blemens and rich mens houses: moreouer killed them, and fi\n                           •…\n                        ed the villages; so that all Iudaea was in extreame feare ofthem, and euerie day their crueltie increased.\n	DIRECT_ALIGNMENT	HIGH	english-lodge1602-bellum2-unit264	348416	349125	Coarse-unit incipit and adjacent Lodge wording inspected directly against the Cardwell unit opening; the identity is secure. This decision verifies this boundary only.
2	latin-bellum2-num266	13	[266] 7. Alter autem tumultus ortus est circa Caesaream, inter Judaeos scilicet, qui ibi permixti habitabant, et Syros, seditione commota. Hi siquidem postulabant, ut eorum fieret civitas, Judaeum ejus fuisse conditorem dicentes : erat autem rex Herodes. AEmuli vero conditorem quidem confitebantur Judaeum, ipsam vero civitatem fuisse gentilium vindicabant. Neque enim illic statuas et fana potuisse constitui, si ad Judaeos eam conditor pertinere v	A04680.xml:/TEI[1]/text[1]/group[1]/text[2]/body[1]/div[2]/div[12]/p[3]/text()[1]; UTF16 offset 0; printed book 2, chapter 12; pb 623 (tcp:12923:320)	At this time arose another tumult at Caesarea, by a sedition raised betweene the Iewes that  dwelt there, and the Syrians. The Iewes challenged the citie to be theirs, because it was founded by Herod, who was a Iew. But 	those that obeyed not, he sent souldiers and slew them, suffering their goods to be taken by the souldiers.  The sedition being still on foot, he sent the Nobilitie on either part to Nero to plead their right and title. 	DIRECT_ALIGNMENT	HIGH	english-lodge1602-bellum2-unit266	349125	350900	Coarse-unit incipit and adjacent Lodge wording inspected directly against the Cardwell unit opening; the identity is secure. This decision verifies this boundary only.
2	latin-bellum2-num271	14	[271] CAP. XIV. SUCCESSIT autem ei Festus, et hos qui maxime infestabant provinciam solicite persecutus, latronum plurimos comprehendit atque interfecit. Verum successor ejus Albinus non eodem modo negotiis praefuit, neque enim fuit aliqua malignitatis species, quam ille praeterierit. Denique non solum causis civilibus furabatur et diripiebat bona singulorum, neque solum tributorum additamentis in commune gentem gravabat : sed etiam quos ob latro	A04680.xml:/TEI[1]/text[1]/group[1]/text[2]/body[1]/div[2]/div[12]/p[3]/hi[4]/text()[1]; UTF16 offset 0; printed book 2, chapter 12; pb 623 (tcp:12923:320)	Festus succeded Felix, who diligently persecuted them that troubled the countrie, and destroyed manie theeues.\n\n                        BVt Albinus, who succeeded Festus followed not his steps: for there was no iniquitie	who deserued death, for feare they should suffer the like. In general,  no man could trust one another: there were then many tyrants, and from that time the seedes of captiuitie, which after befell, began to take roote.\n	DIRECT_ALIGNMENT	HIGH	english-lodge1602-bellum2-unit271	350900	352456	Boundary checked directly against the surrounding Cardwell and Lodge wording.
2	latin-bellum2-num277	14	[277] 2. Cum sane ejusmodi morum fuisset Albinus, tamen succedens ei Gessius Florus, optimum eum per comparationem sui fecit videri. Ille siquidem plura occulte et cum fraude nocuerat: Gessius vero iniquitates suas in universam gentem, tam palam quasi gloriaretur exercuit: ac velut non ad regendam provinciam, sed ad damnatorum poenas carnifex missus, neque rapinarum ullum morem, neque afflictionum praetermisit. In miseris autem crudelissimus erat	A04680.xml:/TEI[1]/text[1]/group[1]/text[2]/body[1]/div[2]/div[13]/p[2]/text()[1]; UTF16 offset 0; printed book 2, chapter 13; pb 623 (tcp:12923:320)	Notwithstanding that Albinus was of such behauiour, yet Gessius Florus who succeeded  him, so behaued himselfe, that in comparison of him, Albinus might haue beene thought a good Gouernour. For Albinus did all things sec	d, to rob and steale, so that they would bring him a part of their bootie. In briefe, his cruelty was such, that the country was almost left desolate, people forsaking their own natiue home, & flying into strange lands. 	DIRECT_ALIGNMENT	HIGH	english-lodge1602-bellum2-unit277	352456	353746	Coarse-unit incipit and adjacent Lodge wording inspected directly against the Cardwell unit opening; the identity is secure. This decision verifies this boundary only.
2	latin-bellum2-num280	14	[280] 3. Donec autem in Syria Cestius Gallus provinciam regebat, neque ausus quispiam Judaeorum est adversus Florum ad eum mittere legatos. Cum vero instante azymorum solennitate ipse Hierosolymam venisset, occurrens multitudo, quae facile tricies centenorum millium fuit, precabatur, ut gentis suae calamitatibus subveniret, et pestem illam provinciae Florum ut ejiceret, clamitabat. Qui tamen cum sub populi ore esset, et Gallo assisteret, non solu	A04680.xml:/TEI[1]/text[1]/group[1]/text[2]/body[1]/div[2]/div[13]/p[2]/text()[13]; UTF16 offset 57; printed book 2, chapter 13; pb 623 (tcp:12923:320)	And during the time that Cestius Gallus\n                        \nwas gouernour of Syria, no man durst go to him to make anie complaint against Florus. But  \n                         when at the feast of vnleauened bread 	ke them reuolt, then he hoped that their great fault would shadow his impieties. Wherefore to bring about  his purpose, he euerie day oppressed them with new calamities, forcing them hereby to rebell against the Romans. 	DIRECT_ALIGNMENT	HIGH	english-lodge1602-bellum2-unit280	353746	354999	Coarse-unit incipit and adjacent Lodge wording inspected directly against the Cardwell unit opening; the identity is secure. This decision verifies this boundary only.
2	latin-bellum2-num284	14	[284] 4. Per idem tempus apud Neronem Caesarienses gentiles victores extitere, decretumque istud contestantes literas attulerunt : perque hoc bello Judaico dabatur exordium, duodecimo scilicet anno regni Neronis, decimoseptimo autem regni Agrippae mense Maio. Ad magnitudinem autem excitatorum de eo malorum, nequaquam idoneas causas habuisse deprehenditur. In Caesarea siquidem habitantes Judaei, habebant synagogam prope locum, cujus erat dominus g	A04680.xml:/TEI[1]/text[1]/group[1]/text[2]/body[1]/div[2]/div[13]/p[2]/text()[32]; UTF16 offset 25; printed book 2, chapter 13; pb 624 (tcp:12923:321)	At this time the Gentiles of Caesarea got the victorie ouer the Iewes,  and brought letters to testifie that decree before Nero. This was the beginning of the wars of the Iewes, in the twelfth yeare of Nero his empire, a	parted from Caesarea, and went to Sebaste without perfourming anie thing, giuing as it were  occasion of sedition, & as though he had receiued money of the Nobilitie of the Iewes to permit them to fight a certaine time. 	DIRECT_ALIGNMENT	HIGH	english-lodge1602-bellum2-unit284	354999	356544	Coarse-unit incipit and adjacent Lodge wording inspected directly against the Cardwell unit opening; the identity is secure. This decision verifies this boundary only.
2	latin-bellum2-num289	14	[289] 5. Sequenti autem die, Judaeorum sabbato, cum plebs ad synagogam coisset, seditiosus quidam Caesariensis vas Samium ante ingressum eorum ponens, alites immolabat. Hoc factum Judaeos incoercibiliter accendit, et legem suam quippe contumeliam pertulisse, et locum ipsum dicebant fuisse pollutum. pars autem Judaeorum, quae erat constantior atque moderatior, denuo apud judices esse conquerendum rebatur. Seditiosi autem et juventute turgentes Jud	A04680.xml:/TEI[1]/text[1]/group[1]/text[2]/body[1]/div[2]/div[14]/p[1]/text()[9]; UTF16 offset 128; printed book 2, chapter 14; pb 624 (tcp:12923:321)	The next day which was the Iewes Sabboth, when they were all assembled to go to the synagogue, one of Caesarea, a seditious person, tooke a great ear then vessel and set it euen at the entrie into their synagogue, and vp	ing him to assist them, and modestly put him in mind of the eight talents they gaue him. But he presently commaunded them to bee bound and imprisoned, because they had presumed to take and carie their law from Caesarea. 	DIRECT_ALIGNMENT	HIGH	english-lodge1602-bellum2-unit289	356544	358161	Coarse-unit incipit and adjacent Lodge wording inspected directly against the Cardwell unit opening; the identity is secure. This decision verifies this boundary only.
2	latin-bellum2-num293	14	[293] 6. Ob hoc igitur apud Hierosolymitanos gravissima indignatio nascebatur : veruntamen adhuc iram suam frenabant. Florus vero, quasi ad hoc operam suam locasset, ut bellum inflammaret, misit ad sacrum thesaurum, ut inde decem et septem talenta auferrentur, quasi eam pecuniam impensae Caesaris flagitaret. Tunc vero statim invasit populum multa confusio : concurrentes ad templum, maximis vocibus nomen Caesaris appellabant, ut a tyrannide Flori 	A04680.xml:/TEI[1]/text[1]/group[1]/text[2]/body[1]/div[2]/div[14]/p[1]/text()[22]; UTF16 offset 111; printed book 2, chapter 14; pb 624 (tcp:12923:321)	Hereat those of Ierusalem were greatly moued, yet they shewed it not. Florus as vpon set purpose giuing occasion of rebellion, sent for seuenteene talents out of the sacred  treasurie, pretending that it was to be imploy	so he had receiued  \n                         mony so to do; taking an armie of horse and foot, he came to Ierusalem, that with the help of the Roman souldiers he might effect his pleasure, and terrifie the whole citie.\n	DIRECT_ALIGNMENT	HIGH	english-lodge1602-bellum2-unit293	358161	359219	Coarse-unit incipit and adjacent Lodge wording inspected directly against the Cardwell unit opening; the identity is secure. This decision verifies this boundary only.
2	latin-bellum2-num297	14	[297] 7. Tunc populus lenire ejus impetum volens, obviam militibus processit, cum solitis utique favoribus, et Florum honorare officiis paratus. Ille vero praemittens cum equitibus quinquaginta centurionem, nomine Capitonem, discedere eos jussit : Neve eum, in quem tam gravia maledicta jecissent, falso denuo honore deluderent. Oportere quippe eos, si viri sunt fortes, animique constantis, etiam in praesentem effundere contumelias : nec solum in v	A04680.xml:/TEI[1]/text[1]/group[1]/text[2]/body[1]/div[2]/div[14]/p[2]/text()[1]; UTF16 offset 0; printed book 2, chapter 14; pb 625 (tcp:12923:321)	The people to pacifie his wrath, went out in curteous sort to meete the armie, shewing themselues readie to giue them the best entertainment they could, and to receiue Florus with all honour and reuerence. Florus vnderst	with Capito assaulted them with violence; euerie one fled before they saluted Florus, or  did their accustomed duety vnto the army: and going euerie one vnto his house, they past the watchfull night in feare and sorrow. 	DIRECT_ALIGNMENT	HIGH	english-lodge1602-bellum2-unit297	359219	360097	Coarse-unit incipit and adjacent Lodge wording inspected directly against the Cardwell unit opening; the identity is secure. This decision verifies this boundary only.
2	latin-bellum2-num301	14	[301] 8. Florus autem tunc quidem degit in regia, postridie autem adversum eos extructo tribunali sublimius resedit : convenientesque sacerdotum principes, et civitatis universa nobilitas, astiterunt tribunali. His praecepit Florus, ut omnes qui maledicta in eum succlamassent, protinus dederent: edicens in ipsos esse, nisi reos produxerint, vindicandum. Ad haec respondent Judaei, populum quidem pacifica quaeque sentire, illis vero qui erravissent	A04680.xml:/TEI[1]/text[1]/group[1]/text[2]/body[1]/div[2]/div[14]/p[2]/hi[6]/text()[1]; UTF16 offset 0; printed book 2, chapter 14; pb 625 (tcp:12923:321)	Florus for that night lodged in the kings pallace. The next day he caused a tribunall openly to be placed, and the high priest and all the chiefe of the Iewes resorted thither, and stood before the tribunall. Then Florus	 and preserue the Citie stil to obey the Romans, he then must rather pardon a few seditious for so many good mens sake, then to reuenge himselfe of a few wicked persons, to hurt and molest so many that thought no harme. 	DIRECT_ALIGNMENT	HIGH	english-lodge1602-bellum2-unit301	360097	361217	Boundary checked directly against the surrounding Cardwell and Lodge wording.
2	latin-bellum2-num305	14	[305] 9. Ad haec vero ille magna indignatione inflammatus, militibus exclamavit, ut forum rerum venalium, quod erat in superiori parte civitatis, diriperent, ac passim obvios trucidarent. Illi vero ad lucri sui cupidinem addita autoritate rectoris, non solum illum diripuerunt locum in quem fuerant immissi, sed in universas insilientes domos, interficiebant habitatores. Fuga autem erat per angiporta omnia, et caedes eorum qui comprehendebantur : d	A04680.xml:/TEI[1]/text[1]/group[1]/text[2]/body[1]/div[2]/div[14]/p[2]/text()[14]; UTF16 offset 293; printed book 2, chapter 14; pb 625 (tcp:12923:321)	Hereat Florus wrath was encreased, and presently he commanded the souldiers to sacke  the market place (which was in the higher part of the Citie) where things were solde, and put all they met or found vnto the sword. Th	 euer presume to doe: for he caused knights before the tribunall seate to be whipped, and after hanged them vp, who though they were Iewes borne, yet receiued they that dignitie from the Romans.\n\n                        	DIRECT_ALIGNMENT	HIGH	english-lodge1602-bellum2-unit305	361217	362421	Coarse-unit incipit and adjacent Lodge wording inspected directly against the Cardwell unit opening; the identity is secure. This decision verifies this boundary only.
2	latin-bellum2-num309	15	[309] CAP. XV. PER idem tempus rex quidem Agrippa Alexandriam erat profectus ut Alexandrum, qui AEgyptum procurabat missus a Nerone, jure hospitis conveniret. Germanam autem suam Berenicen, Hierosolymis inventam, et iniquitatem militum videntem, gravis ob hoc angor invaserat. et frequenter quidem praefectos equitum suorum, custodesque corporis mittens ad Florum precabatur, ut a caede desineret. Ille vero neque in multitudinem interfectorum, neque	A04680.xml:/TEI[1]/text[1]/group[1]/text[2]/body[1]/div[2]/div[15]/p[1]/seg[1]/text()[1]; UTF16 offset 0; printed book 2, chapter 15; pb 625 (tcp:12923:321)	AT the same time king Agrippa was gone to Alexandria, to entertaine Alexander, whom  \n                        Nero sent to be ruler ouer Aegypt; his sister Berenice in the meane while remained in Ierusalem,  who seeing t	e from wine, and shaue their haire; which custome Queene Berenice then obseruing, stood also barefoot before Florus his tribunall seat, to entreat him: whom he not only contemned, but also put her in danger of her life. 	DIRECT_ALIGNMENT	HIGH	english-lodge1602-bellum2-unit309	362421	363827	Boundary checked directly against the surrounding Cardwell and Lodge wording.
2	latin-bellum2-num315	15	[315] 2. Haec autem facta sunt sextodecimo die mensis Maii. Postridie autem conveniens multitudo in forum, quod erat in superiori parte civitatis, magnis clamoribus de his qui inter fecti fuerant, querebantur: potissimum autem invidiosae in Florum voces erant: quod veriti primates quique et pontifices, disruptis vestibus, et viritim singulos comprehendentes, postulabant, ut ab his verbis, quorum causa tanta mala pertulerant, desisterent, neque in	A04680.xml:/TEI[1]/text[1]/group[1]/text[2]/body[1]/div[2]/div[15]/p[1]/text()[15]; UTF16 offset 105; printed book 2, chapter 15; pb 625 (tcp:12923:321)	This was done the sixteenth day of May. The day after, the  multitude gathered togither in the vpper part of the Citie in the market place, & with great cries\n\nmurmured that so manie were slaine, and especially vsed cont	e caused that calamitie in the citie, and not to prouoke Florus vnto greater indignation. And so the multitude was pacified for their sakes who entreated, and hoped that hereafter Florus would desist from such crueltie. 	DIRECT_ALIGNMENT	HIGH	english-lodge1602-bellum2-unit315	363827	364481	Coarse-unit incipit and adjacent Lodge wording inspected directly against the Cardwell unit opening; the identity is secure. This decision verifies this boundary only.
2	latin-bellum2-num318	15	[318] 3. Ille autem videns multitudinis tumultum fuisse compressum, angebatur, et denuo eam inflammare cupiens, pontifices cum nobilibus advocavit. Itaque unum ait argumentum fore, quod nihil ulterius de novandis rebus cogitaret, si populus obviam procederet militibus de Caesarea venientibus : veniebant autem duae cohortes. Qui cum convocasset populum ad occurrendum, mandat centurionibus, ut nullam salutationem redderent obviantibus Judaeis. Ad q	A04680.xml:/TEI[1]/text[1]/group[1]/text[2]/body[1]/div[2]/div[15]/p[1]/hi[11]/text()[1]; UTF16 offset 0; printed book 2, chapter 15; pb 626 (tcp:12923:322)	Florus, when he saw the multitude quieted, was sorie: and that he might againe prouoke them, he assembled togither the nobilitie and high Priests, telling them that it would be an argument that the people did not seeke a	ldiers, for feare of a greater inconuenience. Notwithstanding their counsell, those that were seditious refused to do as they were requested: and others for griefe of them that were slaine tooke part with the seditious.\n	DIRECT_ALIGNMENT	HIGH	english-lodge1602-bellum2-unit318	364481	365461	Coarse-unit incipit and adjacent Lodge wording inspected directly against the Cardwell unit opening; the identity is secure. This decision verifies this boundary only.
2	latin-bellum2-num321	15	[321] 4. Tunc vero omnes sacerdotes omnesque levitae sacra vasa proferentes ornatumque templi, citharistae etiam et cantores cum musicis organis procidebant ante multitudinem, et obnixissime precabantur, ut illum templi honorem custoditum esse vellent, neque ad direptionem vasorum sacrorum Romanos contumeliis incitarent. Erat autem videre ipsos sacerdotum principes sparsis cinere capitibus, et pectora disruptis vestibus nuda monstrantes, nominati	A04680.xml:/TEI[1]/text[1]/group[1]/text[2]/body[1]/div[2]/div[15]/p[2]/text()[1]; UTF16 offset 0; printed book 2, chapter 15; pb 626 (tcp:12923:322)	Then all the Priests and Leuites brought forth the holy vessels and ornaments of the temple, and with Harpes, songs and musicall instruments came before the multitude, beseeching them to endeuour, that the honour and pom	g, that it was a great shame that such a multitude should be led away with a few seditious persons, & that it was more fit that so many should force those few seditious people to obey them, & ioyne with them in opinion.\n	DIRECT_ALIGNMENT	HIGH	english-lodge1602-bellum2-unit321	365461	366703	Coarse-unit incipit and adjacent Lodge wording inspected directly against the Cardwell unit opening; the identity is secure. This decision verifies this boundary only.
2	latin-bellum2-num325	15	[325] 5. Tali hortatu multitudinem inflectentes, etiam ipsos seditionis autores quosdam quidem minis, quosdam autem sui reverentia mitigaverunt : ac deinceps praecedentes cum quiete omni populo sequente, militibus obviam prodierunt. Jamque cominus factos salutaverunt : illis autem nihil respondentibus, seditiosi Judaeorum adversum Florum, cujus haec fierent consiliis, succlamaverunt. confestimque milites comprehendentes eos, caedere fustibus ador	A04680.xml:/TEI[1]/text[1]/group[1]/text[2]/body[1]/div[2]/div[15]/p[3]/text()[1]; UTF16 offset 0; printed book 2, chapter 15; pb 626 (tcp:12923:322)	With these perswasions they did mollifie the malice of the Iewes, and also perswade many of the seditious people, some with threats, and some with reuerence of themselues to be pacified. And so they going before all the 	op; and killed many of the Romans, who being ouercome with darts cast from aloft, and could not resist the people, who on euery side came against them, retired themselues vnto the rest of the armie at the kings pallace. 	DIRECT_ALIGNMENT	HIGH	english-lodge1602-bellum2-unit325	366703	368395	Coarse-unit incipit and adjacent Lodge wording inspected directly against the Cardwell unit opening; the identity is secure. This decision verifies this boundary only.
2	latin-bellum2-num330	15	[330] 6. Seditiosi autem verentes, ne superveniens denuo Florus templum occuparet, per Antoniam ex templo ascendentes, porticus a templo ad Antoniam continentes interciderunt, quatenus avaritiam Flori desperatione compescerent. Nam cum divinis inhiaret thesauris, proque his in Antoniam transgredi niteretur, ubi intercisas porticus vidit, ab impetu conquievit. et convocans sacerdotum principes atque curiam, se quidem ait urbe digredi, praesidium t	A04680.xml:/TEI[1]/text[1]/group[1]/text[2]/body[1]/div[2]/div[15]/p[4]/text()[3]; UTF16 offset 305; printed book 2, chapter 15; pb 626 (tcp:12923:322)	Those that were seditious, fearing that Florus would againe assault them, and by the castle Antonia make an entrance into the temple, they got vpon the galleries that reached from the porch of the temple vnto Antonia, an	ily brooke them, for that which they had suffered at their hands. So Florus as he was requested, changing the garrison with the rest of the army departed to Caesarea.\n\n                        \n                           	DIRECT_ALIGNMENT	HIGH	english-lodge1602-bellum2-unit330	368395	369468	Coarse-unit incipit and adjacent Lodge wording inspected directly against the Cardwell unit opening; the identity is secure. This decision verifies this boundary only.
2	latin-bellum2-num333	16	[333] CAP. XVI. ALIUD autem denuo pugnae consilium comminiscens, retulit ad Cestium, et Judaeos defectionis criminatus est: impudenti mendacio illos perpetrasse dicens, quaecunque eos pertulisse constabat. Nec sane principes Hierosolymorum quae gesta fuerant, tacuerunt : sed et ipsi et Bernice ad Cestium de his quae Florus inique in urbe egerat, retulerunt. Ille autem susceptis literis partis utriusque, quid facto opus esset cum principibus delib	A04680.xml:/TEI[1]/text[1]/group[1]/text[2]/body[1]/div[2]/div[16]/p[1]/hi[1]/seg[1]/text()[1]; UTF16 offset 0; printed book 2, chapter 16; pb 627 (tcp:12923:322)	FLorus yet deuised an other way to stirre the Iewes to rebellion: for he reported vnto Cestius that the Iewes were reuolted, impudently belying them to haue committed that which indeed they endured at his hands. The nobl	im true newes of their estate, and  what had hapned. So he sent Politianus the tribune, who in his way met with Agrippa about Iamnia as he returned from Alexandria, and told him all, for what, and from whom he was sent. 	DIRECT_ALIGNMENT	HIGH	english-lodge1602-bellum2-unit333	369468	370326	Boundary checked directly against the surrounding Cardwell and Lodge wording.
2	latin-bellum2-num336	16	[336] 2. Quo loci Judaeorum etiam pontifices, et reliqui nobiles, eorumque curia adesse curaverant, ut circa regem scilicet officia novarent. Postea vero quam illum congrua humanitate coluerunt, conquesti sunt quam potuerunt flebiliter de calamitatibus propriis, et inhumanitatem Flori explicaverunt. Quam licet argueret Agrippa, vafre tamen invectionem suam in Judaeos transtulit, quorum maxime miserebatur, volens scilicet fraenare eorum motus: ut 	A04680.xml:/TEI[1]/text[1]/group[1]/text[2]/body[1]/div[2]/div[16]/p[1]/text()[13]; UTF16 offset 101; printed book 2, chapter 16; pb 627 (tcp:12923:322)	Where also were present the Priests and chiefe of the Iewes, to welcome Agrippa. And hauing saluted him as courteously as they could, they presently bewailed the misery which had befallen their nation, & the cruelty of F	yaltie, and exhorted them still to continue in like obedience, and worshipped God  and his \n                           •…\n                        ites, as farre as the law permitted him: and so he returned vnto Cestius. 	DIRECT_ALIGNMENT	HIGH	english-lodge1602-bellum2-unit336	370326	372163	Coarse-unit incipit and adjacent Lodge wording inspected directly against the Cardwell unit opening; the identity is secure. This decision verifies this boundary only.
2	latin-bellum2-num342	16	[342] 3. Vulgus autem Judaeorum, ad regem pontificesque conversus petebat, ut legati adversum Florum ad Neronem mitterentur, neque de tanta caede tacentes suspicionem suae defectionis praeberent : visum iri quippe eos principes capiendorum armorum fuisse, nisi praevenientes ostendissent illum esse qui dedisset exordium, constabat autem multitudinem non esse quieturam, si legationem aliquis impedisset. Ad haec Agrippa, ordinari quidem legatos, qui	A04680.xml:/TEI[1]/text[1]/group[1]/text[2]/body[1]/div[2]/div[16]/p[2]/text()[18]; UTF16 offset 1; printed book 2, chapter 16; pb 627 (tcp:12923:322)	The multitude of the Iewes came to Agrippa and the high Priests, requesting them to send Embassadors against Florus vnto Nero, and not to giue an argument of rebellion by not complaining of such murthers: for Florus woul	ch  a place that it ouerlooked all the higher part of the Citie, for there was onely a bridge betweene it and the Temple, which ioyned the Temple and it togither, and there spake he vnto the Iewes in  manner following. \n	DIRECT_ALIGNMENT	HIGH	english-lodge1602-bellum2-unit342	372163	373234	Coarse-unit incipit and adjacent Lodge wording inspected directly against the Cardwell unit opening; the identity is secure. This decision verifies this boundary only.
2	latin-bellum2-num345	16	[345] 4. Si quidem viderem vos omnes ad pugnandum cum Romanis esse incitatos, neque populi puriorem syncerissimamque partem pacem velle servare, neque processissem ad vos, neque consulere confisus essem : supervacua quippe de utilibus oratio est, quando omnium auditorum conspirat ad deteriora consensus. Quoniam vero aliquos quidem aetas, malorum belli nescios facit, quosdam vero inconsiderata spes libertatis, nonnullos vero avaritia succendit, et	A04680.xml:/TEI[1]/text[1]/group[1]/text[2]/body[1]/div[2]/div[16]/q[1]/p[1]/text()[1]; UTF16 offset 0; printed book 2, chapter 16; pb 627 (tcp:12923:322)	If I had perceiued that you were bent to fight against the Romans, or that the better part of the people were not enclined to peace, neither would I haue come vnto you, nor haue presumed to haue counselled you in any thi	if you consider of those things which are profitable for you, yee shall liue with me in peace, but if you follow your priuate affections, I will not be partaker of the miseries and daungers; you thrust your selues into. 	DIRECT_ALIGNMENT	HIGH	english-lodge1602-bellum2-unit345	373234	391649	Coarse-unit incipit and adjacent Lodge wording inspected directly against the Cardwell unit opening; the identity is secure. This decision verifies this boundary only.
2	latin-bellum2-num402	16	[402] 5. His dictis, astante etiam sorore lacrymavit, et multam partem de eorum impetu lacrymis infregit. Succlamabant autem non se adversum Romanos, sed adversum Florum ob ea quae pertulissent, bellum gerere. Ad quos rex Agrippa: Sed opera vestra, inquit, talia sunt, qualia adversum Romanos pugnantium. neque enim Caesari vectigal dedistis, et Antonianas porticus incendistis. Sopietis autem causam defectionis, si et porticus denuo construatis, et	A04680.xml:/TEI[1]/text[1]/group[1]/text[2]/body[1]/div[2]/div[16]/p[3]/text()[2]; UTF16 offset 320; printed book 2, chapter 16; pb 630 (tcp:12923:324)	When hee had thus spoken, he wept, his sister Berenice standing by him, and by his teares mitigated a great part of their furie. Then they cried that they ment not to beare\n\narmes against the Romans and Caesar, but again	ribute to Caesar; and you haue burned the porches belonging vnto Antonia; now if you would hide your rebellion, repaire with speed the porches, and pay your tribute: for this fort belongeth not to Florus, nor the money. 	DIRECT_ALIGNMENT	HIGH	english-lodge1602-bellum2-unit402	391649	392272	Coarse-unit incipit and adjacent Lodge wording inspected directly against the Cardwell unit opening; the identity is secure. This decision verifies this boundary only.
2	latin-bellum2-num405	17	[405] CAP. XVII. HIS consultis populus acquievit, et cum rege ac Bernice ascendentes in templum porticus aedificare adorti sunt. Per vicos autem et regiones principes quique decurionesque dispersi, vectigal colligebant : celeriterque quadraginta talenta (tantum enim erat reliquum) redacta sunt. Et belli quidem imminentes minas eo tunc more Agrippa compescuit. Deinceps vero persuadere populo tentabat, ut parerent Floro, donec successor ei a Caesar	A04680.xml:/TEI[1]/text[1]/group[1]/text[2]/body[1]/div[2]/div[16]/p[3]/text()[11]; UTF16 offset 16; printed book 2, chapter 16; pb 631 (tcp:12923:324)	Herewith the people were content, and ascending into the temple with Agrippa and Berenice, they began to reedifie the porches, and the nobilitie and captaines gathered the tribute in euerie village, and quickly brought f	d all  the potentates to Florus, who was at Caesarea, that he might choose whom he would amongst them to gather the tribute through the whole countrey. And so he departed into his owne kingdome.\n\n                        	DIRECT_ALIGNMENT	HIGH	english-lodge1602-bellum2-unit405	392272	393248	Boundary checked directly against the surrounding Cardwell and Lodge wording.
2	latin-bellum2-num408	17	[408] 2. Per idem tempus quidam eorum, qui bellum maxime movebant, congregati irruebant in quoddam praesidium, quod vocabatur Massada: et occulte eo pervaso, Romanos omnes interfecerunt : alios autem de suis posuerunt custodes. In templo quoque Hierosolymorum Eleazarus quidam, filius Ananiae pontificis, juvenis audacissimus, dux illo tempore militum, persuasit his qui sacrificiis ministrabant, ut nullius munus aut hostia, qui non esset de Judaeor	A04680.xml:/TEI[1]/text[1]/group[1]/text[2]/body[1]/div[2]/div[17]/p[1]/seg[1]/text()[1]; UTF16 offset 0; printed book 2, chapter 17; pb 631 (tcp:12923:324)	AT this time, some of the chiefest rebels assembled to gither, sodainly assaulted a Castle called Massada, which at vnawares they tooke, and killed all the Romans, and in their  places put a guard of their owne companie.	ours; yet they refused so to doe, trusting greatly to their faction: all the strength of the Citie that desired alteration, were of their mindes, and especially Eleazar, who at that time was Generall, as is before said. 	DIRECT_ALIGNMENT	HIGH	english-lodge1602-bellum2-unit408	393248	394199	Coarse-unit incipit and adjacent Lodge wording inspected directly against the Cardwell unit opening; the identity is secure. This decision verifies this boundary only.
2	latin-bellum2-num411	17	[411] 3. Convenientes igitur potentes quique cum pontificibus, et Pharisaeorum nobilissimis, et videntes quam gravibus malis pergerent subjicere civitatem, decreverunt seditiosorum animos experiri: et ante portam quae aerea vocatur, concionem advocantes (erat autem in interiore parte templi posita, quae respicit ad solis exortum) ac primo quidem multa de temeraria eorum defectione conquesti, et quod tam grave bellum patriae commoverent, deinceps 	A04680.xml:/TEI[1]/text[1]/group[1]/text[2]/body[1]/div[2]/div[17]/p[1]/text()[9]; UTF16 offset 51; printed book 2, chapter 17; pb 631 (tcp:12923:324)	Wherefore all the potentates; h\n                           •…\n                        gh priests, and chiefest of the Pharisees assembled themselues, and perceiuing into how great danger those rebels daily brought the Ci	 the citie of Ierusalem would presently be accounted as an enemy to the empire, vnlesse they presently accepted Caesars sacrifice; and before such time, as they heard these newes against whom this outrage was attempted. 	DIRECT_ALIGNMENT	HIGH	english-lodge1602-bellum2-unit411	394199	395994	Coarse-unit incipit and adjacent Lodge wording inspected directly against the Cardwell unit opening; the identity is secure. This decision verifies this boundary only.
2	latin-bellum2-num417	17	[417] 4. Simul autem ista dicentes, producebant in medium scientissimos morum paternorum, sacerdotes quoque, narraturos quomodo omnes eorum majores exterarum gentium semper sacrificia suscepissent. Attendebat autem nemo res novare cupientium his, quae dicebantur, sed neque procedebant in medium altaris ministri, ut belli materiam praeparantes. Videntes igitur nobiles quique seditionem eo jam processisse, ut eorum non posset authoritate compesci, 	A04680.xml:/TEI[1]/text[1]/group[1]/text[2]/body[1]/div[2]/div[17]/p[1]/hi[5]/text()[10]; UTF16 offset 101; printed book 2, chapter 17; pb 631 (tcp:12923:324)	And hauing thus spoken, they brought foorth the most learned amongst the priests to recount from time to time how their ancestors had alwaies accepted of the sacrifices of strangers.\n                     \nBut none of the	people against the rebe\n                           •…\n                        . Which horsmen were of Auranitis, Batanaea, and Trachon, and made Darius their captaine, and Philip son of Ioachim Generall of all the army. 	DIRECT_ALIGNMENT	HIGH	english-lodge1602-bellum2-unit417	395994	397639	Coarse-unit incipit and adjacent Lodge wording inspected directly against the Cardwell unit opening; the identity is secure. This decision verifies this boundary only.
2	latin-bellum2-num422	17	[422] 5. His ergo venientibus, optimates quique cum pontificibus et omni multitudine quae optabat quietem, superiorem occupant civitatem : inferiorem siquidem et templum, seditiosorum manus tenebat. Missilibus igitur et fundis indesinenter utebantur, et continua erat emissio sagittarum ex utraque scilicet parte : erat autem quando ex insidiis procurrentes cominus dimicabant. Praestabant autem audacia quidem seditiosi, belli vero scientia regii. E	A04680.xml:/TEI[1]/text[1]/group[1]/text[2]/body[1]/div[2]/div[17]/p[2]/text()[22]; UTF16 offset 24; printed book 2, chapter 17; pb 632 (tcp:12923:325)	These comming into the citie, the nobilitie with the high priests & the rest  of the people that desired peace, receiued this succour in good part; and occupied the higher part of the citie; for the rebels kept the lower	       •…\n                        y, to get also into their hands the higher part of the Citie. Wherefore during the space of seuen daies, there continued a great conflict betwixt them, & either part kept that they had. 	DIRECT_ALIGNMENT	HIGH	english-lodge1602-bellum2-unit422	397639	398523	Coarse-unit incipit and adjacent Lodge wording inspected directly against the Cardwell unit opening; the identity is secure. This decision verifies this boundary only.
2	latin-bellum2-num425	17	[425] 6. Deinceps vero adveniente ea festivitate, quae Xylophoria dicitur, in qua mos est omnibus grandem lignorum materiam convehere ad templum, quatenus nunquam ignis deficiat esca (semper enim inextinguibilis perseverat) adversarios quidem a cultu religionis excluserunt. inter infirmiorem autem vulgum irrumpentes multi sicariorum (sic enim vocant latrones, gladios in sinibus gerentes) recepti audacissime prosequebantur opus quod adorti erant. 	A04680.xml:/TEI[1]/text[1]/group[1]/text[2]/body[1]/div[2]/div[17]/p[2]/text()[28]; UTF16 offset 186; printed book 2, chapter 17; pb 632 (tcp:12923:325)	When the celebration of the feast came, called Xylophoria, wherein euerie one carrieth wood to the temple to  keepe a fire continually vpon the altar; the rebels would not suffer their enemies to doe their deuotion. Now 	anias the high priest, & Ezechias his brother, and they, who (as is before spoken) were sent Embassadours vnto Agrippa: and so the seditious were satisfied that day with the victorie, and firing of the houses aforesaid. 	DIRECT_ALIGNMENT	HIGH	english-lodge1602-bellum2-unit425	398523	400024	Coarse-unit incipit and adjacent Lodge wording inspected directly against the Cardwell unit opening; the identity is secure. This decision verifies this boundary only.
2	latin-bellum2-num430	17	[430] 7. Postridie autem, quintadecima scilicet die Augusti mensis, fecerunt impetum in Antoniam : et omnes in eo praesidio agentes, per biduum obsessos, ceperunt atque interfecerunt, praesidiumque incenderunt. postea vero transierunt in regiam, ad quam confugere Agrippae milites: et in quatuor partes agmen suum dividentes, muros evertere moliebantur. eorum vero qui intus erant, erumpere nullus audebat, propter multitudinem oppugnantium : sed dis	A04680.xml:/TEI[1]/text[1]/group[1]/text[2]/body[1]/div[2]/div[17]/p[2]/text()[40]; UTF16 offset 101; printed book 2, chapter 17; pb 632 (tcp:12923:325)	The next day,  which was the fifteenth of August, they assaulted the Castle Antonia, and besieging it two daies, they tooke all that guarded it, and killed them; and placed in it a garrison of their owne companie.  This 	downe. This conflict continued day and night, for the rebels thought that those which were within could not hold out for want of victuals: And they within thought that the seditious being wearied, would soone giue ouer. 	DIRECT_ALIGNMENT	HIGH	english-lodge1602-bellum2-unit430	400024	400850	Coarse-unit incipit and adjacent Lodge wording inspected directly against the Cardwell unit opening; the identity is secure. This decision verifies this boundary only.
2	latin-bellum2-num433	17	[433] 8. Interea Manahemus quidam, filius Judae Galilaei, callidissimi illius sophistae, qui quondam sub Cyrenio exprobraverat Judaeis, quod post Deum subjicerentur Romanis, assumptis quibusdam nobilium, perrexit in Massadam, ubi armamentarium Herodis regis erat. eoquè perrupto populares aliosque latrones diligenter armavit. hisque utens stipatoribus, veluti rex Hierosolymam revertitur : factusque princeps seditionis, oppugnationem disponebat. Ma	A04680.xml:/TEI[1]/text[1]/group[1]/text[2]/body[1]/div[2]/div[17]/p[2]/text()[45]; UTF16 offset 522; printed book 2, chapter 17; pb 632 (tcp:12923:325)	In the meane season, one Manahemus the son of Iudas of Galilaea (that most crastie subtill Sophister, who reuiled the Iewes in Cyrenius time for paying tribute, and would be subiect to any but to God) taking with him cer	e presently into the lower part that the Romans had forsaken, and killed all that they found there, and when they had sacked it, they set it on fire: and this was done the sixt day of September:\n\n                        	DIRECT_ALIGNMENT	HIGH	english-lodge1602-bellum2-unit433	400850	403075	Coarse-unit incipit and adjacent Lodge wording inspected directly against the Cardwell unit opening; the identity is secure. This decision verifies this boundary only.
2	latin-bellum2-num441	17	[441] 9. Sequenti autem die pontifex Ananias circa Euripos regiae domus latens capitur, et a latronibus interficitur cum Ezechia fratre. Circumsidentes autem etiam turres seditiosi, custodiebant ne quis militum posset effugere. Manahemum autem et munitorum locorum destructio, et pontificis Ananiae mors, in crudelitatem erexit: et neminem parem sibi in negotiis arbitrans, intolerabilis erat tyrannus. Insurrexerunt autem duo de sociis Eleazari : et	A04680.xml:/TEI[1]/text[1]/group[1]/text[2]/body[1]/div[2]/div[18]/p[1]/seg[1]/text()[1]; UTF16 offset 0; printed book 2, chapter 18; pb 633 (tcp:12923:325)	THe next day following Ananias the high Priest, was taken in one of the water Conduits  of the Kings pallace, where hee hid himselfe, and was there killed with his brother Ezechias by these theeues: and the rebels besied	as, where hee basely hid himselfe, and being taken hee was drawne out from thence, and after many torments put to death, and with him all the Nobilitie that had assisted him, as also Absalomon, who was his onely helper. 	DIRECT_ALIGNMENT	HIGH	english-lodge1602-bellum2-unit441	403075	405212	Boundary checked directly against the surrounding Cardwell and Lodge wording.
2	latin-bellum2-num449	17	[449] 10. Et populus quidem, sicut dixi, in his adjutor fuit, suspicans aliquam totius seditionis correctionem futuram. Hi vero non ut comprimerent bellum, sed ut cum majori licentia gererent, interfecerunt Manahemum. Denique cum populus multum precaretur, ut oppugnationem militum relaxarent, vehementius insistebant, donec ulterius resistere non valentes, Metilius Romanorum praefectus et reliqui mittunt ad Eleazarum, precantes, ut solam eorum pac	A04680.xml:/TEI[1]/text[1]/group[1]/text[2]/body[1]/div[2]/div[18]/p[1]/text()[30]; UTF16 offset 27; printed book 2, chapter 18; pb 633 (tcp:12923:325)	And in this matter (as I haue said) the people greatly helped, hoping hereby  to haue some end of that sedition. But the rebels did not kill Manahemus, to the end to extinguish sedition, but to the intent to rob and spoy	                        though they themselues should answere for the seditious, for that murder which was committed vpon the Sabaoth, when it is not lawfull for the Iewes to doe any good worke.\n\n                        	DIRECT_ALIGNMENT	HIGH	english-lodge1602-bellum2-unit449	405212	407500	Coarse-unit incipit and adjacent Lodge wording inspected directly against the Cardwell unit opening; the identity is secure. This decision verifies this boundary only.
2	latin-bellum2-num457	18	[457] CAP. XVIII. EODEM autem die, eademque hora, quasi aliqua caelesti providentia Caesarienses quoque Judaeos apud se habitantes trucidaverunt : ita ut uno tempore super viginti millia hominum caederentur, et cunctis Judaeis vacuata Caesarea remaneret. Nam et eos, qui effugerant comprehendens Florus, vinctos in arenam deduxit. Post Caesariensem vero cladem tota gens efferata est. Divisique Judaei, Syrorum vicos ac finitimas civitates protinus v	A04680.xml:/TEI[1]/text[1]/group[1]/text[2]/body[1]/div[2]/div[19]/p[1]/seg[1]/text()[1]; UTF16 offset 0; printed book 2, chapter 19; pb 634 (tcp:12923:326)	AT the same houre on the selfe same day, it happened as it were by Gods prouidence, that the Inhabitants of Caesarea did massacre the Iewes that dwelled amongst them; so that at one time aboue twentie thousand were slain	d with fire. Likewise they destroyed Anthedon, with Gaza, and most places adioyning to these Cities were sacked, to wit, the fields and villages, and a mightie slaughter was made of them that were taken in these places. 	DIRECT_ALIGNMENT	HIGH	english-lodge1602-bellum2-unit457	407500	408651	Boundary checked directly against the surrounding Cardwell and Lodge wording.
2	latin-bellum2-num461	18	[461] 2. Neque tamen Syri minorem numero multitudinem de Judaeorum gente vastabant, sed etiam eos, qui in civitatibus erant, comprehensos disperdebant: non solum ob vetus odium, sed ut discrimen imminens praevenirent. Gravis ergo conturbatio totam Syriam pervaserat, et omnis civitas in binos dividebatur exercitus : unaque alterutris salus erat, si praevenissent alteros caede facienda: et dies quidem ducebantur in sanguine, noctes autem molestiore	A04680.xml:/TEI[1]/text[1]/group[1]/text[2]/body[1]/div[2]/div[19]/p[1]/text()[8]; UTF16 offset 54; printed book 2, chapter 19; pb 634 (tcp:12923:326)	The Syrians made as great a massacre of the Iewes as this amongst them: for all the Iewes that inhabited amongst them were murdered, not only for an old grudge; but also for the auoyding of imminent danger. And al Syria 	women, lying in most shamefull maner, their secret parts being vncouered. Briefely all the Countrie was filled with exceeding great calamitie, and the feare of myserie  \n                         to come was vnspeakable.\n	DIRECT_ALIGNMENT	HIGH	english-lodge1602-bellum2-unit461	408651	410090	Coarse-unit incipit and adjacent Lodge wording inspected directly against the Cardwell unit opening; the identity is secure. This decision verifies this boundary only.
2	latin-bellum2-num466	18	[466] 3. Et hactenus quidem Judaeis adversum alienigenas conflictus erat. Incurrentes autem in Scythopoleos fines, etiam Judaeos qui illic habitabant, experti sunt hostes. Hi enim cum Scythopolitis conspirantes, et consanguinitatem utilitati propriae postponentes, adversum Judaeos cum gentilibus dimicabant. Suspecta tamen eorum ipsa belli fuit aviditas. Denique Scythopolitae veriti ne civitatem noctu adirent, et magna sua calamitate civibus excus	A04680.xml:/TEI[1]/text[1]/group[1]/text[2]/body[1]/div[2]/div[19]/p[2]/text()[1]; UTF16 offset 0; printed book 2, chapter 19; pb 634 (tcp:12923:326)	And these were the conflicts betweene the Iewes and strangers. But afterward making incursion vpon the borders of Scythopolis, the Iewes there dwelling were their enemies. For they conspiring with the citizens of Scythop	outs to see what they were doing, who finding some of them a sleepe, and others not resisting, they surprised them in a moment and killed them all, who were in number thirteene thousand, and afterward tooke their goods. 	DIRECT_ALIGNMENT	HIGH	english-lodge1602-bellum2-unit466	410090	411177	Coarse-unit incipit and adjacent Lodge wording inspected directly against the Cardwell unit opening; the identity is secure. This decision verifies this boundary only.
2	latin-bellum2-num469	18	[469] 4. Dignum autem etiam videtur, Simonis interitum enarrare. Hic enim Sauli cujusdam non ignobilis viri filius erat, fortitudine quoque corporis et audacia animi insignissimus: quibus utrisque ad incommoda suae gentis abusus est. Multos siquidem Judaeorum propinquos Scythopoli, quotidie obtruncabat, et frequenter integros cuneos fudit, ita ut totius aciei momentum solus existeret. Comprehendit autem eum digna civili caede poena. Nam cum Scyth	A04680.xml:/TEI[1]/text[1]/group[1]/text[2]/body[1]/div[2]/div[19]/p[2]/text()[6]; UTF16 offset 39; printed book 2, chapter 19; pb 634 (tcp:12923:326)	I thinke it not amisse to speake of the death of Simon, who  was the sonne of Saul a man of regard: he was a man of great courage, and strength of bodie▪ which both he vsed to the great hurt of his owne nation: for he da	 his sword into his own bodie vp to the hilts. A young man, who for his magnanimitie & strength of bodie was worthie to be pitied, had yet a iust and deserued end, for trusting forraine nations.\n\n                        	DIRECT_ALIGNMENT	HIGH	english-lodge1602-bellum2-unit469	411177	413244	Coarse-unit incipit and adjacent Lodge wording inspected directly against the Cardwell unit opening; the identity is secure. This decision verifies this boundary only.
2	latin-bellum2-num477	18	[477] 5. Ad caedem autem quae in Scythopoli facta est, reliquae quoque urbes in Judaeos apud se habitantes irruebant : et duo millia quingentos Ascalonitae, Ptolemaeis autem duo millia interfecit. Vinxerunt quoque non paucos Tyrii : multos que trucidaverunt: plures autem eorum vinctos custodiis tradidere. Hippeni quoque et Gadarenses similiter audacissimos quidem amoliebantur, terribiles autem solicite adservabant. Reliquae quoque urbes adversum 	A04680.xml:/TEI[1]/text[1]/group[1]/text[2]/body[1]/div[2]/div[20]/p[1]/seg[1]/text()[1]; UTF16 offset 0; printed book 2, chapter 20; pb 635 (tcp:12923:326)	AFter this so great a massacre of the Iewes in Scythopolis, other cities also did rise against  them where they inhabited, and two thousand and fiue hundreth were slaine at Ascalon,  and two thousand at Ptolemais, and th	because they saw that they were quiet and not seditious. The inhabitants also of Gerasa did no harme to the Iewes amongst them, but when they desired to depart, they conducted them safely vnto the  end of their borders. 	DIRECT_ALIGNMENT	HIGH	english-lodge1602-bellum2-unit477	413244	414205	Coarse-unit incipit and adjacent Lodge wording inspected directly against the Cardwell unit opening; the identity is secure. This decision verifies this boundary only.
2	latin-bellum2-num481	18	[481] 6. Excitata est autem etiam in regno Agrippae adversum Judaeos pernicies. Ipse quidem perrexerat ad Cestium Gallum Antiochiam, relicta administratione cuidam ex amicis, nomine Varo, Sohemo regi genere propinquo. Venerunt autem de Batanaea regione septuaginta numero viri et nobilitate et prudentia civium suorum praestantissimi, poscendi praesidii gratia: ut si qui scilicet apud eos quoque motus fierent, haberent idoneam custodiam, per quam p	A04680.xml:/TEI[1]/text[1]/group[1]/text[2]/body[1]/div[2]/div[20]/p[1]/text()[5]; UTF16 offset 23; printed book 2, chapter 20; pb 635 (tcp:12923:326)	In the kingdome also of Agrippa much crueltie was shewed against the Iewes: For he being gone to Cestius Gallus at Antiochia, left the rule of his countrey to one of his friends named Varus; kinsman vnto king Sohemus; an	who, fearing that if they denied, they should be compelled thereto, deliuered it vnto them; vpon condition, that they might quietly depart, and they of Macherunt placed a strong guard within it.\n\n                        	DIRECT_ALIGNMENT	HIGH	english-lodge1602-bellum2-unit481	414205	415682	Coarse-unit incipit and adjacent Lodge wording inspected directly against the Cardwell unit opening; the identity is secure. This decision verifies this boundary only.
2	latin-bellum2-num487	18	[487] 7. In Alexandria autem semper quidem erat incolis adversum Judaeos seditio, jam ab illo tempore, ex quo strenuis Alexander contra AEgyptios usus Judaeis, praemium societatis tradidit eis, et habitandi apud Alexandriam facultatem, et jus civitatis aequale cum gentibus : permanebat autem eis honor iste apud successores quoque Alexandri: denique et in parte urbis locum eis proprium deputaverunt, quatenus haberent conversationem per omnia mundi	A04680.xml:/TEI[1]/text[1]/group[1]/text[2]/body[1]/div[2]/div[21]/p[1]/seg[1]/text()[1]; UTF16 offset 0; printed book 2, chapter 21; pb 635 (tcp:12923:326)	THe citizens of Alexandria had alwaies a quarrel against the Iewes that liued with thē, since the time that that famous Alexander vsed their helpe against the Aegyptians; and therefore permitted them to inhabite in Alex	 did not at the first vse force of armes against them, but sent their nobilitie to perswade them to cease, and not incite the Roman army against them. But the seditious Iewes refused his admonition, and mocked Tiberius: 	DIRECT_ALIGNMENT	HIGH	english-lodge1602-bellum2-unit487	415682	417802	Coarse-unit incipit and adjacent Lodge wording inspected directly against the Cardwell unit opening; the identity is secure. This decision verifies this boundary only.
2	latin-bellum2-num494	18	[494] 8. Qui postquam vidit absque magna calamitate tumultuosos non posse compesci, immisit in eos duas Romanorum legiones, quae in civitate erant : et cum his alios quinque millia milites, casu ad Judaeorum interitum de Libya venientes, praecepitque ut non solum interficerent, sed etiam bona eorum diriperent, domosque inflammarent. Qui protinus concurrentes in locum, qui vocatur Delta (illic quippe erat Judaeo rum multitudo collecta) exequebantu	A04680.xml:/TEI[1]/text[1]/group[1]/text[2]/body[1]/div[2]/div[21]/p[1]/text()[21]; UTF16 offset 1; printed book 2, chapter 21; pb 636 (tcp:12923:327)	who seeing that they would not otherwise be appeased, sent two legions of armed Romans against them which were in the citie, and with them fiue thousand other souldiers, who by chance came out of Lybia to this massacre o	 departed: but the people of Alexandria were hardly withdrawen from that massacre, because of the hatred which they had conceiued against the Iewes: and with much ado were withheld from tyrannizing ouer the dead bodies. 	DIRECT_ALIGNMENT	HIGH	english-lodge1602-bellum2-unit494	417802	419170	Coarse-unit incipit and adjacent Lodge wording inspected directly against the Cardwell unit opening; the identity is secure. This decision verifies this boundary only.
2	latin-bellum2-num499	18	[499] 9. Apud Alexandriam quidem talis casus evenit. Cestio vero jam quiescendum esse non videbatur, infensis ubique Judaeis, sed duodecimam- legionem integram ex Antiochia secum ducens, et ex reliquis bina millia lecta peditum, et quatuor alas equitum, insuperque regum auxilia, hoc est Antiochi duo millia equitum, et peditum tria millia, sagittarios omnes, Agrippae vero tantundem peditum et equitum mille, et cum Sohemus sequeretur quatuor millib	A04680.xml:/TEI[1]/text[1]/group[1]/text[2]/body[1]/div[2]/div[21]/p[1]/text()[31]; UTF16 offset 97; printed book 2, chapter 21; pb 636 (tcp:12923:327)	And this befell the Iewes at Alexandria.\n\n                        \n                           CEstius Gallus now thought it time to bestirre himselfe, forasmuch as the Iewes were now hated euerie where, and taking with h	hinde to get boo\n                           •…\n                        ies: which when the Iewes vnderstood, and that Cestius was departed, they tooke courage and came and set vpon them, and killed of them two thousand. 	DIRECT_ALIGNMENT	HIGH	english-lodge1602-bellum2-unit499	419170	420982	Boundary checked directly against the surrounding Cardwell and Lodge wording.
2	latin-bellum2-num507	18	[507] 10. Cestius autem ex Ptolemaide profectus, ipse quidem Caesaream pervenit: in Joppen vero partem praemisit exercitus cum praeceptis hujusmodi, ut oppidum custodirent, si eo potiri possent: aut si oppidani impetum praesensissent, tam suum quam caeterorum militum praestolarentur adventum. Illorum igitur alii mari, alii terra profecti, utrinque Joppen facilime capiunt: ita ut ne fugae quidem habitatores copiam reperirent, nedum ad pugnam se pa	A04680.xml:/TEI[1]/text[1]/group[1]/text[2]/body[1]/div[2]/div[22]/p[1]/text()[14]; UTF16 offset 95; printed book 2, chapter 22; pb 636 (tcp:12923:327)	In the meane while, Cestius departed  from Ptolemais, and went vnto Caesarea, and sent part of his army to Ioppe, commanding  them to keepe the towne if they could get it; and if the townsmen made any resistance, that th	s horsemen vnto Narbatena in the Toparchy neere Samaria, who spoiled the countrey, killed a great number of inhabitants, robbed and burned the villages, and caried away a great bootie with them.\n\n                        	DIRECT_ALIGNMENT	HIGH	english-lodge1602-bellum2-unit507	420982	421857	Coarse-unit incipit and adjacent Lodge wording inspected directly against the Cardwell unit opening; the identity is secure. This decision verifies this boundary only.
2	latin-bellum2-num510	18	[510] 11. In Galilaeam quoque misit Caesennium Gallum, ductorem duodecimae legionis : eique tantam militum manum attribuit, quantam genti expugnandae sufficere posse credebat. eum validissima Galilaeae civitas Sepphoris cum favore suscepit. Hujusque prudens consilium secutae civitates aliae quiescebant: Qui vero seditionibus et latrociniis operam dabant, in Galilaeae montem undique medium recessere, qui est contra Sepphorim, et vocatur Asamon. Ad	A04680.xml:/TEI[1]/text[1]/group[1]/text[2]/body[1]/div[2]/div[23]/p[1]/seg[1]/text()[1]; UTF16 offset 0; printed book 2, chapter 23; pb 636 (tcp:12923:327)	HE sent also Caesennius Gallus Generall of the twelfth legion into Galilee, and gaue him as great an army as he thought sufficient to conquer that nation, whom the strong\n                           •…\n                   	 for not being armed, they could not stand out, and if they should haue fled, they could not haue escaped the horsemen, so that onely a few hid themselues in difficult places, and aboue two thousand of them were slaine. 	DIRECT_ALIGNMENT	HIGH	english-lodge1602-bellum2-unit510	421857	422872	Coarse-unit incipit and adjacent Lodge wording inspected directly against the Cardwell unit opening; the identity is secure. This decision verifies this boundary only.
2	latin-bellum2-num513	19	[513] CAP. XIX. GALLUS igitur cum nihil jam tentari novitatis apud Galilaeam videret, Caesaream cum exercitu remeabat. Cestius vero cum omni manu reversus in Antipatridem perrexit. Cognitoque non parvam multitudinem Judaeorum in turrim quae Aphaeci vocabatur esse collectam, qui cum his congrederentur praemisit. Sed prius quam in manus venirent, Judaei metu dispersi sunt: eorumque castra jam desolata milites adorti, cum vicis circumpositis incende	A04680.xml:/TEI[1]/text[1]/group[1]/text[2]/body[1]/div[2]/div[23]/p[1]/hi[3]/text()[1]; UTF16 offset 0; printed book 2, chapter 23; pb 637 (tcp:12923:327)	Gallus perceiuing all Galilee in peace, and not minded to reuolt,  returned with his Companies vnto Caesarea; and Cestius with his whole Army went vnto Antipatris: where vnderstanding that a great multitude of Iewes were	 of Tabernacles: and when he had killed fifty persons whom he found there, he fiered the Towne, and went on further: and going by Bethoron he pitched his Tent in Gabaus,  which is fiftie furlongs distant from Ierusalem: 	DIRECT_ALIGNMENT	HIGH	english-lodge1602-bellum2-unit513	422872	423635	Boundary checked directly against the surrounding Cardwell and Lodge wording.
2	latin-bellum2-num517	19	[517] 2. Judaei vero cum jam civitati propinquare bellum viderent, omissis dierum festorum solennibus, ad arma properabant : satisque freti multitudine, incompositi ad pugnam et cum clamore prosiliebant, ne dierum quidem septem habita ratione feriatorum. erat enim sabbatum, quod apud eos religione maxima curabatur. idem autem furor qui eos ab obsequio pietatis emoverat, in praelio quoque superiores effecit. Tanto namque impetu Romanos aggressi su	A04680.xml:/TEI[1]/text[1]/group[1]/text[2]/body[1]/div[2]/div[23]/p[1]/text()[23]; UTF16 offset 50; printed book 2, chapter 23; pb 637 (tcp:12923:327)	When the Iewes saw themselues in danger,  they left the solemnitie, and prepared themselues for warre: and hauing a great multitude, they went to fight, obseruing no order, altogether with indiscreet cries, not regarding	aied three dayes in the field, and the Iewes kept the high places, espying which way he went, purposing not to be quiet if the Romans departed. \n                     \n\n                        \n                           	DIRECT_ALIGNMENT	HIGH	english-lodge1602-bellum2-unit517	423635	425189	Coarse-unit incipit and adjacent Lodge wording inspected directly against the Cardwell unit opening; the identity is secure. This decision verifies this boundary only.
2	latin-bellum2-num523	19	[523] 3. Itaque dum Agrippa, infinita hostium multitudine montes amplexa, ne Romanos quidem a periculo tutos esse perspiceret, verbis Judaeos experiri decrevit, vel omnes sibi parituros existimans, ut bello desisterent, vel si qui adversarentur, revocandos qui ab eorum sententia discreparent. Misit igitur ex comitibus suis Borcaeum et Phoebum, quos illis sciebat notissimos: ut a Cestio foedus amicitiae, certamque pro peccatis a populo Romano veni	A04680.xml:/TEI[1]/text[1]/group[1]/text[2]/body[1]/div[2]/div[24]/p[1]/hi[1]/seg[1]/text()[1]; UTF16 offset 0; printed book 2, chapter 24; pb 637 (tcp:12923:327)	AGrippa perceiuing the Romans to be in great daunger, for that all the mountaines were couered with an infinite number of Iewes, he purposed to trie, if through few words hee could perswade them to desist from warre, or 	                   and slew Phoebus before he spake any word, and Borcaeus being wounded, escaped. But the people were angrie hereat, and with stones & clubs draue them into the towne that were the authors of this fact. 	DIRECT_ALIGNMENT	HIGH	english-lodge1602-bellum2-unit523	425189	426052	Coarse-unit incipit and adjacent Lodge wording inspected directly against the Cardwell unit opening; the identity is secure. This decision verifies this boundary only.
2	latin-bellum2-num527	19	[527] 4. Cestius vero, quia intestinam eorum discordiam opportunum ad irruendum tempus invenit, totum in eos duxit exercitum : inque fugam versos, usque ad Hierosolymam persecutus est. Castris autem in loco positis, qui appellatur Scopus, intervallo septem stadiorum a civitate discedens, nihil per triduum adversus oppidum conabatur : sperans fortasse intus degentes aliquid remissuros. In vicos autem circa civitatem, non parvam militum manum ad ra	A04680.xml:/TEI[1]/text[1]/group[1]/text[2]/body[1]/div[2]/div[24]/p[1]/hi[8]/text()[1]; UTF16 offset 0; printed book 2, chapter 24; pb 637 (tcp:12923:327)	Cestius perceiuing them at oddes amongst themselues, thought that he had now a fit opportunitie to assault them, and so came vpon them with his whole armie: and putting them to flight, he pursued them vnto Ierusalem. And	 Generall of the footemen, and many other rulers and Captaines of the horsemen, being hired with money by Florus, hindred that his purpose, whereby the wars were so prolonged, and a thousand calamities befel the Iewes.\n\n	DIRECT_ALIGNMENT	HIGH	english-lodge1602-bellum2-unit527	426052	427365	Coarse-unit incipit and adjacent Lodge wording inspected directly against the Cardwell unit opening; the identity is secure. This decision verifies this boundary only.
2	latin-bellum2-num533	19	[533] 5. Interea plurimi popularium nobilissimi, et Ananus Jona thae filius, Cestium, quasi portas ei patefacturi, vocabant. Ille autem et ira fastidiens, et quod non satis ei credendum putaret, tam diu id neglexit, donec proditione comperta, seditiosi Ananum quidem cum caeteris, de muro dejectis lapidibus feriendo, in domos suas refugere coegerunt: ipsi vero per turres dispositi, murum tentantibus repugnabant. Per dies igitur quinque Romanis und	A04680.xml:/TEI[1]/text[1]/group[1]/text[2]/body[1]/div[2]/div[24]/p[1]/text()[21]; UTF16 offset 1; printed book 2, chapter 24; pb 638 (tcp:12923:328)	In the meane time many of the chiefest among the Iewes, and Ananus the sonne of Ionathas, \n                         \n                         called Cestius, as though they would haue opened him the gates: but hee was an	 making as it were a couering as the Romans call it, or defence, that all their shot and darts could doe them no harme; so that the souldiers did safely vndermine the wals, and attempted to fire the gates of the Temple.\n	DIRECT_ALIGNMENT	HIGH	english-lodge1602-bellum2-unit533	427365	428747	Coarse-unit incipit and adjacent Lodge wording inspected directly against the Cardwell unit opening; the identity is secure. This decision verifies this boundary only.
2	latin-bellum2-num538	19	[538] 6. Vehemens autem seditiosos stupor invaserat, jamque multi ex civitate diffugiebant, veluti continuo caperetur. His autem populus alacrior efficiebatur : et quantum nequissimi cadebant, tantum ut ipsi portas aperirent, Cestiumque quam optime de se meritum, reciperent, appropinquabant. Et profecto si paululum in obsidione perseverasset, statim civitatem obtinuisset. sed credo jam tunc infestus Deus pessimis, ejusque sancta illo die finem be	A04680.xml:/TEI[1]/text[1]/group[1]/text[2]/body[1]/div[2]/div[24]/p[2]/text()[1]; UTF16 offset 0; printed book 2, chapter 24; pb 638 (tcp:12923:328)	Now the seditious people were heereat greatly amazed, and many fled out of the Citie, as though it would presently be taken. And the good were hereby encouraged, as much as the rebels were dismaide, and came vnto the gat	ll deserued at their hands. And truely had he but a little longer continued his siege, hee had taken the Citie. But I thinke that God being angrie with the wicked, would not suffer the warres to bee ended at  that time: 	DIRECT_ALIGNMENT	HIGH	english-lodge1602-bellum2-unit538	428747	429227	Coarse-unit incipit and adjacent Lodge wording inspected directly against the Cardwell unit opening; the identity is secure. This decision verifies this boundary only.
2	latin-bellum2-num540	19	[540] 7. Denique Cestius, neque animis populi, neque obsessorum desperatione perspecta, repente militem revocat, et sine ulla spei repulsa, inconsulte nimis ac injuste discessit. inopinata vero ejus fuga, latronum fiduciam recreavit : insecutique novissimos aliquot equitum peditumque peremere. Et tunc quidem Cestius in castra, quae apud Scopon munierat, tetendit: altero autem die ulterius recedendo, magis hostes provocavit: jamque postremos assec	A04680.xml:/TEI[1]/text[1]/group[1]/text[2]/body[1]/div[2]/div[24]/p[2]/text()[4]; UTF16 offset 12; printed book 2, chapter 24; pb 638 (tcp:12923:328)	for Cestius neither regarding the good will of the people, nor the desperation of the rebels, remoued his armie from thence, and hauing receiued no losse, verie vnaduisedly departed  from the Citie: at whose vnlooked for	his enemies to be increased, and all places about to be filled with Iewes: whereby he saw that his slow haste was to his disaduantage, and the number of his enemies would stil increase if he made any longer abode there. 	DIRECT_ALIGNMENT	HIGH	english-lodge1602-bellum2-unit540	429227	430961	Coarse-unit incipit and adjacent Lodge wording inspected directly against the Cardwell unit opening; the identity is secure. This decision verifies this boundary only.
2	latin-bellum2-num546	19	[546] 8. Itaque pro compendio fugae, cuncta quae militibus impedimento erant, amputari praecepit : occisisque mulis atque asinis, aliisque jumentis, praeter illa quae sagittas et machinas ferrent (haec enim velut usui futura servabat, maxime quia timebat ne Judaeis contra se capta prodessent) Bethoron versus antecedebat exercitum. At Judaei latioribus quidem locis minus instabant : contractos vero in angustias atque descensus, alii ab exitu prohi	A04680.xml:/TEI[1]/text[1]/group[1]/text[2]/body[1]/div[2]/div[24]/p[2]/text()[14]; UTF16 offset 295; printed book 2, chapter 24; pb 638 (tcp:12923:328)	Wherefore that he might flie speedily, he caused the souldiers to cast away all those things that might any way bee a hinderance vnto them, and killed their Mules and Asses, and cattell, sauing onely those that bare muni	ished, had not the night come on and helped them, which by her darknesse gaue leasure to the Romanes to flie into Bethoron. In the meane while the Iewes kept all the places thereabouts besieged, and garded the passages. 	DIRECT_ALIGNMENT	HIGH	english-lodge1602-bellum2-unit546	430961	432605	Coarse-unit incipit and adjacent Lodge wording inspected directly against the Cardwell unit opening; the identity is secure. This decision verifies this boundary only.
2	latin-bellum2-num551	19	[551] 9. Denique ubi Cestius aperto itinere desperato, jam de fuga cogitabat, lectos prope ad cccc. omnium fortissimos milites, tectorum fastigiis imposuit. hisque praecepit, vigilum qui in castris excubarent, signa clamare : ut eo modo Judaei omnem illic militum numerum arbitrarentur remanere. Ipse autem cum caeteris otiose usque ad xxx. stadia progreditur. Unde mane cum Judaei locum quo Romani tetenderant desolatum vidissent, in quadringentos a	A04680.xml:/TEI[1]/text[1]/group[1]/text[2]/body[1]/div[2]/div[24]/p[2]/hi[9]/text()[1]; UTF16 offset 0; printed book 2, chapter 24; pb 638 (tcp:12923:328)	Cestius seeing it not possible to march openly, thought it best to flie, and chose almost 400. of his strongest souldiers, &  set them in verie eminent places, commanding them that when they were aloft, they shold crie a	 the Romans, and their helpers; and nine hundreth and fourescore horsemen. And  this was done vpon the eight day of October, and in the twelfth yeere of the raigne of Nero.\n                     \n\n                        	DIRECT_ALIGNMENT	HIGH	english-lodge1602-bellum2-unit551	432605	434051	Coarse-unit incipit and adjacent Lodge wording inspected directly against the Cardwell unit opening; the identity is secure. This decision verifies this boundary only.
2	latin-bellum2-num556	20	[556] CAP. XX. POST Cestii vero casus adversos nobilium Judaeorum multi, tanquam e navi pessum itura, ex civitate enatabant. Denique Costobarus et Saulus fratres, una cum Philippo Iachimi filio, qui princeps erat exercitus regis Agrippae, inde dilapsi ad Cestium transfugerunt. Qui vero cum his in aula regia fuerat obsessus Antipas, fuga despecta, quemadmodum a seditionis interemptus sit alias indicabimus. Cestius autem Saulum et caeteros in Achai	A04680.xml:/TEI[1]/text[1]/group[1]/text[2]/body[1]/div[2]/div[25]/p[1]/seg[1]/text()[1]; UTF16 offset 0; printed book 2, chapter 25; pb 639 (tcp:12923:328)	INcontinently after Cestius aduerse fortune, many of the chiefest amongst the Iewes daily fled and forsooke the Citie, as a ship presently ready to sinke. Costobarus and Saul two brethren, and Philip the sonne of Ioachim	mpanie into Achaia vnto Nero, to let him vnderstand the cause of their flight, and to shew how Florus had caused all these warres: for so he hoped that Nero would bend his wrath against Florus, and quit him from danger. 	DIRECT_ALIGNMENT	HIGH	english-lodge1602-bellum2-unit556	434051	434784	Boundary checked directly against the surrounding Cardwell and Lodge wording.
2	latin-bellum2-num559	20	[559] 2. Tunc autem Damasceni, caede Romanorum cognita, Judaeos apud se degentes opprimere studuerunt : et cum eos in publicis thermis collectos haberent, (namque id propter suspiciones meditabantur) facilem quidem sui conatus exitum fore putabant. verebantur autem mulieres suas, fere omnes praeter paucas Judaizantes, et eorum religione imbutas. Quare his magna cura fuit eas caelandi, quid agerent : Judaeorum autem decem millia, quippe ut in angu	A04680.xml:/TEI[1]/text[1]/group[1]/text[2]/body[1]/div[2]/div[25]/p[1]/text()[17]; UTF16 offset 27; printed book 2, chapter 25; pb 639 (tcp:12923:328)	Then the people of Damascus vnderstanding the death of the Romans, deuised how to destroy the Iewes which inhabited amongst them: and they thought it was easie to be accomplished, for that the Iewes were already assemble	ore they tooke great heed to conceal their intent from them, and so assaulting the Iewes altogither in a narrow place, and hauing nothing to defend  them, they put them all to the sword, who were in number ten thousand. 	DIRECT_ALIGNMENT	HIGH	english-lodge1602-bellum2-unit559	434784	435364	Coarse-unit incipit and adjacent Lodge wording inspected directly against the Cardwell unit opening; the identity is secure. This decision verifies this boundary only.
2	latin-bellum2-num562	20	[562] 3. Qui vero Cestium fugaverant, in Hierosolymam reversi, quos adhuc Romanorum studiosos invenissent, partim vi, partim blanditiis sibi etiam sociabant : et in templum congregati, plures belli duces eligendos esse censebant. Declaratus est igitur Josephus, Gorionis filius, et pontifex Ananus : omnia quae in civitate gerenda essent, imperaturi: maximeque ut civitatis muros erigerent. Filium namque Simonis Eleazarum, quamvis Romanis praedam, e	A04680.xml:/TEI[1]/text[1]/group[1]/text[2]/body[1]/div[2]/div[25]/p[1]/text()[20]; UTF16 offset 72; printed book 2, chapter 25; pb 639 (tcp:12923:328)	The rebels that so pursued  \n                        Cestius, returned into Ierusalem, and ceased not to ioine all vnto them that fauoured the Romans, either by force or by flatterie, and assembling themselues in the tem	great part of the publike treasure, because they perceiued him through authoritie to wax proude, and his attendants become stately. Yet in time Eleazar by money and craft, perswaded the people to obey him in all things. 	DIRECT_ALIGNMENT	HIGH	english-lodge1602-bellum2-unit562	435364	436214	Coarse-unit incipit and adjacent Lodge wording inspected directly against the Cardwell unit opening; the identity is secure. This decision verifies this boundary only.
2	latin-bellum2-num566	20	[566] 4. In Idumaeam vero quos mitterent, alios militum duces optarunt, Jesum filium Sapphae, unum e pontificibus et Eleazarum novi pontificis filium, Nigro autem mandaverunt, qui tunc Idumaeam regebat, ex regione trans Jordanem posita genus ducens, unde Peraites cognominabatur, ut ducibus obtemperaret. Sed ne alias quidem regiones omittendas putabant. namque in Hierichuntem Josephus filius Simonis, et trans flumen Manasses, et Tamnam Johannes Es	A04680.xml:/TEI[1]/text[1]/group[1]/text[2]/body[1]/div[2]/div[25]/p[1]/text()[33]; UTF16 offset 69; printed book 2, chapter 25; pb 639 (tcp:12923:328)	And they requested other captaines to be sent into Idumaea, who were Iesus the sonne of Sapphas, and Eleazar the sonne of the new high priest: and they commaunded Niger who was  borne beyond Iordan, to obey these captain	sean, and Iohn the sonne of Ananias was appointed Gouernour of Gophnitis and Acrabatena. And Ioseph the son of Matthias was made ruler ouer both Galilees,  vnto which was ioyned Gamala the strongest Citie in that coast.\n	DIRECT_ALIGNMENT	HIGH	english-lodge1602-bellum2-unit566	436214	437012	Coarse-unit incipit and adjacent Lodge wording inspected directly against the Cardwell unit opening; the identity is secure. This decision verifies this boundary only.
2	latin-bellum2-num569	20	[569] 5. Aliorum igitur rectorum, pro alacritate ac prudentia sua, quisque res sibi creditas administrabat. Josephus autem cum in Galilaeam venisset, primum curae habuit, indigenarum sibi conciliare benevolentiam: multa sciens ea confici posse, licet in aliis peccavisset. Deinde considerato, quod potentissimos quidem amicos haberet si eos participes potestatis fecisset, omnem vero multitudinem si pleraque per indigenas et consuetos fieri praecipe	A04680.xml:/TEI[1]/text[1]/group[1]/text[2]/body[1]/div[2]/div[25]/p[2]/text()[1]; UTF16 offset 0; printed book 2, chapter 25; pb 639 (tcp:12923:328)	As for other Gouernors, euerie one discharged his place according to his wisdome & dexteritie. When Ioseph came to Galilee, which was committed to his protection, his first care was to get the good will of the inhabitant	r all Galilee, & elected seuen iudges ouer the lesser townes to iudge inferiour matters\n                           •…\n                         for he reserued all great affaires and criminall causes to his owne hearing. 	DIRECT_ALIGNMENT	HIGH	english-lodge1602-bellum2-unit569	437012	437858	Coarse-unit incipit and adjacent Lodge wording inspected directly against the Cardwell unit opening; the identity is secure. This decision verifies this boundary only.
2	latin-bellum2-num572	20	[572] 6. Caeterum disposito per civitates jure quo inter se uterentur, etiam quemadmodum extrinsecus tuti essent animadvertit : certusque in Galilaeam Romanos esse venturos, opportuna loca muro cingebat, hoc est Jotapatan, et Bersabee et Selamin, necnon et Pereccho, et Japha, et Sigoph, et montem cui momen est Itaburio, et Taricheas, et Tiberiada: ad haec etiam circa Genesar lacum speluncas in ea quae inferior Galilaea vocabatur munivit. Superior	A04680.xml:/TEI[1]/text[1]/group[1]/text[2]/body[1]/div[2]/div[25]/p[2]/text()[8]; UTF16 offset 33; printed book 2, chapter 25; pb 639 (tcp:12923:328)	Moreouer, hauing ordained a forme of iustice that those seuentie\n\nshould follow, he tooke counsell how to worke their outward securitie: And being assured  \n                         that the Romans would come into Galile	oseph put to his helping hand, and tolde how they should be done. He leuied also an army of a hundreth thousand, who were all young men, whom he armed with olde armour, which he gathered from all parts of the countrey:  	DIRECT_ALIGNMENT	HIGH	english-lodge1602-bellum2-unit572	437858	439100	Boundary checked directly against the surrounding Cardwell and Lodge wording.
2	latin-bellum2-num577	20	[577] 7. Deinde reputans, hoc maxime Romanam invictam esse virtutem, quod dicto essent audientes rectoribus suis, et armorum exercitationi operam darent, doctrinam quidem urgente necessitate despexit : parendi autem facultatem ratus regentium multitudine posse contingere, ita ut Romani solent, divisit exercitum, pluresque fecit ordinum principes. diversisque militum generibus constitutis, alios decadarchis, alios centurionibus, alios tribunis sub	A04680.xml:/TEI[1]/text[1]/group[1]/text[2]/body[1]/div[2]/div[25]/p[2]/text()[23]; UTF16 offset 1; printed book 2, chapter 25; pb 640 (tcp:12923:329)	and considering that the Roman army was inuincible, for that they were all obedient vnto their rulers, and expert in warre, he could not instruct them in martiall discipline, other occasions forcing him to the contrarie:	with whom they conuersed to be their owne gaine: for those warres had alwaies best successe, where the souldiers carried good consciences; and they that were bad, should not onely haue men, but God also for their enemy. 	DIRECT_ALIGNMENT	HIGH	english-lodge1602-bellum2-unit577	439100	440646	Coarse-unit incipit and adjacent Lodge wording inspected directly against the Cardwell unit opening; the identity is secure. This decision verifies this boundary only.
2	latin-bellum2-num583	20	[583] 8. Multa in hunc modum admonendo perseverebat. Et jam quidem quantum praelio parandum esset, conflatum erat. Nam Lx. peditum millia, ccl. equites, ac praeter hos etiam mercenarios, quibus maxime fretus erat, habebat quatuor millia quingentos : necnon et sexcentos circa se electos custodes corporis atque satellites. Exceptis autem mercenariis, facile caeteri milites a civitatibus alebantur. namque singulae quas enumeravimus, cum mediam sui m	A04680.xml:/TEI[1]/text[1]/group[1]/text[2]/body[1]/div[2]/div[25]/p[2]/text()[31]; UTF16 offset 415; printed book 2, chapter 25; pb 640 (tcp:12923:329)	And after this manner he daily exhorted them, and now he had appointed  how many were to fight. For threescore thousand footmen, and two hundreth and fiftie horsemen, and beside these foure thousand, and fiue hundreth wh	one halfe of their men for souldiers; and the other halfe they kept to prouide victuals for them, that one part being employed in warre, the other might doe such businesse as the Citie required.\n\n                        	DIRECT_ALIGNMENT	HIGH	english-lodge1602-bellum2-unit583	440646	441313	Coarse-unit incipit and adjacent Lodge wording inspected directly against the Cardwell unit opening; the identity is secure. This decision verifies this boundary only.
2	latin-bellum2-num585	21	[585] CAP. XXI. JOSEPHO autem hoc modo administranti Galilaeam, insurrexit quidam insidiator, patria Giscala ortus, Leviae filius, nomine Joannes, callidissimus, ac dolis plenus, et mequitia quidem nobilissimus omnium, antea vero pauper, et aliquandiu malitiae suae impedimentum passus inopiam, facile mentiri paratus, mirusque fidem adhibere mendacio: et qui fallaciam virtutem putaret, eaque adversus amicissimos uteretur: simulator humanitatis, et	A04680.xml:/TEI[1]/text[1]/group[1]/text[2]/body[1]/div[2]/div[26]/p[1]/seg[1]/text()[1]; UTF16 offset 0; printed book 2, chapter 26; pb 640 (tcp:12923:329)	WHilest Ioseph thus ordered the estate of Galilee, there arose a traitor borne in Giscala, the sonne of Leuias whose name was Iohn, a most subtill and deceitfull treacher, who by vile  meanes was now become the richest m	skilfull in martiall affaires: of these he gathered foure hundreth, the most of them out of Tyre, and the villages thereabout▪ and  with them he wasted all Galilee, and put many in minde of the miserable warres to come. 	DIRECT_ALIGNMENT	HIGH	english-lodge1602-bellum2-unit585	441313	442546	Boundary checked directly against the surrounding Cardwell and Lodge wording.
2	latin-bellum2-num590	21	[590] 2. Hunc igitur jamdudum regendi milites cupientem, et majora desiderantem, diu pecuniae retardabat inopia. cumque videret Josephum sua industria laetari, persuadet ei primum; ut fabricandi muri patriae solicitudinem sibi committeret. in qua re quaestus magnos a locupletibus fecit. Deinde callidissima fraude composita, velut oleo, quod non a gentilibus suis tractatum esset, uti caverent omnes apud Syriam Judaei, ut ad confinia oleum mitteret	A04680.xml:/TEI[1]/text[1]/group[1]/text[2]/body[1]/div[2]/div[26]/p[1]/text()[11]; UTF16 offset 89; printed book 2, chapter 26; pb 640 (tcp:12923:329)	This man a long time before desired to be gouernour of the army, and aspired to greater matters, only the want of money hindred him: and perceiuing that Ioseph tooke delight in his industrie, he perswaded him to suffer h	use him of cowardice to the people for so doing. Moreouer, he had already giuen out speeches, that Ioseph went about to betray Galilee vnto the Romans, and deuised many  things to this effect to worke Iosephs ouerthrow. 	DIRECT_ALIGNMENT	HIGH	english-lodge1602-bellum2-unit590	442546	444248	Coarse-unit incipit and adjacent Lodge wording inspected directly against the Cardwell unit opening; the identity is secure. This decision verifies this boundary only.
2	latin-bellum2-num595	21	[595] 3. Itaque illo tempore, cum quidam ex vico Dabaritarum, in magno campo custodias agentes, Ptolemaeum Agrippae et Berenices procuratorem aggressi, omnes quas ferebat sarcinas abstulissent, in quibus erant non paucae vestes preciosae, plurimaque argentea pocula, et Dc. aurei, neque hanc praedam occulte administrare potuissent, omnia Tarichaeas ad Josephum comportarunt. Ille autem reprehensa violentia, quam regiis intulissent, reponi res ablat	A04680.xml:/TEI[1]/text[1]/group[1]/text[2]/body[1]/div[2]/div[26]/p[1]/text()[22]; UTF16 offset 12; printed book 2, chapter 26; pb 641 (tcp:12923:329)	It hapned that at that time, some of the village of Dabarita, who watched in the field, set vpon Ptolemaeus, who was factor for Agrippa, and his  sister Berenice, & spoiled them of all cariage, wherein was much costly ap	ifie your vvalles. If yee mislike this, I vvill bring out the treasure, and giue it to be deuided amongst you: but if you like thereof, then it appeareth, how you molest him who is your benefactor.\n                     \n	DIRECT_ALIGNMENT	HIGH	english-lodge1602-bellum2-unit595	444248	447879	Coarse-unit incipit and adjacent Lodge wording inspected directly against the Cardwell unit opening; the identity is secure. This decision verifies this boundary only.
2	latin-bellum2-num608	21	[608] 4. Haec Taricheatae quidem ab eo dicta cum favore receperunt : Tiberienses vero cum aliis depravando, insuper etiam minitabantur: utrique autem relicto Josepho, inter se litigabant. Ille autem fretus jam secum sentientibus (erant enim prope ad xi.. millia Taricheatae) cum multitudine liberius loquebatur: multumque in eorum temeritatem invectus, ex praesenti quidem pecunia Taricheam ait esse muniendam. curae autem sibi fore similiter, ut eti	A04680.xml:/TEI[1]/text[1]/group[1]/text[2]/body[1]/div[2]/div[26]/p[2]/text()[1]; UTF16 offset 0; printed book 2, chapter 26; pb 641 (tcp:12923:329)	This speech of his well pleased the people of Tarichea, and displeased them of Tiberias; so  that they breathed out threatnings against him. Thus they both left Ioseph, and fought one against another. He now hauing many 	e to strengthen other cities, and that they should not want money, if they would agree and conspire togither against them, from whom they should take it; and not to offer violence vnto him who\n\nwould endeuour to get it. 	DIRECT_ALIGNMENT	HIGH	english-lodge1602-bellum2-unit608	447879	448563	Coarse-unit incipit and adjacent Lodge wording inspected directly against the Cardwell unit opening; the identity is secure. This decision verifies this boundary only.
2	latin-bellum2-num610	21	[610] 5. Itaque tum alia quidem multitudo quae decepta fuerat, quamvis irata recedebat: duo vero armatorum millia impetum in eum fecere. cumque se ille tecto ante recepisset, instabant ei minitantes. Iterum autem Josephus in hos quoque altera fraude utitur. cumque in summum tectum evasisset, compresso dextera strepitu, nescire ait se, quid peterent sibi praestari: voces enim se non exaudire confusas. omnia vero quae juberent esse facturum, si ali	A04680.xml:/TEI[1]/text[1]/group[1]/text[2]/body[1]/div[2]/div[26]/p[2]/text()[5]; UTF16 offset 27; printed book 2, chapter 26; pb 642 (tcp:12923:330)	So the rest of the multitude being deceiued, though they were angry;  \n                         yet departed; and two thousand armed men offered to set vpon him: but he being alreadie retired into his house, they stood w	 to alleage  reasons to and fro; and presently Ioseph opening the doores put them foorth amongst the people all bloudie as they were: whereat they were so terrified, that leauing their weapons behind them they ran away. 	DIRECT_ALIGNMENT	HIGH	english-lodge1602-bellum2-unit610	448563	449823	Coarse-unit incipit and adjacent Lodge wording inspected directly against the Cardwell unit opening; the identity is secure. This decision verifies this boundary only.
2	latin-bellum2-num614	21	[614] 6. Ob haec Joannis etiam atque etiam crescebat invidia, aliasque nihilominus Josepho moliebatur insidias : morboque simulato per epistolam postulavit, ut sibi medicinae gratia Tiberiensibus aquis calidis uti permitteret. Josephus autem, quia nondum ei suspectus erat insidiator, ad praefectos civitatis literas fecit, ut et hospitium et utensilia Joanni praeberent. Quibus ille potitus, biduo post cujus rei causa venerat agebat : et his fraude	A04680.xml:/TEI[1]/text[1]/group[1]/text[2]/body[1]/div[2]/div[26]/p[2]/text()[14]; UTF16 offset 167; printed book 2, chapter 26; pb 642 (tcp:12923:330)	Hereat Iohn tooke occasion to encrease his enuie, and hauing ill successe  in this policie, he still attempted other plots to bring Ioseph in daunger, and counterfeiting himselfe sicke, he requested Ioseph to permit him 	he leptdowne a little hil vpon the shore, which was sixe cubites high, vpon which he stood to speake vnto the people, and going into a boat with two of his guard which he found there, he went into the midst of the lake, 	DIRECT_ALIGNMENT	HIGH	english-lodge1602-bellum2-unit614	449823	451579	Coarse-unit incipit and adjacent Lodge wording inspected directly against the Cardwell unit opening; the identity is secure. This decision verifies this boundary only.
2	latin-bellum2-num620	21	[620] 7. Milites vero ejus, ilico raptis armis, contra insidiatores irruebant. Mox autem veritus Josephus ne bello intestino concitato, propter paucorum invidiam civitas consumetur, nuncium suis misit, qui eos moneret, ut propriae tantum saluti consulerent: neque vero quenquam vel occiderent, vel arguerent noxiorum. Et illi qnidem dicto parentes, conquieverunt. qui vero circum civitatem pers agros habitabant, auditis insidiis, et quis earum fabri	A04680.xml:/TEI[1]/text[1]/group[1]/text[2]/body[1]/div[2]/div[26]/p[2]/text()[37]; UTF16 offset 285; printed book 2, chapter 26; pb 642 (tcp:12923:330)	and  presently his guard taking their weapons, assaulted the traitors. Ioseph fearing that a great conflict would ensue, and so the whole citie for a few mens fault be destroyed, sent to his souldiers, charging them onel	re Captaines  and Counsellors of his enemies, hee sent them vnto Ierusalem; against whome the people being incensed would haue killed them, and those that brought them, had they not fled betime.\n\n                        	DIRECT_ALIGNMENT	HIGH	english-lodge1602-bellum2-unit620	451579	454817	Coarse-unit incipit and adjacent Lodge wording inspected directly against the Cardwell unit opening; the identity is secure. This decision verifies this boundary only.
2	latin-bellum2-num632	21	[632] 8. Joannem vero jam intra muros Gischalae Josephi timor custodiebat. Et paucis diebus post iterum rebellavit Tiberias, habitatoribus Agrippam regem vocantibus. Et cum ille constituto die ad eos non venisset, paucique Rom. equites ibi tum comparuissent, a Josepho defecerunt. Hisque apud Taricheas cognitis Josephus, qui milites frumentatum miserat, neque solus egredi contra desertores, neque se continere patiebatur, metuens ne dum ipse tardar	A04680.xml:/TEI[1]/text[1]/group[1]/text[2]/body[1]/div[2]/div[27]/p[1]/seg[1]/text()[1]; UTF16 offset 0; printed book 2, chapter 27; pb 643 (tcp:12923:330)	NOw Iohn for feare of Ioseph, kept himselfe within the wals of Giscala: and a few dayes after  Tyberias reuolted againe, the Inhabitants calling in Agrippa, who came not at the  day appointed, and yet a few Romane souldi	 Citie, that they might see him. When  the rebels perceiued him, and thought that the boates had beene full of armed men, they cast downe their weapons, and held vp their hands to him, beseeching him to spare the Citie. 	DIRECT_ALIGNMENT	HIGH	english-lodge1602-bellum2-unit632	454817	456223	Coarse-unit incipit and adjacent Lodge wording inspected directly against the Cardwell unit opening; the identity is secure. This decision verifies this boundary only.
2	latin-bellum2-num638	21	[638] 9. Josephus autem, postquam multis eos minis et exprobrationibus castigavit: primum quod bello contra populum Romanum suscepto, intestinis dissensionibus vires suas ante consumerent, inimicorumque vota complerent: deinde, quod securitatis suae curatorem de medio tollere properarent, civitatemque non erubescerent sibi claudere, qui eam muro cinxisset: non repudiaturum se ait, si qui sibi satisfacerent, quibus intervenientibus amicitiam cum c	A04680.xml:/TEI[1]/text[1]/group[1]/text[2]/body[1]/div[2]/div[27]/p[1]/hi[6]/text()[1]; UTF16 offset 0; printed book 2, chapter 27; pb 643 (tcp:12923:330)	Ioseph after many threatnings and bitter speeches, first for that hauing vndertaken warres against the Romans, they with ciuill warres consumed their owne forces: secondly, for that they sought his life who had wrought t	emen with all speed possible to goe to Tarichea, and put them in prison, so that he carried away all the councell, which were in number sixe hundreth and two thousand people, all whome hee brought to Tarichea in boates. 	DIRECT_ALIGNMENT	HIGH	english-lodge1602-bellum2-unit638	456223	457308	Coarse-unit incipit and adjacent Lodge wording inspected directly against the Cardwell unit opening; the identity is secure. This decision verifies this boundary only.
2	latin-bellum2-num642	21	[642] 10. Reliquis autem vociferantibus Clitum quendam esse praecipuum defectionis autorem, iramque ipsius poena illius precantibus satiari, nullum quidem Josephus volebat occidere: suorum vero satellitum quendam Leviam egredi jussit, qui Cliti manus abscinderet. Cum vero is prae timore solum se globo inimicorum commissurum negaret, eaque causa indignari Josephum stantem in scapha videret, ipsumque velle descendere, ac de se supplicium sumere, ut	A04680.xml:/TEI[1]/text[1]/group[1]/text[2]/body[1]/div[2]/div[27]/p[1]/text()[20]; UTF16 offset 568; printed book 2, chapter 27; pb 643 (tcp:12923:330)	But they which remained in the Citie, cried with one voice that one Clitus was cause of that reuolt, and therefore besought Ioseph to punish him for all. Ioseph told them that hee would put  none of them to death, but co	 souldiers, but yet afterward hee restored all that was taken away vnto the people, and so hee did to the Inhabitants of Tyberias and Sepphoris: and by this meanes got the good will of them all.\n\n                        	DIRECT_ALIGNMENT	HIGH	english-lodge1602-bellum2-unit642	457308	458458	Coarse-unit incipit and adjacent Lodge wording inspected directly against the Cardwell unit opening; the identity is secure. This decision verifies this boundary only.
2	latin-bellum2-num647	22	[647] CAP. XXII. HACTENUS apud Galilaeam motus erat,jamque ab intestinis dissensionibus quiescentes, adversus Romanos instruebantur. Hierosolymis autem Ananus pontifex et potentiores, qui non cum Romanorum parte sentirent, muros instaurare propera bant: multaque bellica instrumenta, perque omne oppidum sagittae, aliaque arma fabricantur: et exercitationibus jussis manus juvenum operam dabat. Erantque universa plena tumultus, magnaque tristitia mo	A04680.xml:/TEI[1]/text[1]/group[1]/text[2]/body[1]/div[2]/div[28]/p[1]/seg[1]/text()[1]; UTF16 offset 0; printed book 2, chapter 28; pb 643 (tcp:12923:330)	VNtill this time, there were broyles in Galilee, and now ceasing from ciuill dissension, they prepared themselues against the Romans. And the potentates of Ierusalem, and Ananus \n                         the high Priest,	estroied. Now Ananus omitted that which was necessarie for war, and labored to reconcile the seditious faction of them that were called Zelous: but how he was ouercome,  and what his end was, wee will declare hereafter. 	DIRECT_ALIGNMENT	HIGH	english-lodge1602-bellum2-unit647	458458	459510	Boundary checked directly against the surrounding Cardwell and Lodge wording.
2	latin-bellum2-num652	22	[652] 2. At in Acrabatena toparchia Giorae filius Simon, multis novarum rerum cupidis congregatis, ad rapinas conversus, non solum in domos locupletum irrumpebat, verum etiam corpora verberibus conficiebat: jamque tunc palam tyrannidem inceptabat. Ab Anano autem missis adversus eum militibus magistratuum, ad latrones qui erant Masadae, cum his quos habebat, effugit : ibique manens, donec Ananus et alii ejus inimici perempti sunt, Idumaeam cum cae	A04680.xml:/TEI[1]/text[1]/group[1]/text[2]/body[1]/div[2]/div[28]/p[1]/text()[12]; UTF16 offset 51; printed book 2, chapter 28; pb 644 (tcp:12923:331)	Now one Simon the sonne of Giora in the Toparchie of Acrabatena, hauing gathered together a multitude of seditious people, robbed and spoyled all; and not onely brake into rich mens houses, but also did beate them grieuo	so that the gouernours of that place were faine to put a garrison in euerie village: so great was the number of them, that were slaine by these theeues. And thus stood the affaires of the Iewes.\n\n                        	DIRECT_ALIGNMENT	HIGH	english-lodge1602-bellum2-unit652	459510	460205	Coarse-unit incipit and adjacent Lodge wording inspected directly against the Cardwell unit opening; the identity is secure. This decision verifies this boundary only.
3	latin-bellum3-num1	1	[1] CAP. I. NERONEM autem, ubi res apud Judaeam non prospere gestas accepit, latens quidem, quod necesse fuit, cum timore stupor invadit : aperte autem superbiam simulans ultro etiam indignabatur : magisque ducis negligentia, quam virtute hostium quae contigerant facta esse dicebat : decere se putans, propter pondus imperii tristiora contemnere, viderique malis omnibus superiorem animum gerere : veruntamen curis arguebatur mentis ejus perturbatio	A04680.xml:/TEI[1]/text[1]/group[1]/text[2]/body[1]/div[3]/div[1]/p[1]/seg[1]/text()[1]; UTF16 offset 0; printed book 3, chapter 1; pb 645 (tcp:12923:331)	AFTER that Nero vnderstood of his euill successe against the Iewes, he was seazed with feare and astonishment; yet he dissembled it as much as necessitie  would permit him. In the meane while he set a good face on the ma	 that he was much moued, & in great care vnto whom he should cōmit the charge of the East which rebelled; who both would conquer the Iewes, and chastife the inhabitants about them, that bare the same minde as they did. 	DIRECT_ALIGNMENT	HIGH	english-lodge1602-bellum3-unit1	460205	461045	Boundary checked directly against the surrounding Cardwell and Lodge wording.
3	latin-bellum3-num3	1	2. Invenit igitur solum Vespasianum his necessitatibus parem, et qui tanti belli magnitudinem suscipere posset, virum ab adolescentia usque ad senectutem bellis exercitatum, et qui populo Romano jam pridem pacasset Occidentem, Germanorum tumultu concussum, armisque ante illud tempus incognitam Britanniam vendicasset. unde patri quoque ipsius Claudio praestiterat, ut sine proprio sudore triumpharet.	A04680.xml:/TEI[1]/text[1]/group[1]/text[2]/body[1]/div[3]/div[1]/p[1]/text()[9]; UTF16 offset 156; printed book 3, chapter 1; pb 645 (tcp:12923:331)	At last he found Vespasian, whom he thought only meet for that purpose, a man who from his infancie had been trained vp in warres, euen vntill he was gray headed,  who had appeased the people of the West, & helped them b	st, & helped them being troubled by the Germans, and recouered it for the Romans: as also he did Britannie which was vnknowne before; and for that cause made his father Claudius triumph without taking any paines for it. 	DIRECT_ALIGNMENT	HIGH	english-lodge1602-bellum3-unit3	461045	461466	Verified Invenit igitur ... in stable latin-bellum3-num3, explicitly Niese 3.4. No ID-derived Niese 3.3 created.
3	latin-bellum3-num6	1	[6] 3. Itaque his omnibus fretus, aetatemque illius cum peritia stabilem cernens, obsidesque fidei liberos, eorumque florem manus esse paternae prudentiae, jam tum fortasse de tota republica Deo aliquid ordinante, mittit eum ad regendos exercitus in Syria constitutos, multis pro tempore blandimentis atque obsequiis animatum, qualia necessitas imperare consuevit. Ille autem protinus ex Achaia, ubi cum Nerone fuerat, Titum quidem filium suum mittit	A04680.xml:/TEI[1]/text[1]/group[1]/text[2]/body[1]/div[3]/div[1]/p[1]/hi[4]/text()[1]; UTF16 offset 0; printed book 3, chapter 1; pb 645 (tcp:12923:331)	Nero considered all these, and his prudence grounded in olde age with his experience, who also had sonnes in the  flower of their age to be pledges for his fidelitie, & that represented their fathers wisedome. God, as it	t and tenth legions from Alexandria, and he himselfe crossing ouer to Hellespont,  went after by land into Syria, where he assembled all the Roman forces, and all the helpe of the kings adioyning that were confederates. 	DIRECT_ALIGNMENT	HIGH	english-lodge1602-bellum3-unit6	461466	462218	Boundary checked directly against the surrounding Cardwell and Lodge wording.
3	latin-bellum3-num9	2	[9] CAP. II. AT Judaei post malam Cestii pugnam insperata felicitate sublati, animorum impetus cohibere non poterant : sed tanquam fortuna eos exagitante perciti, bellum ulterius producebant. Denique omni, quanta fuit, manu pugnacissima congregata, Ascalonem petierunt. ea est civitas antiqua, Dcc. et xx. stadiorum spatio ab Hierosolyma distans, et Judaeis semper invisa: quae res fecit, ut etiam tunc primis eorum incursibus propior videretur. tres	A04680.xml:/TEI[1]/text[1]/group[1]/text[2]/body[1]/div[3]/div[1]/p[2]/text()[4]; UTF16 offset 138; printed book 3, chapter 1; pb 645 (tcp:12923:331)	But the Iewes after Cestius vnfortunate successe became proud of their victorie, and could not containe themselues, but like men tossed at fortunes pleasure, they still gaue more occasion of warre, and gathering all thei	 of Peraea, Silas the Babylonian, and Iohn the Essean. Now the Citie of Ascalon had verie strong wals, but few men to defend it; for it had onely one company of footmen, and one band of horsemen, whom Antonius gouerned. 	DIRECT_ALIGNMENT	HIGH	english-lodge1602-bellum3-unit9	462218	462983	Boundary checked directly against the surrounding Cardwell and Lodge wording.
3	latin-bellum3-num13	2	[13] 2. Illi igitur ira multa velocius itinere peracto, ac si ex propinquo venirent, praesto erant. Antonius vero (nec enim eorum fore impetum nesciebat) equites jam ex civitate duxerat, et neque multitudinem veritus vel audaciam, primas hostium coitiones fortiter sustinuit, murumque properantes aggredi refrenavit. Itaque Judaei, qui cum peritioribus imperiti, et pedites cum equitibus, cum stipatis autem inordinati, leviterque armati cum instruct	A04680.xml:/TEI[1]/text[1]/group[1]/text[2]/body[1]/div[3]/div[1]/p[2]/text()[13]; UTF16 offset 11; printed book 3, chapter 1; pb 645 (tcp:12923:331)	The Iewes made such haste, as though they had dwelt hard by. Antonius perswading himselfe that they would assault him, caused his horsmen  to i\n                           •…\n                        ue foorth of the Citie	housand, and two of their leaders, Iohn, and Silas. The rest, many being wounded, followed their Generall Niger, who fled into a little towne of Idumaea, named Salis: many of\n\nthe Romans also were wounded in that fight. 	DIRECT_ALIGNMENT	HIGH	english-lodge1602-bellum3-unit13	462983	465126	Boundary checked directly against the surrounding Cardwell and Lodge wording.
3	latin-bellum3-num22	2	[22] 3. Sed non Judaeorum spiritus clade tanta sedatus est, multoque magis eorum dolor incitavit audaciam, et contemnentes quantum ante pedes mortuorum jaceret, pristinis rebus feliciter gestis ad cladem alteram illiciebantur. Denique parvo tempore intermisso, quod ne curandis quidem vulneribus satis esset, cunctisque aggregatis viribus, majore cum indignatione multoque plures Ascalonem recurrebant, eadem se praeter imperitiam aliaque belli vitia	A04680.xml:/TEI[1]/text[1]/group[1]/text[2]/body[1]/div[3]/div[1]/p[2]/text()[29]; UTF16 offset 45; printed book 3, chapter 1; pb 646 (tcp:12923:332)	But the Iewes were not daunted with this misfortune,  \n                         but the griefe thereof much encreased their courage: neither were they dismaied with the former losse of so many men within so short time; b	, who sought for him weeping, that they might burie his body, for they thought him dead, whō against all expectation seeing aliue, they were verie glad, as though by Gods prouidence he escaped to be still their leader. 	DIRECT_ALIGNMENT	HIGH	english-lodge1602-bellum3-unit22	465126	466677	Coarse-unit incipit and adjacent Lodge wording inspected directly against the Cardwell unit opening; the identity is secure. This decision verifies this boundary only.
3	latin-bellum3-num29	2	[29] 4. At Vespasianus Antiochiam, exercitu adducto (quae Syriae metropolis est, magnitudine simul aliaque felicitate sine dubio tertium inter omnes quae in Romanorum orbe sunt locum obtinens) ubi etiam adventum suum regem Agrippam omni manu propria offenderat praestolari, ad Ptolemaidem properabat. In hac autem civitate occurrerunt ei Sepphoritae cives oppidum Galileae colentes, soli mente pacata : qui tam suae salutis providentia soliciti, quam	A04680.xml:/TEI[1]/text[1]/group[1]/text[2]/body[1]/div[3]/div[1]/p[2]/hi[16]/text()[1]; UTF16 offset 0; printed book 3, chapter 1; pb 646 (tcp:12923:332)	Vespasian came to Antiochia, which is  the mother Citie of all Syria, and brought his army with him, which for greatnesse and happy successe, doubtlesse was the third in the whole world; and finding that king Agrippa did	uld be a great help vnto him in his warre to come, to haue Sephoris the greatest Citie of Galilee scituate in a strong place on his side, which otherwise might be a safegard to the whole nation.\n\n                        	DIRECT_ALIGNMENT	HIGH	english-lodge1602-bellum3-unit29	466677	467817	Coarse-unit incipit and adjacent Lodge wording inspected directly against the Cardwell unit opening; the identity is secure. This decision verifies this boundary only.
3	latin-bellum3-num35	3	[35] CAP. III. DUAE sunt autem Galilaeae, quae superior et inferior appellantur, easque Phoenice et Syria cingunt. Discernit vero ab Occidente Ptolemais territorii sui finibus, et quondam Galilaeorum, nunc autem Tyriorum mons Carmelus : cui conjuncta est Gaba civitas equitum, quae sic appellatur, eo quod equites ab Herode rege dimissi, coloni eo deducebantur. A meridie autem Samaritis et Scythopolis, usque ad flumen Jordanem. Ab Oriente vero Hipp	A04680.xml:/TEI[1]/text[1]/group[1]/text[2]/body[1]/div[3]/div[2]/p[1]/seg[1]/text()[1]; UTF16 offset 0; printed book 3, chapter 2; pb 646 (tcp:12923:332)	THere are two places named Galilaea, the one is called high Galilaea, and the other lowe Galilee; and they are both compassed with Phoenicia and Syria. On the west Ptolemais  with the limits of his territorie doth part t	ield vnto Bersabe, where also beginneth the breadth of high Galilee, and reacheth vnto the village called Baca, bordering vpon the Tyrians; and the length thereof is from a village neere Iordan named Thella vnto Meroth. 	DIRECT_ALIGNMENT	HIGH	english-lodge1602-bellum3-unit35	467817	468948	Boundary checked directly against the surrounding Cardwell and Lodge wording.
3	latin-bellum3-num41	3	[41] 2. Sed cum tanta sint utraeque magnitudine, tantisque gentibus alienigenis cinctae, semper tamen omnibus belli periculis restiterunt. nam et pugnaces sunt ab infantia Galilaei, et omni tempore plurimi, neque aut formido unquam viros, aut eorum penuria regiones illas occupavit: quoniam totae optimae ac fertiles sunt, omniumque generum arboribus consitae, ut etiam minime agriculturae studiosos ubertate sua provocent : denique excultae sunt ab 	A04680.xml:/TEI[1]/text[1]/group[1]/text[2]/body[1]/div[3]/div[2]/p[1]/text()[10]; UTF16 offset 87; printed book 3, chapter 2; pb 646 (tcp:12923:332)	And being of such bignesse and enuironed with so many nations, yet did they alwaies resist forraine forces: For the Galileans are from their childhood warlike, and neuer are daunted by feare or penurie, for their countre	re tilled by the inhabitants and there is no waste part.\nThere are many Cities, and in euerie place there are villages populous and rich: so that  the least village there, hath in it aboue fifteene thousand inhabitants. 	DIRECT_ALIGNMENT	HIGH	english-lodge1602-bellum3-unit41	468948	469551	Coarse-unit incipit and adjacent Lodge wording inspected directly against the Cardwell unit opening; the identity is secure. This decision verifies this boundary only.
3	latin-bellum3-num44	3	[44] 3. Prorsus, ut etiam si quis magnitudine minorem Galilaeam dixerit, quam trans fluvium regionem, viribus tamen eam praetulerit. haec enim universa colitur, tota fructuum ferax : at illa quae trans flumen est, licet multo major sit, pleraque tamen aspera atque deserta est, et nutriendis fructibus mansuetis inhabilis. Peraeae sane mollicies et ingenium fructuosum, campos habet cum variis arboribus consitos, tum maxime olivetis ac vineis et pal	A04680.xml:/TEI[1]/text[1]/group[1]/text[2]/body[1]/div[3]/div[2]/p[2]/text()[2]; UTF16 offset 74; printed book 3, chapter 2; pb 646 (tcp:12923:332)	And although Galilee be lesse in compasse then the region beyond the riuer, yet it is more populous, fertiler and richer then the same: for it is all tilled, and al beareth fruit. But that beyond the water though it be b	elphia to Iordan. This towne Pella before mentioned lieth on the North part; and Iordan on the West; and the countrey of the Moabites bordereth on the South, and on the East Arabia, Silbonitis, Philadelphia and Gerasis. 	DIRECT_ALIGNMENT	HIGH	english-lodge1602-bellum3-unit44	469551	470473	Coarse-unit incipit and adjacent Lodge wording inspected directly against the Cardwell unit opening; the identity is secure. This decision verifies this boundary only.
3	latin-bellum3-num48	3	[48] 4. Samariensis autem regio inter Judaeam quidem et Galilaeam sita est : incipiens enim a vico in planicie posito, cui nomen est Ginaea, in Acrabatenam desinit toparchiam : sed natura nihil a Judaea discrepat. Nam utraeque montosae sunt et canpestres, agrosque colendo molles atque optimae, necnon et arboribus plenae : pomisque tam sylvestribus quam mansuetis abundant, eo quod natura sunt aridae, imbriumque satis habent. dulces autem per eas s	A04680.xml:/TEI[1]/text[1]/group[1]/text[2]/body[1]/div[3]/div[2]/p[2]/text()[7]; UTF16 offset 283; printed book 3, chapter 2; pb 647 (tcp:12923:332)	Samaria is seated betweene Iudaea and Galilee, beginning at a towne scituate in a place called Ginaea, & endeth in the Toparchy of Acrabatena, nothing differing in nature from Iudaea.  For both of them are full of mounta	ey are of their nature drie, but haue raine inough, and haue passing sweet waters, and aboundance of good grasse; and great store of milch beasts, and which is a great argument of wealth, both places are verie populous. 	DIRECT_ALIGNMENT	HIGH	english-lodge1602-bellum3-unit48	470473	471017	Coarse-unit incipit and adjacent Lodge wording inspected directly against the Cardwell unit opening; the identity is secure. This decision verifies this boundary only.
3	latin-bellum3-num51	3	[51] 5. Harum confinium est Anuath vicus; qui etiam Borceos appellatur, Judaeae limes a Septentrione. Meridiana vero pars ejus, si in longitudinem metiare, adjacenti vico Arabum finibus terminatur, cui nomen est Jarda. Latitudo sane a Jordane flumine usque ad Joppem explicatur. Media vero ejus est Hierosolyma: unde quidam non sine ratione, umbilicum ejus terrae eam urbem vocaverunt. Sed nec marinis quidem Judaea deliciis caret, ad Ptolemaidem usq	A04680.xml:/TEI[1]/text[1]/group[1]/text[2]/body[1]/div[3]/div[2]/p[2]/text()[8]; UTF16 offset 360; printed book 3, chapter 2; pb 647 (tcp:12923:332)	The confines of these countries is Anauth, a village otherwise called Borceos, which lieth on the North part of Iudaea. The  \n                         South part of Iudaea if you measure the length, is extended vnto the 	th it reacheth from Iulias to Arphas, and the inhabitants are partly Iewes, and partly Syrians.\n\n                        I Haue alreadie spoken of Iudaea as briefely as might be, and with what countries it is enuironed. 	DIRECT_ALIGNMENT	HIGH	english-lodge1602-bellum3-unit51	471017	472345	Coarse-unit incipit and adjacent Lodge wording inspected directly against the Cardwell unit opening; the identity is secure. This decision verifies this boundary only.
3	latin-bellum3-num59	4	[59] CAP. IV. QUOD autem Vespasianus miserat auxilium Sepphoritis, hoc est, equites mille, sexque millia peditum, Placido eos regente tribuno, castris in magno campo positis bifariam dividuntur. Et pedites quidem in civitate ipsius tuendae causa, equitatus vero in castris degebat. Utrinque autem assidue prodeundo, et circa eam regionem loca omnia incursando, magnis incommodis Josephum ejusque socios, quamvis quietos, afficiebant. et praeterea civ	A04680.xml:/TEI[1]/text[1]/group[1]/text[2]/body[1]/div[3]/div[3]/p[1]/text()[2]; UTF16 offset 98; printed book 3, chapter 3; pb 647 (tcp:12923:332)	Now Vespasian sent helpe vnto the inhabitants of Sephoris, to wit one thousand  horsemen, and sixe thousand foote, Placidus the tribune being their gouernour: the horsmen deuided themselues into two companies, and lodged	nd made the rest  their slaues: Thus all Galilee was filled with fire and sword; and no man escaped that calamitie, onely they saued themselues, that fled into the Cities that Ioseph had walled.\n\n                        	DIRECT_ALIGNMENT	HIGH	english-lodge1602-bellum3-unit59	472345	473670	Boundary checked directly against the surrounding Cardwell and Lodge wording.
3	latin-bellum3-num64	4	[64] 2. Titus autem Alexandriam transmissus ex Achaia citius quam per hyemem sperabatur, manum militum cujus causa missus fuerat suscepit: contentoque usus itinere, mature ad Ptolemaidem pervenit. Cumque ibi patrem suum reperisset, duabus quas secum habebat legionibus (erant autem nobilissimae quinta et decima) junxit etiam quam ille adduxit quintamdecimam. Eas autem sequebantur decem et octo cohortes: quibus accessere ex Caesarea quinque cum una	A04680.xml:/TEI[1]/text[1]/group[1]/text[2]/body[1]/div[3]/div[3]/p[2]/hi[1]/text()[1]; UTF16 offset 0; printed book 3, chapter 3; pb 647 (tcp:12923:332)	Titus came to Alexandria being winter sooner then he was expected: and so receiued there the souldiers that he sent for, and hauing a prosperous iourney, he quickly came to Ptolemais,  and finding his father there with t	with the kings aide, amounted vnto the number of threescore thousand horse and foot togither: besides them that followed the campe, who were a great multitude, and not inferiour vnto the souldiers in warlike discipline: 	DIRECT_ALIGNMENT	HIGH	english-lodge1602-bellum3-unit64	473670	474812	Coarse-unit incipit and adjacent Lodge wording inspected directly against the Cardwell unit opening; the identity is secure. This decision verifies this boundary only.
3	latin-bellum3-num70	5	[70] CAP. V. QUA quidem in re nimis admirandam quis existimaverit Romanorum providentiam, ita servos instituentium, ut non solum vitae ministerio, sed belli etiam necessitatibus utiles sint. Quod si quis eorum aliam quoque respexerit militiae disciplinam, profecto cognoscet tantum eos imperium non fortunae munere, sed propria virtute quaesisse. Armis enim uti non in bello incipiunt, neque solum, si necesse sit, manus movent, cum in pacis otio ces	A04680.xml:/TEI[1]/text[1]/group[1]/text[2]/body[1]/div[3]/div[3]/p[2]/text()[8]; UTF16 offset 347; printed book 3, chapter 3; pb 647 (tcp:12923:332)	so that one may admire the Romans, who so traine vp their seruants in time of peace, that they are verie fit for warres. So that whosoeuer well beholdeth their militarie\n\ndiscipline, he shal perceiue that they gained not	for if the place be vnequall, they make it plaine. And they proportion their campe foure square: for they haue many smiths, and all kind of workemen needfull, which do still follow the armie, to accomplish such busines. 	DIRECT_ALIGNMENT	HIGH	english-lodge1602-bellum3-unit70	474812	476476	Boundary checked directly against the surrounding Cardwell and Lodge wording.
3	latin-bellum3-num79	5	[79] 2. Et interior quidem pars castrorum tabernaculis distribuitur, ambitus autem eorum extrinsecus muri faciem praefert, ordinatis etiam turribus pari spatio dispositis: quarum intervalla catapultis atque balistis, et aliis machinis saxa intorquentibus, omnibusque instrumentis missilium complent, ut cuncta scilicet jaculorum genera in promptu sint. portas autem quatuor aedificant, tam jumentis aditu faciles, quam ipsis, si quid urgeat, intro cu	A04680.xml:/TEI[1]/text[1]/group[1]/text[2]/body[1]/div[3]/div[3]/p[2]/text()[18]; UTF16 offset 20; printed book 3, chapter 3; pb 648 (tcp:12923:333)	And in the innermost part of the campe they make tabemacles, whose outside resembleth a wall, with towers equally distant one from another, and betweene them engines of warre to cast stones, and such like, that all kind 	 things belonging thereto, are made in an instant, partly by reason of the multitude, partly by the industrie of them that worke: and if need require they compasse it with a trench foure cubits deepe, and as many broad. 	DIRECT_ALIGNMENT	HIGH	english-lodge1602-bellum3-unit79	476476	477477	Coarse-unit incipit and adjacent Lodge wording inspected directly against the Cardwell unit opening; the identity is secure. This decision verifies this boundary only.
3	latin-bellum3-num85	5	[85] 3. Armis autem septi, per contubernia cum decore atque otio in tentoriis agunt: omniaque ab his ordinate etiam alia cauteque per contubernia expediuntur : veluti si ligno aquave opus sit, aut frumento: nec enim coena vel prandium cum voluerit, in potestate cujusque est, simul autem omnibus somnus est, excubias et vigilandi tempora buccinae significant, neque est omnino quicquam quod sine edicto geratur. Mane autem milites quidem ad centurion	A04680.xml:/TEI[1]/text[1]/group[1]/text[2]/body[1]/div[3]/div[3]/p[2]/text()[21]; UTF16 offset 433; printed book 3, chapter 3; pb 648 (tcp:12923:333)	Thus the souldiers enclosed with armes, do liue quietly in their tents without disorder, and all things are done with good aduice and order, whether they need vvater, or corne, or vvood: for they must all go to dinner at	tch word, and telleth  them what he thinketh good, and how they shall behaue themselues towards those that are vnder them, whereby in fight they may demeane themselues, and well know when to assault, and when to retire. 	DIRECT_ALIGNMENT	HIGH	english-lodge1602-bellum3-unit85	477477	478224	Coarse-unit incipit and adjacent Lodge wording inspected directly against the Cardwell unit opening; the identity is secure. This decision verifies this boundary only.
3	latin-bellum3-num89	5	[89] 4. Cum autem castris egrediemdum est, tuba indicium facit : nemoque otiosus est. sed vel solo nutu moniti, tabernacula tollunt, omniaque ad profectionem instruunt. Deinde iterum tuba ut sint parati significat. Illi autem cum mulos et jumenta sarcinis oneraverint, velut in curuli certamine signum expectant. Castra vero incendunt : eo quod sibi alia munire facile sit, et ne quando hostibus eadem usui sint. Et tamen tertio quoque tubae signo in	A04680.xml:/TEI[1]/text[1]/group[1]/text[2]/body[1]/div[3]/div[3]/p[2]/text()[24]; UTF16 offset 198; printed book 3, chapter 3; pb 648 (tcp:12923:333)	When they go forth of the campe a trumpet soundeth, and no man is idle, but at the first becke taketh away his tabernacle, & makes all readie for their departure: Then the trumpet soundeth again, warning them to be readi	t they forsake their order. And a crier standeth on the right hand of the general, asking thrice, if they be prepared to fight, and they as often answere that  they are, holding vp their right hands with loftie courage: 	DIRECT_ALIGNMENT	HIGH	english-lodge1602-bellum3-unit89	478224	479055	Coarse-unit incipit and adjacent Lodge wording inspected directly against the Cardwell unit opening; the identity is secure. This decision verifies this boundary only.
3	latin-bellum3-num93	5	[93] 5. Deinde otiose et cum omni decore progredientes ambulant, suum quisque ordinem velut in bello custodiens : pedites quidem thoracibus et galeis septi, et utroque latere gladiis accincti. laevus autem gladius multo est longior, cum dexter mensuram palmae non excedat. qui vero ducem stipant lecti pedites, scuta et lanceas gestant : caetera manus hastas et clypeos longos, serramque et corbem et sarculum et securim, necnon et habenam et falcem 	A04680.xml:/TEI[1]/text[1]/group[1]/text[2]/body[1]/div[3]/div[3]/p[2]/text()[27]; UTF16 offset 61; printed book 3, chapter 3; pb 648 (tcp:12923:333)	and so they march on easily, euerie man keeping his ranke, as though they were readie to giue battell. The footmen haue a head peece, a breast plate, and a sword on the left side, and on the right side a dagger. The foot	 as bigge as a speare: they haue also helmets and breastplates like the footmen. And the generals horsemen that guard his bodie doe nothing differ from the rest. That companie alwaies leadeth that the lot falleth  vnto. 	DIRECT_ALIGNMENT	HIGH	english-lodge1602-bellum3-unit93	479055	479969	Boundary checked directly against the surrounding Cardwell and Lodge wording.
3	latin-bellum3-num98	5	[98] 6. Talia quidem sunt Romanorum itinera et mansiones, itemque armorum varietas. Nihil vero nec in praeliis inconsultum aut subitum agunt: sed omnia semper sequuntur facta sententiam: opusque adhibetur ante decretis. Unde aut minime peccant : aut si peccaverint, facilis est errati correctio. Fortunae autem successibus meliores consiliorum etiam si aliter successerit, arbitrantur eventus: quasi bonum quidem fortuitum ad rem inconsulte gerendam 	A04680.xml:/TEI[1]/text[1]/group[1]/text[2]/body[1]/div[3]/div[3]/p[2]/text()[30]; UTF16 offset 7; printed book 3, chapter 3; pb 648 (tcp:12923:333)	And these are the fashions of the Romanes concerning their warlike discipline. They  neuer do any thing vnaduisedly in battaile, but manage all things according to counsell; so that they either do not erre, or if they do	 them warie\n\nagainst another time. And none of them accounteth that good successe, which cōmeth by chance,  \n                         and yet euerie one is comforted in their misfortune, for that they take good aduise. 	DIRECT_ALIGNMENT	HIGH	english-lodge1602-bellum3-unit98	479969	480745	Coarse-unit incipit and adjacent Lodge wording inspected directly against the Cardwell unit opening; the identity is secure. This decision verifies this boundary only.
3	latin-bellum3-num102	5	[102] 7. Armorum quidem exercitatione comparant, ut non modo corpora, sed animi quoque militum fortiores sint. Major autem illis est ex timore diligentia. namque leges apud eos non desertionis solum, verumetiam minimae negligentiae sunt capitales : ducesque magis quam ipsae leges terribiles: namque bonos honorando redimunt ne in coercendis noxiis videantur crudeles. Tanto autem obsequio rectoribus parent, ut et in pace ornamento sint, et in acie 	A04680.xml:/TEI[1]/text[1]/group[1]/text[2]/body[1]/div[3]/div[3]/p[2]/text()[37]; UTF16 offset 86; printed book 3, chapter 3; pb 649 (tcp:12923:333)	By the militarie exercises they do not only make the bodies of their soldiers strong, but their minds also more hardie and their diligence is the greater by their feare. For their lawes are capital, not only for thē tha	if their Empire in the East reach vnto Euphrates, in the West vnto the Ocean, in the South vnto Affrick, in the North vnto Rhine and Danubius, seeing that one may iustly affirme the possession lesse then the possessors. 	DIRECT_ALIGNMENT	HIGH	english-lodge1602-bellum3-unit102	480745	482245	Boundary checked directly against the surrounding Cardwell and Lodge wording.
3	latin-bellum3-num108	5	[108] 8. Haec ergo prosecutus sum, non tam proposito laudandi Romanos, quam solatio devictorum, et ut novarum rerum cupidos deterrerem : fortasse autem et ad experientiam proderunt bonarum artium studiosis, Romanae instituta militiae nescientibus: redeo tamen unde digressus sum.	A04680.xml:/TEI[1]/text[1]/group[1]/text[2]/body[1]/div[3]/div[3]/p[2]/text()[46]; UTF16 offset 272; printed book 3, chapter 3; pb 649 (tcp:12923:333)	Thus I haue spoken, not to praise the Romans, but to comfort the conquered, and to terrifie those that desire alteration: and perhaps it may teach them who want good discipline, & are ignorant of the maners and customes 	 that desire alteration: and perhaps it may teach them who want good discipline, & are ignorant of the maners and customes of the Romans in their militarie affaires. But I returne to my purpose.\n\n                        	DIRECT_ALIGNMENT	HIGH	english-lodge1602-bellum3-unit108	482245	482562	Boundary checked directly against the surrounding Cardwell and Lodge wording.
3	latin-bellum3-num110	6	[110] CAP. VI. VESPASIANUS quidem una cum Tito filio in Ptolemaide interim degens, ordinabat exercitum. At vero Galilaeam pervaserat Placidus, ubi maximam eorum quos comprehendisset multitudinem, interemit : haec autem fuit Galilaeorum imbellior turba, animisque deficiens : pugnacissimos autem ut vidit semper in civitates confugere, quas Josephus communierat, in Jotapatam, quae omnium tutissima erat, impetum vertit : existimans eam repentino aggr	A04680.xml:/TEI[1]/text[1]/group[1]/text[2]/body[1]/div[3]/div[4]/p[1]/seg[1]/text()[1]; UTF16 offset 0; printed book 3, chapter 4; pb 649 (tcp:12923:333)	IN the meane time Vespasian liuing at Ptolemais with his sonne Titus, prepared his armie.  But Placidus was already entered into Galilee and run through it, where he slew almost all he found who were of the weaker sort o	their darts & arrowes then to handie blowes. There were three Iewes slaine, and a few wounded: and so Placidus when hee saw himselfe repulsed from the towne, he fled.\n\n                        \n                           	DIRECT_ALIGNMENT	HIGH	english-lodge1602-bellum3-unit110	482562	483980	Boundary checked directly against the surrounding Cardwell and Lodge wording.
3	latin-bellum3-num115	6	[115] 2. Vespasianus vero ipse Galilaeam cupiens invadere, ex Ptolemaide proficiscitur, ordinato militum itinere, sicut Romani consueverunt. Auxiliatores enim qui levius armati essent, itemque sagittarios praeire jussit, ad repentinos incursus hostium cohibendos, et ut suspectas atque opportunas insidiis sylvas scrutarentur. Hos sequebatur Romani peditatus equitatusque pars : post quos e singulis centuriis deni armaturam suam ferentes, mensurasqu	A04680.xml:/TEI[1]/text[1]/group[1]/text[2]/body[1]/div[3]/div[5]/p[1]/hi[1]/seg[1]/text()[1]; UTF16 offset 0; printed book 3, chapter 5; pb 649 (tcp:12923:333)	VEspasian desirous to take Galilee himselfe, departed from Ptolemais, making such iournies as souldiers ought to keepe, which the Romans are wont to follow. And hee commaunded  those that came to helpe him, and the bowme	n a rank, and as the custome is a centurion went by them to keepe order: the seruants were all with the fooremen and baggage. After the last companie who were hired, followed armed footemen and horsemen in great number. 	DIRECT_ALIGNMENT	HIGH	english-lodge1602-bellum3-unit115	483980	485828	Coarse-unit incipit and adjacent Lodge wording inspected directly against the Cardwell unit opening; the identity is secure. This decision verifies this boundary only.
3	latin-bellum3-num127	6	[127] 3. Ita peracto itinere,Vespasianus cum omni exercitu ad fines Galilaeae pervenit : ibique positis castris, quamvis promptos ad bellum milites continebat, una et ostendendo exercitum, quo hostes metu percelleret, spatiumque indulgendo poenitudinis, si quis ante praelium voluntatem mutaret, nihilominus autem murorum instruebat obsidium. Itaque multos quidem rebelliones fugere vel solus fecit ducis aspectus : metum vero universis incussit. Jos	A04680.xml:/TEI[1]/text[1]/group[1]/text[2]/body[1]/div[3]/div[5]/p[1]/text()[14]; UTF16 offset 439; printed book 3, chapter 5; pb 650 (tcp:12923:334)	And thus Vespasian with his whole armie came vnto the borders of Galilee, and there pitched his Tents; he stayed the souldiers who were verie eager to fight: as it were boasting and shewing his armie to terrifie his adue	enemies; for that time abstained from all warre, and thought to get himselfe out of daunger, and so accompanied with them that remained with him, he went to Tyberias.\n\n                        \n                           	DIRECT_ALIGNMENT	HIGH	english-lodge1602-bellum3-unit127	485828	486945	Coarse-unit incipit and adjacent Lodge wording inspected directly against the Cardwell unit opening; the identity is secure. This decision verifies this boundary only.
3	latin-bellum3-num132	7	[132] CAP. VII. VESPASIANUS autem Gadarensium civitatem aggressus, primo impetu capit, quod eam pugnaci multitudine vacuam reperisset. Deinde hinc transgressus interius, cunctos puberes interfecit, cum Romanos odio gentis, et cladis memoria, quam pertulerat Cestius, nullius aetatis misericordia commoveret. Incendit autem non solum civitatem, sed etiam omnes circum vicos, et oppidula quaedam penitus desolata, nonnulla quorum habitatores ipse cepis	A04680.xml:/TEI[1]/text[1]/group[1]/text[2]/body[1]/div[3]/div[6]/p[1]/hi[1]/seg[1]/text()[1]; UTF16 offset 0; printed book 3, chapter 6; pb 650 (tcp:12923:334)	VEspasian went vnto Gadara, and tooke it at the first assault: for all able men fit for warre  were fled out of the Citie, and entring the Citie he put all to death. For the Romans had no mercie, partly for the hatred th	e Iewes, and partly in reuenge of that which had befallen Cestius. And they burned the Citie and all townes and villages adioyning: some of them being alreadie desolate, and the inhabitants of the rest were made slaues. 	DIRECT_ALIGNMENT	HIGH	english-lodge1602-bellum3-unit132	486945	487408	Boundary checked directly against the surrounding Cardwell and Lodge wording.
3	latin-bellum3-num135	7	[135] 2. Josephus autem, quam tuitionis causa optaverat civitatem, ipse metu replevit. Nam Tiberienses nunquam eum, nisi de omni bellum desperasset, in fugam versum iri credebant: neque in hoc eos voluntatis ejus fallebat opinio. Videbat enim res Judaeorum quorsum evaderent : unamque illos viam salutis habere, si propositum mutavissent. Ipse vero, quamvis adhuc sibi speraret a Romanis veniam tribuendam, mori tamen saepe maluisset, quam prodita pa	A04680.xml:/TEI[1]/text[1]/group[1]/text[2]/body[1]/div[3]/div[6]/p[1]/hi[3]/text()[1]; UTF16 offset 0; printed book 3, chapter 6; pb 650 (tcp:12923:334)	Ioseph fled into the Citie which he made choyce of for his safegard, and filled it with feare. For the people of Tyberias thought hee would neuer haue fled, if there had beene any hope of withstanding the Romans: wherein	warre, then they should send a sufficient armie against the Romans: and hauing written to this effect, he presently sent men away to Ierusalem to beare these letters.\n\n                        \n                           	DIRECT_ALIGNMENT	HIGH	english-lodge1602-bellum3-unit135	487408	488763	Coarse-unit incipit and adjacent Lodge wording inspected directly against the Cardwell unit opening; the identity is secure. This decision verifies this boundary only.
3	latin-bellum3-num141	7	[141] 3. Vespasianus autem Jotapatam excindere cupiens (nam in eam plurimos hostium refugisse cognoverat, et praeterea validissimum hoc eorum esse receptaculum) praemittit pedites cum equitibus qui montanum iter coaequarent, saxis asperum, ac peditibus quoque difficile, omnino vero equitibus invium. Et hi quidem quatriduo fecere quod jussum est, latamque aperuere exercitui viam. Quinto autem die, qui mensis Maii vigesimus et primus erat, prior Jo	A04680.xml:/TEI[1]/text[1]/group[1]/text[2]/body[1]/div[3]/div[7]/p[1]/hi[1]/seg[1]/text()[1]; UTF16 offset 0; printed book 3, chapter 7; pb 650 (tcp:12923:334)	VEspasian was verie desirous to take Iotapata, for that hee knew many of his enemies were fled thither, and for that this was the strongest refuge they had. So hee sent before footemen and horsemen, to plane the wayes wh	ent Placidus before with a thousand horsmen, and with him Captaine Ebutius, a man both strong, valiant and prudent, and commaunded them to compasse the Citie with a siege, least Ioseph should priuily escape from thence. 	DIRECT_ALIGNMENT	HIGH	english-lodge1602-bellum3-unit141	488763	489970	Coarse-unit incipit and adjacent Lodge wording inspected directly against the Cardwell unit opening; the identity is secure. This decision verifies this boundary only.
3	latin-bellum3-num145	7	[145] 4. Postero autem die cuncta manu comitatus ipse consequitur, et post meridiem usque acto itinere, ad Jotapatam pervenit : adductoque in Septentrionalem ejus partem exercitu, in quodam tumulo castra ponit, distante ab oppido stadiis septem. Consulto autem quam maxime conspici ab hostibus affectabat, ut visu attoniti turbarentur. quod etiam factum est: eosque tantus continuo stupor invasit, ut muris egredi nullus auderet. At Romanos tota die 	A04680.xml:/TEI[1]/text[1]/group[1]/text[2]/body[1]/div[3]/div[7]/p[1]/text()[16]; UTF16 offset 36; printed book 3, chapter 7; pb 650 (tcp:12923:334)	The \n                        \nday after he himselfe followed with the whole army and about noone came to Iotapata, and leading  \n                         his army vnto the North side of the towne, he pitched his tents vp	consisted in horsemen, was placed without to intercept all passage, that none of the Iewes could passe any whither. Hereby the Iewes now in desperation tooke heart; for in warre nothing is more forcible then necessitie. 	DIRECT_ALIGNMENT	HIGH	english-lodge1602-bellum3-unit145	489970	490816	Coarse-unit incipit and adjacent Lodge wording inspected directly against the Cardwell unit opening; the identity is secure. This decision verifies this boundary only.
3	latin-bellum3-num150	7	[150] 5. Itaque postridie impetu in muros facto, Judaei primo quidem locis suis manentes, Romanis castra ante muros habentibus resistebant. postea vero quam Vespasianus et sagittarios et funditores, omnemque jaculatorum multitudinem adhibitam, missilibus in eos permisit uti, atque ipse cum peditibus in adversum collem, unde murus expugnabilis erat, niti coepit, tunc civitati metuens Josephus, et cum eo cuncta Judaeorum prosiluit multitudo : omnes	A04680.xml:/TEI[1]/text[1]/group[1]/text[2]/body[1]/div[3]/div[7]/p[1]/text()[23]; UTF16 offset 215; printed book 3, chapter 7; pb 651 (tcp:12923:334)	The next day began the batterie, and euerie Iew kept his quarter: and kept themselues in order, and resisted the Romans before their wals. But when Vespasian sent all the bowmen, and those who cast dartes and other thing	, and the Iewes only with anger. And the fight continued all day euen vntill night;  wherein many Romans were wounded, and onely thirteene slaine: and of the Iewes there were six hundreth wounded, and seuenteene slaine. 	DIRECT_ALIGNMENT	HIGH	english-lodge1602-bellum3-unit150	490816	491807	Coarse-unit incipit and adjacent Lodge wording inspected directly against the Cardwell unit opening; the identity is secure. This decision verifies this boundary only.
3	latin-bellum3-num155	7	[155] 6. Nihiloque minus, Romanis postridie iterum irruentibus occurrunt multoque fortius restiterunt ; ex eo scilicet fiduciam macti, quod eos pridie praeter spem sustinuerant. sed eos quoque pugnaciores experti sunt, quod eorum iracundiam pudor incenderat, vinci credentium, nisi cito vicissent. Itaque per dies quinque Romanis minime ab aggressione cessantibus, etiam Jotapatenorum excursus agebantur, murique fortius oppugnabantur. Et neque Judae	A04680.xml:/TEI[1]/text[1]/group[1]/text[2]/body[1]/div[3]/div[7]/p[1]/text()[29]; UTF16 offset 136; printed book 3, chapter 7; pb 651 (tcp:12923:334)	The next day also they met the Romans, and resisted them more stoutly then before, taking courage for that they the day before had resisted them, contrarie to their expectation: and all the Romans fought more valiantly, 	Romans for fiue daies togither ceased not to assault the towne, and the Iewes strongly rebatted them: and now neither the Iewes feared their enemies, nor the Romans were dismaied with ye difficultie of taking the towne. 	DIRECT_ALIGNMENT	HIGH	english-lodge1602-bellum3-unit155	491807	492436	Boundary checked directly against the surrounding Cardwell and Lodge wording.
3	latin-bellum3-num158	7	[158] 7. Etenim Jotapata paulominus tota rupes est, ex aliis quidem partibus undique vallibus immensis praeceps, ut earum altitudinem oculis deprehendere cupientium aspectus ante deficiat. Ab una vero tantum Boreae parte adiri potest, ubi per transversum latus desinentis montis aedificata est: quod quidem ipsum muro civitatis Josephus fuerat amplexus, quo inaccessa essent hostibus superiora cacumina. Aliis vero circum montibus tecta, prius quam i	A04680.xml:/TEI[1]/text[1]/group[1]/text[2]/body[1]/div[3]/div[7]/p[1]/text()[34]; UTF16 offset 34; printed book 3, chapter 7; pb 651 (tcp:12923:334)	Iotapata is almost all scituated vpon a rocke, and compassed about with deepe vallies, vvhich  descend straight down like a wall: so that one can scarcely see the bottome. There is only accesse vnto it on the North part,	 high mountaines, so that it cannot be dis\n                           •…\n                        rued by any before they be hard at it. And Iotapata was thus strengthened. \n                     \n\n                        	DIRECT_ALIGNMENT	HIGH	english-lodge1602-bellum3-unit158	492436	493063	Coarse-unit incipit and adjacent Lodge wording inspected directly against the Cardwell unit opening; the identity is secure. This decision verifies this boundary only.
3	latin-bellum3-num161	7	[161] 8. Vespasianus autem et cum natura loci simul certandum putans, et cum audacia Judaeorum, incipere obsidionem acriter statuit: advocatisque rectoribus sibi subditis, de aggressu deliberabat. Cumque aggerem fieri placuisset, qua parte murus facilis erat accessui, totum ad comparandam materiam misit exercitum : oppidoque propinquis montibus excisis, magnaque vi lignorum et lapidum comparata, cratibusque ad evitanda jacula desuper missa per va	A04680.xml:/TEI[1]/text[1]/group[1]/text[2]/body[1]/div[3]/div[7]/p[2]/hi[1]/text()[1]; UTF16 offset 0; printed book 3, chapter 7; pb 651 (tcp:12923:334)	Vespasian determined both to striue against the nature of the place, and hardinesse of the  Iewes; and therfore called all his captains togither, and consulted vvith them to begin a hot siege: at last they resolued to re	about, and no man vvas idle. The Iewes cast continually great stones and all kinde of darts vpon that vvhich defended them; which though they pierced not thorough, yet they made a great noise and terrified the workemen. 	DIRECT_ALIGNMENT	HIGH	english-lodge1602-bellum3-unit161	493063	493929	Coarse-unit incipit and adjacent Lodge wording inspected directly against the Cardwell unit opening; the identity is secure. This decision verifies this boundary only.
3	latin-bellum3-num166	7	[166] 9. Tunc igitur Vespasianus machinis missilium circumpositis (erant autem omnes centum sexaginta) in eos qui super murum astarent, jussit tela contendi : simulque ex catapultis lanceae percurrebant, saxaque tormentis ingentia mittebantur, ignisque et sagittarum frequentissima multitudo, quae non solum murum, sed etiam totum intra jactum earum spatium Judaeis inaccessum fecere : Arabum enim sagittariorum manus, et jaculatores, itemque fundito	A04680.xml:/TEI[1]/text[1]/group[1]/text[2]/body[1]/div[3]/div[7]/p[2]/text()[3]; UTF16 offset 775; printed book 3, chapter 7; pb 651 (tcp:12923:334)	Which Vespasian seeing, caused all engines that did cast stones & darts, vvhich were in number a  hundreth and threescore, to be placed against the vvals, to beate the Iewes from thence. And so they cast stones and darte	omages happened for that there vvas space left betweene all these vvorkes, vvhereby the enemies had accesse to doe them such harmes: wherefore he vnited them togither, and so hindered the priuie excursions of the Iewes. 	DIRECT_ALIGNMENT	HIGH	english-lodge1602-bellum3-unit166	493929	495024	Coarse-unit incipit and adjacent Lodge wording inspected directly against the Cardwell unit opening; the identity is secure. This decision verifies this boundary only.
3	latin-bellum3-num171	7	[171] 10. Erecto autem propemodum aggere, pauloque minus aequato propugnaculis, indignum esse ratus Josephus, nihil contra moliri, quod oppido saluti foret, convocat fabros, murumque altius jubet extolli. . Cumque illi tam multis obstantibus jaculis minime aedificare posse affirmarent, hanc eis defensionem excogitavit. Sudibus fixis, per eos boum coria recentia extendi praecepit, quae emissos tormentis lapides sinuata susciperent, quibusque repul	A04680.xml:/TEI[1]/text[1]/group[1]/text[2]/body[1]/div[3]/div[7]/p[2]/text()[11]; UTF16 offset 82; printed book 3, chapter 7; pb 651 (tcp:12923:334)	When the  mount vvas almost made and the towers vpon it finished, Ioseph afraid to doe nothing for the  safegard of the towne, called all vvorkmen necessarie togither, and commanded them to make the wal there higher; but	ereat the Romans,  \n                         vvho before thought themselues sure of the towne, vvere now greatly dismaied both by this deuise of Iosephs, and also by the hardinesse of the Iewes.\n\n                        	DIRECT_ALIGNMENT	HIGH	english-lodge1602-bellum3-unit171	495024	495894	Coarse-unit incipit and adjacent Lodge wording inspected directly against the Cardwell unit opening; the identity is secure. This decision verifies this boundary only.
3	latin-bellum3-num176	7	[176] 11. At Vespasianus et calliditate consilii, et hostium audacia magis irritabatur : qui jam recepta ex munitione fiducia, Romanos ultro incursabant: inque dies singulos praelia catervatim, et cujusque modi latrocinales doli, et eorum quae casus obtulisset rapinae, aliorumque incendia fiebant : donec Vespasianus retento milite a pugna, statuit obsidere civitatem, ut eam usui necessariorum penuria caperet. Aut enim coactos inopia sibi supplica	A04680.xml:/TEI[1]/text[1]/group[1]/text[2]/body[1]/div[3]/div[8]/p[1]/seg[1]/text()[1]; UTF16 offset 0; printed book 3, chapter 8; pb 652 (tcp:12923:335)	THis stratageme and the carriage of the Iewes greatly mooued Vespasian, for now they receiuing courage in that defence, made assaults vpon the Romans of their owne accord, and euerie day skirmished, running out in compan	take it by force, if ceasing a while from assaulting it, he afterward set vpon it, they being in anguish for the danger they were in. Wherefore he commanded all passages to be kept, that none could goe out of the Citie. 	DIRECT_ALIGNMENT	HIGH	english-lodge1602-bellum3-unit176	495894	496738	Coarse-unit incipit and adjacent Lodge wording inspected directly against the Cardwell unit opening; the identity is secure. This decision verifies this boundary only.
3	latin-bellum3-num181	7	[181] 12. Illi autem frumenti quidem aliarumque omnium rerum intus habebant copiam, praeter salem. aquae vero penuria eos affligebat : quia neque fons erat intra civitatem, et imbre contentis habitatoribus, rara est in illo tractu aestivis mensibus pluvia. quo tempore obsessi etiam hoc vehementius afficiebantur, quod arcendae siti fuerat excogitatum: quodque fieri, velut omnis aqua jam defecisset, aegre ferebant. Josephus enim cum et civitatem vi	A04680.xml:/TEI[1]/text[1]/group[1]/text[2]/body[1]/div[3]/div[8]/p[1]/text()[10]; UTF16 offset 196; printed book 3, chapter 8; pb 652 (tcp:12923:335)	But they had great store of corne, and of all other things else, except salt and water, whereof they stoode in great want, for there is neuer a fountaine in the citie, and they haue little raine in sommer time, so that t	 they had suffered extreame drought. The Romans perceiued this, being vpon a high hill, ouer against the place whither all the Iewes came togither to recome water, and they with their shot killed many that came thither, 	DIRECT_ALIGNMENT	HIGH	english-lodge1602-bellum3-unit181	496738	497597	Coarse-unit incipit and adjacent Lodge wording inspected directly against the Cardwell unit opening; the identity is secure. This decision verifies this boundary only.
3	latin-bellum3-num186	7	[186] 13. Vespasianus quidem non multo post, exhaustis puteis, ipsa sibi necessitate traditum iri civitatem sperabat. Josephus autem, ut hanc ejus spem frangeret, jussit quam plurimos per murorum primas immersa undis atque humida vestimenta suspendere, ut omnes repente aqua perfluerent. ex quo moeror simul Romanis ac timor erat, cum tantum aquae viderent eos ludibrio consumere, quos potu indigere credebant. Denique dux belli etiam ipse, quia penu	A04680.xml:/TEI[1]/text[1]/group[1]/text[2]/body[1]/div[3]/div[8]/p[1]/text()[16]; UTF16 offset 68; printed book 3, chapter 8; pb 652 (tcp:12923:335)	insomuch that Vespasian hoped that within short time their water would be spent, and they constrained to yeeld. But Ioseph to frustrate this hope, commanded a great many garments to be layde in water and hanged vppon the	ian scorning to winne the citie  by siege, purposed to assault it againe by force. The Iewes were verie glad of this themselues, and the citie in danger, rather wishing to be slaine then perish through hunger or thirst, 	DIRECT_ALIGNMENT	HIGH	english-lodge1602-bellum3-unit186	497597	498281	Boundary checked directly against the surrounding Cardwell and Lodge wording.
3	latin-bellum3-num190	7	[190] 14. Josephus tamen, praeter hoc etiam aliud consilium, quo sibi copia pararetur, per quandam vallem deviam, proptereaque minus curiose habitam a custodibus, excogitavit. Mittendo enim per occiduas ejus partes literas ad quos vellet Judaeos extra civitatem degentes, ab his omnia usui necessaria, et quae in civitate defecerant, accipiebat : mandato commeantibus, ut plerunque ad excubias reperent, terga velleribus tecti: quo si qui eos nocte v	A04680.xml:/TEI[1]/text[1]/group[1]/text[2]/body[1]/div[3]/div[8]/p[1]/hi[7]/text()[1]; UTF16 offset 0; printed book 3, chapter 8; pb 652 (tcp:12923:335)	Ioseph deuised also another way to get such necessaries that he wanted out of the country, for there was a\n                           •…\n                        alley out of the way, & therefore not regarded by the Roman	n, to hide and couer themselues with hairie skinnes, that the watchmen might thinke them to be dogges, and this he vsed a good space, till at last the watchmen perceiued it, and so set a guard there to stop the passage. 	DIRECT_ALIGNMENT	HIGH	english-lodge1602-bellum3-unit190	498281	498883	Boundary checked directly against the surrounding Cardwell and Lodge wording.
3	latin-bellum3-num193	7	[193] 15. Itaque tunc Josephus non diu civitatem sustinere posse prospiciens, suamque pariter salutem, si vellet remanere, desperans, cum optimatibus de fuga tractabat. verum id populus sensit, et circa eum fusus, ne sese negligeret, precabatur, in quo solo recumberent. ipsum enim saluti esse civitati manentem, velut omnes ejus causa alacri essent animo certaturi. quod si etiam capiantur, eundem solatio fore. decere autem illum nec inimicos fuger	A04680.xml:/TEI[1]/text[1]/group[1]/text[2]/body[1]/div[3]/div[8]/p[1]/text()[29]; UTF16 offset 64; printed book 3, chapter 8; pb 652 (tcp:12923:335)	When Ioseph perceiued the Citie could not hold out long, and fearing his owne life, if still he continued there, he treated with the chiefe of the citie that he might flie. But the people perceiuing his intent, flocked a	ch he came when the seas were calme, for so by this meanes he would soone ouerthrow the citie, and once gone, no man afterward could or durst resist their enemies; for in him was all their hope.\n\n                        	DIRECT_ALIGNMENT	HIGH	english-lodge1602-bellum3-unit193	498883	499757	Coarse-unit incipit and adjacent Lodge wording inspected directly against the Cardwell unit opening; the identity is secure. This decision verifies this boundary only.
3	latin-bellum3-num197	7	[197] 16. Josephus autem quod sibi caveret occultans, illorum commodo se exitum parare dicebat. nam intra civitatem manendo, neque servatis grande aliquid se profuturum, et si caperetur, una cum his esse frustra periturum, obsidione vero liberatum, extrinsecus maximo eis emolumento fore. mature enim congregatis ex territorio Galilaeis, alio bello Romanos ab eorum civitate revocaturum. nunc autem non videre, quid apud eos residens utilitatis affer	A04680.xml:/TEI[1]/text[1]/group[1]/text[2]/body[1]/div[3]/div[8]/p[2]/hi[1]/text()[1]; UTF16 offset 0; printed book 3, chapter 8; pb 652 (tcp:12923:335)	Ioseph kept it to himselfe that his purpose was to worke his owne safetie, for he told them the thing which he intended was for their good, affirming that though he stayed still in the citie, yet  he could doe them littl	 feet, weeping, and beseeching him to take such hap as should befall them, whether it were good or bad, not for that they enuied his escape, but for that they hoped they should receiue no harme if he remained with them.\n	DIRECT_ALIGNMENT	HIGH	english-lodge1602-bellum3-unit197	499757	500985	Coarse-unit incipit and adjacent Lodge wording inspected directly against the Cardwell unit opening; the identity is secure. This decision verifies this boundary only.
3	latin-bellum3-num203	7	[203] 17. Ille autem siquidem paruisset, haec preces esse ratus, custodiam vero, si per vim cogeretur (multum enim propositum discessus etiam querelarum misericordia fregerat) remanere statuit. communique desperatione civitatis armatus, et nunc tempus esse dicens pugnam incipere, cum spes nulla salutis est, pulchrumque vitam pacisci pro laude, ac forti aliquo patrato facinore in memoriam posteritatis occumbere, ad opera sese convertit. Cum pugnac	A04680.xml:/TEI[1]/text[1]/group[1]/text[2]/body[1]/div[3]/div[8]/p[3]/text()[1]; UTF16 offset 0; printed book 3, chapter 8; pb 653 (tcp:12923:335)	He then bethought himselfe that if he staied with them, he fulfilled their request; and if he denied, he feared they would force him. Wherefore being partly moued by compassion, he determined  to stay, and being now, as 	e came euen vnto the Romans tents, and tore  the skins that their tents were made of, & fired others, and their engines: & so he did the second and the third day, and for certain daies and nights afterward neuer ceased. 	DIRECT_ALIGNMENT	HIGH	english-lodge1602-bellum3-unit203	500985	501829	Boundary checked directly against the surrounding Cardwell and Lodge wording.
3	latin-bellum3-num207	7	[207] 18. Sed Vespasianus Romanos his excursibus male affectos aspiciens (nam et terga dare Judaeis pudebat, et fugientes insequi armorum pondere tardabantur : cum Judaei semper aliquid agentes, priusquam paterentur, in civitatem refugerent) armatis imperat, ut eorum impetum declinarent, neve cum hominibus mortis avidis manum consererent. Nihil esse fortius desperatis. Restingui autem illorum impetus, si proposito frustrentur, quasi flammam, si m	A04680.xml:/TEI[1]/text[1]/group[1]/text[2]/body[1]/div[3]/div[8]/p[3]/text()[4]; UTF16 offset 176; printed book 3, chapter 8; pb 653 (tcp:12923:335)	When Vespasian perceiued  the Romans greatly endoinaged by such excursions and verie loath to s\n                           •…\n                        e for shame, and not able to follow them being so loden with their arm	 they more furiously assailed the Romans, sparing neither bodie nor mind, but continually fought by turnes, and euery one of the citie assisted them that so laboured.\n\n                        \n                           	DIRECT_ALIGNMENT	HIGH	english-lodge1602-bellum3-unit207	501829	503167	Coarse-unit incipit and adjacent Lodge wording inspected directly against the Cardwell unit opening; the identity is secure. This decision verifies this boundary only.
3	latin-bellum3-num213	7	[213] 19. Igitur Vespasianus ultro se existimans longitudine temporis, hostiumque incursibus obsideri, cum prope jam muris aggeres aequarentur, arietem admovere decrevit. Est autem aries immensa materia, malo navis assimilis : cujus summum gravi ferro solidatum est, in arietis effigiem fabricato, unde etiam nomen accepit. dependet autem funibus medius ex trabe alia, velut ex trutina, palis utrinque fultus, bene fundatis. retrorsum autem magna vir	A04680.xml:/TEI[1]/text[1]/group[1]/text[2]/body[1]/div[3]/div[9]/p[1]/hi[1]/seg[1]/text()[1]; UTF16 offset 0; printed book 3, chapter 9; pb 653 (tcp:12923:335)	VEspasian thinking himselfe as it were besieged, both for the long time which he had continued  the siege, and also for the diuers assaults and priuie excursions of the Iewes, hauing now almost raised the Rampiers as hig	vnto them; and couered it alost with hurdles and skins, both for to defend themselues and the engine, & at the first assault the wals were shaken, so that the citizens cried as though the towne had beene alreadie taken. 	DIRECT_ALIGNMENT	HIGH	english-lodge1602-bellum3-unit213	503167	504703	Coarse-unit incipit and adjacent Lodge wording inspected directly against the Cardwell unit opening; the identity is secure. This decision verifies this boundary only.
3	latin-bellum3-num222	7	[222] 20. Josephus autem eundem locum saepe feriri, neque multo post murum disturbatum iri prospiciens, quo commento vim machinae paulatim falleret excogitavit. Saccos enim paleis confertos, qua semper impetum arietis ferri viderent, demitti jussit ex muro: ut eo modo secundi ictus errarent, aut etiam excepta vulnera laxitas frustraretur. Quae quidem res multum Romanis morae attulit. nam quocunque hi machinam convertissent, contra illi qui super 	A04680.xml:/TEI[1]/text[1]/group[1]/text[2]/body[1]/div[3]/div[9]/p[1]/hi[2]/text()[1]; UTF16 offset 0; printed book 3, chapter 9; pb 653 (tcp:12923:335)	Ioseph seeing them still beat one place, and that presently the wall would fall, deuised  away to resist the force of the Ramme, and so he filled sackes with chaffe, and let them downe off the wal iust against that place	 to defend himselfe against the fire, which seasing vpon  drie matter with Brimstone and Pitch wonderfully encreased; so that in one houres space it consumed all the workes that the Romans had made with so great labour. 	DIRECT_ALIGNMENT	HIGH	english-lodge1602-bellum3-unit222	504703	506117	Coarse-unit incipit and adjacent Lodge wording inspected directly against the Cardwell unit opening; the identity is secure. This decision verifies this boundary only.
3	latin-bellum3-num229	7	[229] 21. Hic etiam vir quidam Judaeus, praedicatione ac memoria dignus inventus est, Sammaei filius Eleazarus, cui Saab Galilaeae patria fuit. Is enim saxum ingens alte sublatum, tanta vi super arietem ex muro demisit, ut machinae caput abrumperet, idque ex mediis hostibus saltu ad eos delatus auferret, nulloque metu reportaret ad murum. Postremo tanquam signum quo tela mitterent, hostibus propositus, nudo corpore quinque sagittarum vulneribus f	A04680.xml:/TEI[1]/text[1]/group[1]/text[2]/body[1]/div[3]/div[9]/p[1]/text()[21]; UTF16 offset 68; printed book 3, chapter 9; pb 654 (tcp:12923:336)	There was a Iew the sonne of Samaeus called Eleazar, who deserued eternall memorie: this man was borne at Saab in Galilee. This Eleazar tooke vp a great stone, and cast it downe with such force vpon the Ramme, that he br	themselues valiant, named Netiras and Philip, who assaulted  \n                         the tenth legion of the Romans with such violence, that they brake their ranks, and put all to flight that sought to withstand them: 	DIRECT_ALIGNMENT	HIGH	english-lodge1602-bellum3-unit229	506117	507068	Coarse-unit incipit and adjacent Lodge wording inspected directly against the Cardwell unit opening; the identity is secure. This decision verifies this boundary only.
3	latin-bellum3-num234	7	[234] 22. Praeter hos Josephus quoque et caetera multitudo, raptis ignibus, machinas et refugia, cum operibus quintae itemque decimae ejus quae terga dederat legionis, incendunt. Caeteri autem qui mox consecuti sunt, et instrumenta et omne genus materiae obruerunt. Rursus autem Romani sub vesperam erectum arietem ad eam muri partem, quae pridem quassata fuerat, appulere : ibique propugnatorum quidam Vespasiani plantam sagitta percussam leviter vu	A04680.xml:/TEI[1]/text[1]/group[1]/text[2]/body[1]/div[3]/div[9]/p[1]/text()[31]; UTF16 offset 134; printed book 3, chapter 9; pb 654 (tcp:12923:336)	which Ioseph and those that were with him perceiuing, tooke fire and burnt the engines, works, and defences of the fifth and tenth legions that were fled, and those that followed destroyed al engines, & other matter that	were sorrowful for him, and incited them to fight against  the Iewes more earnestly then before; and now euery one as it were to reuenge their generall, despised all danger, and assaulted the wals one exhorting another. 	DIRECT_ALIGNMENT	HIGH	english-lodge1602-bellum3-unit234	507068	508464	Coarse-unit incipit and adjacent Lodge wording inspected directly against the Cardwell unit opening; the identity is secure. This decision verifies this boundary only.
3	latin-bellum3-num240	7	[240] 23. Josephus autem cum suis, licet assiduis balistarum itemque tormentorum ictibus caderent, nequaquam tamen deterrebantur a muro : sed flammis et ferro et saxis eos appetebant, qui arietem protecti cratibus impellerent. Nihil autem, aut parum proficiebant, cum sine intermissione procumberent in conspectu hostium positi, quos ipsi contra videre non possent. nam et suis ignibus collucebant, tanquam si dies esset, et certum erant hostibus sig	A04680.xml:/TEI[1]/text[1]/group[1]/text[2]/body[1]/div[3]/div[9]/p[2]/hi[6]/text()[1]; UTF16 offset 0; printed book 3, chapter 9; pb 654 (tcp:12923:336)	Ioseph and his associates, notwithstanding that many of them were killed with shot, darts and arrowes; yet they forsooke not the wals, but with fire and sword, and stones fiercely assaulted them, that being defended with	t morning before it fell, being all night long beaten with the Ramme. And then they of Iotapata repaired the breach vvith their bodies and armour before the Romans could set bridges to enter it.\n\n                        	DIRECT_ALIGNMENT	HIGH	english-lodge1602-bellum3-unit240	508464	511017	Coarse-unit incipit and adjacent Lodge wording inspected directly against the Cardwell unit opening; the identity is secure. This decision verifies this boundary only.
3	latin-bellum3-num253	7	[253] 24. Mane autem Vespasianus ad occupandam civitatem jam ducebat exercitum, ex nocturno labore paulum recreatum. Idemque cupiens de convulsa muri parte alios propugnatores depellere, equitum quidem fortissimos equis depositos trifariam collocat: ut tecti armis dirutum latus undique obsiderent, contosque praetenderent : et cum pontes admoveri coepissent, ipsi priores introirent. Post illos autem pedites validissimos ordinavit. Reliquam vero eq	A04680.xml:/TEI[1]/text[1]/group[1]/text[2]/body[1]/div[3]/div[10]/p[1]/seg[1]/text()[1]; UTF16 offset 0; printed book 3, chapter 10; pb 655 (tcp:12923:336)	IN the morning Vespasian brought his armie to enter the breach, hauing giuen them but little rest after their whole nights labour, and desirous to make the Iewes that defended  the breach to forsake their place, before s	re not battered, to the intent that the townesmen busied in resisting them might leaue the breach vnmanned: and the rest being wearied & oppressed with the thicknesse of the shot, should of force forsake their standing. 	DIRECT_ALIGNMENT	HIGH	english-lodge1602-bellum3-unit253	511017	512201	Coarse-unit incipit and adjacent Lodge wording inspected directly against the Cardwell unit opening; the identity is secure. This decision verifies this boundary only.
3	latin-bellum3-num258	7	[258] 25. Josephus autem hoc consilio cognito, per murum integrum labore fatigatos itemque senes disposuit, quasi laedi non possent : in parte vero collapsa validum et potentissimum quemque. senosque ante omnes viros, in quibus et ipse fuit, ad pericula subeunda sortitus est : hisque praecepit ut agminum ululatibus ne metu quaterentur, aures obstruerent : contra sagittarum vero multitudinem communiti protegerentur desuper scutis : paulatimque rec	A04680.xml:/TEI[1]/text[1]/group[1]/text[2]/body[1]/div[3]/div[10]/p[1]/text()[8]; UTF16 offset 59; printed book 3, chapter 10; pb 655 (tcp:12923:336)	But Ioseph perceiuing his intent, placed  old men and children, and those that were alreadie wearied vpon those parts of the wals that were not battered: and himselfe with the stowtest in the Citie went to defend the bre	st: and imagine that they now did see their aged men murdered with their children, and their wiues almost taken by their enemies, and now to reuenge themselues vpon those that hereafter would massacre their whole Citie, 	DIRECT_ALIGNMENT	HIGH	english-lodge1602-bellum3-unit258	512201	513301	Coarse-unit incipit and adjacent Lodge wording inspected directly against the Cardwell unit opening; the identity is secure. This decision verifies this boundary only.
3	latin-bellum3-num262	7	[262] 26. Ita quidem in utroque disposuit. Civitatis autem vulgus imbelle, mulieres ac pueri, postquam oppidum triplici acie videre circundatum (nullus enim ad pugnam translatus fuerat a custodiis) strictisque gladiis ad partem muri dejectam hostes instare, armisque montana loca omnia desuper collucere, atque Arabum quendam sagittariis tela suggerere, tunc extremo ululatu quasi capta urbe consonuerunt, non ut impendere mala, sed ut adesse jam cre	A04680.xml:/TEI[1]/text[1]/group[1]/text[2]/body[1]/div[3]/div[10]/p[1]/text()[11]; UTF16 offset 672; printed book 3, chapter 10; pb 655 (tcp:12923:336)	and thus he appointed men in both places. The weaker multitude, women and children; seeing the Citie compassed about with three ranckes of horsemen, and that the Romans with swords drawne preased against the breach, that	nce, and threatned them if they did not: and so hee marched vnto the breach; which place fell vnto his lot, and gaue no heede to them that sought to scale the wals, but onely beheld a farre off the force of the arrowes.\n	DIRECT_ALIGNMENT	HIGH	english-lodge1602-bellum3-unit262	513301	514216	Boundary checked directly against the surrounding Cardwell and Lodge wording.
3	latin-bellum3-num265	7	[265] 27. Simul autem ac tubicines universarum legionum consonuerunt, et graviter infremuit exercitus: signoque dato, missis undique sagittis lux obscurari coepit. Josephi socii memores praeceptorum, et adversus clamorem obstructis auribus, et contra sagittarum vulnera corporibus communitis, cum admoverentur pontium machinae, ipsi eas cursu, et antequam hostes pedem in his ponerent, occupant : eosque ascendere nitentes praelio deturbant, varia ma	A04680.xml:/TEI[1]/text[1]/group[1]/text[2]/body[1]/div[3]/div[10]/p[2]/text()[1]; UTF16 offset 0; printed book 3, chapter 10; pb 655 (tcp:12923:336)	When all the trumpets began to sound, and the ayre to bee obscured with the multitude of arrowes, Iosephs companions remembring the charge giuen them, stopped their eares; and armed their bodies against the shot of arrow	h supplie; and ioyning together their long shields, exhorting one another, they became as it were a wall or defence inuincible; and the whole armie like one bodie did beate backe the Iewes, and so set foote on the wals. 	DIRECT_ALIGNMENT	HIGH	english-lodge1602-bellum3-unit265	514216	515200	Coarse-unit incipit and adjacent Lodge wording inspected directly against the Cardwell unit opening; the identity is secure. This decision verifies this boundary only.
3	latin-bellum3-num271	7	[271] 28. Tum Josephus, his rerum angustiis consilio necessitatis adhibito, machinis excogitandis cum desperatione stimulatur: ferventique oleo perfundi milites jubet, scutorum conjunctione defensos. id autem Judaei multi, qui et paratum haberent, et plurimum, cito Romanis infundunt : ipsis etiam in eos ahenis missis calore bullientibus. Haec res Romanorum ardentium aciem dissipavit, et cum dolore saevissimo devolvebantur a muro. siquidem facile 	A04680.xml:/TEI[1]/text[1]/group[1]/text[2]/body[1]/div[3]/div[10]/p[2]/text()[6]; UTF16 offset 326; printed book 3, chapter 10; pb 655 (tcp:12923:336)	Then Ioseph in this desperate case, deuised some way to repell this present calamitle, wherefore hee commaunded the Iewes to fetch scalding oyle, which they had readie, and powre it vpon the Romans yet seething, who also	 with helmets and briest plates could not flie, so that some lept downe off the bridge, and others for griefe died; others would faine haue retired themselues, but could not, because their enemies followed them so hard. 	DIRECT_ALIGNMENT	HIGH	english-lodge1602-bellum3-unit271	515200	515988	Coarse-unit incipit and adjacent Lodge wording inspected directly against the Cardwell unit opening; the identity is secure. This decision verifies this boundary only.
3	latin-bellum3-num276	7	[276] 29. Sed neque Romanis virtus in rebus adversis, nec Judaeis prudentia defuit. Romani enim licet oleo perfusi mirabilia pati viderentur, tamen in eos, qui perfuderant ferebantur, praecedentem quisque incursando, tanquam ipse impetum retardaret. Judaei vero progressum eorum dolo altero deceperunt, cum foeno graeco decocto pontium tabulata perfunderent: quibus illi dilabentes retrahebantur, ut neque fugientium quisquam, neque aggredientium fir	A04680.xml:/TEI[1]/text[1]/group[1]/text[2]/body[1]/div[3]/div[10]/p[2]/text()[9]; UTF16 offset 439; printed book 3, chapter 10; pb 655 (tcp:12923:336)	But neither the Romans wanted vertue and\n\nvalour in aduerse fortune, nor the Iewes prudence and good aduise. For the Romans notwithstanding  \n                         they were in intolerable paine, being scalded with ho	ndured much miserie, towards euening he caused them to retyre, manie being  slaine, and more wounded, and sixe men of Iotapata were slaine, and aboue three hundreth wounded: this fight was vpon the twentith day of Iune. 	DIRECT_ALIGNMENT	HIGH	english-lodge1602-bellum3-unit276	515988	517246	Coarse-unit incipit and adjacent Lodge wording inspected directly against the Cardwell unit opening; the identity is secure. This decision verifies this boundary only.
3	latin-bellum3-num283	7	[283] 30. At Vespasianus eorum causa, quae acciderant, consolatus exercitum, postquam ira vidit accensum, neque tam exhortationem quam opus deposcere, aggeres quidem altius tollit. Tres vero turres quinquagenum pedum in excelsum jubet erigi, ferro undique tectas, ut et pondere stabiles essent, neque ignibus expugnarentur, easque super aggeres collocat, jaculatoribus et sagittariis, itemque levioribus missilium machinis plenas, funditorum quoque f	A04680.xml:/TEI[1]/text[1]/group[1]/text[2]/body[1]/div[3]/div[10]/p[2]/text()[19]; UTF16 offset 145; printed book 3, chapter 10; pb 656 (tcp:12923:337)	But after that Vespasian had comforted his souldiers, for that which had happened, and perceiuing that they were angrie and desired to fight to reuenge themselues, so that they needed no exhortation; he raised the Rampie	thus resisted, notwithstanding that many e\n                           •…\n                        rie day were slaine, and that they did their enemies no harme without great danger to themselues.\n\n                        	DIRECT_ALIGNMENT	HIGH	english-lodge1602-bellum3-unit283	517246	518557	Coarse-unit incipit and adjacent Lodge wording inspected directly against the Cardwell unit opening; the identity is secure. This decision verifies this boundary only.
3	latin-bellum3-num289	7	[289] 31. His autem diebus Vespasianus ad finitimam quandam Jotapatae civitatem evocatus, cui nomen est Japha, novas res affectantem, et propterea, quod Jotapatenos praeter spem restitisse audierat, insolescentem, mittit eo Trajanum decimae legionis rectorem, dans ei duo millia peditum et equites mille. Ille autem cum oppidum contra expugnationem munitissimum reperisset (nam praeter naturam qua tutum erat etiam muro duplici cingebatur) habitatore	A04680.xml:/TEI[1]/text[1]/group[1]/text[2]/body[1]/div[3]/div[11]/p[1]/seg[1]/text()[1]; UTF16 offset 0; printed book 3, chapter 11; pb 656 (tcp:12923:337)	AT this time Vespasian vnderstood that Iapha a Citie neere Iotapata minded to rebell encouraged  so to doe, for that they vnderstood how they of Iotapata had held ou\n                           •…\n                        	 •…\n                        er of those that were led into captiuitie, vvere one thousand one hundreth and thirtie: and this massacre of the Galileans happened the fiue and twentith day of Iune.\n\n                        	DIRECT_ALIGNMENT	HIGH	english-lodge1602-bellum3-unit289	518557	522190	Coarse-unit incipit and adjacent Lodge wording inspected directly against the Cardwell unit opening; the identity is secure. This decision verifies this boundary only.
3	latin-bellum3-num307	7	[307] 32. Sed ne Samaritae quidem alieni a calamitatibus remansere: hi namque in monte Garizin, qui est illis sanctissimus, congregati, locis suis expectabant : belli autem minas eorum conventus ac spiritus habere videbatur, nec saltem vicinorum malis corrigebantur, sed inconsulta suarum virium infirmitate, secundis Romanorum rebus exterriti, prona in tumultum voluntate pendebant. Vespasiano autem placebat motus antecapere, eorumque impetus praev	A04680.xml:/TEI[1]/text[1]/group[1]/text[2]/body[1]/div[3]/div[12]/p[1]/seg[1]/text()[1]; UTF16 offset 0; printed book 3, chapter 12; pb 657 (tcp:12923:337)	THe Samaritans also were partakers of this calamitie, who assembled themselues togither  \n                         in mount Garizin, which they account a sacred place: But both their assembly & their courage did portend 	d killed them all, in number eleuen thousand and six  hundreth: and this was done the seuen & twentith day of Iune: and these were the miseries that befell the Samaritans. \n                     \n\n                        	DIRECT_ALIGNMENT	HIGH	english-lodge1602-bellum3-unit307	522190	524149	Coarse-unit incipit and adjacent Lodge wording inspected directly against the Cardwell unit opening; the identity is secure. This decision verifies this boundary only.
3	latin-bellum3-num316	7	[316] 33. Jotapatenis autem diu durantibus et praeter spem adversa tolerantibus, quadragesimo quidem ac septimo die Romanorum aggeres super murorum altitudinem sunt elati. quidam vero ad Vespasianum eodem die profugus venit, paucitatem civium et infirmitatem simul eorum enuncians: quodque diuturnis vigiliis, et praeliis assiduis consumpti, minime quidem ulterius vim ferre possent, verum dolo etiam caperentur, si quis instaret. circa extremam namq	A04680.xml:/TEI[1]/text[1]/group[1]/text[2]/body[1]/div[3]/div[13]/p[1]/seg[1]/text()[1]; UTF16 offset 0; printed book 3, chapter 13; pb 657 (tcp:12923:337)	THe Citizens of Iotapata endured this hard siege contrarie to all expectation, and in the seuen and fortith day the Romans mounts were raised higher then their walls: on this same day, one of the Citie fled vnto Vespasia	for that he knew no great harme could befall him, if he so assaulted the Citie, as the traitor willed; he cō\n                        manded the man to be kept, and made all his armie in readinesse to assault the towne. 	DIRECT_ALIGNMENT	HIGH	english-lodge1602-bellum3-unit316	524149	525499	Coarse-unit incipit and adjacent Lodge wording inspected directly against the Cardwell unit opening; the identity is secure. This decision verifies this boundary only.
3	latin-bellum3-num323	7	[323] 34. Hora igitur quae fuerat indicata, silentio muros petebat : primusque incedebat Titus cum uno e tribunis Domitio Sabino, paucis ex quintadecima legione comitatus. Interfectis autem vigilibus, in civitatem ingrediuntur, et post eos Sextus Cerealis tribunus, et Placidus, subjectos sibi milites introducebant. Arce vero occupata, cum hostes in medio oppido versarentur, jamque plane dies esset, ne tunc quidem illi qui capti tenerentur, adhuc 	A04680.xml:/TEI[1]/text[1]/group[1]/text[2]/body[1]/div[3]/div[13]/p[1]/text()[12]; UTF16 offset 86; printed book 3, chapter 13; pb 657 (tcp:12923:337)	So at the hower appointed, hee made towards the walles with silence. Titus being the first, accompanied with one Domitius Sabinus a Tribune & a few of the fifteenth legion, who killing the watchmen,  entred into the citi	till pursuing them, they were easily slaine. Many of Iosephs guarde seeing this that they could not fight, gathered themselues together in a corner of the citie, and slew themselues, that the Romans might not kill them. 	DIRECT_ALIGNMENT	HIGH	english-lodge1602-bellum3-unit323	525499	526858	Coarse-unit incipit and adjacent Lodge wording inspected directly against the Cardwell unit opening; the identity is secure. This decision verifies this boundary only.
3	latin-bellum3-num332	7	[332] 35. Quicunque tamen vigilum primi captam civitatem senserant, in quandam turrim Septentrionalem fuga recepti aliquandiu quidem restiterunt. deinde circunfusi hostium multitudine, sero dextras dedere : hisque instantibus, mortenm suam aequo animo praebuerunt. Potuissent autem incruento Romani obsidionis fine gloriari, nisi unus ex ipsis occidisset centurio, Antonius, peremptus insidiis. Nam quidam ex his qui ad speluncas confugerant (erant a	A04680.xml:/TEI[1]/text[1]/group[1]/text[2]/body[1]/div[3]/div[13]/p[1]/text()[28]; UTF16 offset 160; printed book 3, chapter 13; pb 658 (tcp:12923:338)	But some of the watchmen, who first perceiued the citie to be taken, fled into a tower, and resisted a while (this tower was scituate on the North side of the citie) and at last being enuironed with their enemies towards	id) requested Antonius to giue him his hande, in token that  he might come out safe and without danger, which he doing vnaduisedly, straightway the Iewe with a speare smote him in the flancke, whereof he presently dyed. 	DIRECT_ALIGNMENT	HIGH	english-lodge1602-bellum3-unit332	526858	527555	Coarse-unit incipit and adjacent Lodge wording inspected directly against the Cardwell unit opening; the identity is secure. This decision verifies this boundary only.
3	latin-bellum3-num336	7	[336] 36. Illo quidem die comparentem multitudinem peremere Romani. postea vero secutis diebus scrutando latebras, per cuniculos et speluncas in omnem saeviebant aetatem, praeter infantes ac foeminas. Itaque captivi quidem mille ducenti congregati erant: quadraginta vero millia connumerata sunt excidii tempore et pugnis superioribus mortuorum. At Vespasianus civitatem ipsam exscindi jubet, castellaque ejus omnia exurit. Iotapata quidem ita devict	A04680.xml:/TEI[1]/text[1]/group[1]/text[2]/body[1]/div[3]/div[13]/p[1]/text()[33]; UTF16 offset 160; printed book 3, chapter 13; pb 658 (tcp:12923:338)	The Romans that day slew all people that they found, and the dayes following they searched all secret places, and drewe those  out of caues & dennes that had fled thither, and slew all but women & infants: so that they t	d Vespasian \n                         commanded the citie to be destroyed, and the castles to bee burned, and so Iotapata was taken the thirteenth yeare of Nero his raigne, in the first of Iuly.\n\n                        	DIRECT_ALIGNMENT	HIGH	english-lodge1602-bellum3-unit336	527555	528174	Coarse-unit incipit and adjacent Lodge wording inspected directly against the Cardwell unit opening; the identity is secure. This decision verifies this boundary only.
3	latin-bellum3-num340	8	[340] CAP. VIII. ROMANI vero Josephum requirentes, et propriae indignationis causa, et quod imperatori operae precium videbatur (captus enim, maxima pars belli esset) mortuos itemque abditos rimabantur: ille autem in exitio civitatis fortunae quodam usus auxilio, per medios se hostes surripuit, et in quendam profundum puteum saltu demissus est, cui amplum specus adjunctum erat a latere, quod supra scrutantes videre non possent: ubi xl. insignes v	A04680.xml:/TEI[1]/text[1]/group[1]/text[2]/body[1]/div[3]/div[14]/p[1]/seg[1]/text()[1]; UTF16 offset 0; printed book 3, chapter 14; pb 658 (tcp:12923:338)	BVt especially aboue all others the Romans made diligent search for Ioseph, both for the hatred they bare him, and also because Vespasian greatly desired to get him, for that he\n                           •…\n            	aine woman that had been with them in the caue was taken, and so he was descried. Then Vespasian sent two tribunes to him to promise him safety, and bring him before him; the Tribunes names were Paulinus and Gallicanus: 	DIRECT_ALIGNMENT	HIGH	english-lodge1602-bellum3-unit340	528174	529315	Boundary checked directly against the surrounding Cardwell and Lodge wording.
3	latin-bellum3-num345	8	[345] 2. Quibus tamen ille rogantibus, postquam ad eum venerunt, fidemque pro salute dantibus minime paruit. Ex his autem magis quae pati meritus esset, qui plurima conmisisset, quam ex naturali mansuetudine rogantium, suspicionem colligens, velut ad poenam evocaretur, timebat : donec Vespasianus tertium quoque tribunum Nicanorem, Josepho notum, atque olim consuetum misit. Is autem, quam mite in eos Romanorum esset ingenium, quos semel subjugasse	A04680.xml:/TEI[1]/text[1]/group[1]/text[2]/body[1]/div[3]/div[14]/p[1]/text()[12]; UTF16 offset 1; printed book 3, chapter 14; pb 658 (tcp:12923:338)	But Ioseph would not accept their offer, fearing that because he had been the author of all the euilles that the Romans had endured, that therefore they sought him out to punish him: till Vespasian sent vnto Ioseph Nican	loyed his friend in such a message, to vse friendship so noble a vertue to so euill a purpose, as to worke treson: and that he, though Vespasian had been so minded, wouldneuer haue consented to haue betrayed his friend. 	DIRECT_ALIGNMENT	HIGH	english-lodge1602-bellum3-unit345	529315	530261	Boundary checked directly against the surrounding Cardwell and Lodge wording.
3	latin-bellum3-num350	8	[350] 3. Verum Josepho etiam post Nicanoris dicta haesitante, milites quidem irati, speluncae ignem submittere properabant. sed retinebat eos belli ductor, vivum Josephum capere plurimi pendens. Nicanore autem vehementer instante, ubi etiam hostilis multitudinis minas comperit Josephus, nocturna somnia reminiscitur, quibus ei Deus et futuras Judaeorum clades, et quae Romanis essent eventura principibus, ostendit. erat autem interpretandis quoque 	A04680.xml:/TEI[1]/text[1]/group[1]/text[2]/body[1]/div[3]/div[14]/p[1]/hi[13]/text()[1]; UTF16 offset 0; printed book 3, chapter 14; pb 658 (tcp:12923:338)	Ioseph after Nicanor wordes began to studie, as doubtfull what was best to do. Whereat the souldiers being angrie began to cast fire into the caue: but Vespasian hindered them being desirous to take Ioseph aliue. Nicanor	ou hast chosē my soule to foretell future euents, I yeeld vnto the Romans tosaue my life, protesting that I meane not to goe to them to play the traytour vnto my countrey, \n                        \nbut as thy minister; 	DIRECT_ALIGNMENT	HIGH	english-lodge1602-bellum3-unit350	530261	531438	Coarse-unit incipit and adjacent Lodge wording inspected directly against the Cardwell unit opening; the identity is secure. This decision verifies this boundary only.
3	latin-bellum3-num355	8	[355] 4. Simulque his dictis Nicanori consentiebat. Verum qui una confugerant Judaeorum, postquam intellexerunt Josephum rogantibus cedere, universi circumstantes clamabant: certe plurimum ingemiscere leges patriae. Ubi sunt, quae Judaeis Deus annuit, quibus mortem contemnentes animas indidit ? Vita Josephe captus es, lucemque pateris intueri servientem ? quam cito tui oblitus es ? quam multos pro libertate mori persuasisti? falsam profecto opini	A04680.xml:/TEI[1]/text[1]/group[1]/text[2]/body[1]/div[3]/div[14]/p[1]/text()[39]; UTF16 offset 22; printed book 3, chapter 14; pb 659 (tcp:12923:338)	and hauing thus spoken, he yeelded himselfe vnto Nicanor. But they, who fled  \n                         into the caue where Ioseph was, perceiuing that Ioseph yeelded vnto the Romans, flocked all about him, and cried out	s: which if thou refuse to  do; thou shalt whether thou vvilt or no die like a traitour vnto thy countrey. When they had thus said, they all threatned to kill him vvith their swordes, if hee did yeelde vnto the Romanes. 	DIRECT_ALIGNMENT	HIGH	english-lodge1602-bellum3-unit355	531438	532674	Coarse-unit incipit and adjacent Lodge wording inspected directly against the Cardwell unit opening; the identity is secure. This decision verifies this boundary only.
3	latin-bellum3-num361	8	[361] 5. Timens igitur impetum Josephus, et se Dei praeceptorum proditorem esse ratus, si ea non renunciasset morte praeventus, argumentis eos philosophiae necessario tractare incepit. Et quid enim tantopere, inquit, o socii propriae caedis avidi sumus? aut cur amicissimas inter se res, corpus et animam in dissensionem vocamus ? mutatum me esse quispiam dicet? sed Romani hoc sciunt. Optimum in bello mori : sed lege belli, hoc est a victoribus tru	A04680.xml:/TEI[1]/text[1]/group[1]/text[2]/body[1]/div[3]/div[14]/p[1]/hi[21]/text()[1]; UTF16 offset 0; printed book 3, chapter 14; pb 659 (tcp:12923:338)	Ioseph feared their violence, and perswaded himselfe, if he died before hee had put them in minde of Gods commaundements, that then he should die a traitour vnto God: wherefore he began to make a Philosophicall discourse	 me after they haue promised to saue my life, I shall willingly die, and with great courage, hauing their breach of promise and periurie for a comfort of the last victorie.\n                     \n\n                        	DIRECT_ALIGNMENT	HIGH	english-lodge1602-bellum3-unit361	532674	537789	Coarse-unit incipit and adjacent Lodge wording inspected directly against the Cardwell unit opening; the identity is secure. This decision verifies this boundary only.
3	latin-bellum3-num383	8	[383] 6. Multa quidem in hunc modum Josephus, ut a caede propria socios dehortaretur, dicebat. Illi autem obstructis desperatione, qua se jamdudum morti devoverant, auribus concitantur : et alii aliunde cum gladiis accurrentes ignaviam exprobrabant: et quasi eum mox percussurus, quisque adoriebatur. Ille autem cum alium nominatim vocaret, alium vultu ducis intueretur, alterius dexteram prehenderet, alium precibus exoraret, varia mentis affectione	A04680.xml:/TEI[1]/text[1]/group[1]/text[2]/body[1]/div[3]/div[14]/p[3]/hi[1]/text()[1]; UTF16 offset 0; printed book 3, chapter 14; pb 660 (tcp:12923:339)	Ioseph spake much to this effect to disswade his companions from killing themselues. But they stopping their eares with desperation, wherewith they had armed themselues to die, came furiously  towards him with their swor	eene their captaine in their extremitie, with reuerence of his personage trembled, so that their swords fel out of their hands: and many lifting vp their armes to strike him, of their owne accord let their weapons fall. 	DIRECT_ALIGNMENT	HIGH	english-lodge1602-bellum3-unit383	537789	538687	Coarse-unit incipit and adjacent Lodge wording inspected directly against the Cardwell unit opening; the identity is secure. This decision verifies this boundary only.
3	latin-bellum3-num387	8	[387] 7. Josepho autem non defuit in desperatione consilium, sed fretus Dei providentia, salutem in periculum mittit. Et quoniam mori decretum est, inquit, agite, caedes mutuas sortiamur : et cui obtigerit, manu sequentis occumbat, atque ita omnium fortuna perambulet, neque sua se quis dextera feriat : injustum est enim caeteris interemptis, ex aliis quenquam, si poenituerit, salvum esse. Visus vera dicere, et quod persuasit agitur : ut sors cuiq	A04680.xml:/TEI[1]/text[1]/group[1]/text[2]/body[1]/div[3]/div[14]/p[3]/hi[3]/text()[1]; UTF16 offset 0; printed book 3, chapter 14; pb 660 (tcp:12923:339)	Ioseph notwithstanding his desperate estate, yet  was he not voide of counsell, but assisted by Gods prouidence, he hazarded his life, and spake vnto them as followeth. Seeing (quoth he) that ye are all determined to die	 and then perswaded him who was left aliue, to liue and not seeke death, for feare the lot should fall vpon himselfe: and for that if he suruiued, he should be polluted with the murther and slaughter of his owne nation. 	DIRECT_ALIGNMENT	HIGH	english-lodge1602-bellum3-unit387	538687	539782	Coarse-unit incipit and adjacent Lodge wording inspected directly against the Cardwell unit opening; the identity is secure. This decision verifies this boundary only.
3	latin-bellum3-num392	8	[392] 8. Ipse vero hoc modo et Romanorum et domestico bello liberatus, ad Vespasianum per Nicanorem ducebatur. Omnes autem Romani visendi ejus gratia occurrebant : et cum se circa ducem premeret multitudo, varius tumultus erat, his exultantibus, quod captus esset, aliis minitantibus, nonnullis autem propius eum videre certantibus. Et qui longius quidem aberant, hostem interficiendum esse clamabant: qui vero propius erant, facta ejus reputantes, m	A04680.xml:/TEI[1]/text[1]/group[1]/text[2]/body[1]/div[3]/div[14]/p[3]/text()[17]; UTF16 offset 256; printed book 3, chapter 14; pb 660 (tcp:12923:339)	Thus Ioseph deliuered both from the warres of the Romans, and also of his owne nation, went with Nicanor vnto Vespasian. All the Romans came about him to see him, and pressing about their generall they  made a great noys	d any stay or hold in them; wherefore he drew many mens minds to pitie him,  so that Titus vvas the chiefe author of Iosephs life: yet Vespasian caused him to be carefully kept, as though he meant to send him to Caesar. 	DIRECT_ALIGNMENT	HIGH	english-lodge1602-bellum3-unit392	539782	541080	Coarse-unit incipit and adjacent Lodge wording inspected directly against the Cardwell unit opening; the identity is secure. This decision verifies this boundary only.
3	latin-bellum3-num399	8	[399] 9. Quo audito, Josephus aliquid ei soli se dicere velle ait. Summotisque ab illo omnibus aliis praeter filium Titum, ac duos amicos : Tu quidem, inquit, Vespasiane, tantum hoc putas, Josephum te habere captivum: ego autem majorum ad te nuncius venio, praemissus a Deo: alioquin Judaeorum legem sciebam, et quemadmodum duces exercituum mori deceret. Ad Neronem me mittis ? quid ita ? quasi qui Neroni usque ad te successuri sunt, maneant. Tu es 	A04680.xml:/TEI[1]/text[1]/group[1]/text[2]/body[1]/div[3]/div[14]/p[3]/text()[32]; UTF16 offset 1; printed book 3, chapter 14; pb 660 (tcp:12923:339)	Which Ioseph hearing requested that he might speake a vvord or two with him alone, then all but his sonne Titus departing and two of his friends: Thou  O Vespasian (quoth he) thinkest onely that thou hast Ioseph for thy 	re credit vnto that which Ioseph had told him concerning himselfe. So he commaunded Ioseph to be kept prisoner, yet did he  giue him apparell and diuers other things in most kind maner: and Titus did greatly honour him. 	DIRECT_ALIGNMENT	HIGH	english-lodge1602-bellum3-unit399	541080	543117	Coarse-unit incipit and adjacent Lodge wording inspected directly against the Cardwell unit opening; the identity is secure. This decision verifies this boundary only.
3	latin-bellum3-num409	9	[409] CAP. IX. QUARTO autem die mensis Julii Vespasianus in Ptolemaida reversus, inde in loca maritima Caesaream pervenit, Judaeae maximam civitatem, et quae majorem incolarum partem Graecos haberet. Igitur et exercitum et rectorem indigenae omni favore ac benignitate suscipiunt, affectu quidem quo Romanos diligerent, plus autem illorum qui excisi fuerant odio: unde etiam multi simul, ut de Josepho supplicium sumeret, cum clamore precabantur. Ves	A04680.xml:/TEI[1]/text[1]/group[1]/text[2]/body[1]/div[3]/div[14]/p[3]/text()[60]; UTF16 offset 25; printed book 3, chapter 14; pb 661 (tcp:12923:339)	The fourth day of Iuly Vespasian returned vnto Ptolemais, and from thence he came into the Sea coast vnto Caesarea, which is the greatest Citie of Iudaea, whose Inhabitants are for the most part Greekes: so the Inhabitan	nto Scythopolis, because he would not ouercharge Caesarea with the whole armie. This place is warme in winter, and exceeding hot in sommer,  by reason it is situate on a plaine by the sea coast.\n\n                        	DIRECT_ALIGNMENT	HIGH	english-lodge1602-bellum3-unit409	543117	543973	Boundary checked directly against the surrounding Cardwell and Lodge wording.
3	latin-bellum3-num414	9	[414] 2. Dum haec aguntur, collecta non exigua multitudo, qui vel ab hostibus seditione defecerant, vel ex civitatibus eversis effugerant, Joppen sibi receptacula renovant, quam antea vastaverat Cestius. Et quia terra quam vastaverat arcebantur, migrandum in mare censuerunt: ac piraticis navibus fabricatis, in Syriam ac Phaenicen, itemque in AEgyptum commeantes, plurimos latrociniis praedabantur : omnibusque navigiis invium faciebant illarum part	A04680.xml:/TEI[1]/text[1]/group[1]/text[2]/body[1]/div[3]/div[15]/p[1]/seg[1]/text()[1]; UTF16 offset 0; printed book 3, chapter 15; pb 661 (tcp:12923:339)	IN the meane time a great multitude being gathered together, who either were seditious  persons, or theeues, or such as had escaped out of the ruinated Cities, began to reedifie  Ioppe for their refuge, which Cestius, be	time: which the Inhabitants perceiuing were so afraid, that they durst not make any resistance to expel the Romans, but they al retired thēselues vnto their ships, & there staied all night a flight shot from the shore. 	DIRECT_ALIGNMENT	HIGH	english-lodge1602-bellum3-unit414	543973	544867	Coarse-unit incipit and adjacent Lodge wording inspected directly against the Cardwell unit opening; the identity is secure. This decision verifies this boundary only.
3	latin-bellum3-num419	9	[419] 3. Cum vero Joppe natura esset importuosa (namque in asperum caeteraque arduum littus desinit ac summis utrinque cornibus leviter incurvum, quae vaste supersunt, et ingentibus procellis pelagus turbant : ubi etiam nunc Andromedae catenarum signis extantibus, fabulae veteris fides ostenditur: adversus autem Aquilo feriens littora, summos in objectas cautes fluctus affligit, solitudineque in tutiorem efficit stationem) in eo salo fluctuantibu	A04680.xml:/TEI[1]/text[1]/group[1]/text[2]/body[1]/div[3]/div[15]/p[1]/text()[9]; UTF16 offset 80; printed book 3, chapter 15; pb 661 (tcp:12923:339)	Ioppe is naturally no road for ships (for it is situated vpon a turbulent shore) and on either side hath verie high and eminent rockes, which trouble the seas, and make huge waues in this place (if wee may beleeue the fa	 to shoare,  the Roman souldiers there readie standing killed them. There were foure thousand and two hundreth dead bodies cast vpon the shoare. So the Romans hauing without any fight taken the Citie, they destroyed it: 	DIRECT_ALIGNMENT	HIGH	english-lodge1602-bellum3-unit419	544867	546538	Coarse-unit incipit and adjacent Lodge wording inspected directly against the Cardwell unit opening; the identity is secure. This decision verifies this boundary only.
3	latin-bellum3-num428	9	[428] 4. Joppe quidem hoc modo brevi tempore bis a Romanis excisa est. Vespasianus autem, ne rursus eo piratae confluerent, castris in arce munitis, ibi cum peditibus paucis equitatum reliquit: ut hi quidem locis suis manentes, eadem castra defenderent: equites vero omne circum territorium peragrantes ad fines Joppes, vicos et oppidula simul exurerent. Illi igitur praeceptis obedientes, in dies singulos incursando, excindebant totas regiones atqu	A04680.xml:/TEI[1]/text[1]/group[1]/text[2]/body[1]/div[3]/div[15]/p[1]/text()[17]; UTF16 offset 24; printed book 3, chapter 15; pb 661 (tcp:12923:339)	and thus was Ioppe taken, and twise destroyed by the Romanes in a short time. Vespasian builded there a Castle, and placed in it some few horsemen and footemen, to the  end that none of the Iewes should come thither agai	ne to play the Pyrates, and that the footemen might keepe the Castle, and in the meane time the horsemen might goe foorth, and spoyle all the townes and villages, and territories belonging to Ioppe, which also they did. 	DIRECT_ALIGNMENT	HIGH	english-lodge1602-bellum3-unit428	546538	546978	Coarse-unit incipit and adjacent Lodge wording inspected directly against the Cardwell unit opening; the identity is secure. This decision verifies this boundary only.
3	latin-bellum3-num432	9	[432] 5. Ubi vero Jotapatae apud Hierosolymam casus nunciatus est, primo quidem plurimi et pro magnitudine calamitatis, et quod nemo qui se vidisse diceret quae jactabantur, advenerat, non credebant. nec enim vel nuncius aliquis superfuerat, sed ipsa per se fama excidium praedicabat, velox nuncia tristium : paulatimque per finitimos veritas ambulabat, et apud omnes ambiguitate certior habebatur. quinetiam rebus gestis plura quae facta non erant a	A04680.xml:/TEI[1]/text[1]/group[1]/text[2]/body[1]/div[3]/div[15]/p[1]/text()[20]; UTF16 offset 178; printed book 3, chapter 15; pb 661 (tcp:12923:339)	When the  \n                         newes of the destruction of Iotapata was brought vnto Ierusalem, many gaue small credite vnto it, partly for the greatnesse of that calamitie, partly for that no one man could say, tha	ir brethren and kinsfolke, and others of their acquaintance. They all mourned for Ioseph thirtie dayes spa\n                           •…\n                        , and hired many musicians to sing funerall songs for him. 	DIRECT_ALIGNMENT	HIGH	english-lodge1602-bellum3-unit432	546978	548058	Boundary checked directly against the surrounding Cardwell and Lodge wording.
3	latin-bellum3-num438	9	[438] 6. Tempore autem veritate revelata, ut de Jotapata quidem ubi res habebat, fictum vero quod de Josephi morte vulgabatur, eumque vivere et cum Romanis esse compertum est, ac supra captivi fortunam a ducibus honorari, tantam in eum vivum iracundiam, quantam prius cum mortuum crederent benevolentiam, conceperunt. Et ab aliis quidem ignaviae, apud alios proditionis arguebatur : totaque in eum civitas plena erat indignatione atque convitiis. Ult	A04680.xml:/TEI[1]/text[1]/group[1]/text[2]/body[1]/div[3]/div[15]/p[1]/text()[32]; UTF16 offset 59; printed book 3, chapter 15; pb 662 (tcp:12923:340)	At last truth discouered it selfe, and the true newes of the destruction of Iotapata with the accidents there: also how Ioseph was not slaine but liued with the Romans, and that the Romans honored him more then a captiue	w they were more incensed against the Romans then before, as it were that they might also be reuenged of Ioseph. And this was the estate of the Citizens of Ierusalem.\n\n                        \n                           	DIRECT_ALIGNMENT	HIGH	english-lodge1602-bellum3-unit438	548058	549038	Coarse-unit incipit and adjacent Lodge wording inspected directly against the Cardwell unit opening; the identity is secure. This decision verifies this boundary only.
3	latin-bellum3-num443	9	[443] 7. Vespasianus autem studio visendi regnum Agrippae (nam et ipse rex invitabat, rectorem cum exercitu simul paratus accipere domesticis divitiis, ac per eos aegras partes regni compescere) motis ex Caesarea maritima castris, in eam quae Philippi dicitur Caesaream demigravit : ibique per dies xx. milite recreato, ipse quoque rerum gestarum gratias Deo referens in epulis erat. Postquam vero Tiberiada quidem novas res cupere, ac deficere Taric	A04680.xml:/TEI[1]/text[1]/group[1]/text[2]/body[1]/div[3]/div[16]/p[1]/hi[1]/seg[1]/text()[1]; UTF16 offset 0; printed book 3, chapter 16; pb 662 (tcp:12923:340)	VEspasian was desirous to see the kingdome of Agrippa (for the King had intreated him  to goe thither, partly to feast him and his whole army, partly to represse some troubles arising in his kingdome, in the time of his 	on foote accompanied onely with fiue other, leauing his horse and the rest behind him, whom Iesus and his followers tooke, and brought into the Citie, reioycing as though they had taken them in fight and not by treason. 	DIRECT_ALIGNMENT	HIGH	english-lodge1602-bellum3-unit443	549038	551521	Coarse-unit incipit and adjacent Lodge wording inspected directly against the Cardwell unit opening; the identity is secure. This decision verifies this boundary only.
3	latin-bellum3-num453	9	[453] 8. Id autem veriti seniores, et qui eminere in populo videbantur, in Romanorum castra profugiunt : adhibitoque sibi rege, ad Vespasiani genua suppliciter accidunt, ne se despiceret obsecrantes: neve quae paucorum esset, totius esse civitatis insaniam existimaret : sed populo parceret, qui semper amica Romanis sentiret: magisque ultum iret defectionis autores, a quibus ipsi olim ad foedus venire properantes, nunc usque ne id facerent asserva	A04680.xml:/TEI[1]/text[1]/group[1]/text[2]/body[1]/div[3]/div[16]/p[1]/text()[27]; UTF16 offset 123; printed book 3, chapter 16; pb 662 (tcp:12923:340)	But the Senators and chiefe of the Citie, fearing what might ensue of this  fact, went vnto the Romans and together with king Agrippa came vnto Vespasian, and prostrated themselues at his feete, beseeching him not to des	r ruine the wals, for Agrippaes sake, who promised that from thencefoorth the Citizens would bee quiet. And so hee pacified that Citie greatly troubled with sedition.\n\n                        \n                           	DIRECT_ALIGNMENT	HIGH	english-lodge1602-bellum3-unit453	551521	553404	Boundary checked directly against the surrounding Cardwell and Lodge wording.
3	latin-bellum3-num462	10	[462] CAP. X. DEINDE ab ea digressus, inter ipsam et Taricheas castra posuit, muroque firmavit, belli sibi moras illic fore prospiciens : quod omnis turbarum cupiens multitudo ad Taricheas conflueret, munitione confisa civitatis, et lacu qui Genesar ab indigenis appellatur. Etenim civitatem ita ut Tiberias sub monte positam, qua lacu non alluebatur undique muro validissimo, sed minore tamen quam Tiberiada, Josephus cinxerat. nam illam quidem in p	A04680.xml:/TEI[1]/text[1]/group[1]/text[2]/body[1]/div[3]/div[17]/p[1]/hi[1]/seg[1]/text()[1]; UTF16 offset 0; printed book 3, chapter 17; pb 663 (tcp:12923:340)	VEspasian departed from Tiberias, and pitched his Tents betwixt it and Tarichea, and encamped  \n                         himselfe; foreseeing that there he should haue some trouble and long abode: for all rebels that des	nst the Romans who were on shoare. Vespasian vnderstoode that a great multitude of them were gathered togither in a place neere vnto the citie: wherefore he sent his sonne Titus against them with sixe hundreth horsemen, 	DIRECT_ALIGNMENT	HIGH	english-lodge1602-bellum3-unit462	553404	555217	Boundary checked directly against the surrounding Cardwell and Lodge wording.
3	latin-bellum3-num471	10	[471] 2. Qui cum infinitum hostium numerum reperisset, patri quidem majoribus auxiliis opus esse mandavit. Ipse vero equitum plerosque, etiam priusquam subsidia venirent, alacres esse videns, cum nonnulli eorum multitudinem Judaeorum formidarent, unde exaudiri posset constitit : et, o Romani, ait, pulchrum est namque in principio sermonis admonere vos generis vestri, ut qui cum quibus pugnaturi simus sciatis : nostras enim manus nemo unquam toto 	A04680.xml:/TEI[1]/text[1]/group[1]/text[2]/body[1]/div[3]/div[17]/p[1]/text()[17]; UTF16 offset 43; printed book 3, chapter 17; pb 663 (tcp:12923:340)	who finding the number of the enemies to be infinite, certified his Father, that he needed more forces:  and perceiuing many of his horsemen of good courage, before any more ayde came, and yet that some of them were a fr	t God will assist my force, and boldly presume  that we can doe much more being in the midst of our enemies, then if wee should onely fight without and not be amongst them.\n                     \n\n                        	DIRECT_ALIGNMENT	HIGH	english-lodge1602-bellum3-unit471	555217	559058	Coarse-unit incipit and adjacent Lodge wording inspected directly against the Cardwell unit opening; the identity is secure. This decision verifies this boundary only.
3	latin-bellum3-num485	10	[485] 3. Postquam Titus haec prosecutus est, divina quaedam alacritas militibus incidit. Et quia Trajanum advenire cum cccc. equitibus ante praelium contigit, aegre ferebant, tanquam minueretur victoria societate. Misit autem Vespasianus et Antonium Silonem cum duobus millibus sagittariorum : ut occupato monte, qui ex adverso erat oppido, murorum propugnatores repellerent. Et ab illis quidem ita ut praeceptum fuerat, circumventi sunt, ex ea parte	A04680.xml:/TEI[1]/text[1]/group[1]/text[2]/body[1]/div[3]/div[17]/p[2]/hi[1]/text()[1]; UTF16 offset 0; printed book 3, chapter 17; pb 664 (tcp:12923:341)	Titus hauing thus spoken, as it were by Gods prouidence, al his soldiers tooke heart and courage, so that now they were sorie to see Traianus come with foure hundreth horsemen more, before the fight was begun, as though 	se he ouertooke, and many one for haste tumbling vpon another; and preuented all that fled vnto the wals, and draue them backe againe into the field, till at last the multitude preuailed, and so they got into the citie. 	DIRECT_ALIGNMENT	HIGH	english-lodge1602-bellum3-unit485	559058	560335	Coarse-unit incipit and adjacent Lodge wording inspected directly against the Cardwell unit opening; the identity is secure. This decision verifies this boundary only.
3	latin-bellum3-num492	10	[492] 4. Excipit autem illos acerba dissensio. namque indigenis, et fortunarum suarum, et civitatis gratia, et ab initio bellum gestum, maximeque quod male pugnatum fuerat, non placebat. sed populus advenarum qui plurimus esset vim adhibebat, et inter se discordantium clamor erat, veluti jam arma caperent. Quibus auditis, nec enim procul a muris aberat, Titus exclamat : Hoc tempus est, quid moramur commilitones ? Deo nobis dedente Judaeos suscipi	A04680.xml:/TEI[1]/text[1]/group[1]/text[2]/body[1]/div[3]/div[17]/p[2]/text()[15]; UTF16 offset 48; printed book 3, chapter 17; pb 664 (tcp:12923:341)	Now at their returne into the citie there befell a great dissension: for the inhabitants considering their owne estate, and the euent of all former wars, and especially of this last fight, misliked of war & desired peace	necessitie will soone effect, but also our owne forces before any fresh ayde come vnto vs, that beside the victorie we haue, being so fewe ouer so huge a multitude, we may also deuide the spoile of the citie amongst vs. 	DIRECT_ALIGNMENT	HIGH	english-lodge1602-bellum3-unit492	560335	561568	Boundary checked directly against the surrounding Cardwell and Lodge wording.
3	latin-bellum3-num497	10	[497] 5. Simul his dictis conscendit equum, atque ad lacum decurrit, et per eum propere civitatem ingreditur: quem caeteri consecuti sunt. pavor autem ejus audaciae murorum defensores invasit, et pugnare quidem, vel prohibere venientem, nemo sustinuit. relictis autem excubiis, Jesus quidem cum sociis in agros effugit : alii vero decurrentes ad lacum, in manus hostium contra venientium incidebant. mactabantur autem alii cum scaphas scanderent, ite	A04680.xml:/TEI[1]/text[1]/group[1]/text[2]/body[1]/div[3]/div[17]/p[2]/text()[20]; UTF16 offset 0; printed book 3, chapter 17; pb 664 (tcp:12923:341)	No sooner had he thus spoken, but presently he mounted vpon his horse, and rode into the lake, and so passed into the citie, and all the souldiers followed him.  They th\n                           •…\n                    	ng slaine the wicked, tooke compassion vpon the townsmen and saued their liues, and caused the slaughter to cease. They who fled into the lake seeing the Citie taken, ran away as farre as they  could from their enemies. 	DIRECT_ALIGNMENT	HIGH	english-lodge1602-bellum3-unit497	561568	562760	Coarse-unit incipit and adjacent Lodge wording inspected directly against the Cardwell unit opening; the identity is secure. This decision verifies this boundary only.
3	latin-bellum3-num503	10	[503] 6. Titus vero missis equitibus res gestas patri nunciat. Quibus ille compertis, quod necesse fuit, et filii virtute admodum laetus, et facinoris claritudine (maxima enim belli pars videbatur exempta) tum quidem statim circundari civitatem custodibus jussit, ne quis ex ea subterfugeret, caedemque evaderet. postero autem die cum descendisset ad lacum, rates adversus illos qui eo refugerant, fabricari jussit. quae tam materiarum quam artificum	A04680.xml:/TEI[1]/text[1]/group[1]/text[2]/body[1]/div[3]/div[17]/p[2]/hi[10]/text()[1]; UTF16 offset 0; printed book 3, chapter 17; pb 664 (tcp:12923:341)	Titus sent horsemen to let his father vnderstand what hee had  done. Whereof hee hauing intelligence, being verie glad for his sonnes valour and magnanimitie, and for the achieuing of such a victorie, whereby a great par	s to bee built to pursue those that had escaped by it: and hauing\n\nmany workemen and great store of matter to builde them withall, his commaund was presently  \n                         effected.\n\n                        	DIRECT_ALIGNMENT	HIGH	english-lodge1602-bellum3-unit503	562760	563407	Coarse-unit incipit and adjacent Lodge wording inspected directly against the Cardwell unit opening; the identity is secure. This decision verifies this boundary only.
3	latin-bellum3-num506	10	[506] 7. Lacus autem Genesar quidem a terra continente appellatur : xl. vero stadiis in latitudine patens, centumque in longitudine aquae dulcis est atque potabilis. Palustri enim crassitudine tenuiores habet latices : et undique in littora ac arenas desinens, purus est, ac praeter hoc temperatus ad hauriendum. et fluvio quidem sive fonte lenior est. semper autem frigidior, quam lacus diffusio patitur, manet: aestivisque noctibus ejus aquae sub d	A04680.xml:/TEI[1]/text[1]/group[1]/text[2]/body[1]/div[3]/div[18]/p[1]/seg[1]/text()[1]; UTF16 offset 0; printed book 3, chapter 18; pb 665 (tcp:12923:341)	THe lake of Genezar taketh his name from the countrey adioyning vnto it, the bredth thereof is fortie furlongs, the length a hundreth. The water of this lake is sweet and good to drinke, and is more subtill then ordinari	itis, and from thence  a hundreth & twentie furlongs vnto the citie of Iulia, and in the way deuideth the lake Genezar, & passing a great way further into the wildernes, at last it endeth in the lake called Asphaltites. 	DIRECT_ALIGNMENT	HIGH	english-lodge1602-bellum3-unit506	563407	565346	Coarse-unit incipit and adjacent Lodge wording inspected directly against the Cardwell unit opening; the identity is secure. This decision verifies this boundary only.
3	latin-bellum3-num516	10	[516] 8. Ad Genesar vero lacum ejusdem nominis terra praetenditur, natura simul et pulchritudine admirabilis. Nullum enim ipsa pro ubertate sui negat arbustum, totamque plantis consevere cultores. caeli vero temperies etiam diversis aptissima est. nuces enim, quae arborum maxime frigoribus gaudent, infinitae florescunt: ubi etiam palmae, quas nutrit calor aestivus : has juxta ficus et oleae, quibus aura mollior destinata est : ut naturae magnific	A04680.xml:/TEI[1]/text[1]/group[1]/text[2]/body[1]/div[3]/div[18]/p[1]/text()[12]; UTF16 offset 198; printed book 3, chapter 18; pb 665 (tcp:12923:341)	Vpon the lake Genezar there bordereth a countrey of the same name, naturally beautifull and admirable: for there is no kind of plant which groweth not there, and the inhabitants haue replenished it with plants and trees 	is countrey along the lake bearing the same name, is thirtie furlongs, and the breadth twentie. And this is the nature of the lake Genezar, and the countrey about it.\n\n                        \n                           	DIRECT_ALIGNMENT	HIGH	english-lodge1602-bellum3-unit516	565346	566760	Coarse-unit incipit and adjacent Lodge wording inspected directly against the Cardwell unit opening; the identity is secure. This decision verifies this boundary only.
3	latin-bellum3-num522	10	[522] 9. Vespasianus autem perfectis ratibus, imposita manu militum, quanta in eos qui lacu effugerant satis esset, una provehitur. Illi autem neque compulsi ad terram evadendi facultatem habebant, infestis omnibus, neque navali bello pari conditione pugnandi. nam et scaphae parvae, atque piraticae adversus rates infirmae erant: et cum pauci singulis veherentur, cunctis simul instantibus Romanis appropinquare metuebant. Verumtamen circum rates na	A04680.xml:/TEI[1]/text[1]/group[1]/text[2]/body[1]/div[3]/div[19]/p[1]/hi[1]/seg[1]/text()[1]; UTF16 offset 0; printed book 3, chapter 19; pb 665 (tcp:12923:341)	VEspasian hauing finished his ships, & furnished them with as many men as he thought sufficed against them whom he was to pursue, he embarked vpon the lake, and himselfe also went against them. The Taricheans could not p	 a miserable affliction, but also the Romans who were the authors thereof. And this was the end of that warre by water. And the number  of them that were slaine here and in the citie was sixe thousand and fiue hundreth. 	DIRECT_ALIGNMENT	HIGH	english-lodge1602-bellum3-unit522	566760	569213	Coarse-unit incipit and adjacent Lodge wording inspected directly against the Cardwell unit opening; the identity is secure. This decision verifies this boundary only.
3	latin-bellum3-num532	10	[532] 10. At Vespasianus, pugna peracta, pro tribunali apud Tarichaeas residens, advenam populum ab indigenis secernebat, qui autor belli extitisse videbatur : et an hi quoque servandi essent, cum rectoribus deliberabat. his autem affirmantibus eorum liberationem detrimento futuram (nec enim demissos quiescere posse homines, qui et patriis carerent, vimque adhibere ac bellum inferre possent ad quos confugissent) Vespasianus salute quidem indignos	A04680.xml:/TEI[1]/text[1]/group[1]/text[2]/body[1]/div[3]/div[19]/p[1]/text()[15]; UTF16 offset 85; printed book 3, chapter 19; pb 666 (tcp:12923:342)	The fight being ended, Vespasian sate in a tribunall seat, and separated the straungers from the inhabitants, for that they seemed to bee the authors of that warre: yet hee deliberated with the captains & gouernours, whe	fugitiues and seditious persons of Trachon, Gaulanitis, and Hippenis, and many of Gadara, whose contempt of peace iustly procured these warres. They were taken the sixt of the Ides of September.\n\n                        	DIRECT_ALIGNMENT	HIGH	english-lodge1602-bellum3-unit532	569213	571549	Coarse-unit incipit and adjacent Lodge wording inspected directly against the Cardwell unit opening; the identity is secure. This decision verifies this boundary only.
4	latin-bellum4-num1	1	[1] CAP. I. QUICUNQUE autem Galilaeorum Jotapatis excisis Romanis defecerant, hi se ad eos postquam Taricheatae superati sunt, applicabant : omniaque Romani castella et civitates ceperant, praeter Gischalam, et qui montem Itaburium occuparant. Cum his autem rebellarat Gamala civitas, contra Tarichaeas posita supra lacum, quae ad fines pertinebat Agrippae, itemque Sogane et Seleucia. Et hae quidem Gaulanitidis regionis erant ' ambae, Sogane superi	A04680.xml:/TEI[1]/text[1]/group[1]/text[2]/body[1]/div[4]/div[1]/p[1]/seg[1]/text()[1]; UTF16 offset 0; printed book 4, chapter 1; pb 667 (tcp:12923:342)	AFter that Tarichea was conquered, all those that from the time that Iotapata was surprised til this instant, had reuolted from the Romans, did now againe  vnite themselues vnto them: so that the Romans had now gotten in	th hill serued the Inhabitants in steed of a Castle, being vnwalled: for it was an exceeding high rocke, and reached downe euen vnto the bottome of the valley in the towne, and at the wals thereof there was a fountaine. 	DIRECT_ALIGNMENT	HIGH	english-lodge1602-bellum4-unit1	571549	573751	Boundary checked directly against the surrounding Cardwell and Lodge wording.
4	latin-bellum4-num9	1	[9] 2. Quamvis autem natura inexpugnabilis esset civitas, tamen etiam Josephus cum murorum eam ambitu cingeret, fossis et cuniculis reddidit firmiorem. Ejus autem habitatores, natura quidem loci confidentiores erant, quam Jotapateni : sed multo pauciores, minusque pugnaces: situsque freti difficultate, plures se hostibus putabant. nam plena erat civitas, multis in eam, quod esset tutissima, confugientibus. Unde ab Agrippa quoque praemissis ad obs	A04680.xml:/TEI[1]/text[1]/group[1]/text[2]/body[1]/div[4]/div[1]/p[1]/text()[14]; UTF16 offset 426; printed book 4, chapter 1; pb 667 (tcp:12923:342)	Although this Citie were of his owne nature inuincible, yet Ioseph compassing it with a wall, and with ditches, and mines made it more strong. Wherefore the Inhabitants of this place put farre more confidence in their wa	steemed themselues more then their enemies: for the Citie was full of men that fled thither by reason of the strength of the place: so that for seuen moneths they resisted them that were sent by Agrippa to besiege them. 	DIRECT_ALIGNMENT	HIGH	english-lodge1602-bellum4-unit9	573751	574331	Coarse-unit incipit and adjacent Lodge wording inspected directly against the Cardwell unit opening; the identity is secure. This decision verifies this boundary only.
4	latin-bellum4-num11	1	[11] 3. Vespasianus autem profectus ex Ammaunte, ubi pro Tiberiade posuerat castra (Ammaus autem, si quis nomen interpretetur, aquae calidae vocantur ; ibi enim ejusmodi fons est, sanandis Qorporum vitiis idoneus) Gamalam pervenit. et totam quidem civitatem, ita ut diximus positam, custodia circumvallare nequibat. qua vero fieri posset, excubias collocavit : montemque occupabat superiorem : in quo milites castris, ita ut assolet, muro circundatis	A04680.xml:/TEI[1]/text[1]/group[1]/text[2]/body[1]/div[4]/div[1]/p[1]/hi[4]/text()[1]; UTF16 offset 0; printed book 4, chapter 1; pb 667 (tcp:12923:342)	Vespasian departed from Ammaus, and pitched his Tents before Tyberias, and so went vnto Gamala, (Ammaus is interpreted hot waters, for there is a fountaine  of hot water which cureth many diseases) and the Citie was so s	, perswading themselues that they would vse strangers and their enemies hardly, if it lay in their lot, seeing they had so euill entreated one of their owne nation, for perswading them vnto that was profitable for them.\n	DIRECT_ALIGNMENT	HIGH	english-lodge1602-bellum4-unit11	574331	575682	Coarse-unit incipit and adjacent Lodge wording inspected directly against the Cardwell unit opening; the identity is secure. This decision verifies this boundary only.
4	latin-bellum4-num17	1	[17] 4. Aggeribus autem manus multitudine, operisque consuetudine cito perfectis, machinas applicabant. Chares autem et Josephus (namque ipsi erant oppidanorum potentissimi) armatos licet metu perculsos ordinavere : et quanquam non diu obsidionem posse sustinere arbitrabantur, quibus aqua itemque alia usui necessaria non sufficerent, adhortati tamen eos ad moenia produxerunt. Et paulisper quidem machinis advenientibus repugnarunt. balistis autem 	A04680.xml:/TEI[1]/text[1]/group[1]/text[2]/body[1]/div[4]/div[1]/p[2]/text()[1]; UTF16 offset 0; printed book 4, chapter 1; pb 667 (tcp:12923:342)	Hauing quickly intrenched themselues by reason of the multitude that laboured in that businesse, and by reason that they were accustomed vnto such like worke, they began to place the engine against the towne wals. Chares	 from off the houses being readie to fall, and those that sought to flie, could not easily escape, for being ignorant of the wayes, and there being such a dust that one could not see another, one of them killed another: 	DIRECT_ALIGNMENT	HIGH	english-lodge1602-bellum4-unit17	575682	578491	Boundary checked directly against the surrounding Cardwell and Lodge wording.
4	latin-bellum4-num30	1	[30] 5. Sed illi quidem vix reperto exitu, ab oppido recesserunt. Vespasianus autem, qui laborantibus semper interfuit, saevissimo dolore perculsus, cum super militem ruere civitatem videret, propriae tuitionis oblitus, clam paulatim superiore in oppido locum prehendit: ibique inter media pericula cum paucis omnino relinquitur. nec enim aderat tunc ei filius Titus, ad Mutianum pridem in Syriam missus. Et dare qui dem terga, neque tutum neque hone	A04680.xml:/TEI[1]/text[1]/group[1]/text[2]/body[1]/div[4]/div[1]/p[2]/text()[20]; UTF16 offset 197; printed book 4, chapter 1; pb 668 (tcp:12923:343)	And so with much adoe finding passage, they went out of the Citie. Vespasian who was alway amongst  \n                         the middest of these hurlyburlyes, was greatly moued to see the buildings fall so vpon his fou	eople of that house talke, what the Citizens of Gamala were purposed to doe against the Romans (this Gallus and they with him were Syrians) and in the night time he slew them all, and after escaped safe vnto the Romans. 	DIRECT_ALIGNMENT	HIGH	english-lodge1602-bellum4-unit30	578491	580256	Boundary checked directly against the surrounding Cardwell and Lodge wording.
4	latin-bellum4-num39	1	[39] 6. Vespasianus autem moerore exercitum adversis casibus videns, quodque nullam interim tantam experti fuerant cladem, hujusque rei magis eos pudere, quod solum ducem in periculis reliquissent, consolandos putabat, de se quidem nihil dicens, ne quem vel initio culpasse videretur ; oportere autem inquiens, quae communia essent fortiter ferre, naturam belli cogitantes, quodque nusquam eveniat sine cruore victoria, iterumque habeat fortuna regre	A04680.xml:/TEI[1]/text[1]/group[1]/text[2]/body[1]/div[4]/div[1]/p[3]/hi[4]/text()[1]; UTF16 offset 0; printed book 4, chapter 1; pb 668 (tcp:12923:343)	Vespasian \n                         perceiued all his armie sorrowfull for that mischance, and so much the more, for that they neuer as yet had so bad a breakfast, and especially for that they had forsaken their generall	 both reuenge the deaths of our friends, and be reuenged of them by whom they were slaine: and I my selfe (as also now I did) will expose my selfe to all dangers with you, and go first to fight, and come last from fight.	DIRECT_ALIGNMENT	HIGH	english-lodge1602-bellum4-unit39	580256	582771	Coarse-unit incipit and adjacent Lodge wording inspected directly against the Cardwell unit opening; the identity is secure. This decision verifies this boundary only.
4	latin-bellum4-num49	1	[49] 7. Ille quidem his dictis recreavit exercitum. At Gamalenses bene gesta re, paulisper animos erexere, quae nulla ratione, magna magnificeque provenerat. mox autem reputantes ablatam sibi esse foederis spem, quodque minime possent effugere (jam enim victus eos defecerat) vehementer dolebant, animosque remiserant. Nec tamen quatenus valebant, salutem suam negligebant : sed tam disturbatas partes muri, qui erant fortissimi, quam integras, caete	A04680.xml:/TEI[1]/text[1]/group[1]/text[2]/body[1]/div[4]/div[1]/p[3]/text()[10]; UTF16 offset 0; printed book 4, chapter 1; pb 669 (tcp:12923:343)	With these and such like speeches he comforted his souldiers.\nThe people of Gamala were of great courage, and much emboldened with their prosperous successe, which notwithstanding did not happen through their valour: but	llies where no guard was, and by secret vaults vnderneath the ground; and they who for feare least they should be taken remained in the Citie perished for hunger: for all the victuals were reserued for them that fought. 	DIRECT_ALIGNMENT	HIGH	english-lodge1602-bellum4-unit49	582771	583714	Coarse-unit incipit and adjacent Lodge wording inspected directly against the Cardwell unit opening; the identity is secure. This decision verifies this boundary only.
4	latin-bellum4-num54	1	[54] 8. Sed illi quidem in hujusmodi calamitatibus perdurabant. Vespasianus autem inter curas obsidionis succisivum opus aggreditur adversus eos, qui montem Itaburium occupaverant, inter campum magnum et Scytopolim situm. cujus altitudo quidem xxx. stadiis consurgens, Septentrionali tractu inaccessa est. in vertice autem, xx. stadiorum planicies patet, tota muro circundata. Hunc autem tantum ambitum quadraginta diebus aedificaverat Josephus, et a	A04680.xml:/TEI[1]/text[1]/group[1]/text[2]/body[1]/div[4]/div[1]/p[4]/text()[5]; UTF16 offset 230; printed book 4, chapter 1; pb 669 (tcp:12923:343)	And they still continued in this calamitie.\n\n                        DVring this siege, Vespasian made another expedition against them, who kept the mountaine Itaburium, scituated betweene the great field and Scythopolis	itude from ascending the mountaine: so the rest left Itaburium, and fled vnto Ierusalem, and the inhabitants (now water failing them) yeelded vnto Placidus, and deliuered the mountaine vnto him.\n\n                        	DIRECT_ALIGNMENT	HIGH	english-lodge1602-bellum4-unit54	583714	585322	Coarse-unit incipit and adjacent Lodge wording inspected directly against the Cardwell unit opening; the identity is secure. This decision verifies this boundary only.
4	latin-bellum4-num62	1	[62] 9. Apud Gamalam vero degentium audacissimi quique fuga dispersi latebant, inbelles autem fame corrumpebantur. At vero pugnantium manus obsidionem sustinebat, donec evenit secundo et vigesimo die mensis Octobris, ut tres ex decimaquinta legione milites circa matutinas vigilias editissimam prae caeteris turrim, quae in sua parte fuerat, subirent, eamque occulte suffoderent : cum appositi ei custodes neque adeuntes eos (nox enim erat) nec postq	A04680.xml:/TEI[1]/text[1]/group[1]/text[2]/body[1]/div[4]/div[3]/p[1]/seg[1]/text()[1]; UTF16 offset 0; printed book 4, chapter 3; pb 669 (tcp:12923:343)	NOw the most presumptuous amongst the Gamalians fled and hid themselues, & the weaker sort did perish through famine: yet the most couragious that were left amongst thē, defended the wall till the seuen and twentith day	sing his disease, and helping to\n\nshorten his life. The Romans, remembring the bad successe at the last assault, did not enter the  \n                         Citie till the three and twentith day of the foresaid moneth.\n	DIRECT_ALIGNMENT	HIGH	english-lodge1602-bellum4-unit62	585322	586723	Coarse-unit incipit and adjacent Lodge wording inspected directly against the Cardwell unit opening; the identity is secure. This decision verifies this boundary only.
4	latin-bellum4-num70	1	[70] 10. Titus autem (jam enim aderat) indignatione vulneris, quod Romanos se absente perculerat, ducentis equitibus praeter pedites lectis, otiose in civitatem introivit. eoque praetergresso, vigiles quidem ubi senserunt, ad arma cum clamore properabant. cognito autem intus constituti ejus in gressu, alii raptis liberis, trahentes etiam conjuges, cum ululatu et exclamationibus in arcem refugiebant : alii Tito occurrentes, sine intermissione truc	A04680.xml:/TEI[1]/text[1]/group[1]/text[2]/body[1]/div[4]/div[3]/p[2]/text()[1]; UTF16 offset 0; printed book 4, chapter 3; pb 670 (tcp:12923:344)	Then Titus as it were vexed at the misfortune of the Romans in his absence, accompanied with two hundreth horsemen and certaine chosen footmen, entred the Citie no man resisting him, and he being passed into the same, th	elues: for they spared not infants, but many tooke them and cast them downe from the castle. And thus was Gamala destroied the 23. day of October, which began to rebell the 21. day of September.\n\n                        	DIRECT_ALIGNMENT	HIGH	english-lodge1602-bellum4-unit70	586723	589350	Coarse-unit incipit and adjacent Lodge wording inspected directly against the Cardwell unit opening; the identity is secure. This decision verifies this boundary only.
4	latin-bellum4-num84	2	[84] CAP. II. JAMQUE solum Gischala oppidulum Galilaeae restabat indomitum: cujus multitudo pacis studio tenebatur, quod erant plerique agricolae, spemque suam semper in fructibus collocaverant. non parvae autem manus latrocinalis permixtione corrupti erant, quo morbo etiam nonnulli civium laborabant. Hos autem ad defectionem impellebat atque conflabat Leviae cujusdam filius, nomine Joannes, homo veneficus et fallax, variusque moribus, et immoder	A04680.xml:/TEI[1]/text[1]/group[1]/text[2]/body[1]/div[4]/div[4]/p[1]/seg[1]/text()[1]; UTF16 offset 0; printed book 4, chapter 4; pb 670 (tcp:12923:344)	NOw all the Cities and strong places of Galilee were taken, Giscala onely excepted: the inhabitants whereof desired peace, for that they were husbandmen, and their riches  consisted in the fruits of the earth; but there 	 all, yet had been scarcely to be conquered: and therefore he thought it necessarie to comfort his souldiers before the fight, like champions who ought to enter the field and fight couragiously.\n\n                        	DIRECT_ALIGNMENT	HIGH	english-lodge1602-bellum4-unit84	589350	591315	Boundary checked directly against the surrounding Cardwell and Lodge wording.
4	latin-bellum4-num92	2	[92] 2. Tito autem civitas Gischala (equitando enim ad eam accesserat) aggressione capi facilis videbatur : sciens tamen quod ea vi capta, passim a militibus populus absumeretur (namque satiatus erat ipse jam caedibus) miserans multitudinem etiam ipse sine ullo discrimine cum nocentibus intereuntem, pactione magis subigere civitatem volebat. Itaque plenis hominum muris, quorum plerique perditae factionis erant, mirari se ait, quonam freti consili	A04680.xml:/TEI[1]/text[1]/group[1]/text[2]/body[1]/div[4]/div[4]/p[2]/hi[1]/text()[1]; UTF16 offset 0; printed book 4, chapter 4; pb 670 (tcp:12923:344)	Titus (comming on horseback vnto Giscala) perceiued that it might easily be taken, yet knowing  that if it were taken by force, all the people should be destroyed by the Romans (and now he was wearie of bloudshed) he com	wals were but a mockery, and no waies able to resist the  Romane engines: where contrariwise if they yeelded themselues and trusted vnto the fidelitie of the Romans, they should be the most happie people of all Galilee. 	DIRECT_ALIGNMENT	HIGH	english-lodge1602-bellum4-unit92	591315	592838	Coarse-unit incipit and adjacent Lodge wording inspected directly against the Cardwell unit opening; the identity is secure. This decision verifies this boundary only.
4	latin-bellum4-num97	2	[97] 3. His dictis popularium quidem neminem non modo respondere, sed ne ad murum quidem licuit ascendere : quia totum latrones occupaverant: et custodes erant portis appositi, ne quis vel ad foedus prodiret, vel equitum quenquam in civitatem reciperet. Joannes autem accipere se conditiones ait, et aut persuasarum, aut necessitatem belli renitentibus adhibiturum. Illum tamen diem Judaeorum legi oportere concedi. quoniam sicut arma movere, ita eti	A04680.xml:/TEI[1]/text[1]/group[1]/text[2]/body[1]/div[4]/div[4]/p[2]/text()[9]; UTF16 offset 0; printed book 4, chapter 4; pb 671 (tcp:12923:344)	None of the townsmen were admitted to make any aunswere, not to come vnto the wals: for the theeues were masters of them; and a guard was placed at euerie gate, least any one should go forth to submit themselues,  or any	 deliberate, but also that night should pitch his tents neere Cydaessa, by the higher part of the towne, which is the strongest village of al that are in the heart of the Tyrian soile, which the Galileans alwaies hated. 	DIRECT_ALIGNMENT	HIGH	english-lodge1602-bellum4-unit97	592838	594880	Coarse-unit incipit and adjacent Lodge wording inspected directly against the Cardwell unit opening; the identity is secure. This decision verifies this boundary only.
4	latin-bellum4-num106	2	[106] 4. Nocte autem Joannes, cum nullas Romanorum excubias circa oppidum videret, arrepta occasione, non solum his quos circa se habebat armatos, sed etiam senioribus plurimis cum familiis abductis, in Hierosolymam fugiebat. Sed usque ad vigesimum quidem stadium fieri posse videbatur, ut mulieres ac pueros, aliamque multitudinem secum duceret, homo quem captivitatis, itemque salutis metus urgeret. ultra vero procedente eo relinquebantur : et ori	A04680.xml:/TEI[1]/text[1]/group[1]/text[2]/body[1]/div[4]/div[4]/p[2]/text()[24]; UTF16 offset 233; printed book 4, chapter 4; pb 671 (tcp:12923:344)	In the night time Iohn perceiuing no Romans to keepe watch about the towne, hauing now opportunitie fled not onely with the armed men about him; but also with many of the chiefe of the citie, and whole families, whom he 	lace, vvhere they might be safe and reuenge themselues of the Romans, for the outrages vvhich they that remained behind were like to endure: and so the multitude that fled, euery one as he was able dispersed themselues. 	DIRECT_ALIGNMENT	HIGH	english-lodge1602-bellum4-unit106	594880	596355	Coarse-unit incipit and adjacent Lodge wording inspected directly against the Cardwell unit opening; the identity is secure. This decision verifies this boundary only.
4	latin-bellum4-num112	2	[112] 5. Luce vero facta Titus ad muros aderat, foederis causa : populus autem portis ei patefactis, cum conjugibus occurrentes, tanquam benemerito, et qui custodia civitatem liberasset, acclamabant: simulque Joannis fugam significantes, ut et sibi parceret obsecrabant, et eos qui ex novarum rerum cupidis reliqui superessent, ulcisceretur. Ille autem precibus populi postulatus, equitum partem, ut Joannem persequeretur, mittit. Sed eum quidem occu	A04680.xml:/TEI[1]/text[1]/group[1]/text[2]/body[1]/div[4]/div[4]/p[3]/hi[2]/text()[1]; UTF16 offset 0; printed book 4, chapter 4; pb 671 (tcp:12923:344)	Titus earely in the morning came vnto the wals to know whether they accepted of his offer. Then the people set open the gates, and with their wiues  and children came to meet him, all crying that he was their safetie and	erward complain. Then he placed there a garrison both to represse the seditious, and also to confirme them that desired peace. And thus was Galilee conquered after it had much toyled the Romans.\n\n                        	DIRECT_ALIGNMENT	HIGH	english-lodge1602-bellum4-unit112	596355	598200	Coarse-unit incipit and adjacent Lodge wording inspected directly against the Cardwell unit opening; the identity is secure. This decision verifies this boundary only.
4	latin-bellum4-num121	3	[121] CAP. III. - APUD Hierosolymam vero, ad Joannis introitum, omnis populus erat effusus et circa singulos, qui una confugerant, numerosa turba collecti, quas foris clades experti essent, percontabantur. illorum autem fervens quidem adhuc atque interruptus anhelitus necessitatem significabat. Verumtamen in malis quoque sibi arrogabant : non Romanorum vim fuisse dicentes, sed sponte venisse, ut cum his ex tutiori loco pugnarent. lnconsultorum en	A04680.xml:/TEI[1]/text[1]/group[1]/text[2]/body[1]/div[4]/div[5]/p[1]/seg[1]/text()[1]; UTF16 offset 0; printed book 4, chapter 5; pb 672 (tcp:12923:345)	SO soone as Iohn was entered into Ierusalem, all the people flocked about him and those that came with him, enquiring what calamitie had be fallen them without the citie. Some of them being yet out of breath, and not abl	o reuenge, yet could they neuer enter the wals of Ierusalem, who had so much adoe, and endured such afflictiō in entering the little burges and villages of Galilee, against whose wals they had broken all their engines. 	DIRECT_ALIGNMENT	HIGH	english-lodge1602-bellum4-unit121	598200	599832	Boundary checked directly against the surrounding Cardwell and Lodge wording.
4	latin-bellum4-num128	3	[128] 2. His ejus dictis magna quidem corrumpebatur juvenum manus. prudentiorum autem atque seniorum nemo erat, qui non futura prospiciens, velut jam perditam civitatem lugeret. Et populus quidem in ea confusione tunc erat. At vero per territorium manus agrestium, ante seditionem quae Hierosolymis orta est, discordare jam coeperat. Titus enim a Gischala Caesaream, Vespasianus autem a Caesarea Jamniam et Azotum profectus, utramque subegit : imposi	A04680.xml:/TEI[1]/text[1]/group[1]/text[2]/body[1]/div[4]/div[5]/p[1]/text()[10]; UTF16 offset 23; printed book 4, chapter 5; pb 672 (tcp:12923:345)	These words of his encited many young men to sedition, but all the wiser sort foresaw what was like to ensue, and euen now mourned their lost citie. And in this case were  \n                         they of Ierusalem: yet	ie they did vnto their owne countreymen, was altogither equal to the miseries which befel them by the means of the Romans; & they who by these miscreants were spoiled, wished rather to haue fallen into the Romans hands. 	DIRECT_ALIGNMENT	HIGH	english-lodge1602-bellum4-unit128	599832	601485	Coarse-unit incipit and adjacent Lodge wording inspected directly against the Cardwell unit opening; the identity is secure. This decision verifies this boundary only.
4	latin-bellum4-num135	3	[135] 3. Civitatum vero custodes, partim quia defatigari pigeret, partim odio nationis, aut nulli, aut minimo erant male affectis auxilio : donec rapinarum societate undique congregati collegiorum latrocinalium principes, atque in agmen conflati Hierosolymis irrumpunt. quae civitas a nullo regebatur : et more patrio gentiles omnes sine observatione recipiebant : tunc praecipue cunctis existimantibus universos qui superinfluerent, adjumento ex ben	A04680.xml:/TEI[1]/text[1]/group[1]/text[2]/body[1]/div[4]/div[5]/p[2]/text()[3]; UTF16 offset 291; printed book 4, chapter 5; pb 672 (tcp:12923:345)	But they who kept the citie, either because they were loath to wearie themselues, or else for that they hated the citizens or people, did nothing or very little succour thē that fel into theeues hands. At last the theeu	ciuil dissension. For a great multitude of people vnapt for fight being there, cōsumed the victuals that would haue sufficed for the fighting men: & beside the wars, they brought also vpon it famine & ciuil dissensiō: 	DIRECT_ALIGNMENT	HIGH	english-lodge1602-bellum4-unit135	601485	602370	Coarse-unit incipit and adjacent Lodge wording inspected directly against the Cardwell unit opening; the identity is secure. This decision verifies this boundary only.
4	latin-bellum4-num138	3	[138] 4. Aliique latrones ex agris eo transgressi, ac multo saevioribus quos intus invenere sociati, nullum atrox facinus intermittebant. Nec enim rapinis et expoliationibus metiebantur audaciam, sed usque ad caedes ruebant: non clam, neque per noctem, aut quoslibet homines, verum luce palam nobilissimos quosque adoriendo. Nam primum Antipam regii generis virum, et adeo potentissimum civium, ut etiam publicos thesauros fidei suae permissos habere	A04680.xml:/TEI[1]/text[1]/group[1]/text[2]/body[1]/div[4]/div[5]/p[2]/text()[8]; UTF16 offset 2; printed book 4, chapter 5; pb 672 (tcp:12923:345)	Then other theeues came out of the fields thereabout, & ioyning themselues with those that were within the citie, omitted no kind of villanie; for not content to rob and spoile, they also attempted\n\nto commit murders, no	m all that seemed to beare any sway, or were in authoritie amongst the people. Great feare fell vpon the Inhabitants, and euerie one prouided to saue himselfe, as though the Citie were euen now surprised by the enemies. 	DIRECT_ALIGNMENT	HIGH	english-lodge1602-bellum4-unit138	602370	603290	Coarse-unit incipit and adjacent Lodge wording inspected directly against the Cardwell unit opening; the identity is secure. This decision verifies this boundary only.
4	latin-bellum4-num143	3	[143] 5. Illi autem clausorum vinculis non fuere contenti, neque tutum arbitrabantur ea potentia viros diutius custodire. nam et ipsos, et domos eorum non paucis viris frequentari, ac per hoc ad ulciscendum esse idoneos, et praeterea rebellaturum fortasse populum, iniquitate commotum. Decreto igitur eos occidi, mittunt quendam de suo numero Joannem ad caedes promptissimum, qui lingua patria Dorcadis filius dicebatur : eumque alii decem armati gla	A04680.xml:/TEI[1]/text[1]/group[1]/text[2]/body[1]/div[4]/div[5]/p[2]/text()[16]; UTF16 offset 270; printed book 4, chapter 5; pb 673 (tcp:12923:345)	But these people were not content thus to haue imprisoned those  potentates, neither did they thinke it safetie for themselues any longer to detaine such men aliue: for many came dayly vnto them to visit them, and vnto t	itie into their hands, and that for this cause they had slaine them, being traytors to their Countrie: they also boasted that this fact of theirs had preserued the Citie, and that therefore they had well deserued of it. 	DIRECT_ALIGNMENT	HIGH	english-lodge1602-bellum4-unit143	603290	604305	Coarse-unit incipit and adjacent Lodge wording inspected directly against the Cardwell unit opening; the identity is secure. This decision verifies this boundary only.
4	latin-bellum4-num147	3	[147] 6. Evenit autem populum quidem ad hoc humilitatis ac formidinis, illos vero insolentiae progredi, ut in eorum esset arbitrio etiam pontificum designatio. denique familiis abrogatis, unde per successionem pontifices creabantur, incognitos atque ignobiles constituebant, ut impiorum facinorum socios haberent. nam qui supra meritum summos honores adepti erant, his obediebant necessario, qui sibi eos praestiterant: quoniam et dignitate praeditos	A04680.xml:/TEI[1]/text[1]/group[1]/text[2]/body[1]/div[4]/div[5]/p[2]/text()[21]; UTF16 offset 275; printed book 4, chapter 5; pb 673 (tcp:12923:345)	The people was  brought vnto such slauerie and terror, that the chusing of the high Priest was in their hands to elect whom they pleased so much was their insolence increased. Thus they not respecting the families, out o	ho were able to refist their enterprises, til that being now satisfied with the bloud of the Citizens, they began to commit impietie against God himselfe, and with prophane and vnpure feete to enter into the sanctuarie. 	DIRECT_ALIGNMENT	HIGH	english-lodge1602-bellum4-unit147	604305	605220	Coarse-unit incipit and adjacent Lodge wording inspected directly against the Cardwell unit opening; the identity is secure. This decision verifies this boundary only.
4	latin-bellum4-num151	3	[151] 7. Jam vero populo contra eos concitato (namque autor erat Ananus, aevo maximus pontificum, itemque sapientissimus : et qui fortassis civitatem conservasset, si insidiatorum manus potuisset effugere) illi templum Dei adversus populi turbam, castellum ac profugium sibi fecere, quod pro domicilio habebant tyrannidis. Acerbis autem malis admiscebatur etiam cavillatio, quae prae caeteris eorum factis erat dolori. tentando enim quanto metu popul	A04680.xml:/TEI[1]/text[1]/group[1]/text[2]/body[1]/div[4]/div[5]/p[2]/text()[25]; UTF16 offset 504; printed book 4, chapter 5; pb 673 (tcp:12923:345)	Then the people was incited against them by Ananus his meanes, who was one of the priests, and the most auncient and wisest of them all, who perhaps had laued the Citie, had he escaped the hands of these miscreants. But 	en by lot. But indeed this their fact was an abrogation of the most firme custome that was amongst the people, and was onely a deuise to get all gouernment into their hands by establishing magistrates at their pleasure.\n	DIRECT_ALIGNMENT	HIGH	english-lodge1602-bellum4-unit151	605220	606297	Coarse-unit incipit and adjacent Lodge wording inspected directly against the Cardwell unit opening; the identity is secure. This decision verifies this boundary only.
4	latin-bellum4-num155	3	[155] 8. Itaque una sacratarum tribuum accita quae Eniachin appellatur, pontificem sortiebantur : casuque sors exit homini, per quem maxime eorum iniquitas demonstrata est, Phani cuidam, filio Samuelis, ex vico Aphthaci, non solum non ex pontificibus orto, sed aperte quid esset pontificatus, propter rusticitatem penitus nescienti. Denique invitum eum rure abstractum, ut in scena fieri solet, aliena ornavere persona: indutumque sacra veste, quid f	A04680.xml:/TEI[1]/text[1]/group[1]/text[2]/body[1]/div[4]/div[5]/p[3]/text()[1]; UTF16 offset 0; printed book 4, chapter 5; pb 673 (tcp:12923:345)	Then calling one of the holy tribes named Eniachin, they cast lots, and it so fell out that the lot fell vpon one, whereby their iniquitie was discouered, this man whose lot it was to be high Priest  was named Phanes, wh	pietie had beene but a sport. The rest of the priests beholding a far off the holy lawes to be scorned, scarcely contained themselues from teares, and euen groaned for sorrow, that their sacred dignities were so abused. 	DIRECT_ALIGNMENT	HIGH	english-lodge1602-bellum4-unit155	606297	607253	Coarse-unit incipit and adjacent Lodge wording inspected directly against the Cardwell unit opening; the identity is secure. This decision verifies this boundary only.
4	latin-bellum4-num158	3	[158] 9. Populus autem hanc eorum audaciam non tulit, sed omnes quasi ad deponendam tyrannidem animos intenderant. nam qui praestare caeteris videbantur, Gorion Josephi filius, et Simeon Gamalielis, tam singulos circumeuntes, quam simul universos in concionibus hortabantur, quo tandem aliquando libertatis corruptores ultum irent, sanctumque locum ab hominibus sceleratis purgare properarent. Pontifices etiam probatissimi, Gamala quidem filius Jesu	A04680.xml:/TEI[1]/text[1]/group[1]/text[2]/body[1]/div[4]/div[5]/p[3]/text()[7]; UTF16 offset 542; printed book 4, chapter 5; pb 673 (tcp:12923:345)	The people could no longer endure this their tyrannie, but now euery one addressed himselfe to depose these tyrants. And those that were  most earnest herein, were Gorion Iosephs sonne, and Simeon the sonne of Gamaliel, 	yded them with their slouth, in that they made no more haste to destroy those Zelous people (for so those wretches termed themselues, as\n\nthough they had beene deuout followers of goodnesse and not impious malefactors.) 	DIRECT_ALIGNMENT	HIGH	english-lodge1602-bellum4-unit158	607253	608128	Coarse-unit incipit and adjacent Lodge wording inspected directly against the Cardwell unit opening; the identity is secure. This decision verifies this boundary only.
4	latin-bellum4-num162	3	[162] 10. Itaque in concionem populo congregato, cunctisque indignantibus occupationes sanctorum, itemque rapinas et caedes, nondum autem promptis ad ulciscendum, propterea quod inexpugnabiles (id enim verum erat) Zelotae putabantur, stans inter eos medius Ananus, et ad legem crebro respectans, cum lacrymis opplesset oculos : Equidem, inquit, mori potius deberem, quam Dei domicilium videre tantis refertum piaculis, atque inaccessa et sancta loca 	A04680.xml:/TEI[1]/text[1]/group[1]/text[2]/body[1]/div[4]/div[5]/p[3]/text()[19]; UTF16 offset 83; printed book 4, chapter 5; pb 674 (tcp:12923:346)	The people  \n                         being all assembled together, euerie man grieued to see the holy place so kept for a denne of theeues, and of their robberies and murders which they committed; yet did they not goe a	elfe will assist you with hand and aduise, and you shall see that  you shall neither want counsell, nor that I will spare my owne body to defend you from their treacheries.\n                     \n\n                        	DIRECT_ALIGNMENT	HIGH	english-lodge1602-bellum4-unit162	608128	615635	Boundary checked directly against the surrounding Cardwell and Lodge wording.
4	latin-bellum4-num193	3	[193] 11. His Ananus contra Zelotas populum hortabatur: non quidem nesciens jam expugnari vix posse propter multitudinem ac juventutum animorumque pertinaciam, multoque magis propter conscientiam commissorum : nec enim concessum iri veniam his quae perpetraverant, sperabant: verumtamen quidvis perpeti praestabilius existimabant, quam in tanta rerum perturbatione rempublicam negligere. Populus autem duci se clamabat in eos, contra quos rogabatur: 	A04680.xml:/TEI[1]/text[1]/group[1]/text[2]/body[1]/div[4]/div[5]/p[4]/hi[1]/text()[1]; UTF16 offset 0; printed book 4, chapter 5; pb 675 (tcp:12923:346)	Ananus thus exhorted the people against the Zelous, yet he knew wel that it was great difficultie to ouercome them, being lustie young men, many in number, of great courage, & the more desperate for the remorse of consci	Yet Ananus thought it altogither intolerable, that the common wealth should be so ouerruled. After this exhortation the people cried out that they were ready to go against the theeues, and to doe as they were requested. 	DIRECT_ALIGNMENT	HIGH	english-lodge1602-bellum4-unit193	615635	616210	Coarse-unit incipit and adjacent Lodge wording inspected directly against the Cardwell unit opening; the identity is secure. This decision verifies this boundary only.
4	latin-bellum4-num196	3	[196] 12. Sed dum Ananus magis idoneos discerneret, atque ordinaret ad praelium, Zelotae cunctis conatibus ejus cognitis (certos enim qui omnia sibi nunciarent habebant) in pontificem commoventur : ac modo per cuneos, modo simul universi prosiliunt : neque obvio cuiquam parcebatur. Cito autem et Ananus populum congregavit, multitudine quidem superiorem : armis vero constipatis, non erant Zelotae inferiores. alacritas vero, quod deerat, in utrisqu	A04680.xml:/TEI[1]/text[1]/group[1]/text[2]/body[1]/div[4]/div[5]/p[4]/text()[7]; UTF16 offset 6; printed book 4, chapter 5; pb 675 (tcp:12923:346)	Whilest that Ananus selected out the most able men for warre, and set them in order, the Zelous came and issued out vpon him, and (hauing intelligence of all his intents and proceedings  \n                         by cert	, and others to succeed in their places while they tooke rest. And many of the better sort of the Citizens being by the chiefe of the Citie placed to keepe\n\nwatch there, hired other poore folke to watch in their steeds. 	DIRECT_ALIGNMENT	HIGH	english-lodge1602-bellum4-unit196	616210	618990	Coarse-unit incipit and adjacent Lodge wording inspected directly against the Cardwell unit opening; the identity is secure. This decision verifies this boundary only.
4	latin-bellum4-num208	3	[208] 13. Fit autem his omnibus exitii causa Joannes, quem ex Gischalis effugisse praediximus: is enim dolis plenus, et vehementem dominationis cupiditatem mente circumferens, jamdudum rebus communibus moliebatur insidians. Itaque tunc eadem quae populus sentire se simulans, aderat Anano: tam diebus cum proceribus capienti consilium, quam noctibus peragranti custodias : omniaque secretâ Zelotis renunciabat : nullumque populi consilium non prius q	A04680.xml:/TEI[1]/text[1]/group[1]/text[2]/body[1]/div[4]/div[5]/p[4]/text()[21]; UTF16 offset 64; printed book 4, chapter 5; pb 676 (tcp:12923:347)	But Iohn, who, as before we haue  \n                         tolde, fled from Giscala, wrought the ruine of all these. This man being full of deceit, and aboue all measure desirous of rule, long ago intended to ouerthrow 	sent him for an Embassadour vnto the Zelous, to perswade them to peace: for they were verie carefull least the temple through their deeds should be defiled and prophaned, or that any of the Iewes should there be slaine. 	DIRECT_ALIGNMENT	HIGH	english-lodge1602-bellum4-unit208	618990	620948	Coarse-unit incipit and adjacent Lodge wording inspected directly against the Cardwell unit opening; the identity is secure. This decision verifies this boundary only.
4	latin-bellum4-num216	3	[216] 14. Ille autem, quasi Zelotis ac non contra pro benevolentia juravisset, ingressus ad eos, medius constitit: et saepe quidem se illorum causa in magno periculo fuisse dixit, ne quid secretorum ignorarent, quae in eos Ananus cum sociis cogitasset. nunc autem ingens cum ipsis omnibus subiturum esse discrimen, nisi divinum quoddam praesto fuerit auxilium. nihil enim jam morari Ananum : sed persuasisse quidem populo, ad Vespasianum legatos mitt	A04680.xml:/TEI[1]/text[1]/group[1]/text[2]/body[1]/div[4]/div[5]/p[4]/text()[34]; UTF16 offset 169; printed book 4, chapter 5; pb 676 (tcp:12923:347)	But he as though he  \n                         had sworne vnto the Zelous and not vnto the Citizens, entred boldly amongst them, and standing in the middest of them, he recounted vnto them that he had often for their sak	te to requite the iniuries; and that all the  people were incensed against them for breaking the lawes: so that although some few would take pitie vpon them, yet the greater companie being most in number would preuaile. 	DIRECT_ALIGNMENT	HIGH	english-lodge1602-bellum4-unit216	620948	623059	Boundary checked directly against the surrounding Cardwell and Lodge wording.
4	latin-bellum4-num224	4	[224] CAP. IV. TALIA quidem variabat Joannes, terrorem incutiens multitudini : externum vero auxilium aperte quidem indicare quod diceret non audebat: Idumaeos autem significabat. utque principes Zelotarum privatim etiam commoveret, crudelitatis Ananum arguebat, ipsis eum maxime minitari confirmans. Erant autem Eleazarus Simonis filius, qui etiam praeter alios idoneus esse videbatur et recte consulere, et quae consuluisset efficere, itemque Zacha	A04680.xml:/TEI[1]/text[1]/group[1]/text[2]/body[1]/div[4]/div[5]/p[4]/text()[46]; UTF16 offset 175; printed book 4, chapter 5; pb 676 (tcp:12923:347)	With these & such like speeches Iohn terrified the Zelous, yet durst he not openly tell them what he meant by forraine help, notwithstanding he meant the Idumaeans. And that he might more enflame the theeues he went vnto	tie: so that there onely was required two speedie messengers. Which two were readie and quicke men for such an exploit, and were both called by the name of Ananias. These presently came vnto the gouernours of Idumaea, & 	DIRECT_ALIGNMENT	HIGH	english-lodge1602-bellum4-unit224	623059	625564	Boundary checked directly against the surrounding Cardwell and Lodge wording.
4	latin-bellum4-num233	4	[233] 2. Illi autem simul epistola mandatisque attoniti, quasi furibundi circumcursare gentem, militiamque denunciare coeperunt. Itaque mox et dicto citius multitudo convenerat, omnesque pro libertate metropoleos arma rapiebant. Congregati autem prope xxM. cum ducibus quatuor Hierosolymam veniunt, hoc est Joanne et Jacobo Sosae filiis, et praeterea Simone Cathlae et Phinea Clusoth filiis.	A04680.xml:/TEI[1]/text[1]/group[1]/text[2]/body[1]/div[4]/div[6]/p[1]/text()[23]; UTF16 offset 56; printed book 4, chapter 6; pb 677 (tcp:12923:347)	they reading the Epistle, and hearing that which the messengers were to say vnto them, like mad men assembled all the people togither  in post haste, and proclaimed wars, so the people in an instant gathered themselues t	ssembled togither vnder the gouernment of foure captains, came with all speed to Ierusalē: the names  of them were these, Iohn and Iames, sonnes of Sosa, and Simon the sonne of Cathla, and Phineas the sonne of Clusoth. 	DIRECT_ALIGNMENT	HIGH	english-lodge1602-bellum4-unit233	625564	626107	Coarse-unit incipit and adjacent Lodge wording inspected directly against the Cardwell unit opening; the identity is secure. This decision verifies this boundary only.
4	latin-bellum4-num236	4	[236] 3. Ananum autem profectio legatorum, itemque vigiles ejus latuit, sed non etiam Idumaeorum adventus, hoc enim ante cognito, portas eis clausit, et muris custodes apposuit. non tamen visum est bello cum his congredi, sed verbis eis ante persuadere concordiam. Stans ergo in adversa turri Jesus, post Ananum aevo pontificum maximus: Cum multae, inquit, et variae turbae tenuerint civitatem, in nulla re sic miranda fortuna est, ut in eo, quod pes	A04680.xml:/TEI[1]/text[1]/group[1]/text[2]/body[1]/div[4]/div[6]/p[1]/hi[16]/text()[1]; UTF16 offset 9; printed book 4, chapter 6; pb 677 (tcp:12923:347)	Ananus and his watchmen knew not of the going of those two messengers,  nor of the watches in the citie, but they vnderstood of the Idumaeās comming, & so shut the gates and placed watchmen vpon the wals: yet they thoug	them. The enemies cannot preuent you being alreadie planted so neere the citie. If you like of none of these, maruell not that we shut our gates against you, comming in armed and hostile manner.\n\n                        	DIRECT_ALIGNMENT	HIGH	english-lodge1602-bellum4-unit236	626107	634790	Coarse-unit incipit and adjacent Lodge wording inspected directly against the Cardwell unit opening; the identity is secure. This decision verifies this boundary only.
4	latin-bellum4-num270	4	[270] 4. Haec quidem Jesus loquebatur : Idumaeorum autem multitudo nequaquam animum advertebat, ardens iracundia, quod non paratum habuisset introitum : proque armis inter se duces indignabantur, captivitatem esse existimantes, si ea quibusdam jubentibus deposuissent. Unus autem ducum Simon filius Cathlae, vix placato suorum tumultu, stans in eo loco unde exaudiri a pontificibus posset, non jam mirari se ait, si libertatis propugnatores in templo	A04680.xml:/TEI[1]/text[1]/group[1]/text[2]/body[1]/div[4]/div[6]/p[3]/hi[1]/text()[1]; UTF16 offset 0; printed book 4, chapter 6; pb 678 (tcp:12923:348)	Iesus spake thus vnto them. But the Idumaeans being angrie, were not moued hereby, and so much the more for that entrance into the citie was denied them, and their generals were exceedingly wrath, thinking it slauerie to	 will we remaine before the Citie, till either the Romans come and deliuer you; or till you change your minds and bethinke your selues what a Iewell it is to haue libertie.\n                     \n\n                        	DIRECT_ALIGNMENT	HIGH	english-lodge1602-bellum4-unit270	634790	637656	Boundary checked directly against the surrounding Cardwell and Lodge wording.
4	latin-bellum4-num283	4	[283] 5. His dictis Idumaeorum quidem multitudo clamore consensit: Jesus autem tristis recessit, cum nec Idumaeos quicquam sentire moderatum, et duplici bello oppugnari civitatem videret. Quippe nec Idumaeorum tumor et spiritus quiescebat, indigne ferentium contumeliam, quod essent civitate prohibiti, et quod Zelotarum vires esse firmas crediderant, erubescentium, postquam mihil eos sibi auxiliari posse viderent, ut jam venisse poeniteret. Pudor 	A04680.xml:/TEI[1]/text[1]/group[1]/text[2]/body[1]/div[4]/div[7]/p[1]/seg[1]/text()[1]; UTF16 offset 0; printed book 4, chapter 7; pb 679 (tcp:12923:348)	ALl the whole multitude agreed with a lowd crie vnto these speeches of Simon. And Iesus departed sorrowful, seeing that the Idumaeans wold agree to no reason, and that thereby their Citie should suffer double warres. For	ine, mixt with fearefull thunder and horrible lightning, and the Earthquake with strange noyses: whereupon all men thought that this motion of the earth, did signifie the death of mankind, and portend some great matter. 	DIRECT_ALIGNMENT	HIGH	english-lodge1602-bellum4-unit283	637656	638686	Coarse-unit incipit and adjacent Lodge wording inspected directly against the Cardwell unit opening; the identity is secure. This decision verifies this boundary only.
4	latin-bellum4-num288	4	[288] 6. Una vero Idumaeis et oppidanis erat opinio illis quidem irasci Deum militiae causa, existimantibus neque se posse evadere, si adversus metropolim arma movissent, Anano autem ejusque sociis, etiam sine praelio vicisse, Deumque pro se bellum administrare credentibus. Sed profecto falsi erant interpretes futurorum, et quae sui passuri essent, contra hostes fore divinabant. Verum Idumaei quidem catervatim densatis corporibus invicem sese fov	A04680.xml:/TEI[1]/text[1]/group[1]/text[2]/body[1]/div[4]/div[7]/p[1]/text()[9]; UTF16 offset 128; printed book 4, chapter 7; pb 679 (tcp:12923:348)	The Idumaeans and townes-men were both of one mind: for they thought that God was angrie with them, for bearing armes against their Metropolis, and perswaded themselues that they could not escape death, if they continued	e gates in sunder; to effect this, they tooke the instruments which were consecrated to the temple, & this attempt was much furthered  by the huge wind and thunder, which made such a noyse that they could not bee heard: 	DIRECT_ALIGNMENT	HIGH	english-lodge1602-bellum4-unit288	638686	640941	Coarse-unit incipit and adjacent Lodge wording inspected directly against the Cardwell unit opening; the identity is secure. This decision verifies this boundary only.
4	latin-bellum4-num300	4	[300] 7. Fanoque egressi, ad murum clanculo veniunt: serratamque portam, quae versus Idumaeos erat, aperiunt. Illi autem primum Ananum conari aliquid suspicati, unusquisque dextram ad gladium, quasi repugnaturi applicant mature: deinde his, qui ad se venerant agnitis, introibant. Qui quidem, si tunc manus vertere in civitatem voluissent, nihil obstabat quominus totus populus interiret : tanta ira ferebantur, verum Zelotas primo eximere custodia f	A04680.xml:/TEI[1]/text[1]/group[1]/text[2]/body[1]/div[4]/div[7]/p[2]/text()[3]; UTF16 offset 86; printed book 4, chapter 7; pb 680 (tcp:12923:349)	so issuing out of the Temple, they went priuily to the wals, and opened that gate neere vnto  which the Idumaeans lay, and suspecting that Ananus would make some resistance, they first of all drew their swords, and then 	 easie for them to assault the Citie: which if they did not, but first set vpon the Citizens, they would presently assemble together, and oppose themselues against them; and not permit them to ascend vp vnto the Temple. 	DIRECT_ALIGNMENT	HIGH	english-lodge1602-bellum4-unit300	640941	641852	Coarse-unit incipit and adjacent Lodge wording inspected directly against the Cardwell unit opening; the identity is secure. This decision verifies this boundary only.
4	latin-bellum4-num305	5	[305] CAP. V. IDEM igitur Idumaeis visum est: jamque in templum per civitatem subibant, cum suspensi Zelotae adventum eorum praestolarentur. Denique his ingressis, etiam ipsi confidenter ex interiori fano progressi sunt, mixtique Idumaeis in custodes irruerunt. Caesis autem nonnullis, quos somnus oppresserat, omnis multitudo ad clamorem vigilantium suscitata est, raptisque armis ad repugnandum non sine stupore properabant. Ac primum quidem Zelota	A04680.xml:/TEI[1]/text[1]/group[1]/text[2]/body[1]/div[4]/div[7]/p[2]/text()[6]; UTF16 offset 625; printed book 4, chapter 7; pb 680 (tcp:12923:349)	The Idumaeans consented vnto this, and so they passed thorough the Citie into the Temple. And the Zelous remaining in the Temple, carefully  \n                         expected their comming, at whose arriual they tooke c	into the Citie, and so died a more miserable death (in my mind) then they that died by the enemies sword. The next day there was found slaine eight thousand and fiue hundreth, and all the vtter Temple flowed with bloud. 	DIRECT_ALIGNMENT	HIGH	english-lodge1602-bellum4-unit305	641852	644218	Boundary checked directly against the surrounding Cardwell and Lodge wording.
4	latin-bellum4-num314	5	[314] 2. Nec tamen his Idumaeorum ira satiata est: sed versis in civitatem manibus, omnes domos diripiebant: quemque fortuito invenissent, morti dabant. Et caeterae quidem multitudinis caedem supervacuam esse ducebant: pontifices autem pervestigabant : et in illos plerique ferebantur, statimque comprehensos obtruncabant : stantesque super eorum cadavera, nunc Anano populi benevolentiam, nunc Jesu quae de muro dixerat, exprobrabant. *3 Ad hoc aute	A04680.xml:/TEI[1]/text[1]/group[1]/text[2]/body[1]/div[4]/div[7]/p[2]/text()[14]; UTF16 offset 320; printed book 4, chapter 7; pb 680 (tcp:12923:349)	Yet this massacre sufficed not the Idumaeans rage, but turning themselues against the Citie, they robbed and spoyled all houses, and killed all they met, making no account of the death of the rest of the multitude. They 	n pieces with dogges or wilde beastes, who earst were the authors of pietie and religion. I thinke that Vertue it selfe wept to see wickednesse so preuaile.\n\n                        SVCH was the end of Ananus and Iesus. 	DIRECT_ALIGNMENT	HIGH	english-lodge1602-bellum4-unit314	644218	647080	Coarse-unit incipit and adjacent Lodge wording inspected directly against the Cardwell unit opening; the identity is secure. This decision verifies this boundary only.
4	latin-bellum4-num326	5	[326] 3. Post illos vero tam Zelotae, quam Idumaei passim plebem, quasi nefandorum animalium gregem, irruendo mactabant. Et vulgus quidem in quolibet loco deprehensum necabatur: correptos autem nobiles, et adolescentes, vinctos in carcerem concludebant, spe, nonnullos eorum sibi posse sociari nece dilata. Verum haec nullum movebant, sed cuncti mortem praeoptaverant, dummodo ne adversus patriam communem nequissime conspirarent: saevissima tamen an	A04680.xml:/TEI[1]/text[1]/group[1]/text[2]/body[1]/div[5]/div[1]/p[1]/text()[4]; UTF16 offset 1; printed book 5, chapter 1; pb 682 (tcp:12923:350)	After whose death the Idumaeans and the Zelous massacred the people, as though they had beene a flocke of  pernicious beasts, and euerie one was slaine wheresoeuer he was found: and taking the nobilitie and younger sort 	their hands, and therewithall couered the dead body of their friend; and some bolder then the rest, did the like in the day time. And in this generall slaughter  were twelue thousand young noblemen slaine by this means: 	DIRECT_ALIGNMENT	HIGH	english-lodge1602-bellum4-unit326	647080	648661	Coarse-unit incipit and adjacent Lodge wording inspected directly against the Cardwell unit opening; the identity is secure. This decision verifies this boundary only.
4	latin-bellum4-num334	5	[334] 4. Illi autem jam caedes exosi, nullo pudore judicii vim et cognitionis cavillando imitabantur. Itaque cum illustrium quendam Zachariam Baruch filium interficere decrevissent, (irritabantur enim quod nequissimis inimicus nimis erat, et probis amicus, itemque locuples) neque solum fortunarum ejus direptionem sperarent, sed etiam remotum iri virum ad se dejiciendos potentem, septuaginta plebeiorum honestissimos ex praecepto convocant, judicum	A04680.xml:/TEI[1]/text[1]/group[1]/text[2]/body[1]/div[5]/div[1]/p[1]/text()[11]; UTF16 offset 59; printed book 5, chapter 1; pb 682 (tcp:12923:350)	and thus being hated for these massacres, they mocked and flouted the magistrates, and made no account of their iudgments. So that when they determined to put one Zacharie the sonne of Baruch to death, a noble man & one 	words they did beat the Iudges out of the temple; yet they did not kill them, to the ende  that being dispersed through the whole citie, they might tell the people as messengers from them, of their miserable captiuitie. 	SUBSTANTIVE_ALIGNMENT	HIGH	english-lodge1602-bellum4-unit334	648661	651360	Lodge has the seditious men being hated for massacres where Cardwell has the men themselves loathing slaughter. Judicial mockery and the following Zacharias episode secure the alignment; preserve Lodge's wording.
4	latin-bellum4-num345	5	[345] 5. Idumaeos autem jam venisse poenitebat, neque his gesta placebant. Quibus collectis, Zelotarum quidam secreto indicabat universa: et quaecunque hi qui eos advocaverant scelerate fecissent, omnia demonstrabat : arma quidem cepisse eos, quasi Romanis a pontificibus metropolis proderetur, reperisse autem nullum proditionis indicium. Illos vero, qui tutari eam simularent, et belli facinora ausos et tyrannidis, ab initio quidem prohibendos fui	A04680.xml:/TEI[1]/text[1]/group[1]/text[2]/body[1]/div[5]/div[1]/p[2]/text()[7]; UTF16 offset 130; printed book 5, chapter 1; pb 682 (tcp:12923:350)	The Idumaeans were now sorrowfull for their comming: for they  misliked these proceedings: who being assembled altogither, one of the Zelous secretly told them all that their faction had done from their beginning; and th	orce was established against the citie) for to depart home, and by forsaking the societie of the impious acquite themselues of their impietie, as being by them deceiued, and so against their wils made partakers thereof. 	DIRECT_ALIGNMENT	HIGH	english-lodge1602-bellum4-unit345	651360	653325	Coarse-unit incipit and adjacent Lodge wording inspected directly against the Cardwell unit opening; the identity is secure. This decision verifies this boundary only.
4	latin-bellum4-num353	6	[353] CAP. VI. PERSUASUM est Idumaeis. Et primum eos, qui erant in custodiis solvunt, prope ad duo millia popularium, statimque relicta civitate ad Simonem veniunt, de quo paulo post commemorabimus : deinde domum ex Hierosolymis abiere. Evenit autem eorum discessum utrisque pariter inopinatum videri. Nam et populus nescius poenitudinis, paululum fiducia recreatus est, veluti inimicis levatus : et Zelotarum crevit insolentia, quasi non auxiliis ca	A04680.xml:/TEI[1]/text[1]/group[1]/text[2]/body[1]/div[5]/div[1]/p[2]/text()[19]; UTF16 offset 359; printed book 5, chapter 1; pb 683 (tcp:12923:350)	The Idumaeans were hereby perswaded, and first of all they loosed them that were in prison, in number two thousand of the  vulgar sort, and presently leauing the citie, they went vnto Simon; of whom we will speake hereaf	sought to betraie them: and the greatest offenders, and the least offenders were all punished alike, to wit, with death, for no man escaped except he was either poore or of verie base condition.\n\n                        	DIRECT_ALIGNMENT	HIGH	english-lodge1602-bellum4-unit353	653325	656247	Boundary checked directly against the surrounding Cardwell and Lodge wording.
4	latin-bellum4-num366	6	[366] 2. Romani autem omnes ad civitatem animos intendebant, hostium dissensionem lucrum sibi esse censentes: et Vespasianum, penes quem summa rei potestas erat, incitabant, divinae providentiae dicentes auxilio in semet hostes esse conversos: verumtamen velox esse momentum, et Judaeos cito in concordiam redituros, aut intestinis malis defessos, aut redactos in poenitudinem. Ad quos Vespasianus ait: Plurimum eos quid fieri conveniat ignorare: tan	A04680.xml:/TEI[1]/text[1]/group[1]/text[2]/body[1]/div[5]/div[2]/p[1]/seg[1]/text()[1]; UTF16 offset 0; printed book 5, chapter 2; pb 683 (tcp:12923:350)	IN the meane while the Romans addressed all their courage against the citie of Ierusalem,  and seeing them at great variance amongst themselues, thought this to be for their great aduantage. Vpon this they incited Vespas	ed thereby, yet he held it not meet to fight against them, who were at ciuill wars amongst themselues; for so it would be iustly said, the victorie was not to be imputed to vs but to their discord.\n                     \n	DIRECT_ALIGNMENT	HIGH	english-lodge1602-bellum4-unit366	656247	659200	Coarse-unit incipit and adjacent Lodge wording inspected directly against the Cardwell unit opening; the identity is secure. This decision verifies this boundary only.
4	latin-bellum4-num377	6	[377] 3. Haec Vespasianus: eique dicenti rectores militum consentiebant : moxque apparuit quam utile fuisset ejus consilium. Namque in dies singulos multi ad eum confluebant fugiendo Zelotas. Erat autem fuga difficilis, quod omnes exitus custodibus obsidebantur. Et si quis ibi qualibet ex causa deprehensus fuisset, velut ad Romanos ire cuperet, interficiebatur. qui tamen eis dedisset pecuniam, salvus abibat: et qui non dabat, solus proditor habeb	A04680.xml:/TEI[1]/text[1]/group[1]/text[2]/body[1]/div[5]/div[2]/p[2]/text()[1]; UTF16 offset 0; printed book 5, chapter 2; pb 684 (tcp:12923:351)	The captaines all consented, and thought this aduise of Vespasians best: And presently it appeared  how profitable his counsell was. For euerie daie manie\n                           •…\n                        led vnto hi	aces should be burned with fire, according to the vse and custome of warre. And the Zealous giuing credite vnto this prophecie made themselues the ministers of this action.\n                     \n\n                        	DIRECT_ALIGNMENT	HIGH	english-lodge1602-bellum4-unit377	659200	662216	Coarse-unit incipit and adjacent Lodge wording inspected directly against the Cardwell unit opening; the identity is secure. This decision verifies this boundary only.
4	latin-bellum4-num389	7	[389] CAP. VII. AT Joannes jamdudum tyrannidem affectans, parem cum similibus honorem habere dedecus existimabat: paulatimque sibi nequiores adjungens, ab eorum affectione separabatur. Semper autem aliorum decretis non obediendo, suaque jubendo imperiosius, quod solus dominari cuperet non latebat, eique sociabantur nonnulli metu, alii gratia (mirus enim erat oratione atque fallacia persuadere quae vellet) multi vero propterea quod sibi tutum esse	A04680.xml:/TEI[1]/text[1]/group[1]/text[2]/body[1]/div[5]/div[3]/p[1]/seg[1]/text()[1]; UTF16 offset 0; printed book 5, chapter 3; pb 685 (tcp:12923:351)	BVt Iohn, who long agoe desired to bee in chiefe authoritie, as tyrant ouer all the rest, thought it not sufficient to bee in as great reputation as his fellowes; wherefore by little  and little ioyning vnto himselfe the	esse euill then the  rest vnto the communaltie. In briefe, many leauing their natiue soyle, fled vnto straungers for succour, and found amongst the Romanes safetie, who with their owne nation liued in continuall danger. 	DIRECT_ALIGNMENT	HIGH	english-lodge1602-bellum4-unit389	662216	664449	Boundary checked directly against the surrounding Cardwell and Lodge wording.
4	latin-bellum4-num398	7	[398] 2. Quartum vero praeterea malum commotum est gentis exitio. Haud procul ab Hierosolymis castellum erat validissimum, reponendis opibus ad munimenta belli, tutandisque corporibus ab antiquis regibus aedificatum, quod Massada dicebatur: id occupaverant, qui vocantur sicarii, quod a ra pinis amplioribus timore continebantur. Hi cum Romanorum exercitum otiosum esse viderent, apud Hierosolymam vero Judaeos dominatione atque discordia secessisse,	A04680.xml:/TEI[1]/text[1]/group[1]/text[2]/body[1]/div[5]/div[3]/p[1]/text()[21]; UTF16 offset 100; printed book 5, chapter 3; pb 685 (tcp:12923:351)	There was also then begun the fourth euill, which wrought the ruine of the whole nation. Not farre from the Citie there was a Castle called Massada, builded by the ancient Kings of Ierusalem, verie strong to lay their tr	vnderstanding of their comming, fled with the spoyle they had gotten. And there was no part of Iudaea that did not perish together with Ierusalem their mo\n                           •…\n                        her Citie. 	DIRECT_ALIGNMENT	HIGH	english-lodge1602-bellum4-unit398	664449	666793	Coarse-unit incipit and adjacent Lodge wording inspected directly against the Cardwell unit opening; the identity is secure. This decision verifies this boundary only.
4	latin-bellum4-num410	7	[410] 3. Haec Vespasiano a transfugis indicabantur. nam licet omnes exitus a seditiosis custodirentur, et cum quis ad eos accessisset interficeretur, tamen erant, qui ad Romanos clam profugerent: ducemque Romanorum et opem ferre civitati, et reservati populi reliquias hortarentur. multos enim quod bene Romanis vellent, periisse, multos adhuc in periculo dicebant esse superstites. Ille autem jam tum miserans eorum calamitates, propius ad eos velut	A04680.xml:/TEI[1]/text[1]/group[1]/text[2]/body[1]/div[5]/div[3]/p[1]/text()[33]; UTF16 offset 11; printed book 5, chapter 3; pb 685 (tcp:12923:351)	Those that fled vnto  the Romans certified Vespasian hereof: for although the seditious persons did keepe and obserue  all passages, and kill them that offered to flie, yet many secretly stole away from them, and besough	selues before the Romanes requested it destroyed the Citie wals, that so they might shew themselues to desire peace, in that destroying their wals if after they desired to rebell they could not.\n\n                        	DIRECT_ALIGNMENT	HIGH	english-lodge1602-bellum4-unit410	666793	669106	Coarse-unit incipit and adjacent Lodge wording inspected directly against the Cardwell unit opening; the identity is secure. This decision verifies this boundary only.
4	latin-bellum4-num419	7	[419] 4. Vespasianus autem misso Placido cum D. equitibus ac tribus millibus peditum adversus eos qui ex Gadaris fugerant, ipse cum caeteris militum copiis Caesaream regreditur. At fugitivi postquam equites repente a tergo insequentes videre, priusquam in manus venirent, in vicum quendam, cui nomen est Bethenabro, se recepere. ubi reperta non paucorum juvenum multitudine, hisque partim volentibus, partim vi armatis, temere contra Placidum ejusque	A04680.xml:/TEI[1]/text[1]/group[1]/text[2]/body[1]/div[5]/div[3]/p[2]/hi[1]/text()[1]; UTF16 offset 0; printed book 5, chapter 3; pb 686 (tcp:12923:352)	Vespasian then sent Placidus with fiue hundreth horsemen, and three thousand footemen to pursue those, that were fled out of Gadara, and he with the rest of his armie returned to Caesarea. But the fugitiues perceiuing th	ut their darts could do the Romans no harme, and so like fierce and sauage beasts they wilfully ran vpon their enemies sword, and so were slaine, some hauing all  their face cut with swords, some killed by the horsemen. 	DIRECT_ALIGNMENT	HIGH	english-lodge1602-bellum4-unit419	669106	670463	Coarse-unit incipit and adjacent Lodge wording inspected directly against the Cardwell unit opening; the identity is secure. This decision verifies this boundary only.
4	latin-bellum4-num426	7	[426] 5. Quoniam cura erat Placido, cursum eorum a vico intercludere, assidueque praetercurrens ea parte, cedentesque reflectens, una etiam libratis sagittarum ictibus utebatur, hisque proximos interficiebat. metu vero longe fugientes avertebat, donec elapsi qui fortiores erant ad murum effugere. Ejus autem custodes quid agerent nesciebant. Nec enim excludi Gadarenses suorum causa patiebantur: et si eos recepissent, una cum his se perituros videb	A04680.xml:/TEI[1]/text[1]/group[1]/text[2]/body[1]/div[5]/div[3]/p[2]/text()[9]; UTF16 offset 58; printed book 5, chapter 3; pb 686 (tcp:12923:352)	For Placidus was carefull to intercept their passage vnto the towne, and to hinder their recourse vnto it, and brought those backe againe that fled towards it, vsing his darts, and killing those that were next him; and t	 into the riuer; which were an infinite number: also the Romanes tooke two thousand and two hundreth men aliue, and a hugh bootie of Sheepe, Asses, Camels, and O\n                           •…\n                        en. 	DIRECT_ALIGNMENT	HIGH	english-lodge1602-bellum4-unit426	670463	672848	Coarse-unit incipit and adjacent Lodge wording inspected directly against the Cardwell unit opening; the identity is secure. This decision verifies this boundary only.
4	latin-bellum4-num437	7	[437] 6. Judaeis quidem hoc vulnus inflictum quamvis par superioribus, majus tamen seipso visum est: non solum quod eam totam regionem qua fugerant, caede repleverant, sed etiam quod refertus mortuis Jordanis pervius non erat, et Asphaltites quoque lacus repletus erat cadaveribus, quae per multa flumina devoluta sunt. Placidus autem secunda fortuna usus, in vicos proximos et municipia contendit, eaptisque Abila, et Juliade, et Besemoth, omnibusqu	A04680.xml:/TEI[1]/text[1]/group[1]/text[2]/body[1]/div[5]/div[3]/p[3]/text()[4]; UTF16 offset 4; printed book 5, chapter 3; pb 686 (tcp:12923:352)	This massacre though it was no greater then the former, yet it seemed to the Iewes far\n\ngreater, because that many all ouer the countrey flying were killed, and Iordan was so filled with  \n                         dead c	th soldiers, he pursued them that were fled by water, and ouercame them: and so all the countrey beyond Iordan yeelded vnto the Romans, and euen vnto Machaeron all places were by them conquered.\n\n                        	DIRECT_ALIGNMENT	HIGH	english-lodge1602-bellum4-unit437	672848	673695	Coarse-unit incipit and adjacent Lodge wording inspected directly against the Cardwell unit opening; the identity is secure. This decision verifies this boundary only.
4	latin-bellum4-num440	8	[440] CAP. VIII. DUM haec autem aguntur, motus circa Galliam nunciatur, et quod Vindex una cum optimatibus indigenarum a Nerone defecisset : de quibus alibi diligentius scriptum est. Vespasianum vero ad impetum belli quae nunciata sunt incitarunt, jam tunc futura bella civilia totiusque imperii pericula prospicientem : cum si partes Orientis ante pacasset, minus Italiae metuendum existimaret. Obstante autem hyeme, per subactos interim vicos atque	A04680.xml:/TEI[1]/text[1]/group[1]/text[2]/body[1]/div[5]/div[4]/p[1]/seg[1]/text()[1]; UTF16 offset 0; printed book 5, chapter 4; pb 687 (tcp:12923:352)	AT this time came newes of the troubles in Gallia, and how that Vindex togither with the  nobilitie of that countreyhad reuolted from Nero, whereof we haue made mention in another place. This newes caused Vespasian to be	of Iune he came into Corea: and pitching his tents there, the next day he came to Iericho, where one of  his captaines named Traian met him with the souldiers he brought from beyond Iordan, which place he had conquered. 	DIRECT_ALIGNMENT	HIGH	english-lodge1602-bellum4-unit440	673695	676026	Boundary checked directly against the surrounding Cardwell and Lodge wording.
4	latin-bellum4-num451	8	[451] 2. Sed ex Hierichunte quidem multitudo ante Romanorum adventum in adversam Hierosolymis montanam regionem diffugerat: non pauci autem qui remansere perimuntur. Desolatam vero offenderat civitatem, cui in planicie sitae nudus mons ac sterilis imminet, idemque longissimus. a Septentrionali enim regione usque ad Scythopolitanos agros, a meridiana vero usque ad terram Sodomiticam et Asphaltitis lacus terminos extenditur. totus autem asper est, 	A04680.xml:/TEI[1]/text[1]/group[1]/text[2]/body[1]/div[5]/div[4]/p[1]/text()[21]; UTF16 offset 89; printed book 5, chapter 4; pb 687 (tcp:12923:352)	But the multitude before the Romans came, fled from Iericho into the high countrey ouer against Ierusalem, and many that staied behinde were there slaine. So he found the Citie desolate, being scituate in a plaine vnder 	ire is infected in all places thereabouts, saue only about those which adioine to Iordan:  and this is the cause that the palme trees that grow about the riuer side doe flourish most, and are more fertile then the rest. 	DIRECT_ALIGNMENT	HIGH	english-lodge1602-bellum4-unit451	676026	677519	Coarse-unit incipit and adjacent Lodge wording inspected directly against the Cardwell unit opening; the identity is secure. This decision verifies this boundary only.
4	latin-bellum4-num459	8	[459] 3. Ad ipsam vero Hiericho largissimus fons est, rigandisque arvis uberrimus, juxta veterem scaturiens civitatem : quam Jesus Nave filius, Hebraeorum ductor, primam in Chananaeorum terra bello possiderat. Hunc fontem aliquando ferunt non solum terrae atque lignorum fructus, sed etiam foeminarum partum obtundere solitum, cunctaque pariter morbo ac peste corrumpere. Postea vero mansuevisse, contraque saluberrimum ac feracissimum esse factum ab	A04680.xml:/TEI[1]/text[1]/group[1]/text[2]/body[1]/div[5]/div[4]/p[2]/text()[6]; UTF16 offset 130; printed book 5, chapter 4; pb 687 (tcp:12923:352)	Neere vnto Iericho there is a large great fountaine, which  plentifully watereth the fields therabout, & runneth with a great stream out of the ground neere vnto the olde Citie: which Iosue the son of Nun generall of the	                desart and stonie, and so likewise betweene it and Iordan and Asphaltites, though it be lower ground then the other. Thus we haue sufficiently declared the fertilitie of Iericho.\n\n                        	DIRECT_ALIGNMENT	HIGH	english-lodge1602-bellum4-unit459	677519	681576	Coarse-unit incipit and adjacent Lodge wording inspected directly against the Cardwell unit opening; the identity is secure. This decision verifies this boundary only.
4	latin-bellum4-num476	8	[476] 4. Commemoratione autem dignum puto, Asphaltitis quoque naturam exponere lacus. Is enim salsus quidem ac sterilis est: nimia vero levitate, etiam quae gravissima sunt, in eum jacta fluitant. demergi autem quis in profundum nec de industria facile potest. Denique Vespasianus, qui ejus visendi causa illuc venerat, jussit quosdam natandi inscios, vinctis post terga manibus, in altum projici : et evenit omnibus, tanquam vi spiritus sursum repul	A04680.xml:/TEI[1]/text[1]/group[1]/text[2]/body[1]/div[5]/div[5]/p[1]/seg[1]/text()[1]; UTF16 offset 0; printed book 5, chapter 5; pb 688 (tcp:12923:353)	IT is worth the labour to describe the lake Asphaltites, which is salt and sterile; yet whatsoeuer is cast into it how weightie soeuer it be, it swimmeth aboue the water: so that one though he would vpon purpose, cannot 	 like vnto other fruits; but if you handle them they fall into ashes, and smoake. And so the report of the land of Sodome is knowen to be true to them that behold it.\n\n                        \n                           	DIRECT_ALIGNMENT	HIGH	english-lodge1602-bellum4-unit476	681576	683767	Boundary checked directly against the surrounding Cardwell and Lodge wording.
4	latin-bellum4-num486	9	[486] CAP. IX. AT Vespasianus Hierosolymorum habitatores concludi undique cupiens, apud Hiericho et Adidam castellis erectis, utrobique auxiliarium pariter ac Romanorum praesidia collocat. Mittit autem Gerasam L. Annium equitatus ei parte multisque peditibus attributis. Qui primo aggressu civitate capta, mille juvenum, qui ne fugerent praeventi erant, interficit : familias captivas ducit, bona nilitibus praedari permittit. Incensis deinde domibus	A04680.xml:/TEI[1]/text[1]/group[1]/text[2]/body[1]/div[5]/div[6]/p[1]/hi[1]/seg[1]/text()[1]; UTF16 offset 0; printed book 5, chapter 6; pb 689 (tcp:12923:353)	VEspasian desirous to be besiege Ierusalem on euerie side, builded castles at Iericho and Adida,  and left there both the souldiers that came to assist him, and also Romans with  them. And he sent L. Annius to Gerasa, gi	hey desired to flie from the Zealous by whom they were kept in. And they who were against the Romans, were kept in themselues, the Citie being on euerie side enclosed and compassed with the armie. \n                     \n	DIRECT_ALIGNMENT	HIGH	english-lodge1602-bellum4-unit486	683767	684788	Boundary checked directly against the surrounding Cardwell and Lodge wording.
4	latin-bellum4-num491	9	[491] 2. Vespasiano autem Caesaream reverso, et cum omnibus copiis in ipsam Hierosolymam proficisci paranti nunciatur Nero peremptus, cum per annos tredecim et octo dies imperasset. De quo referre, quemadmodum dehonestarit imperium, nequissimis hominibus Nymphidio, et Tigillino, et indignissimis libertorum permissa republica : quodque horum captus insidiis, ab omnibus suis senatoribus destitutus, cum quatuor libertis fidelibus in suburbanum fuger	A04680.xml:/TEI[1]/text[1]/group[1]/text[2]/body[1]/div[5]/div[6]/p[2]/text()[1]; UTF16 offset 0; printed book 5, chapter 6; pb 689 (tcp:12923:353)	After that Vespasian was returned vnto Caesarea, and with all his armie purposing to go to Ierusalem, newes was brought him that Nero was slaine; hauing raigned thirteene yeeres and eight  daies. Touching whom I will not	 being so full of troubles, and so they neglected the warres against the Iewes, fearing their owne countrey, and therefore thinking it an vnfit time to assault straungers. \n                     \n\n                        	DIRECT_ALIGNMENT	HIGH	english-lodge1602-bellum4-unit491	684788	687464	Coarse-unit incipit and adjacent Lodge wording inspected directly against the Cardwell unit opening; the identity is secure. This decision verifies this boundary only.
4	latin-bellum4-num503	9	[503] 3. Interea tamen bellum aliud in Hierosolyma excitatur. Erat Simon Giorae filius, patria Gerasenus, aetate juvenis, sed callididate posterior Joanne, a quo jam pridem civitas possidebatur, viribus autem corporis audaciaque praestantior. ob quam ex Acrabatena quoque toparchia, cujus rector erat, pulsus ab Anano pontifice, ad latrones pervenerat, qui Massadam occuparant. Is autem primo quidem ita suspectus erat, ut eum ad inferius castellum c	A04680.xml:/TEI[1]/text[1]/group[1]/text[2]/body[1]/div[5]/div[7]/p[1]/seg[1]/text()[1]; UTF16 offset 0; printed book 5, chapter 7; pb 690 (tcp:12923:354)	FOr all this the war at Ierusalem was increased. For there was one Simon the sonne of Giora borne in Gerasa, young in yeeres, and inferiour to Iohn, who now alreadie had gotten the dominion ouer the citie; yet was he in 	er promised and proclaimed, that all bondslaues that would follow him should haue their libertie, and all other should be richly rewarded; and so he gathered togither all the wicked and desperate people in the countrey. 	DIRECT_ALIGNMENT	HIGH	english-lodge1602-bellum4-unit503	687464	688800	Coarse-unit incipit and adjacent Lodge wording inspected directly against the Cardwell unit opening; the identity is secure. This decision verifies this boundary only.
4	latin-bellum4-num509	9	[509] 4. Jamque validis conflatis copiis, montanos vicos diripiebat. Semper autem accedentibus pluribus sociis, audebat etiam in humiliora loca descendere, et civitatibus quoque jam terribilis erat : multosque potentium vis ejus et prospere gesta solicitabant, nec jam servorum tantum sive latronum exercitus erat, sed multorum etiam popularium, tanquam regi parebat obsequium. Excursus autem agebatur in Acrabatenam toparchiam, et in majorem usque I	A04680.xml:/TEI[1]/text[1]/group[1]/text[2]/body[1]/div[5]/div[7]/p[1]/text()[17]; UTF16 offset 158; printed book 5, chapter 7; pb 690 (tcp:12923:354)	And hauing now a large armie, he robbed and spoiled all the townes and villages there about; and his number daily increasing, he also now presumed to come into the plaine countries: so that now cities stoode in awe of hi	 all fruits of the earth that he robbed and stole, there he laid vp in store; as also munition for diuers companies. And now no man doubted, but that being thus furnished with men and munition, he would go to Ierusalem. 	DIRECT_ALIGNMENT	HIGH	english-lodge1602-bellum4-unit509	688800	689867	Boundary checked directly against the surrounding Cardwell and Lodge wording.
4	latin-bellum4-num514	9	[514] 5. Unde insidias veriti Zelotae, ac praevenire eum qui contra se cresceret cupientes, plerique cum armis egrediuntur. His autem Simon occurrit, commissoque praelio multos occidit, et reliquos compellit in oppidum. Nondum autem viribus fretus, ab obsidione deterretur. Prius autem Idumaeam subjugare conatus est. Itaque cum xx. millibus armatorum ad fines ejus properabat. Idumaeorum autem principes mature ex agris vigintiquinque fere millibus 	A04680.xml:/TEI[1]/text[1]/group[1]/text[2]/body[1]/div[5]/div[7]/p[1]/text()[21]; UTF16 offset 34; printed book 5, chapter 7; pb 690 (tcp:12923:354)	The Zealous fearing this, and desirous to preuent him whom they euery day did see encrease his number, & to grow more potent against them; they armed many of their companie, and went out to meet him. Simon was not daunte	eath, and so presently die\n                           •…\n                        . The Idumaeans something fearing Simons forces, before they would offer him battell, thought it best to espie what  number of men he had: 	DIRECT_ALIGNMENT	HIGH	english-lodge1602-bellum4-unit514	689867	691825	Boundary checked directly against the surrounding Cardwell and Lodge wording.
4	latin-bellum4-num521	9	[521] 6. Ad hoc autem se ministrum obtulit parato animo Jacobus, unus e rectoribus, cogitans proditionem. Denique profectus ab Oluro (in hoc enim vico tunc Idumaeorum collectus erat exercitus) ad Simonem venit : primumque se patriam suam traditurum esse paciscitur, accepta fide quod semper ei carissimus foret. mox etiam de tota Idumaea operam pollicetur. Ob quas res humanissime apud Simonem coenatus, amplissimisque promissis animatus, ubi ad suos	A04680.xml:/TEI[1]/text[1]/group[1]/text[2]/body[1]/div[5]/div[7]/p[2]/text()[12]; UTF16 offset 23; printed book 5, chapter 7; pb 690 (tcp:12923:354)	to effect which busines one Iacob a ruler amongst them offered himselfe, meaning indeed to betray his countrie to Simon. So departing from Olu\n                           •…\n                        us where the Idumaeans 	, he first of all got vpon his horse, and together with his associates that were partakers of his treason, he fled vnto the enemie. Then feare fell vpon the Idumaeans, and euerie one without any more adoe departed home. 	DIRECT_ALIGNMENT	HIGH	english-lodge1602-bellum4-unit521	691825	693325	Coarse-unit incipit and adjacent Lodge wording inspected directly against the Cardwell unit opening; the identity is secure. This decision verifies this boundary only.
4	latin-bellum4-num529	9	[529] 7. Simon vero praeter opinionem sine sanguine Idumaeam introivit: primumque aggressus ex improviso Chebron municipium capit, in quo maxima praeda potitus est, multosque fructus diripuit. Chebron autem indigenae ferunt non ejus terrae modo civitatibus, verumetiam AEgypti Memphi antiquiorem. denique duo millia et trecenti ejus connumerantur anni. hoc autem narrant Abraham quoque parenti Judaeorum fuisse domicilium, posteaquam Mesopotamiae sed	A04680.xml:/TEI[1]/text[1]/group[1]/text[2]/body[1]/div[5]/div[7]/p[2]/text()[31]; UTF16 offset 13; printed book 5, chapter 7; pb 691 (tcp:12923:354)	Thus Simon against his owne expectation, entred Idumaea without bloudshed: and  first of all assaulting a little village called Chebron, vpon a sodaine he tooke it, and in it an exceeding great bootie, a great quantie of	tanding nor growing either in field or towne: and onely by passing through fertile places, he made the fields harder then barren ground; & left no signe in places which he had destroyed, that euer they had beene tilled. 	DIRECT_ALIGNMENT	HIGH	english-lodge1602-bellum4-unit529	693325	695391	Coarse-unit incipit and adjacent Lodge wording inspected directly against the Cardwell unit opening; the identity is secure. This decision verifies this boundary only.
4	latin-bellum4-num538	9	[538] 8. Haec omnia rursus Zelotas incitaverunt: et aperto quidem bello confligere pertimuere, insidiis vero per itinera collocatis, uxorem Simonis rapiunt, eorumque praeterea quos habebat in obsequio plurimos. deinde tanquam Simonem ipsum cepissent, in civitatem exultantes redeunt. continuo namque sperabant, armis eum depositis, pro uxore sibi supplicaturum. Illum autem non misericordia, sed ira conjugis raptae pervaserat. cumque ad muros Hieros	A04680.xml:/TEI[1]/text[1]/group[1]/text[2]/body[1]/div[5]/div[7]/p[3]/text()[7]; UTF16 offset 287; printed book 5, chapter 7; pb 691 (tcp:12923:354)	Hereat the Zelous were againe moued, yet durst they not fight with him in open field, but placing ambushes in the way he was to passe, they tooke Simons wife, and many of her seruants, and so came  againe into the Citie,	hreates did not onely terrifie the people, but also the Zelous, in so much  that they sent him his wife againe, and so his anger being something asswaged, he ceased a while from daily slaughter.\n\n                        	DIRECT_ALIGNMENT	HIGH	english-lodge1602-bellum4-unit538	695391	697001	Coarse-unit incipit and adjacent Lodge wording inspected directly against the Cardwell unit opening; the identity is secure. This decision verifies this boundary only.
4	latin-bellum4-num545	9	[545] 9. Non solum autem per Judaeam erat seditio bellumque civile, verumetiam per Italiam. In medio namque Romanorum foro Galba perempto, creatus Otho Imperator cum Vitellio imperium affectante pugnabat : quem Germanicae tunc legiones elegerant. Habito autem apud Bebriacum Galliae Cisalpinae praelio cum Valente et Cecinna Vitellii ducibus, primo die Otho superavit, altero Vitelliani : multisque trucidatis, et adversae partis audita victoria, Oth	A04680.xml:/TEI[1]/text[1]/group[1]/text[2]/body[1]/div[5]/div[8]/p[1]/seg[1]/text()[1]; UTF16 offset 0; printed book 5, chapter 8; pb 691 (tcp:12923:354)	NOt onely in Iudaea, but also in Italy at this time were ciuill warres: for Galba was slaine in  the middest of the market, after whome Otho was created Emperour, and fought against Vitellius, who affected the Empire, wh	 fired the  Citie. And hauing subdued all places, saue onely three Castles, to wit, Herodium, Massada, and Macheron, which were kept by the theeues, now onely Ierusalem remained to be conquered.\n\n                        	DIRECT_ALIGNMENT	HIGH	english-lodge1602-bellum4-unit545	697001	699263	Coarse-unit incipit and adjacent Lodge wording inspected directly against the Cardwell unit opening; the identity is secure. This decision verifies this boundary only.
4	latin-bellum4-num556	9	[556] 10. Simon autem ubi uxorem suam a Zelotis recepit, ad reliquias Idumaeae tendit persequendas : et undique circumacta natione, Hierosolymam compulit plerosque fugere, cum ipse quoque ad eam sequeretur. Deinde muro ejus obsesso, si quem operariorum ex agris adeuntem multitudinem cepisset, interficiebat. Eratque populo foris Simon Romanis terribilior : intus Zelotae utrisque saeviores : quos etiam Galilaei novis inventis et audacia factionum c	A04680.xml:/TEI[1]/text[1]/group[1]/text[2]/body[1]/div[5]/div[9]/p[1]/seg[1]/text()[1]; UTF16 offset 0; printed book 5, chapter 9; pb 692 (tcp:12923:355)	WHen Simon had receiued againe his wife from the Zelous, he went into Idumaea, to rob and spoyle that which he had left, and chasing the Inhabitants vp and downe, at last hee forced them to flie vnto Ierusalem, & he hims	il whom so euer they met. Whosoeuer escaped Iohns hands, Simon crueller, murdered; and whosoeuer escaped the tyrannie within  the Citie, was slaine by the tyrant without. So now there was no way to flie vnto the Romans. 	DIRECT_ALIGNMENT	HIGH	english-lodge1602-bellum4-unit556	699263	701294	Coarse-unit incipit and adjacent Lodge wording inspected directly against the Cardwell unit opening; the identity is secure. This decision verifies this boundary only.
4	latin-bellum4-num566	9	[566] 11. Inter Joannis autem copias quantum erat Idumaeorum dissidebant : separatique ab aliis, adversum tyrannum tam livore potentiae quam crudelitatis ejus odio armantur. deinde pugna congressi, multos Zelotarum perimunt, caeterosque in aulam regiam compellunt, quam Grapte aedificaverat. haec autem fuerat cognata Izatae regis Adiabenorum. Una vero irrupere Idumaei, atque inde Zelotis in fanum pulsis, Joannis pecunias praedabantur. in aula enim	A04680.xml:/TEI[1]/text[1]/group[1]/text[2]/body[1]/div[5]/div[9]/p[1]/text()[19]; UTF16 offset 95; printed book 5, chapter 9; pb 692 (tcp:12923:355)	Furthermore the armie of Iohn began to be deuided, for all the Idumaeans separated themselues from the other people, and there began a mutinie against the tyrant, partly enuying his puissance, partly hating his crueltie.	ithin the Citie, presently he deliberated with them about him to establish  \n                         his dominion, thinking as well them that called him into the Citie, as those against whom he was called, his enemies. 	DIRECT_ALIGNMENT	HIGH	english-lodge1602-bellum4-unit566	701294	703396	Coarse-unit incipit and adjacent Lodge wording inspected directly against the Cardwell unit opening; the identity is secure. This decision verifies this boundary only.
4	latin-bellum4-num577	9	[577] 12. Joannes autem cum multitudine Zelotarum templo exire prohibitus, amissis etiam, quae in civitate habebat (nam statim res eorum Simon cum sociis diripuerat) salutem jam desperabat. Templum tamen adjuvante populo Simon aggreditur. llli autem in porticibus, perque propugnacula stantes impetum propulsabant: multique ex Simonis parte oppetebant, multi saucii referebantur, quoniam Zelotae ad dexteram superiores erant, eoque ictus impenetrabil	A04680.xml:/TEI[1]/text[1]/group[1]/text[2]/body[1]/div[5]/div[9]/p[2]/text()[6]; UTF16 offset 119; printed book 5, chapter 9; pb 693 (tcp:12923:355)	Then Iohn and the Zelous with him finding no way to come out of the temple, and hauing lost all that he had in the Citie (for Simon and his followers at his entrance tooke all that belonged vnto him) began now to despair	eiuing many of his souldiers languish, was more remisse in his businesse: yet when his number increased, he came neerer: for a far off many of his men were slaine with the shot of those engines.\n\n                        	DIRECT_ALIGNMENT	HIGH	english-lodge1602-bellum4-unit577	703396	704980	Coarse-unit incipit and adjacent Lodge wording inspected directly against the Cardwell unit opening; the identity is secure. This decision verifies this boundary only.
4	latin-bellum4-num585	10	[585] CAP. X. PER idem tempus Romanos quoque saeviora mala circumveniunt, aderat enim ex Germania Vitellius cum exercitu, aliam praeterea ingentem multitudinem secum trahens. Et cum eum destinata militi spacia non caperent, totam urbem pro castris habebat, omnemque domum replevit armatis. illi autem conspectis Romanorum divitiis oculis insuetis, et auri argentique stupore perfusi, vix cupidinem continebant, adeo ut in rapinas se converterent, et 	A04680.xml:/TEI[1]/text[1]/group[1]/text[2]/body[1]/div[5]/div[10]/p[1]/seg[1]/text()[1]; UTF16 offset 0; printed book 5, chapter 10; pb 693 (tcp:12923:355)	AT this time the Romans were in great danger: for Vitellius was now arriued out of Germanie  with his army, bringing beside them an infinite multitude with him; so that his army was so great, that the place appointed for	euer they saw any, and admiring their aboundance of gold and siluer, not able to containe themselues they began to rob and kill whomsoeuer that sought to withstand them. And this was the estate of the affaires in Italy. 	DIRECT_ALIGNMENT	HIGH	english-lodge1602-bellum4-unit585	704980	705603	Boundary checked directly against the surrounding Cardwell and Lodge wording.
4	latin-bellum4-num588	10	[588] 2. Vespasianus autem postquam Hierosolymis proxima depopulatus, Caesaream revertebatur, audiit Romanorum tumultus, et Vitellium principem. Hoc autem, licet ipse imperium pati, sicut bene imperare nosset, ad indignationem perductus est : dominumque dedignatur eum, qui veluti desertum invasisset imperium. Dolore autem saucius cruciatum ferre non poterat, neque aliis vacare bellis, cum patria vastaretur. Verumtamen quantum ira impellebatur ad 	A04680.xml:/TEI[1]/text[1]/group[1]/text[2]/body[1]/div[5]/div[10]/p[1]/hi[2]/text()[1]; UTF16 offset 0; printed book 5, chapter 10; pb 693 (tcp:12923:355)	Vespasian hauing wasted all about Ierusalem, returned vnto Caesarea, and there he vnderstood of the troubles at Rome, and how Vitellius was Emperour. Hereat, though he knew as well to obey as to  \n                       	im, as anger incited him to seeke reuenge: for he considered that fortune might cause many alterations before he could get to Rome, especially it being winter: and so he sought to bridle his wrath which daily encreased. 	DIRECT_ALIGNMENT	HIGH	english-lodge1602-bellum4-unit588	705603	706398	Coarse-unit incipit and adjacent Lodge wording inspected directly against the Cardwell unit opening; the identity is secure. This decision verifies this boundary only.
4	latin-bellum4-num592	10	[592] 3. Rectores autem cum militibus convenientes, aperte jam de mutatione tractabant : et cum indignatione vociferantes, incusabant Romae constitutos milites, et in deliciis agentes, qui ne famam quidem belli sustineant, quibus libuerit decernere principatum, et spe quaestus imperatores creare. Se autem laboribus tot exactis sub galeis senescentes, aliis condonare potestatem, cum apud se digniorem habeant imperio. cui si hanc amiserint, quam ju	A04680.xml:/TEI[1]/text[1]/group[1]/text[2]/body[1]/div[5]/div[10]/p[1]/text()[14]; UTF16 offset 14; printed book 5, chapter 10; pb 693 (tcp:12923:355)	But his captaines with the souldiers did now openly consult of a change, and with  indignation did exclaime against the souldiers at Rome, who liued in pleasure, and neuer heard so much as the report of warre; and that n	refect of the Citie, which was no small steppe to attaine vnto the Empire. Lastly it might so fall out, that the Senate would declare him Emperour, whom now the souldiers being as it were their conseruer, had neglected.\n	DIRECT_ALIGNMENT	HIGH	english-lodge1602-bellum4-unit592	706398	708840	Coarse-unit incipit and adjacent Lodge wording inspected directly against the Cardwell unit opening; the identity is secure. This decision verifies this boundary only.
4	latin-bellum4-num601	10	[601] 4. Haec primo per cuneos milites loquebantur. deinde se adhortari invicem, Vespasianum Imperatorem appellant: eumque ut in periculo constitutum imperium conservaret, orabant. Illi autem olim quidem rerum omnium cura fuit, nequaquam vero imperare volebat, dignum quidem se factis existimans, privatae autem vitae securitatem, clarioris fortunae periculis anteponens. Recusanti autem rectores magis instabant: et circumfusi milites cum gladiis mo	A04680.xml:/TEI[1]/text[1]/group[1]/text[2]/body[1]/div[5]/div[10]/p[2]/text()[1]; UTF16 offset 0; printed book 5, chapter 10; pb 694 (tcp:12923:356)	This was first talked amongst the companies of the souldiers: at last exhorting one another thereto, they came and saluted Vespasian by the name of Emperour, and requested him now to preserue the Empire being in great da	e as he deserued: yet long time striuing to auert this their determination, being loath to be Emperour; at last seeing he could not auoid it, he accepted their offer.\n\n                        \n                           	DIRECT_ALIGNMENT	HIGH	english-lodge1602-bellum4-unit601	708840	709747	Coarse-unit incipit and adjacent Lodge wording inspected directly against the Cardwell unit opening; the identity is secure. This decision verifies this boundary only.
4	latin-bellum4-num605	10	[605] 5. Mutiano autem caeterisque rectoribus, qui eum ad imperium invitaverant, et exercitu alio vociferante, ut se in hostes omnes duceret, prius res Alexandrinas procurandas putavit : sciens AEgyptum plurimam esse partem imperii, propter frumentariam functionem : eaque si potitus esset, vi quoque, si perstaret, Vitellium dejiciendum sperabat. nec enim perpessurum esse populum fame oppressum. Simul etiam duas legiones, quae apud Alexandriam deg	A04680.xml:/TEI[1]/text[1]/group[1]/text[2]/body[1]/div[5]/div[11]/p[1]/hi[1]/seg[1]/text()[1]; UTF16 offset 0; printed book 5, chapter 11; pb 694 (tcp:12923:356)	MVtianus and the rest of the captaines who had incited him to the Empire, togither with the whole army cried alowd, willing Vespasian to leade them against their common enemy.  But Vespasian thought it best, first to set	e, and thirtie furlongs long: so that whatsoeuer that countrey wanteth it is brought them into that hauen, and whatsoeuer aboundeth amongst them which other nations need, is carried from thence all ouer the whole world. 	DIRECT_ALIGNMENT	HIGH	english-lodge1602-bellum4-unit605	709747	712294	Coarse-unit incipit and adjacent Lodge wording inspected directly against the Cardwell unit opening; the identity is secure. This decision verifies this boundary only.
4	latin-bellum4-num616	10	[616] 6. Itaque non sine ratione, Vespasianus Alexandrinarum rerum erat cupidus, ad totius imperii firmamentum. Proinde statim ad Tiberium Alexandrum literas dedit, qui AEgyptum et Alexandriam regebat, indicans militum alacritatem : quodque ipse (quod necesse fuit) suscepto munere principatus, operam atque adjumentum ejus assumeret. Alexander autem, simul ut Vespasiani legit epistolam, prompto animo, et legiones ejus sacramento rogavit et populum	A04680.xml:/TEI[1]/text[1]/group[1]/text[2]/body[1]/div[5]/div[11]/p[1]/text()[20]; UTF16 offset 370; printed book 5, chapter 11; pb 694 (tcp:12923:356)	So that Vespasian did not vnaduisedly seeke to establish the estate of Alexandria, and dispose thereof for his owne profit, being to begin his Empire. Wherfore presently he sent letters to Tiberius Alexander, who was gou	. There was also present Mutianus \n                         gouernour of those parts, who brought tidings how ioyfully all the people receiued him for their Emperour, and how that they had all sworne obedience vnto him. 	DIRECT_ALIGNMENT	HIGH	english-lodge1602-bellum4-unit616	712294	713970	Coarse-unit incipit and adjacent Lodge wording inspected directly against the Cardwell unit opening; the identity is secure. This decision verifies this boundary only.
4	latin-bellum4-num622	10	[622] 7. Ubique autem Vespasiani votis obsecundante fortuna, rebusque ad eum plurima ex parte inclinatis, cogitare coepit, quod non sine Dei providentia sumpsisset imperium: sed justa quaedam fati ratio ad ejus potestatem circumduxisset rerum omnium principatum. Recordatus autem signa, et alia (inulta enim sibi contigerant imperium praemonstrantia) et Josephi dicta, quibus eum Nerone vivo ausus fuerat appellare imperatorem, admirabatur virum quem	A04680.xml:/TEI[1]/text[1]/group[1]/text[2]/body[1]/div[5]/div[12]/p[1]/text()[9]; UTF16 offset 161; printed book 5, chapter 12; pb 695 (tcp:12923:356)	So all things falling out prosperously on Vespasians side, and fortune for the most part enclining as he desired, he began to thinke with himselfe that it was Gods prouidence that he was made Emperour, and that a iust de	bonds. Vespasian hereto agreed, and so one came with an axe and hewed his chaines in peeces.  Thus was Ioseph rewarded for his prophecie, and so hereafter he was esteemed worthie to be beleeued.\n\n                        	DIRECT_ALIGNMENT	HIGH	english-lodge1602-bellum4-unit622	713970	715889	Coarse-unit incipit and adjacent Lodge wording inspected directly against the Cardwell unit opening; the identity is secure. This decision verifies this boundary only.
4	latin-bellum4-num630	11	[630] CAP. XI. VESPASIANUS autem responso legationibus reddito, justeque pro meritis administrationibus ordinatis, Antiochiam venit. Et quonam primum tenderet cogitans, Alexandrino itinere praestabilius esse duxit, quae Romae agerentur curare. Alexandriam enim stabilem esse, Romanas autem res a Vitellio perturbari. Mittit igitur in Italiam Mutianum cum multis equitum peditumque copiis. qui tamen propter hyemis asperitatem veritus navigare, per Ca	A04680.xml:/TEI[1]/text[1]/group[1]/text[2]/body[1]/div[5]/div[13]/p[1]/seg[1]/text()[1]; UTF16 offset 0; printed book 5, chapter 13; pb 695 (tcp:12923:356)	WHen Vespasian had answered the Embassadours, and iustly disposed of all the rulers of  his armie, according to euerie ones merit, he now came to Antiochia, and there did deliberate whither to goe first, and it seemed be	ria was quiet and firme, but Rome was troubled by Vitellius. Wherefore he sent Mutianus into Italie with many footmen and horsemen, who fearing to  go by sea, went through Cappadocia and Phrygia, for it was winter time. 	DIRECT_ALIGNMENT	HIGH	english-lodge1602-bellum4-unit630	715889	716406	Boundary checked directly against the surrounding Cardwell and Lodge wording.
4	latin-bellum4-num633	11	[633] 2. Inter haec autem Antonius Primus adducta legione tertia ex his, quae apud Moesiam morabantur (illam enim regebat provinciam) bellum gerere cum Vitellio properabat. Vitellius autem cum magna manu Caecinnam obviam ei mittit. Is autem Roma profectus, quamprimum circa Cremonam Galliae Antonium consequitur, quae confinis Italiae civitas est: ibique conspecta hostium ordinatione ac multitudine, praelio quidem congredi non audebat. discessum au	A04680.xml:/TEI[1]/text[1]/group[1]/text[2]/body[1]/div[5]/div[13]/p[1]/text()[8]; UTF16 offset 73; printed book 5, chapter 13; pb 695 (tcp:12923:356)	Now Antonius Primus who was gouernour of Moesia brought from thence the third legion remaining there, and came to warre against Vitellius. Vitellius sent Caecinna to meet him with a great armie, who departing from Rome, 	mselues all readie ouercome in number, so also now willingly preuent all daunger. For Vespasian was able without their assistance to subdue all the rest: but Vitellius was not able with their helpe to keepe that he had: 	DIRECT_ALIGNMENT	HIGH	english-lodge1602-bellum4-unit633	716406	717594	Coarse-unit incipit and adjacent Lodge wording inspected directly against the Cardwell unit opening; the identity is secure. This decision verifies this boundary only.
4	latin-bellum4-num639	11	[639] 3. Multa locutus in hunc modum, quod voluit persuasit: et cum milite transfugit ad Antonium. Eadem vero nocte milites poenitudo simul ac metus ejus, si vicisset, a quo missi fuerant, occupavit, eductisque gladiis, Caecinnam obtruncare voluerunt. fecissentque nisi his advoluti tribuni supplicassent. quamobrem caede quidem se abstinuerunt, vinctum autem quasi proditorem Vitellio transmittendum habebant. His auditis Primus Antonius continuo su	A04680.xml:/TEI[1]/text[1]/group[1]/text[2]/body[1]/div[5]/div[13]/p[1]/text()[22]; UTF16 offset 53; printed book 5, chapter 13; pb 695 (tcp:12923:356)	speaking much to this effect, he perswaded them to all that which he would haue done. And so he with his whole armie ioyned with Antonius.\n                     \nThe same night the souldiers repenting themselues of that t	him out of Moesia. And deliuering Caecinna from prison, he sent him to beare newes hereof to Vespasian: who comming vnto him was praised  for his fact, & greatly honoured aboue his expectation, in reward of his treason. 	DIRECT_ALIGNMENT	HIGH	english-lodge1602-bellum4-unit639	717594	719051	Coarse-unit incipit and adjacent Lodge wording inspected directly against the Cardwell unit opening; the identity is secure. This decision verifies this boundary only.
4	latin-bellum4-num645	11	[645] 4. Romae autem Sabinus ubi Antonium appropinquare cognovit, fiducia recreatus est : collectisque vigilum cohortibus, nocte occupat Capitolium. luce vero facta multi nobilium sociati sunt ei, et Domitianus fratris filius, pars ingens obtinendae victoriae. Sed Vitellius de Primo quidem minime curabat. his autem iratus, qui cum Sabino defecerant, et nobilium sanguinem pro ingenita crudelitate sitiens, immittit Capitolio quam secum adduxerat mi	A04680.xml:/TEI[1]/text[1]/group[1]/text[2]/body[1]/div[5]/div[13]/p[2]/hi[11]/text()[1]; UTF16 offset 0; printed book 5, chapter 13; pb 696 (tcp:12923:357)	Sabinus who was  at Rome hearing that Antonius was at hand, greatly reioyced, and tooke courage: and gathering togither the companies of the watchmen in the night time, he tooke the Capitoll, and in the morning many of t	me. The people being deliuered from feare, proclaimed Vespasian Emperour, and made feasts and triumphs both vnder one, for his establishing in the Empire, and for ioy that Vitellius was deposed.\n\n                        	DIRECT_ALIGNMENT	HIGH	english-lodge1602-bellum4-unit645	719051	721305	Coarse-unit incipit and adjacent Lodge wording inspected directly against the Cardwell unit opening; the identity is secure. This decision verifies this boundary only.
4	latin-bellum4-num656	11	[656] 5. Cum autem Vespasianus Alexandriam venisset, gesta ei Romae nunciata sunt, et legati ei ex toto orbe congratulantes affuerunt: cumque maxima post Romam civitas esset, angustior multitudini videbatur. Firmato autem jam totius orbis Imperio, rebusque populi Romani praeter spem conservatis, Vespasianus in Judaeae reliquias intendit animum. Et ipse quidem exacta hyeme, Romam proficisci parabat, resque apud Alexandriam mature componere propone	A04680.xml:/TEI[1]/text[1]/group[1]/text[2]/body[1]/div[5]/div[14]/p[1]/seg[1]/text()[1]; UTF16 offset 0; printed book 5, chapter 14; pb 696 (tcp:12923:357)	WHen Vespasian came to Alexandria, newes were brought vnto him what was done at Rome. And Embassadours came vnto him from all parts of the world to congratulate  him. And although next after Rome this citie was the great	 fift day he lodged at Gaza, & from thence to Ascalon, and so to Iamnia & Ioppe, from whence he went to Caesarea, purposing to gather the rest of the souldiers there.\n\n                        \n                           	DIRECT_ALIGNMENT	HIGH	english-lodge1602-bellum4-unit656	721305	723052	Coarse-unit incipit and adjacent Lodge wording inspected directly against the Cardwell unit opening; the identity is secure. This decision verifies this boundary only.
5	latin-bellum5-num1	1	[1] CAP. I. TITUS quidem ad eum modum quem praediximus, emensa ultra AEgyptum ad Syriam usque solitudine, Caesaream venerat. ibi enim exercitum decreverat ordinare. Illo autem adhuc apud Alexandriam una cum patre imperium, quod nuper ei Deus permiserat, disponente, contigit etiam seditionem, quae apud Hierosolymam erat, auctam trifariam dividi, et aliam partem in aliam verti, quod ut in malis optimum quis dixerit, factumque justitiae. nam Zelotar	A04680.xml:/TEI[1]/text[1]/group[1]/text[2]/body[1]/div[6]/div[1]/p[1]/hi[1]/seg[1]/text()[1]; UTF16 offset 0; printed book 6, chapter 1; pb 697 (tcp:12923:357)	TItus being thus come out of Aegypt by the desert into Syria, hee departed  from thence vnto Caesarea: for there hee purposed to set his armie in order. And whilest yet hee was with his father Vespasian at Alexandria, di	nie ouer the Citie was the ruine thereof: and one may well call this a sedition raised out of a sedition; which, like a cruell and sauage beast in penurie and want of others, turned his crueltie against his owne bowels. 	DIRECT_ALIGNMENT	HIGH	english-lodge1602-bellum5-unit1	723052	723840	Boundary checked directly against the surrounding Cardwell and Lodge wording.
5	latin-bellum5-num5	1	[5] 2. Sic Eleazarus Simonis filius, qui et ab initio Zelotas in templum a populo separaverat, velut indignari simulans ob ea, quae in dies singulos Joannes auderet, cum ne ipse quidem a caedibus quiesceret, re autem vera sese posteriori tyranno subjectum esse minime ferens, summae rei desiderio, propriaeque potentiae cupiditate, ab aliis defecit: ascitis etiam Juda Chelciae filio, et Ezronis Simone potentissimis: praeter quos erat etiam Ezechias	A04680.xml:/TEI[1]/text[1]/group[1]/text[2]/body[1]/div[6]/div[1]/p[1]/text()[6]; UTF16 offset 485; printed book 6, chapter 1; pb 697 (tcp:12923:357)	So Eleazar the sonne of Simon, who  was the first that in the Temple deuided the Zelous from the people, faining himselfe to bee displeased with that which Iohn euerie day did; yet in truth, for that he enuied that a mor	eby his part had more harme then those of Eleazar's side, yet he still assaulted them though to his owne cost: thus many assaults were continually made and many darts cast, and all the Temple was prophaned with murders. 	DIRECT_ALIGNMENT	HIGH	english-lodge1602-bellum5-unit5	723840	725413	Coarse-unit incipit and adjacent Lodge wording inspected directly against the Cardwell unit opening; the identity is secure. This decision verifies this boundary only.
5	latin-bellum5-num11	1	[11] 3. Filius autem Giorae Simon, quem rebus desperatis invitatu, ultro sibi tyrannum spe auxilii populus introduxerat, et superiorem civitatem retinens, et inferioris plurimam partem, animosius jam Joannem ejusque socios adoriebatur, quasi desuper impugnarentur. subjectus autem illorum manibus erat, sicut et illi superiorum. Et Joannem eveniebat duplex praelium perferentem, laedi pariter ac laedere : quantoque vincebatur, eo quod Eleazaro esset	A04680.xml:/TEI[1]/text[1]/group[1]/text[2]/body[1]/div[6]/div[1]/p[1]/text()[26]; UTF16 offset 78; printed book 6, chapter 1; pb 698 (tcp:12923:358)	And Simon the sonne of Giora (whome the people being in despaire, inuited to bee their leader,  in hope that he would haue assisted them, hauing in his hands both the higher part of the Citie, and the greater part of the	nd write a lamentation of my miserable Countrie, seeing I haue vndertaken to write a Historie of all things that past there. Wherefore I will recount the residue of the impietie of these seditious.\n                     \n	DIRECT_ALIGNMENT	HIGH	english-lodge1602-bellum5-unit11	725413	728009	Coarse-unit incipit and adjacent Lodge wording inspected directly against the Cardwell unit opening; the identity is secure. This decision verifies this boundary only.
5	latin-bellum5-num21	1	[21] 4. Ergo divisis trifariam insidiatoribus Eleazarus quidem ejusque socii, qui sacras primitias conservabant, in Joannem ebrii ferebantur. Qui vero huic parerent, plebem diripientes in Simonem rebellabant, cum ipsi quoque Simoni contra diversae partis seditiosos adjumento esset civitas. Si quando igitur ex utraque parte appetebatur Joannes, obvertebat socios suos : et de civitate quidem subeuntes, missis ex porticibus telis, de templo vero jac	A04680.xml:/TEI[1]/text[1]/group[1]/text[2]/body[1]/div[6]/div[1]/p[2]/text()[1]; UTF16 offset 0; printed book 6, chapter 1; pb 698 (tcp:12923:358)	The seditious people being deuided into three companies, Eleazar and his followers, who had the keeping of the holy first fruites, and all the sacred oblations, came against Iohn, when they were drunke. And they who foll	Corne was burnt that might haue sufficed the Citie many yeeres, and so they were taken by famine, which they  could not haue felt, had \n                           •…\n                        hey themselues not caused it. 	DIRECT_ALIGNMENT	HIGH	english-lodge1602-bellum5-unit21	728009	729467	Boundary checked directly against the surrounding Cardwell and Lodge wording.
5	latin-bellum5-num27	1	[27] 5. Undique autem insidiatoribus et confinibus oppugnantibus civitatem medius populus velut aliquod magnum corpus lacerabatur. Senes vero ac mulierculae intestinis malis attonitae, pro Romanis vota faciebant: externumque bellum, quo domesticis malis liberarentur, expetebant. Gravis autei; metus ac terror foedissimus occupaverat : et neque consilii capiendi tempus erat, ut voluntatem mutarent, neque pactionis aut fugae spes cupientibus. Etenim	A04680.xml:/TEI[1]/text[1]/group[1]/text[2]/body[1]/div[6]/div[1]/p[2]/text()[19]; UTF16 offset 30; printed book 6, chapter 1; pb 698 (tcp:12923:358)	The Citizens were in euerie place a pray vnto those that were seditious on one side, and to them that besieged the Citie on the other side, and like a great bodie torne in peeces betweene these two. The old men and women	 the temples which he bullt along the wall ouer against the chapterhouse, that standeth on the West side of the temple: for he could builde it in no other place, by reason that all other places were filled with staires. 	DIRECT_ALIGNMENT	HIGH	english-lodge1602-bellum5-unit27	729467	732382	Coarse-unit incipit and adjacent Lodge wording inspected directly against the Cardwell unit opening; the identity is secure. This decision verifies this boundary only.
5	latin-bellum5-num39	1	[39] 6. Et ille quidem fabricatis ex impietate machinis subactum iri speravit hostes. Deus vero laborem ejus inutilem demonstravit, et priusquam in his quicquam poneret Romanos adduxit. Etenim Titus, postquam partem ad se collegit exercitus, aliis vero ut ad Hierosolymam occurrentes scripsit, Caesaream profectus est. Erant autem tres legiones, quae pridem sub ejus parte Judaeam vastaverant, et duodecima, quae olim cum Cestio male pugnaverat, quae	A04680.xml:/TEI[1]/text[1]/group[1]/text[2]/body[1]/div[6]/div[1]/p[3]/text()[24]; UTF16 offset 224; printed book 6, chapter 1; pb 699 (tcp:12923:358)	And hauing thus impiously prouided engines, he hoped hereby to destroy his enemies. But God shewed his labour to be in vaine, and before he could preuaile against them, he brought the Romans against the Citie.\nFor after 	t he knew not what successe he should haue: and he was present with him in all his affaires as his chiefest counseller, renowmed both for his wisedome and experience.\n\n                        \n                           	DIRECT_ALIGNMENT	HIGH	english-lodge1602-bellum5-unit39	732382	734160	Coarse-unit incipit and adjacent Lodge wording inspected directly against the Cardwell unit opening; the identity is secure. This decision verifies this boundary only.
5	latin-bellum5-num47	2	[47] CAP. II. PROGREDIENTEM vero in hostilem terram Titum, antecedebant regia omniaque auxilia, post eos viarum stratores, castrorumque metatores. Deinde rectorum sarcinae atque armati. Post hos ipse Titus, et alios lectos habens et signiferos, quorum agmen equites sequebantur. Hi vero ante machinas ibant, et secundum illos una cum lectis tribuni, et praefecti cum cohortibus. Post autem circum Aquilam signa, et ante signa tubicines, deinde acies 	A04680.xml:/TEI[1]/text[1]/group[1]/text[2]/body[1]/div[6]/div[2]/p[1]/hi[1]/seg[1]/text()[1]; UTF16 offset 0; printed book 6, chapter 2; pb 699 (tcp:12923:358)	TItus being now to go into the countrey of the enemy, caused all those that came to help  him to march in the formost place: after whom followed they that were to mende the waies, and to pitch the tents: and after them t	further war for feare. For Titus vnderstood (and it was true) that the people desired peace, but they were oppressed by the seditious, and so durst not attempt any thing being not able to encounter or resist the rebels. 	DIRECT_ALIGNMENT	HIGH	english-lodge1602-bellum5-unit47	734160	736099	Boundary checked directly against the surrounding Cardwell and Lodge wording.
5	latin-bellum5-num54	2	[54] 2. Quamdiu quidem per viam quae ad murum duceret equitabat, nemo ante portas apparuit: ubi vero itinere ad turrim Psephinon declinato, transversum agmen equitum duxit, infiniti subito prosiliunt, qua Muliebres turres vocantur: et per eam quae contra monumentum Helenae porta est egressi, equitatum intercidunt. atque alios quidem etiam tunc via currentes, ne cum his qui divertebant sese jungerent, a fronte oppositi, prohibuerunt. Titum vero cu	A04680.xml:/TEI[1]/text[1]/group[1]/text[2]/body[1]/div[6]/div[2]/p[1]/hi[4]/text()[1]; UTF16 offset 0; printed book 6, chapter 2; pb 700 (tcp:12923:359)	Titus riding  along the high way that went straight to the wals saw no man all the way: but turning aside towards the tower Psephinos with his horsemen, an infinite number presently issued out by the towers of women, at 	st of his followers came safe into the campe. And the Iewes getting the first victorie, rashly tooke courage, and that encouragement being of moment, made them verie confident a long time after.\n\n                        	DIRECT_ALIGNMENT	HIGH	english-lodge1602-bellum5-unit54	736099	738533	Coarse-unit incipit and adjacent Lodge wording inspected directly against the Cardwell unit opening; the identity is secure. This decision verifies this boundary only.
5	latin-bellum5-num67	2	[67] 3. Caesar autem postquam ex Ammaunte legio sibi conjuncta est nocte, luce inde digressus ad Scopon accedit, unde jam et civitas et clara templi magnitudo conspici poterat : qua parte Septentrionalem regionem civitatis contingens locus humilior, proprie Scopos nominatus est, distans a civitate stadiis vii. ibique duabus legionibus simul, quintae legioni vero retrorsum stadiis tribus castra muniri jubet. labore namque nocturni itineris attrito	A04680.xml:/TEI[1]/text[1]/group[1]/text[2]/body[1]/div[6]/div[3]/p[1]/seg[1]/text()[1]; UTF16 offset 0; printed book 6, chapter 3; pb 700 (tcp:12923:359)	SO soone as the legion that was to passe by Ammaus, was ioyned to the rest of the army  that night, Caesar presently the next morning remooued, and came to Scopos, where he might perfectly view the Citie and the temple o	and had placed there a garrison. This legion was commanded to encampe six furlongs from Ierusalem, neere mount Oliuet, which is opposite to the East part of the  Citie, and is enclosed with a deepe valley called Cedron. 	DIRECT_ALIGNMENT	HIGH	english-lodge1602-bellum5-unit67	738533	739513	Coarse-unit incipit and adjacent Lodge wording inspected directly against the Cardwell unit opening; the identity is secure. This decision verifies this boundary only.
5	latin-bellum5-num71	2	[71] 4. Intra civitatem vero sine requie confligentium dissensionem, tum primum ingens subito bellum foris interveniens refrenavit : et cum stupore seditiosi Romanorum castra inspectantes, trifariam distributa mala, inter se imiere concordiam : rationemque invicem requirebant, quidnam expectarent, quidve perpessi, tres muros contra vitam suam paterentur opponi: belloque tanta se fundente licentia, tanquam spectatores bonorum operum sibique utiliu	A04680.xml:/TEI[1]/text[1]/group[1]/text[2]/body[1]/div[6]/div[3]/p[1]/text()[11]; UTF16 offset 59; printed book 6, chapter 3; pb 700 (tcp:12923:359)	This great and huge army so sodainly arriuing, presently staied the warres within the Citie: and these three sects of seditious people beholding with admiration the Romans campe, became friends, and made agreement amongs	he brought to succour them, and placing others, to preuent the excursions of the Iewes, he commaunded the rest to ent\n                           •…\n                        ench  themselues in the toppe of the mountaine. 	DIRECT_ALIGNMENT	HIGH	english-lodge1602-bellum5-unit71	739513	742826	Coarse-unit incipit and adjacent Lodge wording inspected directly against the Cardwell unit opening; the identity is secure. This decision verifies this boundary only.
5	latin-bellum5-num85	2	[85] 5. Judaeis autem haec fuga esse videbatur. Cumque speculator, quem in muro posuerant, amictu agitato signum dedisset, frequentissima multitudo tanto impetu prosiliit, ut eorum cursus immanissimis bestiis esset assimilis. Denique adversa acie stantium nemo impetum sustinuit : sed tanquam machina percussi, continuo dissipati, pulsique in montem refugiunt. In ascensu autem medio Titus cum paucis relictus est : multumque monentibus amicis, qui p	A04680.xml:/TEI[1]/text[1]/group[1]/text[2]/body[1]/div[6]/div[3]/p[3]/text()[4]; UTF16 offset 43; printed book 6, chapter 3; pb 701 (tcp:12923:359)	The Iewes thought the Romans had fled, and their sentinell vpon their wals making a signe vnto them by shaking his garment vp and down, a great multitude of them ran so violently vpon the Romans, as though they had beene	                    atterie or enuie, Caesar himselfe did twise preserue  \n                         the whole legion from destruction, and gaue the souldiers opportunitie to entrench themselues.\n\n                        	DIRECT_ALIGNMENT	HIGH	english-lodge1602-bellum5-unit85	742826	745891	Coarse-unit incipit and adjacent Lodge wording inspected directly against the Cardwell unit opening; the identity is secure. This decision verifies this boundary only.
5	latin-bellum5-num98	3	[98] CAP. III. REMISSO autem paulisper bello externo, iterum intestinum seditio suscitavit. Azymorumque instante die, qui est Aprilis mensis quartusdecimus (hoc enim se primum tempore opinantur Judaei ab AEgyptiis esse liberatos) Eleazarus quidem cum sociis portam subaperiens, introire cupiebat ex populo qui templum adorare cuperent. Joannes autem die festo ad protegendas insidias usus est : et suorum quosdam ignotiores, armis sub veste latentibu	A04680.xml:/TEI[1]/text[1]/group[1]/text[2]/body[1]/div[6]/div[4]/p[1]/seg[1]/text()[1]; UTF16 offset 0; printed book 6, chapter 4; pb 702 (tcp:12923:360)	DVring the intermission of the forrain \n                           〈◊〉\n                        ; they fel to their former sedition againe, which caused ciuillwars amongst them. And against the feast of vnleuenedbread, wh	, they did now more confidently then before fight aganst Sim\n                              •…\n                           : and thus the sedition  that was before deuided into three parts, was now brought onely into two. 	DIRECT_ALIGNMENT	HIGH	english-lodge1602-bellum5-unit98	745891	748395	Boundary checked directly against the surrounding Cardwell and Lodge wording.
5	latin-bellum5-num106	3	[106] 2. Titus autem castra propius civitatem transferre cupiens de Scopo, contra excursus quidem lectos equites ac pedites, quos satis esse arbitrabatur, posuit : alium vero exercitum jussit totum quod erat usque muros spacium complanare. Cunctis igitur maceriis ac sepibus dirutis, quibus hortos ac praedia incolae praemunierant, omnique opposita quamvis fru gifera sylva excisa, repletum est quicquid erat cavum et vallibus impeditum. saxorum aute	A04680.xml:/TEI[1]/text[1]/group[1]/text[2]/body[1]/div[6]/div[4]/p[1]/hi[4]/text()[1]; UTF16 offset 0; printed book 6, chapter 4; pb 702 (tcp:12923:360)	Titus being desirous to bring his armie neerer the citie, sent a certaine number of horsemen & foot, which he thought sufficient to hinder all excursions of the Iewes from Scopos, and another companie he sent to plaine a	equall, they plained all that ground from Scopos euen vnto Herodes monument, which adioyned to the \n                           •…\n                        ake of Serpents called sometime Bethora.\n\n                        	DIRECT_ALIGNMENT	HIGH	english-lodge1602-bellum5-unit106	748395	749134	Coarse-unit incipit and adjacent Lodge wording inspected directly against the Cardwell unit opening; the identity is secure. This decision verifies this boundary only.
5	latin-bellum5-num109	3	[109] 3. His denique diebus Judaei Romanis hujusmodi insidias paravere. Seditiosorum audacissimi extra muliebres (quae sic appellabantur) progressi turres, simulato quod pacis eos studiosi pepulissent, et quod timerent impetum Romanorum, ibidem versabantur, et alter sub altero vitabundi latebant. Alii vero per muros dispositi, populumque se esse simulantes, clamore pacem implorabant, foedusque poscebant: portasque se patefacturos esse pollicentes	A04680.xml:/TEI[1]/text[1]/group[1]/text[2]/body[1]/div[6]/div[5]/p[1]/seg[1]/text()[1]; UTF16 offset 0; printed book 6, chapter 5; pb 702 (tcp:12923:360)	ABout this time the Iewes deuised this stratageme against the Romans. The most couragious amongst the seditions people went out vnto the places called the womens towers, and counterfaited themselues to be driuen thither 	 it.  And after a long conflict receiuing many wounds, and giuing as many, at last they put them to flight that enclosed them, and so the Iewes departed, and followed them vnto Helens monument, pursuing them with darts. 	DIRECT_ALIGNMENT	HIGH	english-lodge1602-bellum5-unit109	749134	751803	Coarse-unit incipit and adjacent Lodge wording inspected directly against the Cardwell unit opening; the identity is secure. This decision verifies this boundary only.
5	latin-bellum5-num120	3	[120] 4. Deinde insolenter fortunae maledicentes, et Romanos vituperabant fraude pellectos : scutaque alte sublata crispantes tripudiabant, et cum laetitia vociferabantur. Milites autem interminatio principum et Caesar iratus, hujusmodi oratione corripuit : Judaei quidem, quos sola regit desperatio omnia cum deliberatione faciunt atque prudentia, fraudes et insidias componendo ; eorumque dolos fortuna prosequitur, quod sunt morigeri, sibique invi	A04680.xml:/TEI[1]/text[1]/group[1]/text[2]/body[1]/div[6]/div[5]/p[1]/text()[21]; UTF16 offset 32; printed book 6, chapter 5; pb 703 (tcp:12923:360)	And then the Iewes returned reioycing in their good fortune; and deriding the Romanes for being so deceiued, lifted vp their shields and bucklers, shouting and reioycing.\nThe Romane souldiers were receiued of their Capta	rdon their fellow souldiers, and to remit the offence of the rashnesse of some fewe, for the obedience sake of all the  rest: affirming that their future valour should bee a sufficient recompence for this their offence. 	DIRECT_ALIGNMENT	HIGH	english-lodge1602-bellum5-unit120	751803	753734	Boundary checked directly against the surrounding Cardwell and Lodge wording.
5	latin-bellum5-num128	3	[128] 5. Placatus est Caesar utilitate simul ac precibus. namque unius hominis animadversionem usque ad factum promovendam putabat, multitudinis vero ad veniam. Militibus quidem reconciliatus est, multum monens ut post haec prudentius agerent. ipse vero, quemadmodum Judaeorum ulciscere tur insidias, cogitabat. intervallo autem quod usque ad muros civitatis erat, per quatriduum coaequato, sarcinas aliamque multitudinem cupiens tuto traducere, mili	A04680.xml:/TEI[1]/text[1]/group[1]/text[2]/body[1]/div[6]/div[5]/p[2]/hi[4]/text()[1]; UTF16 offset 0; printed book 6, chapter 5; pb 703 (tcp:12923:360)	Caesar was herewith pacified, partly thinking what was most profitable, partly for the intreatie of the rest: for he purposed to punish one man onely, and to rebuke the rest, and signifie vnto them his displeasure, and s	ed themselues against that  part of the wall that is called Hippicos, distant in like manner two furlongs from the Citie. But the tenth legion remained still in mount Oliuet where it was before.\n\n                        	DIRECT_ALIGNMENT	HIGH	english-lodge1602-bellum5-unit128	753734	755278	Coarse-unit incipit and adjacent Lodge wording inspected directly against the Cardwell unit opening; the identity is secure. This decision verifies this boundary only.
5	latin-bellum5-num136	4	[136] CAP. IV. CIVITAS autem trino muro circundata erat, nisi qua vallibus inviis cingebatur. ex ea namque parte, unius muri habebat ambitum. et ipsa quidem super duos colles erat condita, contrariis frontibus semet inspicientes, interveniente valle discretos, in quam domus creberrimae desinebant : collium vero alter, quo superior civitas sedet, multo est excelsior, et in prolixitate directior : adeo ut quoniam tutus erat, castellum a David quond	A04680.xml:/TEI[1]/text[1]/group[1]/text[2]/body[1]/div[6]/div[6]/p[1]/seg[1]/text()[1]; UTF16 offset 0; printed book 6, chapter 6; pb 703 (tcp:12923:360)	THe Citie was compassed with a threefold wall on euerie side, saue onely on that part  where it was inclosed with vallies vnaccessible: for on that side it had onely one wall. It was built vpon two little hils, one of th	ropoeon, reacheth vnto Siloa (which is a fountaine abounding with sweete water.) Without the Citie were two hils, compassed with deepe vallies, and being enclosed with high rockes, they were on euerie side inaccessible. 	DIRECT_ALIGNMENT	HIGH	english-lodge1602-bellum5-unit136	755278	756753	Boundary checked directly against the surrounding Cardwell and Lodge wording.
5	latin-bellum5-num142	4	[142] 2. Trium vero murorum vetustissimus quidem, propter valles imminentemque his desuper collem quo erat conditus, facile capi non poterat. ad hoc autem quod loco praestabat, etiam firmissime structus erat, David et Salomonis, aliorumque interea regum largissimis impensis operi insumptis. Hac autem parte incipiens a turri, cui nomen est Hippico, ad eam quae dicitur Xystus pertinens : deinde curiae conjunctus, im occiduam templi porticum desineb	A04680.xml:/TEI[1]/text[1]/group[1]/text[2]/body[1]/div[6]/div[6]/p[1]/text()[14]; UTF16 offset 218; printed book 6, chapter 6; pb 704 (tcp:12923:361)	The most ancient of the three wals by reason of the vallie about  it and the hill whereupon it stood, could not easily be taken: and beside the opportunitie of the place, it was verie strongly built, at the cost and char	ed. Yet againe by the Iewes industrie the same wall was raised twentie cubites high, the battelments hereof were two cubites high, and the tower three cubites, and in all it was twentie and foure cubite high, as before. 	DIRECT_ALIGNMENT	HIGH	english-lodge1602-bellum5-unit142	756753	759957	Coarse-unit incipit and adjacent Lodge wording inspected directly against the Cardwell unit opening; the identity is secure. This decision verifies this boundary only.
5	latin-bellum5-num156	4	[156] 3. Murum autem supereminebant turres, viginti quidem cubitis in latitudinem, viginti vero in altitudinem, quadratis angulis structae, et sicut ipse murus plenae ac solidae. praeterea structura ac pulchritudo saxorum nihil erat templo deterior. post altitudinem vero turris solidam, viginti cubitis elatam, cellae desuper ac coenacula erant, aquarumque pluvialium receptacula, et tortuosi latique singularum ascensus. Ejusmodi quidem turres nona	A04680.xml:/TEI[1]/text[1]/group[1]/text[2]/body[1]/div[6]/div[6]/p[2]/text()[3]; UTF16 offset 125; printed book 6, chapter 6; pb 704 (tcp:12923:361)	Vpon the wall were three towers twentie cubites broad, and twentie cubites high built foure square verie strongly, and was builded of as firme a foundation as the wall it selfe, which for the building and faire stone, wa	his wiues name, should be more beautiful then they, who only bare the names of other men, like as they were stronger then this that bare the name of a woman. This tower was in all 55. cubits high. \n                     \n	DIRECT_ALIGNMENT	HIGH	english-lodge1602-bellum5-unit156	759957	763802	Coarse-unit incipit and adjacent Lodge wording inspected directly against the Cardwell unit opening; the identity is secure. This decision verifies this boundary only.
5	latin-bellum5-num172	4	[172] 4. Sed quanquam tres turres tantae magnitudinis erant, ex loco tamen, quo erant sitae, multo videbantur esse majores, nam et ipse antiquus murus, in quo erant, excelso loco fuerat conditus, et ipsius collis velut quidam vertex altus prope ad xxx. cubitos eminebat, supra quem turres positae multum sublimitatis assumpserant. Mirabilis etiam fuit lapidum magnitudo. nec enim ex vulgaribus saxis, aut quae homines ferre possent, verum secto marmo	A04680.xml:/TEI[1]/text[1]/group[1]/text[2]/body[1]/div[6]/div[6]/p[4]/text()[1]; UTF16 offset 0; printed book 6, chapter 6; pb 705 (tcp:12923:361)	Notwithstanding these three towers were of such height, yet by reason of their scituation they seemed farre higher: for the olde wall whereupon they were built was placed vpon high ground, and the toppe of the hill where	es (as is before said) at the beginning of this rebellion, who consumed all with fire euen from the Castle Antonia from whence the fire came, and destroied the kings pallace, and the couers and tops of the three towers. 	DIRECT_ALIGNMENT	HIGH	english-lodge1602-bellum5-unit172	763802	766262	Coarse-unit incipit and adjacent Lodge wording inspected directly against the Cardwell unit opening; the identity is secure. This decision verifies this boundary only.
5	latin-bellum5-num184	5	[184] CAP. V. FANUM autem conditum erat, ut dixi, supra durissimum collem. Et initio quidem vix templo atque areae sufficiebat : jacens in summo planicies, quod undique praeceps erat atque declivis. Cum autem rex Salomon, qui etiam templum aedificaverat, muro ejus partem ab Oriente cinxisset, una porticus aggeri est imposita : et manebat ex aliis partibus nudum, quoad seculis posterioribus, semper aliquid aggeris accumulante populo, coaequatus co	A04680.xml:/TEI[1]/text[1]/group[1]/text[2]/body[1]/div[6]/div[6]/p[4]/text()[9]; UTF16 offset 307; printed book 6, chapter 6; pb 705 (tcp:12923:361)	The temple was, as is before said, built vpon a hard mountaine, and at the first  the plaine vpon the toppe thereof was scarcely bigge enough to containe it and the temple yard, the hill being verie steepe. But when king	ubits: for the abundance of treasure and liberalitie of the people did effect that which was scarcely possible: and that which all men thought could neuer haue come to passe, in time and by industrie came to perfection.\n	DIRECT_ALIGNMENT	HIGH	english-lodge1602-bellum5-unit184	766262	767763	Boundary checked directly against the surrounding Cardwell and Lodge wording.
5	latin-bellum5-num190	5	[190] 2. Tantis autem fundamentis digna erant opera imposita. Duplices porticus omnes, quas columnae sustinebant quinis et vicenis cubitis altae, de singulis saxis marmore candido, et laquearia cedrina protegebant. quorum naturalis magnificentia, quodque ligno rasili erant, apteque cohaerebant, operae precium spectantibus, exhibebat : nulloque, aut pictoris, aut sculptoris opere extrinsecus ornabatur. Latae autem per xxx. cubitos erant: omnisque 	A04680.xml:/TEI[1]/text[1]/group[1]/text[2]/body[1]/div[6]/div[6]/p[5]/text()[1]; UTF16 offset 0; printed book 6, chapter 6; pb 706 (tcp:12923:362)	The building was answerable vnto these foundations. For all the porches were double, and euerie one was supported by pillars, each of them being fiue and twentie cubits high, and all of  one piece and of white marble: th	ng in that place: Betweene the gates were porches opposite one against another, reaching from  the wall vnto the treasure house, supported with great and goodly pillars, being as plaine and fully as bigge as they below. 	DIRECT_ALIGNMENT	HIGH	english-lodge1602-bellum5-unit190	767763	770396	Coarse-unit incipit and adjacent Lodge wording inspected directly against the Cardwell unit opening; the identity is secure. This decision verifies this boundary only.
5	latin-bellum5-num201	5	[201] 3. Portarum autem, aliae quidem auro et argento undique tectae erant, itemque postes ac frontes : una vero extra templum aere Corinthio, quae multum argento inclusas et inauratas honore superabat. Et binae fores quidem in singulis januis erant tricenis cubitis altae, quinisdenis etiam latae. post introitum vero, ubi latiores fiebant, tricenis utrinque cubitis exedras habebant : exemplo quidem turrium longas et latas, supra vero quam viginti	A04680.xml:/TEI[1]/text[1]/group[1]/text[2]/body[1]/div[6]/div[6]/p[5]/text()[10]; UTF16 offset 27; printed book 6, chapter 6; pb 706 (tcp:12923:362)	The gates were couered vvith gold and siluer, as also the posts and  foreparts therof were, one onely excepted that vvas couered vvith Corinthian brasse, far surpassing in beautie the other that vvere couered with siluer	ine gates. And there vvere fifteene staires, that vvent from the vvall that separated the vvomen, vnto the great gate of the temple: for these staires vvere shorter by fiue degrees, then those that vvent to other gates. 	DIRECT_ALIGNMENT	HIGH	english-lodge1602-bellum5-unit201	770396	771651	Coarse-unit incipit and adjacent Lodge wording inspected directly against the Cardwell unit opening; the identity is secure. This decision verifies this boundary only.
5	latin-bellum5-num207	5	[207] 4. Ipsum vero templum in medio positum, hoc est, fanum sacrosanctum, duodecim gradibus ascendebatur. Et a fronte quidem altitudo ejus et latitudo centenos cubitos habebat : pone autem xi.. cubitis angustius erat. aditus enim, veluti quibusdam humeris, utrinque vicenum cubitorum producebantur. Prima vero ejus porta septuaginta cubitis alta erat, et vigintiquinque lata, neque fores habebat. coelum enim undique conspicuum lateque patens signif	A04680.xml:/TEI[1]/text[1]/group[1]/text[2]/body[1]/div[6]/div[6]/p[5]/text()[16]; UTF16 offset 262; printed book 6, chapter 6; pb 706 (tcp:12923:362)	The temple it selfe vvas scituated in the midst of all, to vvit, the holy Sanctuarie,  and had twelue staires to go vnto it. The forepart vvhereof vvas in height and breadth a hundreth cubits: and behinde, it vvas fortie	them: for the purple is ingendred in the sea, and the silke is produced by the earth. In this tapestry work was curiously wrought and deciphered all the speculations of the heauens, onely the celestiall signes excepted. 	DIRECT_ALIGNMENT	HIGH	english-lodge1602-bellum5-unit207	771651	773678	Coarse-unit incipit and adjacent Lodge wording inspected directly against the Cardwell unit opening; the identity is secure. This decision verifies this boundary only.
5	latin-bellum5-num215	5	[215] 5. Introgressos autem inferior pars excipiebat : cujus altitudo quidem habebat sexaginta cubitos, et longitudo totidem, ac latitudo viginti. rursus autem sexaginta cubiti divisi erant. Et prima quidem pars ad quadraginta cubitos avulsa, haec tria mirabilia et praedicanda opera cunctis hominibus habebat, candelabrum, et mensam, et thuribulum. Septem vero lucernae stellas errantes significabant : tot enim ab ipso candelabro oriebatur. Duodeci	A04680.xml:/TEI[1]/text[1]/group[1]/text[2]/body[1]/div[6]/div[6]/p[6]/text()[3]; UTF16 offset 515; printed book 6, chapter 6; pb 707 (tcp:12923:362)	Being entred within, you come into a lower place of the temple, which was three score cubits high, and as many in length, and twentie in breadth. Againe this place was deuided  into two, whereof the first part contained 	, and therefore it was made so much narrower then the other, yet was it higher then it by sorue cubits, neither was it so gorgious as the lower. For the whole height was a hundreth cubits, and the ground thereof sixtie. 	DIRECT_ALIGNMENT	HIGH	english-lodge1602-bellum5-unit215	773678	775336	Coarse-unit incipit and adjacent Lodge wording inspected directly against the Cardwell unit opening; the identity is secure. This decision verifies this boundary only.
5	latin-bellum5-num222	5	[222] 6. Exterior autem facies, nihil quod animus, aut oculi mirarentur non habebat. crustis enim aureis gravissimis undi que tecta, ultra primos ortus igneo splendore lucebat : ut cum intuerentur contendentium oculi, quasi solis radiis averterentur. Hospitibus quidem adeuntibus, procul monti niveo similis videbatur. nam ubi deauratum non erat templum, candidissimum erat. In summo autem aureis verubus horrebat acutissimis, ne ab insidentibus avib	A04680.xml:/TEI[1]/text[1]/group[1]/text[2]/body[1]/div[6]/div[6]/p[6]/text()[9]; UTF16 offset 122; printed book 6, chapter 6; pb 707 (tcp:12923:362)	The vttermost part was so curious and richly wrought, that it was vnpossible  for any one to imagine any workmanship that it wanted: for it was al couered with a massiue plate of pure gold, which shined far more bright t	 courses, and those that were not vncleane might passe this foresaid limit.  Likewise men that were not purified were not permitted to come within the inner temple, & those that were, might not come amongst the priests: 	DIRECT_ALIGNMENT	HIGH	english-lodge1602-bellum5-unit222	775336	776926	Boundary checked directly against the surrounding Cardwell and Lodge wording.
5	latin-bellum5-num228	5	[228] 7. Qui vero ex origine sacerdotum genus ducentes, caecitatis causa munere non fungebantur, cum incolumibus intra limitem aderant partesque generis consequebantur: vestibus tantum utebantur plebeiis : quoniam sacerdotali solus qui sacra celebrabat amiciebatur. Ad altare vero templumque accedebant carentes omni vitio sacerdotes, veste quidem amicti byssina, maxime vero mero abstinentes, ac sobrii religionis metu, ne quid rem divinam faciendo 	A04680.xml:/TEI[1]/text[1]/group[1]/text[2]/body[1]/div[6]/div[6]/p[6]/text()[15]; UTF16 offset 144; printed book 6, chapter 6; pb 707 (tcp:12923:362)	those also that descended from the line of the priests, & for blindnes did not administer their function, were notwithstanding admitted into the place appointed for the rest of the priests that were sound, and had a shar	vpon which day all the nation was vvont to fast. But we will hereafter speake more at large of the citie and temple, the lawes and customes, the ordinances and obseruations; for these things cannot be briefely declared. 	DIRECT_ALIGNMENT	HIGH	english-lodge1602-bellum5-unit228	776926	779754	Boundary checked directly against the surrounding Cardwell and Lodge wording.
5	latin-bellum5-num238	5	[238] 8. Ceterum Antonia in angulo quidem duarum porticuum sita erat prioris templi, quae ad Occidentem Septemtrionemque spectarent. in saxo autem fuerat extructa, quinquaginta cubitis alto, et undique praerupto : quod opus Herodis regis fuit, ubi maxime ingenii sui magnificentiam demonstravit. Primum enim a radicibus saxum ipsum laevibus crustis obtegebatur, quo et decus adderet operi, et facile dilaberentur, qui vel ascendere vel descendere ten	A04680.xml:/TEI[1]/text[1]/group[1]/text[2]/body[1]/div[6]/div[6]/p[7]/text()[11]; UTF16 offset 377; printed book 6, chapter 6; pb 708 (tcp:12923:363)	The castle Antonia vvas scituate in a corner of the two porches of the first temple, vvhich looked vnto the West, and the North: and it vvas builded vpon a rocke of stone fiftie cubits high, vvhich  on euerie side was in	did obscure the view of the temple on the North side. And thus I haue here spoken sufficiently of the citie and the wall in this place, because we meane hereafter to describe them more at large.\n\n                        	DIRECT_ALIGNMENT	HIGH	english-lodge1602-bellum5-unit238	779754	781988	Coarse-unit incipit and adjacent Lodge wording inspected directly against the Cardwell unit opening; the identity is secure. This decision verifies this boundary only.
5	latin-bellum5-num248	6	[248] CAP. VI. PUGNACISSIMA autem maximeque dissentiens multitudo circa Simonem erat, hominum decem millia, praeter Idumaeos : quinquaginta vero decem millium duces, quibus ipse quasi dominus omnium praeerat. Idumaei autem qui erant ejus partium, cum essent numero quinque millia, duces decem habebant. Horum autem principes videbantur, Sosae Jacobus, et Cathlae filius Simon. Joannes autem qui templum occupaverat, sex armatorum millia habebat, quos	A04680.xml:/TEI[1]/text[1]/group[1]/text[2]/body[1]/div[6]/div[7]/p[1]/seg[1]/text()[1]; UTF16 offset 0; printed book 6, chapter 7; pb 708 (tcp:12923:363)	THe most warlike of all the people ioyned with Simon, being in number ten thousand, beside the Idumaeans: and those ten thousand had fiftie captaines of their owne fellowes, yet all subiect vnto Simon. The Idumaeans that	ke the seditious, which was farre stronger then the wals: so that one may ascribe all their miseries to their owne nation, and equitie and iustice vnto the Romanes, as euerie one shall clearely see by that which ensued.\n	DIRECT_ALIGNMENT	HIGH	english-lodge1602-bellum5-unit248	781988	784318	Boundary checked directly against the surrounding Cardwell and Lodge wording.
5	latin-bellum5-num258	6	[258] 2. Veruntamen his intra civitatem ita se habentibus, Titus cum lectis equitibus foris circumiens, qua muros aggrederetur explorabat. Haesitanti autem, quia nec ab ea parte adiri poterat pedibus qua valles erant, et ab alio latere, prior murus machinis firmior videbatur, placuit ad Joannis pontificis monumentum (hic enim tantummodo et primus humilior erat, nec secundo muro conjungebatur) invadere. neglecta enim fuerat munitio, propterea quia	A04680.xml:/TEI[1]/text[1]/group[1]/text[2]/body[1]/div[6]/div[7]/p[2]/text()[1]; UTF16 offset 0; printed book 6, chapter 7; pb 709 (tcp:12923:363)	The Citie being in the estate before said, Titus with chosen horsemen went vp and downe  without it, to espie where he might most easily assault the wals. And being in doubt a long time  what to doe, for that where the v	led with murders and robberies, did  hope to haue an end of their miserie; the seditious people being busied against their enemies, and they now hoped that if the Romanes did ouercome, they might bee reuenged vpon them. 	DIRECT_ALIGNMENT	HIGH	english-lodge1602-bellum5-unit258	784318	786644	Coarse-unit incipit and adjacent Lodge wording inspected directly against the Cardwell unit opening; the identity is secure. This decision verifies this boundary only.
5	latin-bellum5-num266	6	[266] 3. Joannes autem quamvis in externos socii sui irrumpere properarent, metu tamen Simonis manebat. Verum Simon non quiescebat, proximus enim erat obsidioni, missilibus per murum dispositis, quae pridem Romanis abstulerat, quaeque apud Antoniam capta fuerant. Sed horum possessio propter imperitiam plerisque non erat utilis. pauci autem a transfugis docti, male utebantur instrumentis. Sed cum lapidibus, et sagittis aggerem jacientibus militibu	A04680.xml:/TEI[1]/text[1]/group[1]/text[2]/body[1]/div[6]/div[7]/p[2]/hi[8]/text()[1]; UTF16 offset 0; printed book 6, chapter 7; pb 709 (tcp:12923:363)	Iohn. still kept where he was, fearing Simon; yet were his followers verie earnest to assault the Romans. But Simon being next vnto the siege, did not rest, but placed all along that part of the wall men with darts, whic	 they flevv, but at one stroke slevv many. But the Ievves vvere not herevvith so terrified, that they permitted the Romans peaceably to build the mount, but night and day they hindered them vvith stratagemes and valour. 	DIRECT_ALIGNMENT	HIGH	english-lodge1602-bellum5-unit266	786644	788674	Coarse-unit incipit and adjacent Lodge wording inspected directly against the Cardwell unit opening; the identity is secure. This decision verifies this boundary only.
5	latin-bellum5-num275	6	[275] 4. Perfectis autem operibus, plumbo et lino ab aggeribus jacto, fabri quod erat ad murum spacium metiuntur. nec enim alioqui id fieri poterat, quoniam desuper telis petebantur. Cumque pares intervallo arietes invenissent, eos applicant: propiusque dispositis machinis, Titus, ne ex muro arietes prohiberentur, ex tribus partibus murum pulsari jubet. Sonitu autem circunstrepente civitatem, clamor ingens civium sublatus est, itemque seditiosos 	A04680.xml:/TEI[1]/text[1]/group[1]/text[2]/body[1]/div[6]/div[7]/p[2]/text()[28]; UTF16 offset 115; printed book 6, chapter 7; pb 709 (tcp:12923:363)	Novv vvhen the Romans had finished their vvorke, the Carpenters measured the space betweene the mounts & the vvals with a plummet fastned vnto a line, which they cast from one place vnto another: for they could not measu	all stood firme, and was not harmed by the shaking of the tower: for it was farre higher then the w\n                           •…\n                        ll, and so could not draw downe any part of the  wall as it fell. 	DIRECT_ALIGNMENT	HIGH	english-lodge1602-bellum5-unit275	788674	791027	Coarse-unit incipit and adjacent Lodge wording inspected directly against the Cardwell unit opening; the identity is secure. This decision verifies this boundary only.
5	latin-bellum5-num284	6	[284] 5. Cum autem ab excursibus paululum quievissent, observato Romanos per opera et castra esse dispersos, quia labore et formidine Judaeos discessisse arbitrarentur, excurrunt omnes qua turris erat Hippicus, porta latenter : ignemque operibus injiciunt. Usque ad castrorum quoque munimenta, in Romanos animati procedebant. Horum autem periculo mature, et qui erant propius, excitati sunt, et qui procul aberant convenere. Romanorum autem disciplin	A04680.xml:/TEI[1]/text[1]/group[1]/text[2]/body[1]/div[6]/div[7]/p[3]/text()[5]; UTF16 offset 18; printed book 6, chapter 7; pb 710 (tcp:12923:364)	So soone as they had a while ceased from excursions, they perceiued that all the Romans were busied in one labour or other, and so dispersed all ouer the campe, thinking that the Iewes for feare durst come no more. The I	 arrow by an Arabian souldier presently died, which caused great lamentation among the Iewes, and sorrow amongst the seditious, for he was valiant of his hands and verie wise and of good aduise.\n\n                        	DIRECT_ALIGNMENT	HIGH	english-lodge1602-bellum5-unit284	791027	793225	Coarse-unit incipit and adjacent Lodge wording inspected directly against the Cardwell unit opening; the identity is secure. This decision verifies this boundary only.
5	latin-bellum5-num291	7	[291] CAP. VII. - NOCTE vero quae secuta est, incredibilis tumultus Romanis incidit. Nam cum tres turres Imperator Titus quinquagenum cubitorum construi praecepisset, ut his per aggeres singulos positis, hinc hostes in muro stantes facilius in fugam verteret, una earum sponte sua nocte intempesta lapsa est. ingenti vero sonitu facto, metus occupavit exercitum. Conari autem aliquid Judaeos suspicati, ad arma currebant, eaque re turba in legionibus	A04680.xml:/TEI[1]/text[1]/group[1]/text[2]/body[1]/div[6]/div[8]/p[1]/seg[1]/text()[1]; UTF16 offset 0; printed book 6, chapter 8; pb 710 (tcp:12923:364)	THe night following, there was a great tumult amongst the Romans. For Titus the Emperour had commaunded to bee builded three towers, fiftie cubits high a peece, each one vpon a seuerall mount, that from thence hee might 	wherefore, till such time as Titus vnderstanding\n\nthe matter, caused the truth thereof to be presently proclaimed throughout the campe; and so the  \n                         tumult (although with much ado) was appeased.\n	DIRECT_ALIGNMENT	HIGH	english-lodge1602-bellum5-unit291	793225	794307	Boundary checked directly against the surrounding Cardwell and Lodge wording.
5	latin-bellum5-num296	7	[296] 2. Judaei quidem caetera fortiter sustinentes, male turribus affecti sunt. machinis enim levioribus, et jaculatoribus, ac sagittariis, saxorumque tormentis inde feriebantur. Sed neque harum aequare ipsi poterant celsitudinem, et turres excidendi spes non erat, cumque neque everti propter gravitatem, neque incendi propterea quod ferro tegebantur, facile possent, ultra jactum teli fugientes, arietum impetus non vetabant: qui sine intermission	A04680.xml:/TEI[1]/text[1]/group[1]/text[2]/body[1]/div[6]/div[8]/p[2]/text()[1]; UTF16 offset 0; printed book 6, chapter 8; pb 711 (tcp:12923:364)	The Iewes valiantly bearing and enduring all other dangers, were sore troubled by reason of these towers vvhich Titus had erected; for they were slaine and vvounded from thence with smal engine shot, darts & arrowes; nei	s and let in the vvhole army. Hauing thus gotten the wall the seuenth day of May, they destroied the greatest part thereof; and also the North side of the Citie which before Cestius had vvasted.\n\n                        	DIRECT_ALIGNMENT	HIGH	english-lodge1602-bellum5-unit296	794307	795646	Coarse-unit incipit and adjacent Lodge wording inspected directly against the Cardwell unit opening; the identity is secure. This decision verifies this boundary only.
5	latin-bellum5-num303	7	[303] 3. Titus autem notato qua Assyriorum castrum est, militem transfert, occupato omni quod inter Cedrona fuerat spacio, et ultra sagittae jactum a secundo muro separatus, oppugnationem statim aggressus est. Tunc igitur partiti murum Judaei, fortiter restiterunt. Et Joannes quidem, ejusque socii ex Antonia et Septentrionali porticu templi ab Alexandri monumento pugnabant. Simonis autem manus juxta monumentum Joannis aditum clauserant, usque ad 	A04680.xml:/TEI[1]/text[1]/group[1]/text[2]/body[1]/div[6]/div[8]/p[3]/hi[1]/text()[1]; UTF16 offset 0; printed book 6, chapter 8; pb 711 (tcp:12923:364)	Titus remooued his campe from thence, and vvent vnto the place called the Assyrians camp, and seased vpon all betweene that and Cedron; and being vvithout the shot of an arrow from the second vval, he began againe to ass	d that onely was to be accounted for vertue, vvhen one did warily not indanger himselfe to atchieue any vvoorthy action, and vvilled them rather to shew themselues men where there was no danger.\n\n                        	DIRECT_ALIGNMENT	HIGH	english-lodge1602-bellum5-unit303	795646	799476	Coarse-unit incipit and adjacent Lodge wording inspected directly against the Cardwell unit opening; the identity is secure. This decision verifies this boundary only.
5	latin-bellum5-num317	7	[317] 4. Itaque a Septentrionali parte, mediae turri applicat arietem : in qua Judaeus quidam versutus ac subdolus, Castor nomine, cum decem aliis militibus suis delituerat, fugatis caeteris formidine sagittarum. Hi cum pavidi sub loricis aliquandiu quievissent, concussa turri surgunt. extentisque manibus Castor veluti supplex Caesarem implorabat : et voce miserabili, ut sibi parceret, obtestabatur. Cui Titus pro simplicitate sua credulus, jamque	A04680.xml:/TEI[1]/text[1]/group[1]/text[2]/body[1]/div[6]/div[9]/p[1]/seg[1]/text()[1]; UTF16 offset 0; printed book 6, chapter 9; pb 712 (tcp:12923:365)	THen Titus commanded the ramme to be set vp against the tower on the North part of the Citie, wherein a craftie and politike Iewe accompanied with ten men had hid himselfe, all the rest being fled: this Iew vvas named Ca	d so passed through the flame, and conueied themselues into a mine of the tower; so that againe the Romans admired their courage, thinking that they had burned themselues. \n                     \n\n                        	DIRECT_ALIGNMENT	HIGH	english-lodge1602-bellum5-unit317	799476	802941	Boundary checked directly against the surrounding Cardwell and Lodge wording.
5	latin-bellum5-num331	8	[331] CAP. VIII. CAPIT autem hac parte murum Titus, die quinto postquam primum ceperat : fugatisque inde Judaeis intro cum lectis mille transiit, quos circa se habebat, armatis : ubi nova civitas quod lanae venditores erant, fabrique aerarii, vestiumque mercatus, et ad murum angustae viae transversae tendebant. Enimvero si vel statim muri disturbasset maximam partem, vel quae ceperat lege belli vastasset, nullum credo damnum victoriae fuisset adm	A04680.xml:/TEI[1]/text[1]/group[1]/text[2]/body[1]/div[6]/div[9]/p[2]/hi[1]/text()[1]; UTF16 offset 0; printed book 6, chapter 9; pb 712 (tcp:12923:365)	Titus assaulting the wall on this part, tooke it fiue daies after that he had taken the first; and causing the Iewes to flie from thence, he accompanied with a thousand chosen men about him,  entred in where the woolmen,	driue away the Iewes with darts and arrowes: and with him Domitius Sabinus, vvho in that fight was proued a stout warriour, who so long continued beating the Iewes with arrowes, till all the souldiers were escaped away.\n	DIRECT_ALIGNMENT	HIGH	english-lodge1602-bellum5-unit331	802941	805761	Boundary checked directly against the surrounding Cardwell and Lodge wording.
5	latin-bellum5-num342	8	[342] 2. Romani quidem ita secundo muro potiti, ad extremum pulsi sunt. Oppidanis vero qui pugnaces erant, spiritus crevit, et secundis rebus amentes erant, neque Romanos ausuros esse ad civitatem accedere suspicantes, neque vinci se posse, si ad praelium processissent. nam quia iniqui erant, officiebat eorum sententiis Deus : et neque Romanorum vim, multo majorem illa quae pulsa fuerat, superesse cernebant, neque famem, jamjamque serpentem. adhu	A04680.xml:/TEI[1]/text[1]/group[1]/text[2]/body[1]/div[6]/div[10]/p[2]/text()[1]; UTF16 offset 0; printed book 6, chapter 10; pb 713 (tcp:12923:365)	Thus the Romans hauing got the second wall were beaten from it againe: And the citizens fit for vvarre vvere hereat encouraged, and were drunken vvith this good fortune, thinking  that now the Romans durst no more offer 	orced to retire, as before: and he hauing gotten the wall  destroyed all the North part thereof, and placed a garrison in the towers and fortresses of the South part.\n\n                        \n                           	DIRECT_ALIGNMENT	HIGH	english-lodge1602-bellum5-unit342	805761	807386	Coarse-unit incipit and adjacent Lodge wording inspected directly against the Cardwell unit opening; the identity is secure. This decision verifies this boundary only.
5	latin-bellum5-num348	9	[348] CAP. IX. VIDEBATUR autem brevissimi temporis ejus obsidio : spaciumque consilii seditio$is esse dandum, si quid disturbatione secundi muri aut famis metu remitterent. nec enim diutius eis praedas posse sufficere : ipse ocio commode utebatur. Nam cum dies advenisset, quo militibus oportebat alimenta distribui, in conspicuo hostibus loco ductis, jussit duces ordinato exercitu pecuniam singulis numerare. Illi autem prolatis armis ex involucris	A04680.xml:/TEI[1]/text[1]/group[1]/text[2]/body[1]/div[6]/div[11]/p[1]/hi[1]/seg[1]/text()[1]; UTF16 offset 0; printed book 6, chapter 11; pb 713 (tcp:12923:365)	TItus now determined to batter the third wall, and he thought to continue that siege but  a short time: and that it was conuenient to giue the seditious some time to bethinke themselues, to see if that either by the taki	laine in warres, then to be put to death shamefully,  if they desisted from fight. Destiny also hindred this, vvhereby it was decreed that the  innocent should perish vvith the wicked, and the citie vvith the seditious. 	SUBSTANTIVE_ALIGNMENT	HIGH	english-lodge1602-bellum5-unit348	807386	809170	Lodge adds an explicit statement of the next siege operation before rendering Cardwell's Videbatur ... obsidio. Include the continuous introductory clause at the project chapter opening; preserve source syntax.
5	latin-bellum5-num356	9	[356] 2. Quatriduo per singulas legiones alimenta consecuti sunt. Quinto autem die, cum omnia faciens Titus, nihil Judaeos pacatum cogitare sensisset, bifariam diviso exercitu, Antoniam versus ad Joannis monumentum aggeres inchoavit: ista parte superiorem civitatem captum iri cogitans, et per An toniam templum, namque hoc nisi cepisset, ne oppidum quidem tutum erat obtinere. In utraque autem parte duo aggeres erigebantur, a singulis legionibus si	A04680.xml:/TEI[1]/text[1]/group[1]/text[2]/body[1]/div[6]/div[11]/p[1]/text()[13]; UTF16 offset 77; printed book 6, chapter 11; pb 714 (tcp:12923:366)	And for foure daies space they were distributing necessaries vnto the souldiers: and on the fift day Titus perceiuing that for ought he could do, the Iewes were still obstinate, he deuided his armie into two parts, and a	 and exhorted them to saue themselues, and yeeld the citie vnto him: and told them of Ioseph, how that he should make a speech  vnto them in their owne language, for he hoped that they would heare their owne countriman. 	DIRECT_ALIGNMENT	HIGH	english-lodge1602-bellum5-unit356	809170	810738	Boundary checked directly against the surrounding Cardwell and Lodge wording.
5	latin-bellum5-num362	9	[362] 3. Itaque Josephus murum circumiens, simulque extra teli jactum stans, unde exaudiri facilius posset, multis orabat, ut sibi ac populo parcerent, templo ac patriae, neve contra haec fierent alienigenis duriores. Romanos enim sancta revereri, cum quibus nulla sibi societas esset, manusque suas ad hoc usque cohibere. ipsos vero in his edoctos, cum servare possent, sponte ad eorum interitum ruere. quin potius viderent muros concidisse firmiore	A04680.xml:/TEI[1]/text[1]/group[1]/text[2]/body[1]/div[6]/div[11]/p[2]/text()[4]; UTF16 offset 93; printed book 6, chapter 11; pb 714 (tcp:12923:366)	Then Ioseph going about the citie without the daunger of shot, cried vnto them to spare themselues, the citie, the temple, the people, and not become more hard hearted against them, then  straungers vvere. For the Romans	 might perceiue by the two other wals: and suppose that their citie was inexpugnable, yet the famine would cause it to be yeelded into the Romans hands in despite of them.\n                     \n\n                        \n	DIRECT_ALIGNMENT	HIGH	english-lodge1602-bellum5-unit362	810738	814345	Coarse-unit incipit and adjacent Lodge wording inspected directly against the Cardwell unit opening; the identity is secure. This decision verifies this boundary only.
5	latin-bellum5-num375	9	[375] 4. His monentem Josephum multi in muro stantes vituperabant, multi vero conviciis, nonnulli etiam jaculis appetebant. Ille autem cum manifestis eos calamitatibus minime flecteret, ad gentiles transit historias : O miseri, vociferans, vestrorumque auxiliatorum immemores, armis et manibus cum Romanis bellum geritis, quasi quem alium sic vicerimus? Quando autem non Deus omnium conditor, Judaeorum defensor est, si laedantur ? Non resipietis ? U	A04680.xml:/TEI[1]/text[1]/group[1]/text[2]/body[1]/div[6]/div[11]/p[3]/text()[2]; UTF16 offset 1; printed book 6, chapter 11; pb 715 (tcp:12923:366)	As Ioseph did thus aduise them, many standing vpon the wals did rayle against him, many vpbrayded  \n                         him, & others shot at him. Ioseph seeing hee could not auert thē from their imminent calamitie	s vnto you; but kill them, and take my bloud for recompence of your welfare and liues: I my selfe am also prepared to die, if after my death you would remember your selues.\n                     \n\n                        	DIRECT_ALIGNMENT	HIGH	english-lodge1602-bellum5-unit375	814345	825897	Coarse-unit incipit and adjacent Lodge wording inspected directly against the Cardwell unit opening; the identity is secure. This decision verifies this boundary only.
5	latin-bellum5-num420	10	[420] CAP. X. HAEC Josepho vociferante cum lacrymis, seditiosi quidem neque animos flexerunt, neque tutam sibi mutationem fore judicaverunt. Populus vero ad profugiendum commotus est, et alii possessionibus suis, alii rebus carissimis exiguo precio venundatis, aureos, ne latrones eos deprehenderent, transglutiebant. cum vero ad Romanos elapsi fuissent, exonerato ventre habebant usui necessaria. Titus enim plerosque per agros, quo vellet quisque p	A04680.xml:/TEI[1]/text[1]/group[1]/text[2]/body[1]/div[6]/div[11]/p[4]/hi[1]/text()[1]; UTF16 offset 0; printed book 6, chapter 11; pb 717 (tcp:12923:367)	Ioseph crying thus vnto them with teares trickling downe his cheekes, the seditious were nothing mooued, but told him that it was not safetie for them to yeeld. But the people were perswaded to flie, and some selling the	e as diligent to stop the waies least the Citizens should escape, as they did hinder the Romans from entring into the Citie: so that whosoeuer did but giue any suspition of flight, he was presently by them put to death. 	DIRECT_ALIGNMENT	HIGH	english-lodge1602-bellum5-unit420	825897	826863	Boundary checked directly against the surrounding Cardwell and Lodge wording.
5	latin-bellum5-num424	10	[424] 2. Ditioribus qnidem manere etiam sicut profugere, par causa erat pereundi : nam quasi transfugere voluisset, propter patrimonium quisque occidebatur. Cum fame autem crescebat desperatio seditiosorum, et in dies singulos utrunque malum amplius accendebatur. Et palam quidem nulla erant frumenta, irrumpentes autem scrutabantur domos. Et siquidem invenissent aliquid, eos qui negaverant verberabant: si vero nihil invenissent, quasi diligentius 	A04680.xml:/TEI[1]/text[1]/group[1]/text[2]/body[1]/div[6]/div[11]/p[4]/text()[12]; UTF16 offset 224; printed book 6, chapter 11; pb 717 (tcp:12923:367)	The richer sort, whether they staid or fled, were slain for their wealth and possessions. The  famine of the citie, and the desperation of the theeues both increased alike, euerie day more and more; so that now there was	nground: others made bread therof as necessitie and feare required. No man in the whole Citie sate downe to eat his meate on a table, but greedily taking it not boiled from the fire, they euen rawe as it was did eat it. 	DIRECT_ALIGNMENT	HIGH	english-lodge1602-bellum5-unit424	826863	828225	Boundary checked directly against the surrounding Cardwell and Lodge wording.
5	latin-bellum5-num429	10	[429] 3. Miserabilis autem erat victus, dignumque lacrymis spectaculum, cum potentiores quidem plus haberent, infirmiores autem injuriam deplorarent, quippe cum fames super omnes clades haberetur. Nihil enim sic perdit hominem ut pudor : nam quod reverentia dignum est, in fame negligitur. Denique uxores viris, et filii parentibus, et quod miserrimum, matres cibum infantibus ex ipso ore rapiebant: et marcescentibus inter manus carissimis nemo parc	A04680.xml:/TEI[1]/text[1]/group[1]/text[2]/body[1]/div[6]/div[11]/p[4]/text()[18]; UTF16 offset 78; printed book 6, chapter 11; pb 717 (tcp:12923:367)	Most miserable was this manner of liuing, and a spectacle which none without tears was able to behold; for the strongest  still got the most, and the weakest bewailed their miserie: for now famine was the greatest calami	         which they had vndergone such danger: and they required them for Gods sake to doe it; yea they thought it a benefit, if being thus robbed and spoiled, they did not also perish by the swords of these miscreants. 	DIRECT_ALIGNMENT	HIGH	english-lodge1602-bellum5-unit429	828225	831181	Coarse-unit incipit and adjacent Lodge wording inspected directly against the Cardwell unit opening; the identity is secure. This decision verifies this boundary only.
5	latin-bellum5-num439	10	[439] 4. Haec quidem humiliores a satellitibus patiebantur. Honorati vero ac divites ad tyrannos perducebantur, quorum alii in insidiarum falso accusati occidebantur, alii quia Romanis proderent civitatem. Et plerunque delator subornatus indicabat, quod profugere voluissent. Si vero quem Simon expilasset, eum ad Joannem remittebat: et quem Joannes expoliasset, eum Simon excipiebat: sibique invicem propinabant sanguinem popularium, miserorumque ca	A04680.xml:/TEI[1]/text[1]/group[1]/text[2]/body[1]/div[6]/div[11]/p[5]/text()[5]; UTF16 offset 212; printed book 6, chapter 11; pb 718 (tcp:12923:368)	These calamities the baser sort of people endured at the hands of the common souldiers: but the nobles and chiefe men of the citie were led vnto the tyrants, and accused before  them of betraying the Citie vnto the Roman	other part of that which by crueltie he had extorted from the miserable Citizens, was accounted impious: and he that receiued not part, did now grieue as sustaining losse, in not hauing a share in crueltie and impietie. 	DIRECT_ALIGNMENT	HIGH	english-lodge1602-bellum5-unit439	831181	832201	Coarse-unit incipit and adjacent Lodge wording inspected directly against the Cardwell unit opening; the identity is secure. This decision verifies this boundary only.
5	latin-bellum5-num442	10	[442] 5. Singillatim quidem iniquitates eorum explanare non potero : ut autem breviter dicam, neque aliam civitatem unquam talia perpessam puto, neque ullam nationem post hominum memoriam malicia ferociorem fuisse. Postremo etiam genti Hebraeorum màledicebant, ut minus impii viderentur in alienos. Veruntamen, quod erant, et servos se, et convenas et degeneris gentis abortiones esse confessi sunt. Denique civitatem ipsi evertere, et Romanos invito	A04680.xml:/TEI[1]/text[1]/group[1]/text[2]/body[1]/div[6]/div[11]/p[5]/text()[14]; UTF16 offset 64; printed book 6, chapter 11; pb 718 (tcp:12923:368)	I am not able to recount all their iniquities: but briefly, I thinke that neuer any Citie endured the like, nor neuer any people since the memorie of men were so cruell and barbarous: and finally, to the intent that thei	they saw the higher part of the city on fire; but many amongst the Romans did with sorrow behold that sight: which we will speake of hereafter, where we wil describe the euent of that businesse.\n\n                        	DIRECT_ALIGNMENT	HIGH	english-lodge1602-bellum5-unit442	832201	833145	Coarse-unit incipit and adjacent Lodge wording inspected directly against the Cardwell unit opening; the identity is secure. This decision verifies this boundary only.
5	latin-bellum5-num446	11	[446] CAP. XI. TITO autem aggeres proficiebant, quamvis a muro milites male afficerentur : parte vero equitatus missa, jussit per valles ad alimenta comportanda exeuntibus insidias tendi. Erant autem in his nonnulli etiam pugnatores, quibus jam minime praeda sufficeret : major vero pars ex populo pauperes, quos profugere deterrebat pro affectibus suis metus. nec clam enim seditiosis fieri posse sperabant, ut cum conjugibus ac liberis diffugerent 	A04680.xml:/TEI[1]/text[1]/group[1]/text[2]/body[1]/div[6]/div[12]/p[1]/seg[1]/text()[1]; UTF16 offset 0; printed book 6, chapter 12; pb 718 (tcp:12923:368)	THe mounts and rampiers that Titus built did greatly aduantage him: and although his souldiers endured some losse by the Iewes who were vpon the wal; yet he sent part of his horsemen, and commanded them to lay wait for t	y took one after one fashion, and another after another in derision. And the multitude of the captiues was now so great, that there remained no more space to set crosses in, nor any more crosses to crucifie bodies vpon. 	DIRECT_ALIGNMENT	HIGH	english-lodge1602-bellum5-unit446	833145	834969	Boundary checked directly against the surrounding Cardwell and Lodge wording.
5	latin-bellum5-num452	11	[452] 2. Seditiosis vero tantum defuit, ut ea clade moverentur, quod etiam in contrarium eis cessit, ad deterrendam reliquam multitudinem. Transfugarum enim familiaribus ad murum tractis, et si qui erant popularium proniores ad pacem, et quae paterentur, qui ad Romanos profugerent, demonstrabant: et qui comprehensi tenebantur, eos supplices non captivos esse dicebant. Ea res multos perfugere cupientium, donec verum cognosceretur, inhibuit. Fuerun	A04680.xml:/TEI[1]/text[1]/group[1]/text[2]/body[1]/div[6]/div[12]/p[1]/text()[10]; UTF16 offset 577; printed book 6, chapter 12; pb 718 (tcp:12923:368)	But the seditious Iewes within the Citie were so farre from relenting by this massacre, that rather their  harts were hereby more hardned; so that herewith they terrified the rest of the multitude: for they catried the k	d be conserued by him that dwelt in it; whose helpe they also enioying, would deride all his threatnings, which could not come to passe God being the end of all. And thus opprobriously they exclaimed against the Romans.\n	DIRECT_ALIGNMENT	HIGH	english-lodge1602-bellum5-unit452	834969	837307	Coarse-unit incipit and adjacent Lodge wording inspected directly against the Cardwell unit opening; the identity is secure. This decision verifies this boundary only.
5	latin-bellum5-num460	11	[460] 3. Et inter haec Antiochus quoque aderat Epiphanes, multos alios armatos secum ducens, et praeterea caterva stipatus qui Macedones appellabantur, omnes aetate pares et paulo maturiores adolescentibus, more Macedonum instructi armis et eruditi. unde etiam nomen habebant, plerique tamen famam gentis aequare non poterant. Omnium enim regum qui Romanis parebant, felicissimum Comagenum fieri contigit, prius quam fortuna mutaretur. Ostendit autem	A04680.xml:/TEI[1]/text[1]/group[1]/text[2]/body[1]/div[6]/div[12]/p[3]/text()[1]; UTF16 offset 0; printed book 6, chapter 12; pb 719 (tcp:12923:368)	At this time arriued also Antiochus Epiphanes, and with him many armed men; and beside them, guarded with a companie called the Macedonians, who were all of like age and little older then young men in their youth, all tr	eir boasting speeches, they cōtinued longer in fight then it was expedient for them; at last many being wounded retired themselues, now perceiuing that the  Macedonians to win a victorie had need of Alexanders fortune. 	DIRECT_ALIGNMENT	HIGH	english-lodge1602-bellum5-unit460	837307	838872	Coarse-unit incipit and adjacent Lodge wording inspected directly against the Cardwell unit opening; the identity is secure. This decision verifies this boundary only.
5	latin-bellum5-num466	11	[466] 4. A Romanis enim duodecimo die mensis Maii aggeres inchoati, vix nono et vigesimo perfecti sunt, cum totos dies septem et decem laborassent: ingentes enim quatuor jacti sunt. et unus quidem, qui erat ad Antoniam, et a quinta legione fuerat extructus, contra medium stagnum, quod Struthium vocatur, alter vero a duodecima viginti cubitis distans. Decima vero legio, quae supra memoratis praestat, in Septentrionali parte opus erexerat, ubi stag	A04680.xml:/TEI[1]/text[1]/group[1]/text[2]/body[1]/div[6]/div[12]/p[3]/text()[13]; UTF16 offset 10; printed book 6, chapter 12; pb 719 (tcp:12923:368)	The Romans the 12. day of May began to build their Rampires, and labouring full ieuenteene whole daies, with much ado  they ended them the nine and twentith day of the said moneth. For they builded foure most huge rampie	ely appeared. The Romans at this sodaine and vnexpected exploit were amazed, being grieued at it: so that thereby those who before made account of the victorie, as though it had beene theirs alreadie, began to despaire. 	DIRECT_ALIGNMENT	HIGH	english-lodge1602-bellum5-unit466	838872	840248	Coarse-unit incipit and adjacent Lodge wording inspected directly against the Cardwell unit opening; the identity is secure. This decision verifies this boundary only.
5	latin-bellum5-num473	11	[473] 5. Biduo vero post, alios etiam aggeres Simon cum sociis aggreditur. illa enim parte Romani admotis arietibus concutere murum coeperant. Tephthaeus autem quidam ex Garsi ortus, civitate Galilaeae, et Megassarus ex regalibus famulis Mariamnes, cumque his Adiabemus quidam, filius Nabataei, nomen habens ex fortuna Agiras, cujus est interpretatio claudus, raptis facibus in machinas evolarunt. hisque viris neque audaciores in illo bello extra ci	A04680.xml:/TEI[1]/text[1]/group[1]/text[2]/body[1]/div[6]/div[12]/p[3]/text()[20]; UTF16 offset 8; printed book 6, chapter 12; pb 719 (tcp:12923:368)	Two daies after Simon and his associates did set vpon the other Rampiers: for thereon were planted Rammes, where with the Romans began to beate the wals. Amongst the rest a certaine man named Tepthaeus of Garsus a citie 	their enemies pikes, they stroke them with their fists. For the Iewes preuailed more by their hardinesse, then by their deeds: and the Romans fled more for the Iewes boldnesse, then for any harme they sustained by them. 	DIRECT_ALIGNMENT	HIGH	english-lodge1602-bellum5-unit473	840248	843170	Boundary checked directly against the surrounding Cardwell and Lodge wording.
5	latin-bellum5-num486	11	[486] 6. Jam vero Titus aderat ab Antonia, quo secesserat, locum aliis aggeribus prospiciens: multumque increpatis militibus, si cum hostium muros obtinerent, in suis periclitarentur, et velut ex carcere contra se dimissis Judaeis, obsessorum paterentur ipsi fortunam, ipse cum electis militibus hostes alatere circumvenit, illi autem cum in ora ferirentur, contra eum conversi durabant. mixta vero acie, pulvis quidem lumina, clamor vero aures exupe	A04680.xml:/TEI[1]/text[1]/group[1]/text[2]/body[1]/div[6]/div[12]/p[3]/text()[41]; UTF16 offset 453; printed book 6, chapter 12; pb 716 (tcp:12923:369)	Then Titus came from Antonia, where he had beene to view a place to build an other rampier, and he  greatly blamed the souldiers, who hauing gotten their enemies wals, did now suffer themselues to be in daunger in their 	e houre had lost that, which with such labour and so long time they had beene making, and many of their engines being now displaced, they despaired to take the citie.\n\n                        \n                           	DIRECT_ALIGNMENT	HIGH	english-lodge1602-bellum5-unit486	843170	844605	Coarse-unit incipit and adjacent Lodge wording inspected directly against the Cardwell unit opening; the identity is secure. This decision verifies this boundary only.
5	latin-bellum5-num491	12	[491] CAP. XII. TITUS autem cum ducibus quid fieret deliberabat. Et calidioribus quidem placebat, omni admoto milite vi muros experiri: adhuc enim Judaeos cum exercitus parte dimicasse, universi vero militis impetum tolerare non posse, verum sagittis esse obruendos. Prudentiores autem rursus aggeres fieri suadebant : alii et sine aggeribus assideri, egressus eorum tantummodo observando, ac ne victus intro ferretur monebant, et civitatem fami reli	A04680.xml:/TEI[1]/text[1]/group[1]/text[2]/body[1]/div[6]/div[13]/p[1]/hi[1]/seg[1]/text()[1]; UTF16 offset 0; printed book 6, chapter 13; pb 716 (tcp:12923:369)	TItus now deliberated with his captaines what was to be done, and they that were most  forwarde amongst them, thought it best with all the whose armie to assault the wals: for  that as yet the Iewes had onely fought with	 difficult, and not to be atchieued, let him cōsider that it did not become the Romans to make a base or slender peece of worke: and that no man in the world could without labour effect any great matter, but God onely. 	DIRECT_ALIGNMENT	HIGH	english-lodge1602-bellum5-unit491	844605	847146	Boundary checked directly against the surrounding Cardwell and Lodge wording.
5	latin-bellum5-num502	12	[502] 2. His dictis duces exhortatus, jubet eos exercitus in opera distribuere. Divinus autem quidam impetus militibus incidit : ambitumque partiti, non solum rectores inter se, verum ipsi etiam ordines certabant. Et miles quidem decadarcho, decadarchus autem hecatontarcho, isque chiliarcho placere properabat: chiliarchorum vero ostentatio ad duces usque pertinebat, ducum vero certamina Caesar ipse dijudicabat. In dies enim singulos circumiens, o	A04680.xml:/TEI[1]/text[1]/group[1]/text[2]/body[1]/div[6]/div[13]/p[1]/hi[4]/text()[2]; UTF16 offset 172; printed book 6, chapter 13; pb 721 (tcp:12923:369)	Hauing with these speeches encouraged his Captaines, he caused them to leade the souldiers, and dispose them all in these businesses. The souldiers had as it were some diuine force and  courage fallen vpon them: for the 	and the third vnto the Captaines of the legions, and the watchmen appointed euerie one in his turne to sleepe in: and so all night long some of them went about the Castle. \n                     \n\n                        	DIRECT_ALIGNMENT	HIGH	english-lodge1602-bellum5-unit502	847146	849266	Coarse-unit incipit and adjacent Lodge wording inspected directly against the Cardwell unit opening; the identity is secure. This decision verifies this boundary only.
5	latin-bellum5-num512	12	[512] 3. Judaeis autem cum exeundi facultate omnis etiam spes salutis adempta est : auctaque jam fames totas domos ac fami ias depascebatur. Et tecta quidem plena erant mulieribus exanimatis, atque infantibus : viarum autem angusta senibus mortuis. Adolescentes autem ac juvenes turgidi, velut umbrae mortuorum, per fora versabantur : et ubi quem casus occupaverat, decidebant. Sepelire autem funera, neque poterant prae labore, et eos quibus aliqua 	A04680.xml:/TEI[1]/text[1]/group[1]/text[2]/body[1]/div[6]/div[14]/p[1]/seg[1]/text()[1]; UTF16 offset 0; printed book 6, chapter 14; pb 721 (tcp:12923:369)	THe restraint of libertie to passe in and out of the Citie tooke from the Iewes all hope  of saftie; and the famine now increasing, consumed whole housholds and families, and the houses were full of dead women and infant	bodies that lay corrupted aboue the ground, first commaunded that all such should be buried at the charges of the Citie: at last finding not place wherein to burie them all, they threw them ouer the wals into the ditch. 	DIRECT_ALIGNMENT	HIGH	english-lodge1602-bellum5-unit512	849266	851162	Coarse-unit incipit and adjacent Lodge wording inspected directly against the Cardwell unit opening; the identity is secure. This decision verifies this boundary only.
5	latin-bellum5-num519	12	[519] 4. Quas circumiens Titus ubi plenas cadaveribus vidit, altamque saniem tabefactis corporibus defluentem, ingemuit : et extentis manibus Deum testabatur, factum illud suum non esse. Civitas quidem ita erat affecta. Romani vero, cum jam nemo seditiosorum auderet excurrere (nam etiam eos moeror, famesque tangebat) dies laetos agebant : frumenti, aliarumque rerum necessariarum habentes copiam de Syria proximisque provinciis, multi autem juxta m	A04680.xml:/TEI[1]/text[1]/group[1]/text[2]/body[1]/div[6]/div[14]/p[1]/text()[11]; UTF16 offset 201; printed book 6, chapter 14; pb 721 (tcp:12923:369)	When Titus going about the wals, beheld all the ditch filled with dead mens bodies, hee\n\nlamented, and lifting vp his hands to heauen, he called God to witnesse, that it was not his doing.  \n                         Such	r owne. For neither did any affection moue their minds, nor any griefe their bodies: for they rent and tore the dead bodies like dogges, and filled the prisons with weake and languishing people.\n\n                        	DIRECT_ALIGNMENT	HIGH	english-lodge1602-bellum5-unit519	851162	852822	Boundary checked directly against the surrounding Cardwell and Lodge wording.
5	latin-bellum5-num527	13	[527] CAP. XIII. DENIQUE Simon Matthiam, per quem obtinuerat civitatem, excruciatum peremit. Boethi filius erat, ex pontificibus populo maxime fidelis et carus. Is, cum a Zelotis male populus tractaretur, quibus jam Joannes accesserat, ut adjutorem Simonem reciperet, populo persuasit: nulla cum eo prius habita pactione, nec aliquid mali metuens. Ingressus autem ille, postquam obtinuit civitatem, inimicum eum aeque atque alios esse dicebat, qui pr	A04680.xml:/TEI[1]/text[1]/group[1]/text[2]/body[1]/div[6]/div[15]/p[1]/seg[1]/text()[1]; UTF16 offset 0; printed book 6, chapter 15; pb 722 (tcp:12923:370)	AT last Simon hauing tormented Matthias put him to death, notwithstanding that by his  \n                         meanes he had obtained the Citie. This Matthias was sonne vnto Boethus a Priest, whom the people for his fi	pt him in prison, and with the publike voice of a crier proclaimed, that no man should talke with him nor visit him, pretending feare of treason: and whosoeuer bewailed his estate, were put to death without any  triall. 	DIRECT_ALIGNMENT	HIGH	english-lodge1602-bellum5-unit527	852822	854834	Boundary checked directly against the surrounding Cardwell and Lodge wording.
5	latin-bellum5-num534	13	[534] 2. Ista videns quidam Judas filius Judae unus ex numero praefectorum Simonis, qui turrim ab eo sibi creditam custodiebat, fortasse quidem nonnihil etiam misericordia crudeliter pereuntium, magis autem sui providentia, convocatis decem fidissimis contubernalium : quousque tandem, inquit, haec mala sustinebimus ? quamve salutis spem habemus, servantes pessimo fidem ? Ecce jam fames oppugnat. Romani vero pene intus sunt. Simon autem bene quoqu	A04680.xml:/TEI[1]/text[1]/group[1]/text[2]/body[1]/div[6]/div[15]/p[1]/text()[27]; UTF16 offset 9; printed book 6, chapter 15; pb 722 (tcp:12923:370)	It happened a certaine man called Iudas the sonne of Iudas, who was one of Simons Captaines seeing this (who also kept a tower that Simon committed vnto his charge, perhaps moued with compassion towards them that perishe	e while Titus with certaine armed men came vnto the wall, Simon had notice of their intent; & so speedily got the tower, and\n\nslew thē that were within in the sight of the Romans, & cast down their bodies ouer the wal. 	DIRECT_ALIGNMENT	HIGH	english-lodge1602-bellum5-unit534	854834	856455	Coarse-unit incipit and adjacent Lodge wording inspected directly against the Cardwell unit opening; the identity is secure. This decision verifies this boundary only.
5	latin-bellum5-num541	13	[541] 3. Ibique circumiens Josephus (nec enim rogare cessabat) caput vulneratur lapide, statimque attonitus cadit. Excursus autem ad ejus casum factus est Judaeorum : abreptusque esset in civitatem, nisi Caesar misisset, qui eum protegerent. Illis autem pugnantibus Josephus quidem tollitur, parum quod ageretur intelligens. seditiosi vero, tanquam interfecto quem maxime cupiebant, cum laetitia conclamaverunt. Spargitur autem hic rumor per civitate	A04680.xml:/TEI[1]/text[1]/group[1]/text[2]/body[1]/div[6]/div[15]/p[1]/text()[39]; UTF16 offset 85; printed book 6, chapter 15; pb 723 (tcp:12923:370)	And  \n                         \n                        Ioseph going about the wal, and comming thither (for he neuer ceased from requesting the Iewes to remember their estate) he was strook vpon the head with a stone, &	should finde that he would be reuenged on them for his wound; yet he ceased not to exhort the people to obey the Romans, and yeeld: but the seditious seeing him aliue were astonished, and the people conceiued good hope. 	DIRECT_ALIGNMENT	HIGH	english-lodge1602-bellum5-unit541	856455	857991	Coarse-unit incipit and adjacent Lodge wording inspected directly against the Cardwell unit opening; the identity is secure. This decision verifies this boundary only.
5	latin-bellum5-num548	13	[548] 4. Profugorum autem alii statim de muro necessitate prosiliebant: alii velut ad pugnam cum lapidibus progredi simulantes, mox ad Romanos profugiebant. Hos autem saevior ea quam intus pertulerant fortuna consequebatur : et fame, quam domi reliquerant, velociorem apud Romanos inveniebant ad exitium satietatem. aderant namque inflati ex inedia, et velut morbo intercutis aquae turgidi. deinde vacuata replentes corpora disrumpebantur : nisi qui 	A04680.xml:/TEI[1]/text[1]/group[1]/text[2]/body[1]/div[6]/div[15]/p[2]/text()[8]; UTF16 offset 296; printed book 6, chapter 15; pb 723 (tcp:12923:370)	Many (present necessitie vrging them) leapt off the wals and fled vnto the Romans; diuers with stones going forth vnder pretence to fight with the Romans, yeelded themselues,  who had harder fortune there then within the	suppliants, to see if they could find any gold  or siluer within them. And I am perswaded that there was no greater calamitie befell the Iewes then this was: for in one night the bellies of two thousand Iewes were ript. 	DIRECT_ALIGNMENT	HIGH	english-lodge1602-bellum5-unit548	857991	859493	Coarse-unit incipit and adjacent Lodge wording inspected directly against the Cardwell unit opening; the identity is secure. This decision verifies this boundary only.
5	latin-bellum5-num553	13	[553] 5. Et hac Titus injustitia cognita, pene jussisset autores circunfuso equitatu jaculis appeti, nisi magna fuisset multitudo noxiorum, multoque plures puniendi, quam qui fuerant interempti. Convocatis autem auxiliarium ducibus, itemque militum Romanorum (nam etiam militum quosdam haec tangebat invidia) utrisque iratus dicebat : si qui militum suorum haec committerent lucri causa incerti, nec arma propria quisquam erubesceret auro argentoque 	A04680.xml:/TEI[1]/text[1]/group[1]/text[2]/body[1]/div[6]/div[15]/p[2]/hi[3]/text()[1]; UTF16 offset 0; printed book 6, chapter 15; pb 723 (tcp:12923:370)	Titus hearing of this  crueltie, had caused the authors here of to haue been compassed round with horsemen, and slaine with darts, had the multitude of the offenders been knowne; many more of them should haue bin punishe	e that they sought for; and the most of them that were slaine had no gold nor siluer found within them. And this mischiefe caused many that fled vnto the Romans to returne againe into the Citie.\n\n                        	DIRECT_ALIGNMENT	HIGH	english-lodge1602-bellum5-unit553	859493	861599	Coarse-unit incipit and adjacent Lodge wording inspected directly against the Cardwell unit opening; the identity is secure. This decision verifies this boundary only.
5	latin-bellum5-num562	13	[562] 6. Joannes autem, ubi rapinae ex populo defuere, ad sacrilegium sese convertit : multaque donaria templi retinens, multaque vasa divinae rei ministerio necessaria, crateras, et lances, et mensas, ne urceolis quidem abstinuit, quos Augustus ejusque uxor miserat. Romanorum quidem imperatores honoraverunt semper templum atque ornaverunt : tunc autem Judaeus etiam alienigenarum dona distrahebat. ad socios autem dicebat, sine metu divinis abuti 	A04680.xml:/TEI[1]/text[1]/group[1]/text[2]/body[1]/div[6]/div[16]/p[1]/seg[1]/text()[1]; UTF16 offset 0; printed book 6, chapter 16; pb 724 (tcp:12923:371)	WHen Iohn could rob no more, nor get any spoile from the Citizens, whom he had robbed of all they had, he presently fell to sacrilege, and tooke many gifts that were bestowed  vpon the temple, and carried away sacred ves	er and lightning which consumed Sodome would haue light vpon it: for the people of this Citie were farre more impious then the Sodomites. In briefe, by their desperation and obstinacie the whole nation was extinguished. 	DIRECT_ALIGNMENT	HIGH	english-lodge1602-bellum5-unit562	861599	863035	Coarse-unit incipit and adjacent Lodge wording inspected directly against the Cardwell unit opening; the identity is secure. This decision verifies this boundary only.
5	latin-bellum5-num567	13	[567] 7. Et quid opus est singulatim narrare clades ? Mannaeus Lazari filius, transgressus ad Titum, per unam portam quae sibi credita fuerat centum et quindecim millia et octingenta dixit elata cadavera, ex quo die castra prope civitatem posita sunt, ex die quartadecima mensis Aprilis, usque ad calendas Julii. haec autem immensa est multitudo: nec tamen ipse fuit appositus portae, sed publicam mercedem dividens, mortuos ex necessitate numerabat.	A04680.xml:/TEI[1]/text[1]/group[1]/text[2]/body[1]/div[6]/div[16]/p[1]/text()[15]; UTF16 offset 60; printed book 6, chapter 16; pb 724 (tcp:12923:371)	What need I recount euerie particular miserie? Mannaeus the sonne of Lazarus flying to Titus out of the gate that was committed  vnto his custodie, and yeelding himselfe vnto him, recounted vnto Titus that from the time 	ented not, but suffered them to be brought to that calamitie: for their hearts were so blinded by the prouidence of God, that they could not see what hanged ouer their heads, and ouer the Citie.\n\n                        	DIRECT_ALIGNMENT	HIGH	english-lodge1602-bellum5-unit567	863035	864838	Coarse-unit incipit and adjacent Lodge wording inspected directly against the Cardwell unit opening; the identity is secure. This decision verifies this boundary only.
6	latin-bellum6-num1	1	[1] CAP. I. CLADES quidem Hierosolymorum in pejus quotidie procedebant, cum et seditiosi magis accenderentur adversis inclusi, postquam populum fames ipsosque jam possederat. Quin et multitudo congestorum in civitate cadaverum et visu horrenda erat, odoremque pestiferum emittebat, cum excursus etiam pugnantium moraretur. Nam veluti per aciem ruerent, plurima caede excitata, conculcare mortuos cogebantur: et qui super eos pedem ponerent, neque mis	A04680.xml:/TEI[1]/text[1]/group[1]/text[2]/body[1]/div[7]/div[1]/p[1]/seg[1]/text()[1]; UTF16 offset 0; printed book 7, chapter 1; pb 725 (tcp:12923:371)	THE miserie of Ierusalem euery day encreased, the seditious being by reason  of their miserie more & more incited against the people: for now the famine  was not only amongst the people, but amongst them also. And it was	m teares, or not lament the woful change so farre different from the former? For now this warre extinguished vtterly all signes of beauty: neither could one comming sodainly now know the place which he well knew before.\n	DIRECT_ALIGNMENT	HIGH	english-lodge1602-bellum6-unit1	864838	866426	Boundary checked directly against the surrounding Cardwell and Lodge wording.
6	latin-bellum6-num9	1	[9] 2. Romanis autem ac Judaeis, finitum opus aggerum pa* faciebat timoris initium. namque hi, nisi eos quoque exurerent, captum iri civitatem putabant : Romani autem, fortasse nec voluntatem sibi fore illis incensis alios parare. nam et materiae defecerant : et labori quidem corpora militum, crebris vero offensionibus animi cesserant. Verum civitatis cladibus tristius Romani quam cives in ea degentes afficiebantur. ad mala enim quae hinc accideb	A04680.xml:/TEI[1]/text[1]/group[1]/text[2]/body[1]/div[7]/div[1]/p[2]/text()[1]; UTF16 offset 0; printed book 7, chapter 1; pb 726 (tcp:12923:372)	When the mounts were ended, both the Romans and the Iewes greatly feared: the Iewes for  that except they were destroyed, their citie would be presently taken: the Romans, for that if  these were ouerthrowne, they knew n	 inuincible, who were hardened and encouraged by miserie. For who were able  to abide their forces in prosperitie, who by aduersitie were incited to vertue? Wherefore the Romans made a stronger watch about their mounts. 	DIRECT_ALIGNMENT	HIGH	english-lodge1602-bellum6-unit9	866426	867611	Coarse-unit incipit and adjacent Lodge wording inspected directly against the Cardwell unit opening; the identity is secure. This decision verifies this boundary only.
6	latin-bellum6-num15	1	[15] 3. Joannis autem factio apud Antoniam, simul et quae futura timebantur, si disjiceretur murus, cavebat, et antequam arietes admoverentur operibus instabat: nisi quia conatus eorum irritus fieret. Aggressi enim cum facibus aggerem, spe decepti remeavere. Nam primum ne concordare quidem eorum videbatur consilium, paulatim et per intervalla, et cunctanter, non sine metu prosilientium, neque Judaeorum more, ut breviter dicam. deerant enim quae p	A04680.xml:/TEI[1]/text[1]/group[1]/text[2]/body[1]/div[7]/div[1]/p[2]/text()[9]; UTF16 offset 47; printed book 7, chapter 1; pb 726 (tcp:12923:372)	But Iohns followers who were in the Castle Antonia, fearing what might ensue if the wall were battered, preuented it in what they could, before the Rams were set vp: and taking firebrands in their hands they assaulted th	ken and shaken, the night hindred both parties from doing any more at that time, and in it the wall now shaken with the Ramme (in the  place which Iohn had vndermined to destroy the mounts, the mine setling) fell downe. 	DIRECT_ALIGNMENT	HIGH	english-lodge1602-bellum6-unit15	867611	870675	Coarse-unit incipit and adjacent Lodge wording inspected directly against the Cardwell unit opening; the identity is secure. This decision verifies this boundary only.
6	latin-bellum6-num29	1	[29] 4. Verum praeter spem utrorumque animi affecti sunt. Nam Judaei quidem quibus moerorem esse oportebat, quod ruina praeter spem acciderat, et adversus eam praecauti non fuerant, tanquam maneret Antonia confidebant. Romanorum autem inopinatam laetitiam ex celeri subversioue natam, conspectus alius murus, quem intrinsecus Joannes aedificaverat, cito restinxit. Verumtamen priore facilior oppugnatio videbatur. Tunc enim et ascensum per ruinas pro	A04680.xml:/TEI[1]/text[1]/group[1]/text[2]/body[1]/div[7]/div[1]/p[3]/text()[9]; UTF16 offset 69; printed book 7, chapter 1; pb 726 (tcp:12923:372)	So that fell out otherwise then either part expected: For the Iewes who indeed had cause to be sorrowfull for the mine of the wall, and for that they did not preuent that mischance, were ioyfull and\n\ncouragious, as thoug	d fall, were againe dismaied, seeing the other wall that Iohn had built within, yet they iudged it easier to be taken then the former; but no man durst ascend it, for that he who first assaulted it, was certaine to die. 	DIRECT_ALIGNMENT	HIGH	english-lodge1602-bellum6-unit29	870675	871281	Boundary checked directly against the surrounding Cardwell and Lodge wording.
6	latin-bellum6-num33	1	[33] 5. Titus vero spe atque oratione putans alacritatem pugnantium excitari, et adhortatione atque promissis saepe quidem periculorum nasci oblivia, interdum autem mortem solere contemni, in unum congregatos fortissimos experiebatur dicens: Commilitones, hortari quidem ad ea quae periculum non afferunt, aperte et ipsis qui rogantur, et qui eos rogant, ignaviae reprehensionem parit. exhortatione autem opus est in solis rebus ambiguis : quippe ill	A04680.xml:/TEI[1]/text[1]/group[1]/text[2]/body[1]/div[7]/div[1]/p[3]/hi[4]/text()[1]; UTF16 offset 0; printed book 7, chapter 1; pb 727 (tcp:12923:372)	Titus▪\n                         thinking that by hope and perswasion his souldiers might be encouraged, and knowing many times promises and exhortations made men forget daunger, and sometime to contemne death it selfe; h	from hence forth I decree that whosoeuer escapeth, shall be Gouernour ouer them that are now his equals; and who so is slaine in this quarrell, I will doe him great honour.\n                     \n\n                        	DIRECT_ALIGNMENT	HIGH	english-lodge1602-bellum6-unit33	871281	876370	Coarse-unit incipit and adjacent Lodge wording inspected directly against the Cardwell unit opening; the identity is secure. This decision verifies this boundary only.
6	latin-bellum6-num54	1	[54] 6. Talia dicente Tito, caetera quidem multitudo periculi magnitudinem timuit : eorum vero unus, qui in cohortibus militarent, Sabinus nomine, genere Syrus, vir et manu simul et animo fortis apparuit: licet si quis eum ante vidisset, quantum ex habitu corporis, ne specie quidem militem esse credidisset: erat enim colore nigro, exilis habitudine : sed anima quaedam heroica in macro corpore, atque angustiore viribus suis habitabat. Cum primus i	A04680.xml:/TEI[1]/text[1]/group[1]/text[2]/body[1]/div[7]/div[1]/p[4]/hi[1]/text()[1]; UTF16 offset 0; printed book 7, chapter 1; pb 727 (tcp:12923:372)	Titus hauing thus spoken, the rest of the multitude feared the greatnesse of the daunger: but one of them that warted in the companies named Sabinus, a Syrian borne, a man of excellent strength and courage; yet of so sma	 were left of his companie, hauing almost gotten to the top of the wall, were slaine with stones, and the rest being wounded were carried into the campe. And this was done the third day of Iuly.\n\n                        	DIRECT_ALIGNMENT	HIGH	english-lodge1602-bellum6-unit54	876370	879020	Coarse-unit incipit and adjacent Lodge wording inspected directly against the Cardwell unit opening; the identity is secure. This decision verifies this boundary only.
6	latin-bellum6-num68	1	[68] 7. Biduo autem post, viginti de numero excubantium per aggeres militum congregati, signiferum ordinis sui, et duos quosdam ex ala equitum, et tubicinem unum ad se vocant: nonaque noctis hora per ruinas ad Antoniam ociose procedunt. occisis autem primis custodibus somno oppressis, murum obtinent, ac buccina signum dari praecipiunt: quo caeteri quidem vigiles subito exuscitantur, et fugiunt priusquam multitudinem quae murum ascenderat, cernere	A04680.xml:/TEI[1]/text[1]/group[1]/text[2]/body[1]/div[7]/div[2]/p[1]/seg[1]/text()[1]; UTF16 offset 0; printed book 7, chapter 2; pb 728 (tcp:12923:373)	TWo dayes after, twentie of the watchmen which guarded the mounts, two horsemen, and one trumpetter gathered themselues together: and about the ninth houre of the  \n                         night, they came by the ruines	 to fight, for feare they should be ouercome. And that parcell of the Romane armie (for as yet the legions were not come) thought it sufficient at that time to haue gotten the Castle of Antonia.\n\n                        	DIRECT_ALIGNMENT	HIGH	english-lodge1602-bellum6-unit68	879020	881674	Coarse-unit incipit and adjacent Lodge wording inspected directly against the Cardwell unit opening; the identity is secure. This decision verifies this boundary only.
6	latin-bellum6-num81	1	[81] 8. Julianus vero quidam centurio ex Bithynia non ignobilis, quem in illo bello et armorum peritia et viribus corporis et animi spiritu omnium fortissimum ipse cognovi, ubi Romanos jam cedere et male repugnare conspexit (propter Titum autem apud Antoniam stabat) subito prosiliit, jamque Judaeos vincentes solus ad interiorem usque templi angulum persecutus est. Fugiebat autem universa multitudo, neque vim ejus neque audaciam hominis esse opina	A04680.xml:/TEI[1]/text[1]/group[1]/text[2]/body[1]/div[7]/div[3]/p[1]/seg[1]/text()[1]; UTF16 offset 0; printed book 7, chapter 3; pb 729 (tcp:12923:373)	THere was one Iulian a Centurion borne in Bithynia of good parentage, who (as my selfe  well knew) was most valiant of all, both in strength of body, and skill, and couragious minde. This Iulian seeing now the Romans to 	panie Malachias and Iudas the sonne of Merton, and Iames the sonne of Sosa, captaine of the Idumaeans; and two brethren of the Zelous the sonnes of Iairus, Simon and Iudas.\n                     \n\n                        	DIRECT_ALIGNMENT	HIGH	english-lodge1602-bellum6-unit81	881674	884041	Coarse-unit incipit and adjacent Lodge wording inspected directly against the Cardwell unit opening; the identity is secure. This decision verifies this boundary only.
6	latin-bellum6-num93	2	[93] CAP. II. TITUS autem militibus suis imperat Antoniae fundamenta diruere, facilemque ascensum cuncto exercitui praeparare. Ipse vero Josepho ad se vocato (nanque audierat eo die qui erat mensis Julii septimus decimus, divinam observantiam, quae entelechismos vocatur, virorum penuria defuisse, eaque re populum nimis dolere) iterum dici Joanni praecepit quae ante mandaverat: quod etiam si quis eum pugnandi saevus amor teneret, cum qua placeret 	A04680.xml:/TEI[1]/text[1]/group[1]/text[2]/body[1]/div[7]/div[4]/p[1]/seg[1]/text()[1]; UTF16 offset 0; printed book 7, chapter 4; pb 729 (tcp:12923:373)	AFter that Titus had commanded his souldiers to pull downe the foundations of Antonia, and make an easie entrance for the whole army: He called Ioseph vnto him (for he vnderstood that day being the seuenteenth of Iuly, t	ull of your dead bodies. Certainly it is God, God it is that togither with the Romans, bringeth in fire to purge this citie filled with iniquitie. \n                        \n                     \n\n                        	DIRECT_ALIGNMENT	HIGH	english-lodge1602-bellum6-unit93	884041	888216	Boundary checked directly against the surrounding Cardwell and Lodge wording.
6	latin-bellum6-num111	2	[111] 2. Haec Josepho cum fletu et lacrymis prosequente, vo* ejus singultibus interrupta est. Et Romani quidem miserati dolorem, admirati sunt. Joannes autem ejusque socii magi* contra Romanos irritabantur, illum quoque capere cupiente* Nobilium tamen plurimos commovit ejus oratio. Et nonnulli quidem seditiosorum custodias formidantes, locis suis manebant, jamdudum certi de suo pariter et civitatis exitio. Fuerunt autem, qui capto discessionis te	A04680.xml:/TEI[1]/text[1]/group[1]/text[2]/body[1]/div[7]/div[4]/p[3]/hi[1]/text()[1]; UTF16 offset 0; printed book 7, chapter 4; pb 730 (tcp:12923:374)	Ioseph thus crying with teares and lamentations, he could speake no more for sobbing: And  the Romans compassionating his sorrow and affliction were astonished. But Iohn and his confederates were so much the more incited	y who had fled vnto the Romans were slaine, meaning hereby to terrifie the rest from flying to them: and this their deuice a while preuailed, as their former did; and they that faine would, durst not now flie for feare. 	DIRECT_ALIGNMENT	HIGH	english-lodge1602-bellum6-unit111	888216	889749	Coarse-unit incipit and adjacent Lodge wording inspected directly against the Cardwell unit opening; the identity is secure. This decision verifies this boundary only.
6	latin-bellum6-num118	2	[118] 3. Rursus autem postquam eos Titus revocatos a Gophna cum Josepho murum circumire, et populo conspici jussit, multi ad Romanos fugiebant. ln unum vero congregati, et ante Romanos stantes, cum lacrymis atque ululatu seditiosos rogabant, primo quidem ut in civitatem Romanos susciperent, patriamque servarent: si hoc displiceret, saltem de fano exirent, templumque sibi liberarent. Nec enim ausuros sine maxima necessitate Romanos ignem sanctis i	A04680.xml:/TEI[1]/text[1]/group[1]/text[2]/body[1]/div[7]/div[4]/p[3]/text()[16]; UTF16 offset 591; printed book 7, chapter 4; pb 730 (tcp:12923:374)	But afterward when Titus recalled them from Gophna, and commanded  them to go about the wals with Ioseph, and shew themselues vnto the people; then many of the Iewes fled vnto the Romans. And after they had gathered them	ng the like. For there  was no one amongst the Roman souldiers, that did not with reuerence behold the temple, and adore it, and that did not hartily wish that the theeues would repent themselues before it was too late. 	DIRECT_ALIGNMENT	HIGH	english-lodge1602-bellum6-unit118	889749	891253	Coarse-unit incipit and adjacent Lodge wording inspected directly against the Cardwell unit opening; the identity is secure. This decision verifies this boundary only.
6	latin-bellum6-num124	2	[124] 4. Titus autem dolens vicem eorum, iterum Joannem ejusque socios increpabat, dicens : Nonne vos, o sceleratissimi, cancello sanctum locum protexistis ? Nonne literis Graecis ac nostris incisas tabulas constituistis, quibus ne septa cuiquam transgredi liceret, edicitur? Nonne eos qui transissent, quamvis Romanus quis esset, vobis necare permisimus? Quid igitur in eo etiam mortuos conculcastis, o nocentissimi ? Aut cur templum et externi et g	A04680.xml:/TEI[1]/text[1]/group[1]/text[2]/body[1]/div[7]/div[4]/p[3]/text()[25]; UTF16 offset 197; printed book 7, chapter 4; pb 730 (tcp:12923:374)	Moreouer, Titus pitying the seditious once againe spake vnto Iohn and his adherents, saying: O yee impious people, haue not you inuironed the temple about with a cloister? haue not  you your selues in Greeke and our lang	this place, that then no Roman shall come into these holy places, nor commit any thing in contumely of them, but I will preserue the temple for you against your wils.\n\n                        \n                           	DIRECT_ALIGNMENT	HIGH	english-lodge1602-bellum6-unit124	891253	892412	Coarse-unit incipit and adjacent Lodge wording inspected directly against the Cardwell unit opening; the identity is secure. This decision verifies this boundary only.
6	latin-bellum6-num129	2	[129] 5. Haec Josepho internunciante principis dicta, latrones ac tyranni existimantes non benevolentia, sed timiditate hos sermones fieri, in superbiam tollebantur. Titus autem, qui neque seipsos miserari eos, neque templo parcere prospiciebat, rursus bellum gerere decrevit. Sed universum quidem his militem, quod locus eum non caperet, inferre non poterat. Tricenis autem de singulis centuriis viris fortissimis lectis, etiam chiliarchis singulis 	A04680.xml:/TEI[1]/text[1]/group[1]/text[2]/body[1]/div[7]/div[5]/p[1]/hi[1]/seg[1]/text()[1]; UTF16 offset 0; printed book 7, chapter 5; pb ? (tcp:12923:374)	IOseph hauing deliuered these words of Titus vnto the Iewes, the seditious thinking that they proceeded not of good will but of feare, began to be more proud hereat. Then Titus seeing that they neither pitied themselues 	, but that he himselfe would be a beholder of euerie mans vertue, and a witnesse thereof, vvho was their Lord either to reward or punish. Then  he went vnto a watchtower in Antonia, from whence he beheld vvhat was done. 	DIRECT_ALIGNMENT	HIGH	english-lodge1602-bellum6-unit129	892412	894084	Coarse-unit incipit and adjacent Lodge wording inspected directly against the Cardwell unit opening; the identity is secure. This decision verifies this boundary only.
6	latin-bellum6-num136	2	[136] 6. Verum hi qui missi fuerant, non ita, ut sperabant, somno oppressos invenere custodes : sed coortis cum clamore, confestim manus conseruere, excubitorum autem tumultu exciti caeteri catervatim excurrere. Itaque primorum quidem impetum excipiebant Romani : qui autem illos sequerentur, in agmen proprium incidebant, multisque suorum velut hostibus utebantur. Vocis namque agnitionem confusus partium clamor, oculorum autem singulis nox ademera	A04680.xml:/TEI[1]/text[1]/group[1]/text[2]/body[1]/div[7]/div[5]/p[1]/text()[13]; UTF16 offset 77; printed book 7, chapter 5; pb ? (tcp:12923:374)	But they whom Titus sent, did not finde the watchmen asleepe as they hoped, but with a crie assaulted the Romans that came against them: and at this noise they awaked their fellowes: who came in  whole companies to assis	athla, but Iames vvas the sonne of Sosa: and all these were of\n\n                        Simons company, and of Iohns followers Gyphthaeus, and Alexas; & of the Zealous Simon the son  \n                         of Iairus. 	DIRECT_ALIGNMENT	HIGH	english-lodge1602-bellum6-unit136	894084	896902	Coarse-unit incipit and adjacent Lodge wording inspected directly against the Cardwell unit opening; the identity is secure. This decision verifies this boundary only.
6	latin-bellum6-num149	2	[149] 7. At Romanorum reliqua manus, die septimo subversis Antoniae fundamentis, latam viam usque ad templum fecit. admotaeque muro legiones, mox aggeres inchoabant: unum contra interioris templi angulum, qui ad Septentrionem Orientemque spectabat : alterum contra exedram, ad Aquilonis partem inter duas portas aedificatam : aliorum duorum unum contra porticum Occidentalem templi exterioris, alterum contra Septentrionalem. Magno tamen opus cum lab	A04680.xml:/TEI[1]/text[1]/group[1]/text[2]/body[1]/div[7]/div[5]/p[1]/text()[46]; UTF16 offset 1; printed book 7, chapter 5; pb 732 (tcp:12923:375)	But the seuenth day the rest of the Romans pulling downe the foundations of Antonia, made a large entrance for the rest of the armie. And the legions comming vnto the wal, presently began to raise mounts, one against the	ied, kept their horses better. For after that, when they went about any busines, they neuer left their horses in the pastures, but kept alwaies with them. Thus the Romanes assaulted the Temple, and builded there mounts.\n	DIRECT_ALIGNMENT	HIGH	english-lodge1602-bellum6-unit149	896902	898541	Coarse-unit incipit and adjacent Lodge wording inspected directly against the Cardwell unit opening; the identity is secure. This decision verifies this boundary only.
6	latin-bellum6-num157	2	[157] 8. Altera vero die post eorum ascensum, multi seditiosorum, quos rapinae defecerant et fames urgebat, congregati, in praesidia Romanorum, quae Elaeon montem versus collocata erant, circa undecimam diei horam impetum faciunt. sperabant enim primo quidem inopinatos, deinde curandi corporis causa quiescentes, facile decipi posse. Verum cognito illorum conatu, Romani de propriis custodiis celeriter collecti obstabant eis, murum transcendere ac 	A04680.xml:/TEI[1]/text[1]/group[1]/text[2]/body[1]/div[7]/div[5]/p[2]/text()[1]; UTF16 offset 0; printed book 7, chapter 5; pb 732 (tcp:12923:375)	The day following certaine of the seditious, who now could get no more booties in the Citie, and now also began to taste of hunger, assaulted the Romans that were placed towards mount  Oliuet about the eleuenth houre of 	sar as a present. Titus admiring Pedanius his strength, and punishing the captiue for hauing attempted to assault the wal, he now hasted to assaile the temple, & commanded  the workemen quickly to dispatch their mounts. 	DIRECT_ALIGNMENT	HIGH	english-lodge1602-bellum6-unit157	898541	900103	Coarse-unit incipit and adjacent Lodge wording inspected directly against the Cardwell unit opening; the identity is secure. This decision verifies this boundary only.
6	latin-bellum6-num164	2	[164] 9. Inter quae Judaei adversis praeliis male tractati, tumescente paulatim bello et in templi serpente perniciem, sicut in putrefacto corpore assolet, membra peste occupata, praevenientes ne ulterius procederet, abscindebant. Porticus enim parte, quae ab Aquilone in Orientem pertinens Antoniae jungebatur, incensa, deinde ad xx. fere cubitos abrupere, immisso sanctis incendio manibus suis. Biduo autem post, praedicti mensis vicesimo et quarto	A04680.xml:/TEI[1]/text[1]/group[1]/text[2]/body[1]/div[7]/div[5]/p[2]/text()[12]; UTF16 offset 48; printed book 7, chapter 5; pb 732 (tcp:12923:375)	In the meane time the Iewes being ill handled in the former wars, and warre still encreasing to the ouerthrow of the temple, they did, as the custome is in a putrified bodie, preuent the plague from going any further by 	 to haue hindred the fire. The porch being on fire, they permitted so much to be burned as they thought good for their purpose. The fight about the temple neuer ceased, many excursions  were made one against each other.\n	DIRECT_ALIGNMENT	HIGH	english-lodge1602-bellum6-unit164	900103	901191	Coarse-unit incipit and adjacent Lodge wording inspected directly against the Cardwell unit opening; the identity is secure. This decision verifies this boundary only.
6	latin-bellum6-num169	2	[169] 10. lisdem autem diebus, quidam ex Judaeis, vir et corpore brevis, et vultu despicabilis, tamque genere quam rebus aliis vilissimus, Jonathas nomine, progressus ad Joannis pontificis nonumentum, cum alia multa superbe ad Romanos prolocutus est, tum quem fortissimum haberent ad singulare praelium provocavit. At qui contra stetere, multi quidem dedignabantur : erant autem inter eos (ut assolet) etiam, qui timerent: quosdam vero non inconsulta	A04680.xml:/TEI[1]/text[1]/group[1]/text[2]/body[1]/div[7]/div[5]/p[3]/text()[1]; UTF16 offset 0; printed book 7, chapter 5; pb 732 (tcp:12923:375)	About this time a certaine Iew of low stature, and to see to a contemptible person, euery way an abiect, both by reason of his base parentage and otherwise, named Ionathan, who going to the monument of Iohn the Priest, d	h deed, both the Romans and the Iewes raised a confused crie or noyse. So Ionathan here shewed how quickly reuenge pursued the felicitie of warlike victorie, falling out contrarie to all reason.\n\n                        	DIRECT_ALIGNMENT	HIGH	english-lodge1602-bellum6-unit169	901191	903058	Coarse-unit incipit and adjacent Lodge wording inspected directly against the Cardwell unit opening; the identity is secure. This decision verifies this boundary only.
6	latin-bellum6-num177	3	[177] CAP. III. SEDITIOSI vero templum tenentes aperte quidem et quotidie militibus in aggeribus positis repugnabant. Vicesimo autem septimo die praedicti mensis, hujusmodi dolum excogitant. Occidentalis porticus spacium, quod inter culmen et trabes erat vacuum, sylvis aridis, itemque sulfure ac bitumine replevere. Deinde velut oppressi cedebant. Quare multi quidem temerarii fugientibus instabant, et in porticum ascendere positis scalis nitebantu	A04680.xml:/TEI[1]/text[1]/group[1]/text[2]/body[1]/div[7]/div[6]/p[1]/seg[1]/text()[1]; UTF16 offset 0; printed book 7, chapter 6; pb 733 (tcp:12923:375)	THe seditious that kept the Temple, did now euerie day openly in fight resist the Romans that kept the mounts, and the seuen and twentie day they deuised this stratageme. They filled the voide part of the East porch of t	ch as a sumptuous funerall: but some escaped the fire and got into the largest part of the porch; yet inuironed round about with Iewes, hauing long resisted, though with many wounds, yet in the end they were all slaine.\n	DIRECT_ALIGNMENT	HIGH	english-lodge1602-bellum6-unit177	903058	904891	Boundary checked directly against the surrounding Cardwell and Lodge wording.
6	latin-bellum6-num186	3	[186] 2. Post omnes autem quidam juvenis, nomine Longus, toti huic ornamento fuit calamitati, et quamvis sigillatim digni sint memoria, qui periere, omnium tamen fortissimus demonstratus. Quem Judaei quidem, et quia fortis erat, et quia interficere eum cupiebant, ad se descendere promissa fide hortabantur. Frater vero ejus Cornelius, qui ex altera parte stabat, ne gloriam suam Romanamque militiam dehonestaret orabat: cui magis obtemperavit, subla	A04680.xml:/TEI[1]/text[1]/group[1]/text[2]/body[1]/div[7]/div[6]/p[2]/text()[1]; UTF16 offset 0; printed book 7, chapter 6; pb 733 (tcp:12923:375)	At last a young man named Longus, was an honour to all this miserie, and notwithstanding that euerie one that there perished deserued particularly to be remembred, yet hee shewed himselfe  the most valiant of them all. T	hich contained the corners of the wall builded ouer the valley  Cedron, so that it was terrible to behold the valley from thence, by reason of the depth.\n\n                        SVch were the affaires about the temple, 	DIRECT_ALIGNMENT	HIGH	english-lodge1602-bellum6-unit186	904891	906566	Coarse-unit incipit and adjacent Lodge wording inspected directly against the Cardwell unit opening; the identity is secure. This decision verifies this boundary only.
6	latin-bellum6-num193	3	[193] 3. Eorum vero qui per civitatem fame corrumpebantur, infinita multitudo moriebatur. Inenarrabiles autem clades eveniebant. Per singulas namque domos sicubi aliqua vestigia cibi apparuissent, bellum ilico gerebatur: et amicissimi inter se ad manus veniebant, niseris deripientes animis viaticum. Fides autem penuriae nec morientibus habebatur : sed etiam quos viderent expirare, scrutabantur latrones, ne quem forte cibum sinu occultans quispiam	A04680.xml:/TEI[1]/text[1]/group[1]/text[2]/body[1]/div[7]/div[7]/p[1]/text()[2]; UTF16 offset 40; printed book 7, chapter 7; pb 734 (tcp:12923:376)	but an infinite multitude perished within the citie through famine, so that they could not bee numbered, for in euerie place wher any shew  or signe of foode was, presently arose a battell and the dearest friends of all 	ie, least posteritie should thinke I lie, had I not many witnesses hereof, and perhaps should incur reprehension, not fully recounting all accidents of them that are dead. \n                     \n\n                        	DIRECT_ALIGNMENT	HIGH	english-lodge1602-bellum6-unit193	906566	908055	Coarse-unit incipit and adjacent Lodge wording inspected directly against the Cardwell unit opening; the identity is secure. This decision verifies this boundary only.
6	latin-bellum6-num201	3	[201] 4. Mulier quaedam ex numero trans Jordanem habitantium incolarum, Maria nomine, Eleazari filia de vico Vetezobra, quod significat domus hyssopi, genere ac divitiis nobilis, cum alia multitudine refugiens in Hierosolymam recepta, cum caeteris obsidebatur. Hujus alia quidem bona tyranni diripuerunt, quae ex transamnanis locis in oppidum comportaverat. Reliquias vero conditorum, et si alimenta reperisset, irrumpentes domum ejus satellites, quo	A04680.xml:/TEI[1]/text[1]/group[1]/text[2]/body[1]/div[7]/div[8]/p[1]/seg[1]/text()[1]; UTF16 offset 0; printed book 7, chapter 8; pb 734 (tcp:12923:376)	A Certaine woman named Marie, dwelling beyond Iordaine, the daughter of Eleazar of the towne of Vitezokia, which signifieth the house of Hysope, descended of noble & rich parentage, flying with the rest vnto Ierusalem, w	before his eyes this excecrable fact, trembled as though himselfe  had done it. And now all that were vexed with this famine, hastned their owne deathes, and he was accounted happie that died before he felt this famine. 	DIRECT_ALIGNMENT	HIGH	english-lodge1602-bellum6-unit201	908055	910765	Coarse-unit incipit and adjacent Lodge wording inspected directly against the Cardwell unit opening; the identity is secure. This decision verifies this boundary only.
6	latin-bellum6-num214	3	[214] 5. Cito autem Romanis etiam nunciata est illa calamitas. eorumque alii non credebant, alii miserabantur, multos autem vehementius ejus gentis odium cepit. Caesar autem super hoc Deum placabat : siquidem Judaeis pacem obtulisset, eisque liberam proposuisset omnium oblivionem, quae commiserant. Illos autem pro concordia seditionem, bellum pro pace, pro satietate atque opulentia famem optasse : et qui propriis manibus templum, quod ipse eis se	A04680.xml:/TEI[1]/text[1]/group[1]/text[2]/body[1]/div[7]/div[8]/p[1]/text()[12]; UTF16 offset 0; printed book 7, chapter 8; pb 734 (tcp:12923:376)	This vnnatural fact was soone after recounted vnto the Romanes, and some of them would not beleeue it, others pitied them within  the Citie, and many hereat encreased their hatred towards that nation.\n\n                  	the enemies, and that they would not recall themselues, who had already endured all such calamities, which might if it had been possible haue altred their opinions rather then haue endured them.\n\n                        	DIRECT_ALIGNMENT	HIGH	english-lodge1602-bellum6-unit214	910765	912136	Coarse-unit incipit and adjacent Lodge wording inspected directly against the Cardwell unit opening; the identity is secure. This decision verifies this boundary only.
6	latin-bellum6-num220	4	[220] CAP. IV. OCTAVO autem die mensis Augusti, eum duae legiones aggeres perfecissent, ad exhedram Occidentalem templi exterioris admoveri arietes jussit : cum diebus ante sex, qui firmissimus erat aries, parietem sine intermissione pulsando, nihil omnino profecisset. Verum et hujus et caeterorum magnitudinem structura lapidum superabat. Septentrionalis autem portae alii fundamenta suffodiebant : multumque fatigati, exteriores tantum lapides eve	A04680.xml:/TEI[1]/text[1]/group[1]/text[2]/body[1]/div[7]/div[9]/p[1]/seg[1]/text()[1]; UTF16 offset 0; printed book 7, chapter 9; pb 735 (tcp:12923:376)	THe eight day of August two of the Roman legions hauing finished their mounts, they began to place their rammes against the East galleries without the temple, hauing six daies togither without intermission already beaten	e them Eleazar sonne vnto the tyrant the brother of Simon. Then Titus perceiuing that he spared the temple of the Iewes to his losse, and to the death of his souldiers, he commanded fire to be put vnto the temple gates, 	DIRECT_ALIGNMENT	HIGH	english-lodge1602-bellum6-unit220	912136	914031	Boundary secure; Lodge reads East galleries where Cardwell has exhedram Occidentalem. Source discrepancy retained.
6	latin-bellum6-num229	4	[229] 2. Inter haec autem ad eum profugi veniunt, Ananus Ammauntinus, Simonis satelles crudelissimus, et Archelaus filius Magadati, idcirco sperantes veniam, quod Judaeos victores reliquerant. Titus autem, cum hanc eorum in Judaeos crudelitatem audivit, utrunque obtruncare decrevit. Dicebat enim necessitate, non voluntate venisse: nec salute dignos esse, incensam ipsorum causa patriam deserentes. Veruntamen cohibuit iracundiam fides, eosque dimis	A04680.xml:/TEI[1]/text[1]/group[1]/text[2]/body[1]/div[7]/div[9]/p[1]/text()[11]; UTF16 offset 151; printed book 7, chapter 9; pb 735 (tcp:12923:376)	presently Ananus of Emaus the most cruell of all Simons followers, and  \n                        Archelaus the sonne of Magadatus, fled vnto Titus, who for their cruelties committed, determined to put them to death: yet 	e fire, yet not lamenting that which was set on fire, more then desiring to saue the rest: and so that day and all the next night the fire encreased, for the porches were burnt by little and little, and not all at once.\n	DIRECT_ALIGNMENT	HIGH	english-lodge1602-bellum6-unit229	914031	915295	Coarse-unit incipit and adjacent Lodge wording inspected directly against the Cardwell unit opening; the identity is secure. This decision verifies this boundary only.
6	latin-bellum6-num236	4	[236] 3. Postero autem die Titus parte militum jussa incendium restinguere, perque proxima portis loca viam sternere, ut facilior agminibus esset ascensus, rectores ad se convocat: sexque collectis, qui erant proceres, Tiberio Alexandro totius militiae praefecto, et Sexto Cereali quintae legionis praeposito, et Largio Lepido decimae, et Tito Frigio quintaedecimae cum quibus erat etiam AEternius Fronto magister duarum Alexandrinarum legionum, et M	A04680.xml:/TEI[1]/text[1]/group[1]/text[2]/body[1]/div[7]/div[9]/p[2]/text()[1]; UTF16 offset 0; printed book 7, chapter 9; pb 735 (tcp:12923:376)	The next day Titus caused part of his army to quench the fire, and calling vnto him his captaines, and six that were the chiefest amongst them, to wit, Tiberias Alexander Generall of the  \n                         whole 	to rest, that they might be more able to  fight when need required: and presently he appointed certaine chosen men to make the waies euen, & easie for the army to passe by the ruines, commanding them to quench the fire; 	DIRECT_ALIGNMENT	HIGH	english-lodge1602-bellum6-unit236	915295	917236	Boundary checked directly against the surrounding Cardwell and Lodge wording.
6	latin-bellum6-num244	4	[244] 4. Illo quidem die Judaeos labor timorque ab impetu continuit. Postero autem collectis viribus, et recepta fiducia, per Orientalem portam contra templi exterioris custodes, secunda hora diei procurrunt. Illi autem primam quidem coitionem fortiter excepere : septique scutis, a fronte murum condensa acie imitantur: certum tamen erat eos non diu daturos, quod et multitudine infestantium et animis vincerentur. Caesar autem priusquam verteretur 	A04680.xml:/TEI[1]/text[1]/group[1]/text[2]/body[1]/div[7]/div[9]/p[2]/text()[27]; UTF16 offset 86; printed book 7, chapter 9; pb 736 (tcp:12923:377)	and that day the Iewes being fearefull and wearie did make no resistance. The day following taking heart and assembled togither, they assaulted the watchmen that kept without the temple, the second houre of the day. The 	returned, and fought against them; and when the Romans  returned againe, presently they fled, till about the fift houre of the day the Iewes were forced to betake themselues into the temple, and there they were shut vp. 	DIRECT_ALIGNMENT	HIGH	english-lodge1602-bellum6-unit244	917236	918182	Coarse-unit incipit and adjacent Lodge wording inspected directly against the Cardwell unit opening; the identity is secure. This decision verifies this boundary only.
6	latin-bellum6-num249	4	[249] 5. Titus autem discessit in Antoniam, decreto postridie mane cum omni exercitu aggredi, templumque oppugnare. Sed id plane Dei sententia jamdudum igne damnaverat : evolutisque temporibus âderat fatalis dies, qui erat decimus mensis Augusti, quo etiam prius a rege Babyloniorum fuerat concrematum. A domesticis autem causam principiumque sumpsit id incendium. Nam cum paulisper Titi discessu seditiosi quievissent, Romanos rursus aggrediuntur, c	A04680.xml:/TEI[1]/text[1]/group[1]/text[2]/body[1]/div[7]/div[9]/p[2]/text()[31]; UTF16 offset 165; printed book 7, chapter 9; pb 736 (tcp:12923:377)	Then Titus returned into Antonia, purposing the next day to assault them with all his armie, and winne the temple. But the sentence of God had already determined, that it should be consumed with fire, and now the fatal  	 arose: which caused a great crie amongst the Iewes, expressing their calamitie, and euerie one hasted to extinguish the fire; now neither accounting of their liues nor forces, hauing lost that for which they so fought. 	DIRECT_ALIGNMENT	HIGH	english-lodge1602-bellum6-unit249	918182	919422	Coarse-unit incipit and adjacent Lodge wording inspected directly against the Cardwell unit opening; the identity is secure. This decision verifies this boundary only.
6	latin-bellum6-num254	4	[254] 6. Mature autem hoc Tito quidam nunciat. Et ille (nam que casu in tabernaculo quiescebat sicut a praelio redierat) exilit, templumque curriculo petit, prohibiturus incendium, omnesque post eum duces, et hos agnina perterrita sequebantur. Clamor autem ac tumultus erat tanto exercitu sine ordine concitato. Caesar autem voce simul ac dextera pugnantibus signo dato, ignem jubebat extingui. Sed neque vox ejus audiebatur, quod aures eorum major c	A04680.xml:/TEI[1]/text[1]/group[1]/text[2]/body[1]/div[7]/div[10]/p[1]/text()[2]; UTF16 offset 532; printed book 7, chapter 10; pb 736 (tcp:12923:377)	Newes hereof was  \n                         presently brought vnto Titus by one who came from the fight, who then was resting in his tabernacle, and he presently arose and ranne vnto the temple to hinder the fire, and al	er they were found, were slaine: so that about the altar was an innumerable companie of dead bodies  heaped togither, and their bloud flowed down the temple staires: and their bodies that there\n\nwere slaine rouled downe 	DIRECT_ALIGNMENT	HIGH	english-lodge1602-bellum6-unit254	919422	920903	Boundary checked directly against the surrounding Cardwell and Lodge wording.
6	latin-bellum6-num260	4	[260] 7. Caesar autem ubi neque impetum insanientium militum ' continere poterat, et flamma dominabatur, intro cum rectoribus ingressus, et sanctum templi, et quaecunque illic erant aspexit, ea quidem quae apud alienige- as erant fama meliora, jactatione vero et opinione domestica non minora. Cum autem flamma nondum ex ulla parte ad interiora penetrasset, nec membra, quae circum templum erant depasceretur, quod erat verum, existimans adhuc illud 	A04680.xml:/TEI[1]/text[1]/group[1]/text[2]/body[1]/div[7]/div[10]/p[1]/hi[4]/text()[1]; UTF16 offset 0; printed book 7, chapter 10; pb 737 (tcp:12923:377)	Caesar seeing he could not restraine the surie of the madbraine soldiers,  \n                         and that the fire encreased, entred into the temple with his nobles, and beheld all the holy things there, and vvhat so	mple which Aggaeus built in the second yeere of the raigne of King Cyrus, vnto the destruction thereof now in Vespasians raigne, were sixe hundreth thirtie nine yeeres and fiue and fortie daies.\n\n                        	DIRECT_ALIGNMENT	HIGH	english-lodge1602-bellum6-unit260	920903	923268	Boundary checked directly against the surrounding Cardwell and Lodge wording.
6	latin-bellum6-num271	5	[271] CAP. V. CUM templum autem incenderetur, etiam quicquid in manus forte venisset rapiebatur, et caedes erat infinita deprehensorum. Nec actae fuit aetatis miseratio, aut reverentia castitatis : sed et pueri et senes et sacri et profani similiter interficiebantur, atque omne genus hominum belli calamitas persequebatur, unaque supplices cum repugnantibus necabantur: flammaque ulterius progrediens, cum gemitu occumbentium concrepabat. Et pro alt	A04680.xml:/TEI[1]/text[1]/group[1]/text[2]/body[1]/div[7]/div[11]/p[1]/seg[1]/text()[1]; UTF16 offset 0; printed book 7, chapter 11; pb 737 (tcp:12923:377)	WHen the temple was thus consumed with fire, whatsoeuer the soldiers found therein they  caried away, and put all to the sword that were in it, which was an infinite number: neither did they shew any pitie to olde age, o	 notwithstanding cast themselues into the fire, and so were burnt with the temple: one of them was named Meierus the sonne of Belga, the other Ioseph the sonne of Dalaeus.\n                     \n\n                        \n	DIRECT_ALIGNMENT	HIGH	english-lodge1602-bellum6-unit271	923268	925627	Boundary checked directly against the surrounding Cardwell and Lodge wording.
6	latin-bellum6-num281	5	[281] 2. Romani autem, quod frustra se circum templum aedificiis parcere judicabant, cum ipsum templum arderet, omnia simul incendunt, et quicquid ex porticibus reliquum erat, et portas : praeter unam ex parte Orientali, alteram ex Meridiana, quamvis eas quoque postea funditus everterint. Quinetiam arculas, quae gazophylacia vocantur, incendunt, in quibus magna vis erat pecuniae, ac plurimum vestium, aliaque • bona, et (ut breviter dicam) omnes J	A04680.xml:/TEI[1]/text[1]/group[1]/text[2]/body[1]/div[7]/div[11]/p[2]/text()[2]; UTF16 offset 1; printed book 7, chapter 11; pb 738 (tcp:12923:378)	The Romans thought it in vaine to spare the buildings about the temple, seeing the temple  \n                         was alreadie consumed, and so set fire on them all, the porches, galleries, and gates; two onely except	defend their citie. Men easily beleeue and are credulous in aduersitie, so that if any deceitfull person promise deliuerance out of calamitie, hee that suffereth miserie is in full hope thereof.\n\n                        	DIRECT_ALIGNMENT	HIGH	english-lodge1602-bellum6-unit281	925627	927281	Coarse-unit incipit and adjacent Lodge wording inspected directly against the Cardwell unit opening; the identity is secure. This decision verifies this boundary only.
6	latin-bellum6-num288	5	[288] 3. Denique miserabilis populus, illis quidem fallacibus Deumque calumniantibus, credulus erat. Certis vero prodigiis et futuram solitudinem praenunciantibus, neque attendebant animo, neque credebant : sed velut attoniti, nec aut oculos habentes, aut animas, edicta Dei dissimulavere : modo cum supra civitatem sidus stetit simile gladio, et per annum perseveravit, cometes modo cum ante defectionem primique belli motus ad diem festum Azymoruin	A04680.xml:/TEI[1]/text[1]/group[1]/text[2]/body[1]/div[7]/div[12]/p[1]/seg[1]/text()[1]; UTF16 offset 0; printed book 7, chapter 12; pb 738 (tcp:12923:378)	THese miserable people were thus easily perswaded by impostors who did belie God, yet would they not beleeue, nor giue any eare or regard vnto certaine tokens, & signes of the  ruine of their citie but as it were blinded	oe, woe vnto the Citie, Temple and people and lastly he said, woe also vnto my selfe; which words were no sooner vttered, but a stone shot from out an engine smote him, and so he yeelded vp the ghost lamenting them all.\n	DIRECT_ALIGNMENT	HIGH	english-lodge1602-bellum6-unit288	927281	932162	Coarse-unit incipit and adjacent Lodge wording inspected directly against the Cardwell unit opening; the identity is secure. This decision verifies this boundary only.
6	latin-bellum6-num310	5	[310] 4. Haec si quis reputet, profecto inveniet, Deum quidem hominibus consulere modisque omnibus praemonstrare quae sint eorum generi salutaria : ipsos autem ob dementiam suam malis voluntariis interire : quandoquidem et Judaei post Antoniam captam quadratum fanum fecerant : cum in sacris libris scriptum haberent, capiendam civitatem ac templum, si fanum quatuor angulis esset effectum. Sed quod maxime eos ad bellum excitaverat, responsum erat a	A04680.xml:/TEI[1]/text[1]/group[1]/text[2]/body[1]/div[7]/div[12]/p[2]/text()[1]; UTF16 offset 0; printed book 7, chapter 12; pb 739 (tcp:12923:378)	If any one doe diligently consider all these, he shall find that God hath a care of mankind, and doth euerie way foreshew betime, what is most expedient for them, and they through their owne madnesse, to haue voluntarily	see it. Thus the Iewes interpreted some of the signes as they pleased, and at others they laughed, till by the ruine of their Countrie, and their owne wofull ouerthrow, their iniquitie appeared.\n\n                        	DIRECT_ALIGNMENT	HIGH	english-lodge1602-bellum6-unit310	932162	933271	Coarse-unit incipit and adjacent Lodge wording inspected directly against the Cardwell unit opening; the identity is secure. This decision verifies this boundary only.
6	latin-bellum6-num316	6	[316] CAP. VI. ROMANI quidem, postquam seditiosi ad civitatem confugere, templo itemque omnibus circum locis ardentibus, signa in fano reposuere contra portam Orientalem : hique ibi sacrificio celebrato, maxinmis cum clamoribus declarabant Titum Imperatorem. Usque adeo vero praeda satiati sunt milites universi, ut in Syria dimidio quam pridem fuerat pretio pondus auri vaeniret. Ex his autem sacerdotibus, qui in templi pariete perduraverant, puer 	A04680.xml:/TEI[1]/text[1]/group[1]/text[2]/body[1]/div[7]/div[13]/p[1]/seg[1]/text()[1]; UTF16 offset 0; printed book 7, chapter 13; pb 739 (tcp:12923:378)	AFter the seditious were fled into the Citie all the Temple and places thereabout being set on fire, the Romans placed their ensignes in the Temple ouer against the East gate, and there celebrating sacrifice, with great 	hat the time of pardon was past, seeing that was destroyed, for the which he might haue pardoned them, and that it was meete that the Priests should perish with the Temple: and so he commaunded them to be put to  death. 	DIRECT_ALIGNMENT	HIGH	english-lodge1602-bellum6-unit316	933271	934798	Boundary checked directly against the surrounding Cardwell and Lodge wording.
6	latin-bellum6-num323	6	[323] 2. Sed tyranni cum sociis, quoniam bello undique tenebantur, circumdatis autem nusquam erat fugae copia, Titum ad colloquia provocant. Ille autem pro humanitate naturali semper oppidum servare cupiens, et amicis praeterea suadentibus (latrones enim jam moderatiores factos esse arbitrabantur) in parte occidua templi interioris consistit. Hic enim super Xystum erant portae, ac pons qui civitatem superiorem templo jungebat, isque tunc inter ty	A04680.xml:/TEI[1]/text[1]/group[1]/text[2]/body[1]/div[7]/div[13]/p[1]/text()[10]; UTF16 offset 8; printed book 7, chapter 13; pb 739 (tcp:12923:378)	Then the tyrants with their followers being on euerie side beset with warres, and hauing no way to flie, they being thus beleaguerd rounde; requested to parly with Titus, who for his  naturall meeknesse, his friends also	will spare your liues: And like as in priuate house I wil shew my selfe vnto you a gentle maister; and after I haue punished that which otherwise is incurable, I will reserue the rest for my selfe.\n                     \n	DIRECT_ALIGNMENT	HIGH	english-lodge1602-bellum6-unit323	934798	941353	Coarse-unit incipit and adjacent Lodge wording inspected directly against the Cardwell unit opening; the identity is secure. This decision verifies this boundary only.
6	latin-bellum6-num351	6	[351] 3. Ad haec illi responderunt, fidem quidem se ab eo minime posse accipere : nam jurasse nunquam id facturos: exeundi vero per munitiones, qua murum sepserat, cum conjugibus * liberis facultatem petebant. Ituros enim se in solitudinem ipsique oppidum relicturos. Ob hoc Titus vehementer iratus, quod in sorte captorum constituti, victorum sibi conditiones ponerent, declarari quidem his jussit voce praeconis, ne ulterius ad se profugerent, neve	A04680.xml:/TEI[1]/text[1]/group[1]/text[2]/body[1]/div[7]/div[13]/p[2]/text()[1]; UTF16 offset 0; printed book 7, chapter 13; pb 741 (tcp:12923:379)	To this they answered, that they could not receiue pardon at his hands, hauing vowed the contrarie: wherfore they requested licence to depart with their wiues and children by the camp, which he had enuironed with a wall,	gainst them all; yet not changing his manner, receiued them to mercie, and put  them all in prison, and afterward carried them bound to Rome for hostages, that were the kings sonnes and kinsmen.\n\n                        	DIRECT_ALIGNMENT	HIGH	english-lodge1602-bellum6-unit351	941353	942812	Boundary checked directly against the surrounding Cardwell and Lodge wording.
6	latin-bellum6-num358	7	[358] CAP. VII. SEDITIOSI autem ad domum regiam profecti, ubi (quia tuta erat) multi facultates suas deposuerant, et Romanos hinc pellunt, et omnibus popularibus qui eo convenerant prope ad octo millia et quadringentos occisis pecuniam etiam diripuere. Vivos autem duos milites Romanos cepere, unum equitem, alterum peditem. et peditem quidem interfectum per omnem traxere civitatem, velut uno corpore omnes Romanos ulciserentur, eques vero quiddam h	A04680.xml:/TEI[1]/text[1]/group[1]/text[2]/body[1]/div[7]/div[14]/p[1]/seg[1]/text()[1]; UTF16 offset 0; printed book 7, chapter 14; pb 741 (tcp:12923:379)	THe seditious went vnto the kings pallace, where many had left all their wealth, because it was a strong place, and driuing the Romans from thence, they slew all the people there assembled, amounting to the number of eig	the enemies: yet deeming him vnworthy to be a Roman souldier, who suffred himselfe to be taken aliue, he tooke from him his armes, and discharged  him from bearing them any more, which to a wiseman was worse then death. 	DIRECT_ALIGNMENT	HIGH	english-lodge1602-bellum6-unit358	942812	944105	Boundary checked directly against the surrounding Cardwell and Lodge wording.
6	latin-bellum6-num363	7	[363] 2. Postero autem die Romani, versis in fugam ex inferiori civitate latronibus, omnia Siloam üsque igni tradidere et oppidum quidem gaudebant absumi, rapinis vero carebant : quoniam latrones exinanitis prius omnibus, in superiorem civitatem recedebant. Erat namque illis malorum quidem nulla poenitudo: arrogantia autem tanquam in rebus secundis. Denique ardere civitatem laetis vultibus aspicientes, alacri voto mortem se expectare dicebant, qu	A04680.xml:/TEI[1]/text[1]/group[1]/text[2]/body[1]/div[7]/div[14]/p[1]/text()[13]; UTF16 offset 74; printed book 7, chapter 14; pb 741 (tcp:12923:379)	The next day the Romans putting the seditious to flight that were in the lower Citie, they fired all vnto Siloa, reioycing that the towne was destroied: yet they got no booties, because the seditious had already robbed a	hem, and vpon purpose fell into the hands of the seditious; who neuer ceased from murther, and now there was no place in the whole Citie voide, but was filled with dead bodies, who either perished by famine or sedition. 	DIRECT_ALIGNMENT	HIGH	english-lodge1602-bellum6-unit363	944105	945819	Coarse-unit incipit and adjacent Lodge wording inspected directly against the Cardwell unit opening; the identity is secure. This decision verifies this boundary only.
6	latin-bellum6-num370	7	[370] 3. Tyrannos autem fovebat, factionemque latronum, spes ultima sita in cloacis : quo si fugissent, minime inveniri posse arbitrabantur : sed peracto excidio, post Romanorum digressum prodire ac fugere cogitabant. Id autem plane illis erat somnium. Nec enim vel Deum, vel Romanos fuerant latituri. Tunc quidem subterraneis freti, plura quam Romani concremabant, et qui ex incendiis fugientes in cuniculos descendissent, eos improbe necabant, item	A04680.xml:/TEI[1]/text[1]/group[1]/text[2]/body[1]/div[7]/div[14]/p[2]/text()[5]; UTF16 offset 65; printed book 7, chapter 14; pb 742 (tcp:12923:380)	But the tyrants and factious  theeues put their last refuge in the vaults, where they hoped whatsoeuer hapned to saue themselues, hoping that there they could not be found, and so after the Citie was destroied, to escape	 my selfe that had they not beene preuented by the destruction of the Citie, their crueltie would haue beene such, that they would haue eaten the bodies  of dead men.\n\n                        \n                           	DIRECT_ALIGNMENT	HIGH	english-lodge1602-bellum6-unit370	945819	946762	Coarse-unit incipit and adjacent Lodge wording inspected directly against the Cardwell unit opening; the identity is secure. This decision verifies this boundary only.
6	latin-bellum6-num374	8	[374] CAP. VIII. CAESAR autem fieri non posse prospiciens, ut sine aggeribus superiorem caperet civitatem, in praerupto undique loco sitam, distribuit operibus militem vicesimo die mensis Augusti. Erat autem transvectio materiae difficilis: omnibus, ut dictum est, circum civitatem usque ad centesimum stadium in priorum aggerum extructionem detonsis. Quatuor quidem legionum opus in Occidentali parte civitatis contra aulam regiam erigitur: auxiliar	A04680.xml:/TEI[1]/text[1]/group[1]/text[2]/body[1]/div[7]/div[15]/p[1]/hi[1]/seg[1]/text()[1]; UTF16 offset 0; printed book 7, chapter 15; pb 742 (tcp:12923:380)	Caesar perceiuing that the higher part of the Citie could not be woon without mounts,  being scituate in a soile, round about the which were high and deepe places, on the twentith day of August he set all his souldiers o	he former worke as is before said. So the foure legions raised a mount on the West side of the Citie, and all the rest made a mount against the porch, bridge and tower, which Simon during his warres with Iohn had built. 	DIRECT_ALIGNMENT	HIGH	english-lodge1602-bellum6-unit374	946762	947361	Boundary checked directly against the surrounding Cardwell and Lodge wording.
6	latin-bellum6-num378	8	[378] 2. His autem diebus, Idumaeorum duces clam congregati, consilium de sui traditione cepere : missisque ad Titum quinque, ut dexteram sibi daret, precabantur. Ille vero tyrannos sperans esse cessuros Idumaeis abstractis, quoniam belli pars videbantur, sero quidem, verumtamen vitam his pollicitus legatos remisit. Discessum autem parantibus Simon praesensit, et eos quidem, qui ad Titum perrexerant, quinque viros statim occidit : duces vero, quo	A04680.xml:/TEI[1]/text[1]/group[1]/text[2]/body[1]/div[7]/div[15]/p[1]/text()[6]; UTF16 offset 12; printed book 7, chapter 15; pb 742 (tcp:12923:380)	About this time the captaines of the  Idumaeans assembling togither, deliberated to yeeld themselues, and sent fiue of their companie vnto Titus beseeching him to confirme a peace vnto them, and he hoping that the tyrant	 who had deserued punishment,  and to inflict it on them. And an infinite number was solde, and more then fortie thousands of  the people were saued, whom the Emperour dismissed and permitted to go whither they pleased. 	DIRECT_ALIGNMENT	HIGH	english-lodge1602-bellum6-unit378	947361	948908	Coarse-unit incipit and adjacent Lodge wording inspected directly against the Cardwell unit opening; the identity is secure. This decision verifies this boundary only.
6	latin-bellum6-num387	8	[387] 3. Iisdem autem diebus etiam sacerdotum unus, filius Thebuthi, nomine Jesus, accepta fide salutis a Caesare, ut de sacris donariis quaedam traderet, egreditur, ac tradit ex fani pariete candelabra duo, his quae in templo erant posita, similia : mensasque et crateras, et pateras, omnia ex auro solido et gravissimo facta. Tradit etiam vela, pontificum indumenta, cum gemmis, et vasa multa sacrificio comparata. Quinetiam custos sacrae pecuniae 	A04680.xml:/TEI[1]/text[1]/group[1]/text[2]/body[1]/div[7]/div[15]/p[1]/text()[16]; UTF16 offset 94; printed book 7, chapter 15; pb 742 (tcp:12923:380)	The same time a certaine priest the sonne of Thebathus named Iesus, was promised pardon vpon condition that he should deliuer certaine holy things giuen vnto the temple, and so he came and brought out of a wall two candl	d him much wealth of other mens, and much sacred treasure, for the which notwithstanding that he was taken by force, yet he was pardoned as they were that fled vnto Caesar.\n                     \n\n                        	DIRECT_ALIGNMENT	HIGH	english-lodge1602-bellum6-unit387	948908	949960	Coarse-unit incipit and adjacent Lodge wording inspected directly against the Cardwell unit opening; the identity is secure. This decision verifies this boundary only.
6	latin-bellum6-num392	8	[392] 4. Jam vero perfectis aggeribus, Septembris mensis die septimo, qui erat a coepto opere octavus et decimus dies, Romani quidem machinas admovebant. Seditiosorum autem alii, qui civitatem desperaverant, muris relictis in Acram recedebant, alii se in cloacas demittebant: multi dispositi prohibebant eos qui arietes applicarent. hos autem superabant multitudine ac virtute Romani : quodque maximum est, laeti moestos atque jam debiles. Cum autem 	A04680.xml:/TEI[1]/text[1]/group[1]/text[2]/body[1]/div[7]/div[16]/p[1]/seg[1]/text()[1]; UTF16 offset 0; printed book 7, chapter 16; pb 743 (tcp:12923:380)	THe seuenth day of September the mounts being finished, which was the eighteenth day after they were begun, some of the Romans placed theie rammes and engines to batter  them, & some of the seditious who now despaired to	the lower vvals, did now by fortune take these, which their engines could neuer haue shaken, for there vvere thre inexpugnable towers, that could not be battered vvith the engines, vvhereof before vve haue made mention. 	DIRECT_ALIGNMENT	HIGH	english-lodge1602-bellum6-unit392	949960	952265	Coarse-unit incipit and adjacent Lodge wording inspected directly against the Cardwell unit opening; the identity is secure. This decision verifies this boundary only.
6	latin-bellum6-num401	8	[401] 5. Relictis itaque his, vel (quod est verius) Dei nutu ab his depulsi, confestim quidem ad vallem Siloam confugere. rursum autem ubi a metu paululum respiraverunt, munitionem qua murus erat accinctus ex ea parte petiere. Usi autem infirmiori audacia, quam necessitate (jam enim vires eorum labor, metus et calamitas fregerat) a custodibus retruduntur, et per diversa disjecti, in cloacis delitescunt. Romani vero muris potiti, signa in turribus	A04680.xml:/TEI[1]/text[1]/group[1]/text[2]/body[1]/div[7]/div[16]/p[1]/text()[14]; UTF16 offset 351; printed book 7, chapter 16; pb 743 (tcp:12923:380)	So the tyrants hauing forsaken these, or rather being by Gods vvill driuen from hence, presently they fled vnto the valley Siloa, after the feare was past they againe tooke heart and vvent vnto the wall that was in that 	tly enioy it, and it no wise deserued so to be oppressed with such miserie, saue onely for that it fostered and bred such impious persons as wrought the ouerthrow thereof. \n                     \n\n                        	DIRECT_ALIGNMENT	HIGH	english-lodge1602-bellum6-unit401	952265	954525	Coarse-unit incipit and adjacent Lodge wording inspected directly against the Cardwell unit opening; the identity is secure. This decision verifies this boundary only.
6	latin-bellum6-num409	9	[409] CAP. IX. INTRO autem Titus ingressus, et alia, et civitatis munitiones ac turrium cautes miratus est, quas tyranni per dementiam deseruerant. Conspecta quidem earum solida altitudine, itemque magnitudine, subtilique lapidum compagine singulorum, quantumque paterent vel quantum erigerentur, Deo, inquit, plane adjuvante pugnavimus: et Deus erat, qui detraxit ab istis munimentis Judaeos. Nam quae hominum manus, aut quae machinae ad istas valer	A04680.xml:/TEI[1]/text[1]/group[1]/text[2]/body[1]/div[7]/div[16]/p[2]/hi[1]/text()[1]; UTF16 offset 0; printed book 7, chapter 16; pb 743 (tcp:12923:380)	Titus entring into the Citie amongst the rest admired the strong holds thereof, and the rockie towers which the tyrants like madde men depriued themselues of, & seeing the height, firmenes, bignesse, and the ioyning of t	e  \n                         castles, & when he destroied the rest of the citie & wals, he left those towers standing as a monument of his good fortune and victorie, by the which he had gained them, though vnexpugnable. 	DIRECT_ALIGNMENT	HIGH	english-lodge1602-bellum6-unit409	954525	955320	Boundary checked directly against the surrounding Cardwell and Lodge wording.
6	latin-bellum6-num414	9	[414] 2. Quia ergo milites interficiendo defatigabantur, magnaque adhuc extabat superstitum multitudo, solos quidem armatos Caesar, et qui manum opponerent, jubet interfici, reliquam vero multitudinem salvam esse. Illi autem cum his quos occidi mandatum fuerat, etiam senes, ac debiles trucidabant : vegetos autem atque utiliores coactos in templum, in destinatum mulieribus ambitum concluserunt. Custodem autem his Caesar apposuit unum ex libertis, 	A04680.xml:/TEI[1]/text[1]/group[1]/text[2]/body[1]/div[7]/div[16]/p[2]/text()[9]; UTF16 offset 93; printed book 7, chapter 16; pb 744 (tcp:12923:381)	The souldiers now being wearie with killing the miserable Iewes, and yet a great multitude remaining aliue, Caesar commaunded, that onely the armed Iewes and they that resisted should be slaine, and the rest left aliue. 	r\n                           •…\n                        y for that  som refused meat when it was offered them. For there was now scarcitie of come by reason of the great multitude of the people.\n\n                        	DIRECT_ALIGNMENT	HIGH	english-lodge1602-bellum6-unit414	955320	957136	Coarse-unit incipit and adjacent Lodge wording inspected directly against the Cardwell unit opening; the identity is secure. This decision verifies this boundary only.
6	latin-bellum6-num420	9	[420] 3. Et captivorum quidem omnium qui toto bello comprehensi sunt, nonaginta et septem millium comprehensus est numerus, mortuorum vero per omne tempus obsidionis undecies centum millia. Horum plerique gentiles fuere, sed non indigenae : ab omnibus enim regionibus ad azymorum diem festum congregati, bello subito circumfusi sunt: ubi primo quidem illis pestifera lues ex loci angustia nasceretur, deinde citius fames. Quod autem caperet tantam ho	A04680.xml:/TEI[1]/text[1]/group[1]/text[2]/body[1]/div[7]/div[17]/p[1]/seg[1]/text()[1]; UTF16 offset 0; printed book 7, chapter 17; pb 744 (tcp:12923:381)	THe number of all the captiues that were taken during the whole time of warre, was  foure score and seuenteene thousand: the number of all that died and were slaine during the siege, was eleuen hundreth thousand, the mos	d whole & sound: For it was not lawful for any that were leapers, or had a fluxe of seed, nor women that had the monthly tearmes, to eat of that sacrifice, nor for any stranger, except he came thither for religion sake. 	DIRECT_ALIGNMENT	HIGH	english-lodge1602-bellum6-unit420	957136	958703	Coarse-unit incipit and adjacent Lodge wording inspected directly against the Cardwell unit opening; the identity is secure. This decision verifies this boundary only.
6	latin-bellum6-num427	9	4. Magna vero haec multitudo ab extraneis congregabatur. Tunc tamen velut in carcerem tota gens fato conclusa est, et farta hominibus civitas bello obsidebatur. Jtaque superat omnem humanam, et divinitus emissam pestem numerus peremptorum, quos partim palam occidere, partim cepere Romani. Rimantes enim cloacas, et sepulchra eruentes, quos offendissent jugulabant. Inventi autem sunt ibi quoque plusquam duo millia, quorum alii manu sua, plures aute	A04680.xml:/TEI[1]/text[1]/group[1]/text[2]/body[1]/div[7]/div[17]/p[1]/text()[8]; UTF16 offset 822; printed book 7, chapter 17; pb 744 (tcp:12923:381)	And this multitude was assembled togither from other places, & was there by the prouidence of God shut vp as it were in a prison. And the city being filled with  men of warre was besieged, that the number of them that we	fter make mention of, at last yeelded himselfe, who was kept for the triumph, and Iohn was condemned to perpetuall prison. Then they destroyed the wals, and fired the outward parts of the Citie.\n\n                        	DIRECT_ALIGNMENT	HIGH	english-lodge1602-bellum6-unit427	958703	960234	Opening of stable coarse unit latin-bellum6-num427 is Niese VI.428. Preserve unit identity separately from citation identity.
6	latin-bellum6-num435	10	[435] CAP. X. ITA quidem Hierosolyma capta est, secundo anno princi patus Vespasiani, Septembris mensis octavo die. Quinquies autem prius capta, tunc iterum vastata est. Aegyptiorum quidem rex Asochaeus, et post eum Antiochus, deinde Pompeius, et post hos cum Herode Sosius captam urbem servavere. Antea vero rex Babyloniorum ea potitus excidit, post annos ex quo aedificata est, mille trecentos sexaginta, et menses octo, et dies sex. Primus autem c	A04680.xml:/TEI[1]/text[1]/group[1]/text[2]/body[1]/div[7]/div[18]/p[1]/seg[1]/text()[1]; UTF16 offset 0; printed book 7, chapter 18; pb 745 (tcp:12923:381)	THus was Ierusalem taken the second yeere of Vespasians raigne, on the eight day of September, and hauing beene alreadie fiue times before surprised, it was finally againe destroyed. First, Asochaeus king of Aegypt, and 	 neither the antiquitie nor riches, nor the same thereof now spread all ouer the world, nor the glorie of religion did any thing profit or hinder it, from being destroyed. Such was the end of the besieging of Ierusalem. 	DIRECT_ALIGNMENT	HIGH	english-lodge1602-bellum6-unit435	960234	961718	Boundary checked directly against the surrounding Cardwell and Lodge wording.
7	latin-bellum7-num1	1	[1] CAP. I. POSTQUAM vero quos occideret quidve raperet, non habebat exercitus, quod iratis animis omnia deerant (nec enim parcendo si esset quod agerent, abstinuissent) jubet eos Caesar totam funditus jam eruere civitatem ac templum : relictis quidem turribus, quae praeter alias eminebant, Phasaelo, et Hippico, et Mariamne, murique tanto, quantum civitatem ab Occidente cingebat. Id quidem, ut esset castrum illic custodiae causa relinquendis: tur	A04680.xml:/TEI[1]/text[1]/group[1]/text[2]/body[1]/div[7]/div[18]/p[1]/text()[17]; UTF16 offset 255; printed book 7, chapter 18; pb 745 (tcp:12923:381)	When there was none left to kill, nor any thing remaining for the soldiers to get, & that now their was nothing, against which the souldiers  could shew their outrage (for they would haue spared nothing that they could h	 had beene euer inhabited. This was the end of their madnesse, who were alwayes giuen vnto sedition in Ierusalem, a most worthie Citie and famous amongst all nations.\n\n                        \n                           	DIRECT_ALIGNMENT	HIGH	english-lodge1602-bellum7-unit1	961718	962676	Boundary checked directly against the surrounding Cardwell and Lodge wording.
7	latin-bellum7-num5	1	[5] 2. Caesar autem praesidio quidem illic statuit relinquere decimam legionem, nonnullasque alas equitum, ac peditum cohortes. Omnibus autem belli partibus administratis, et laudare universum cupiebat exercitum pro rebus fortiter gestis, et debita viris fortibus praemia persolvere. Composito autem in medio ante castra magno tribunali, stans in eo cum procerum eminentissimis, unde ab omni milite posset audiri, magnam illis ait habere se gratiam, 	A04680.xml:/TEI[1]/text[1]/group[1]/text[2]/body[1]/div[7]/div[19]/p[1]/hi[1]/seg[1]/text()[1]; UTF16 offset 0; printed book 7, chapter 19; pb 745 (tcp:12923:381)	CAesar determined to leaue the tenth legion for a garrison in Ierusalem, with some troupes of horsemen and other companies of footemen, and all wars being now ended, he purposed to thanke the whole armie for their valian	& whosoeuer was more forward thē the rest should haue a reward according to his desert. And that he would be more diligent in honouring thē that had bin his companions in that\n\nwarre, then in punishing their offences; 	DIRECT_ALIGNMENT	HIGH	english-lodge1602-bellum7-unit5	962676	964666	Boundary checked directly against the surrounding Cardwell and Lodge wording.
7	latin-bellum7-num13	1	[13] 3. Confestim ergo jussit eos quorum partes sunt, indicare, quosnam scirent fortiter aliquid in bello fecisse: et nominatim singulos appellans, praesentes collaudabat, quasi qui domesticis recte gestis nimium laetaretur : et coronas eis aureas imponebat, et torques longasque hastas, et signa ex argento facta donabat, et uniuscujusque ordinem mutabat in melius. Quin et ex manubiis aurum et argentum, itemque vestes, aliamque praedam largiter di	A04680.xml:/TEI[1]/text[1]/group[1]/text[2]/body[1]/div[7]/div[19]/p[1]/text()[14]; UTF16 offset 42; printed book 7, chapter 19; pb 746 (tcp:12923:382)	then presently hee willed them to whom it appertained,  \n                         to nominate them who had valiantly behaued themselues in those warres, and had performed anie worthie exployt, which being done, hee calle	hee the\n                           •…\n                         laide vp all his spoyles, and caused the captiues to be kept, because that the winter season permitted him not to saile into Italy.\n\n                        	DIRECT_ALIGNMENT	HIGH	english-lodge1602-bellum7-unit13	964666	966654	Boundary checked directly against the surrounding Cardwell and Lodge wording.
7	latin-bellum7-num21	2	[21] CAP. II. PER idem vero tempus, quo Titus Caesar obsidionis causa apud Hierosolymam commorabatur, ascensa navi oneraria Vespasianus Rhodum transmittit. Hinc autem vectus triremibus postquam omnes quas praeternavigavit civitates invisit, ab his cum votis exceptus, in Graeciam ex Ionia transit. Egressus deinde Corcyra in Japygiam delatus est, unde jam terra iter agebat. Titus autem ex maritima Caesarea reversus in Caesaream, quae Philippi vocat	A04680.xml:/TEI[1]/text[1]/group[1]/text[2]/body[1]/div[7]/div[20]/p[1]/seg[1]/text()[1]; UTF16 offset 0; printed book 7, chapter 20; pb 746 (tcp:12923:382)	WHilest Titus was busied in the siege of Ierusalem, Vespasian in a Marchants ship sayled to Rhodes, and from thence departing in a Gally, hauing visited all Cities by the which he  passed, being ioyfully receiued of them	 at that time to be taken in the Caues. When Caesar was returned into Caesarea by the Sea coast, Simon was presented bound vnto him, who commanded\n\nhim to be reserued for his triumph, vvhich he purposed to make at Rome. 	DIRECT_ALIGNMENT	HIGH	english-lodge1602-bellum7-unit21	966654	969735	True Niese 7.21 opening matches Vespasian's voyage. Do not infer 7.26 from a removed false print anchor elsewhere in this coarse unit.
7	latin-bellum7-num37	3	[37] CAP. III. IBI autem moratus, fratris sui natalem diem clarissime celebrabat, multam partem damnatorum ejus honori attribuens. Numerus enim eorum, qui cum bestiis depugnarunt, quique ignibus cremati sunt, et inter se digladiatores periere, duo millia quingentos excessit. Omnia tamen Romanis videbantur haec, licet mille modis illi consumerentur, minus esse supplicii. Postea Caesar Berytum venit (haec autem est civitas Phoenices provinciae, col	A04680.xml:/TEI[1]/text[1]/group[1]/text[2]/body[1]/div[7]/div[20]/p[2]/text()[8]; UTF16 offset 73; printed book 7, chapter 20; pb 747 (tcp:12923:382)	After making  \n                         some aboade in that place, he celebrated his brothers birth day with great solemnitie, and in that solemnitie bringing foorth diuers Iewes, whose punishment he had of purpose defer	of his father, with far greater solemnitie then the former, as well in making diuers shewes vnto the people, as in great expences and sumptuousnes, and causing many captiues to perish as before.\n\n                        	DIRECT_ALIGNMENT	HIGH	english-lodge1602-bellum7-unit37	969735	970595	Boundary checked directly against the surrounding Cardwell and Lodge wording.
7	latin-bellum7-num41	3	[41] 2. Evenit autem per idem tempus, Judaeos, qui apud Antiochiam reliqui erant, acerba et exitiosa pericula perpeti, concitata in eos Antiochensium civitate, tam propter criminationes illatas eis in praesentia, quam propter ea, quae fuerant non multo ante commissa. De quibus necessarium nihi videtur pauca praedicere, ut etiam quae postea gesta sunt, consequenti narratione referamus.	A04680.xml:/TEI[1]/text[1]/group[1]/text[2]/body[1]/div[7]/div[21]/p[1]/seg[1]/text()[1]; UTF16 offset 0; printed book 7, chapter 21; pb 747 (tcp:12923:382)	AT the same time the rest of the Iewes were in great miserie, the Citie of Antiochia was incited against them, both for certaine criminall causes laid now vnto their charge, as also for certaine offences before committed	Antiochia was incited against them, both for certaine criminall causes laid now vnto their charge, as also for certaine offences before committed, which necessarily I must recount, before I speake any thing of the rest. 	DIRECT_ALIGNMENT	HIGH	english-lodge1602-bellum7-unit41	970595	970890	Coarse-unit incipit and adjacent Lodge wording inspected directly against the Cardwell unit opening; the identity is secure. This decision verifies this boundary only.
7	latin-bellum7-num43	3	[43] 3. Judaeorum namque gens multum quidem totius orbis indigenis asseminata est. Plurimum autem Syris vicinitate permixta, praecipue apud Antiochiam versabatur, propter magnitudinem civitatis, maxime vero his liberam, domicilii facultatem reges, qui post Antiochum fuerant, praebuerunt. Namque Antiochus quidem, qui Epiphanes dictus est, vastatis Hierosolymis templum spoliavit. Qui vero post eum regnum assecuti sunt, quicquid aeneum in donariis f	A04680.xml:/TEI[1]/text[1]/group[1]/text[2]/body[1]/div[7]/div[21]/p[1]/text()[2]; UTF16 offset 294; printed book 7, chapter 21; pb 747 (tcp:12923:382)	The nation of the Iewes is mixed almost amongst all nations of the world, and especially amongst the Syrians, by reason of their vicinitie, and many of them were at  Antiochia because it was a great Citie, and the kings 	sinesse, that they were accustomed to do vpon any other day, & vrged them hereto, that within short time the seuenth day was not onely violated amongst them of Antiochia, but also in other places and Cities round about. 	DIRECT_ALIGNMENT	HIGH	english-lodge1602-bellum7-unit43	970890	973558	Coarse-unit incipit and adjacent Lodge wording inspected directly against the Cardwell unit opening; the identity is secure. This decision verifies this boundary only.
7	latin-bellum7-num54	3	[54] 4. Judaeis autem apud Antiochiam tunc ejusmodi mala perpessis, altera denuo calamitas accidit : de qua narrare conati, haec quoque persecuti fuimus. Namque quod quadratum forum exuri contigit, et archiva monimentorumque receptacula publicorum, itemque basilicas, vixque ignis inhibitus est super omnem civitatem magna nimis vi ruens, hujus facti Antiochus Judaeos accusat : et Antiochenses, quod scilicet si his infesti antea non fuissent, recen	A04680.xml:/TEI[1]/text[1]/group[1]/text[2]/body[1]/div[7]/div[21]/p[1]/text()[25]; UTF16 offset 189; printed book 7, chapter 21; pb 747 (tcp:12923:382)	The Iewes at Antiochia hauing then indured the foresaide miserie, now fell into as great calamitie  as that was, whereof I intending to speake, was forced to relare the former. For it hapned that the fouresquare market w	           et place, and the publike writings, that then their debts could not be required at their hands. Yet the Iewes liued in great feare, and expected the euent of those forged accusations.\n\n                        	DIRECT_ALIGNMENT	HIGH	english-lodge1602-bellum7-unit54	973558	975238	Coarse-unit incipit and adjacent Lodge wording inspected directly against the Cardwell unit opening; the identity is secure. This decision verifies this boundary only.
7	latin-bellum7-num63	4	[63] CAP. IV. TITUS autem Caesar a patre sibi allato nuncio, quod universis quidem Italiae civitatibus desiderabilis pervenisset, maxime vero, quod urbs eum Roma summa cum alacritate et claritudine suscepisset, in maximam laetitiam voluptatemque translatus est, curis de eo ita ut sibi erat suavissimum liberatus. Vespasianum enim etiam longe absentem, omnes homines Italiae voluntatibus, ut praesentem colebant : expectationem suam, quod nimis eum v	A04680.xml:/TEI[1]/text[1]/group[1]/text[2]/body[1]/div[7]/div[22]/p[1]/seg[1]/text()[1]; UTF16 offset 0; printed book 7, chapter 22; pb 748 (tcp:12923:383)	AFter that Titus had receiued letters from his father, that he was arriued in Italy, and all  Cities wherein he as yet came, welcomed him verie ioyfully, and that especially Rome had entertained him with great pompe and 	m, and that the Empire might neuer depart from his linage. The Citie of Rome hauing thus receiued Vespasian, \n                         it presently was blessed with all happinesse and felicitie.\n\n                        	DIRECT_ALIGNMENT	HIGH	english-lodge1602-bellum7-unit63	975238	978130	Boundary checked directly against the surrounding Cardwell and Lodge wording.
7	latin-bellum7-num75	4	[75] 2. Ante haec vero tempora, quibus Vespasianus quidem apud Alexandriam erat, Titus vero Hierosolymam obsidebat, magna pars Germanorum ad defectionem mota est: quibus etiam Gallorum proximi conspirantes, magnam spem contulerant, quod etiam Romanorum dominio liberarentur. Ger manos autem deficere velle, bellumque inferre, sustulit primo natura bonis consiliis vacua, parva spe appetens periculorum, deinde odium principum, quoniam solis sciunt ge	A04680.xml:/TEI[1]/text[1]/group[1]/text[2]/body[1]/div[7]/div[23]/p[1]/seg[1]/text()[1]; UTF16 offset 0; printed book 7, chapter 23; pb 748 (tcp:12923:383)	BEfore such time as Vespasian was gone to Alexandria, or that Titus besieged the Citie of Ierusalem, a great part of Germanie was reuolted, with whom the Frenchmen that bordred vpon them renouncing their allegeance they 	ection as before. Now all things in Gallia being well disposed of, so that it was not easie for them although they vvould, to rebell any more, Domitian returned againe to Rome, being a credite vnto his age and countrey.\n	DIRECT_ALIGNMENT	HIGH	english-lodge1602-bellum7-unit75	978130	980760	Coarse-unit incipit and adjacent Lodge wording inspected directly against the Cardwell unit opening; the identity is secure. This decision verifies this boundary only.
7	latin-bellum7-num89	4	[89] 3. Cum supradicta vero Germanorum defectione, iisdem diebus etiam Scytharum convenit audacia. Nam qui appellantur Sarmatae, maxima multitudine clam transgressi flumen Istrum, violenti atque saevissimi, propter inopinatum impetunm multos Romanorum quos in praesidiis offendere, interficiunt : et consularem legatum Fonteium Agrippam, qui fortiter his obvius pugnaverat, occidunt : proximasque regiones totas ferendo atque agendo, omniaque incende	A04680.xml:/TEI[1]/text[1]/group[1]/text[2]/body[1]/div[7]/div[23]/p[2]/text()[1]; UTF16 offset 0; printed book 7, chapter 23; pb 749 (tcp:12923:383)	At the same time also the Scythians rebelled, and the Sarmates assembled in great multitudes,  and passed ouer the riuer Istrum, and with great violence and crueltie comming vnexpected,  slew many of the Roman garrisons,	orts then were before, so that the enemie could no way passe out of their owne countrey, by which meanes the wars in Maesia were quickly ended. \n                     \n\n                        \n                           	DIRECT_ALIGNMENT	HIGH	english-lodge1602-bellum7-unit89	980760	981807	Boundary checked directly against the surrounding Cardwell and Lodge wording.
7	latin-bellum7-num96	5	[96] CAP. V. PRINCEPS vero Titus aliquandiu quidem Beryti commorabatur, ita ut diximus : inde autem reversus, et per omnes quas obiret Syriae civitates magnificentissima celebrans spectacula, Judaeorum captivis ad ostentationem cladis eorum abutebatur. Conspicit autem in itinere fluvium cognitione dignissimum. Is fluit medius inter Arcas et Raphanaeas Agrippae regni civitates. Habet autem quoddam peculiare miraculum. Nam cum sit quando fluit plur	A04680.xml:/TEI[1]/text[1]/group[1]/text[2]/body[1]/div[7]/div[24]/p[1]/hi[1]/seg[1]/text()[1]; UTF16 offset 0; printed book 7, chapter 24; pb 749 (tcp:12923:383)	TItus the Emperour hauing some while remained at Berytus (as is before said) and being returned from thence, he shewed many spectacles in all the cities of Syria, wherein he  came, reseruing for that purpose the Iewes, t	s, it is on the seuenth day so drie, that you may see the bottome, and so continueth his course, which for this cause the Iewes call Sabbaticus, taking the name thereof from the Iewes Sabbaoth, which is the seuenth day. 	DIRECT_ALIGNMENT	HIGH	english-lodge1602-bellum7-unit96	981807	982602	Boundary checked directly against the surrounding Cardwell and Lodge wording.
7	latin-bellum7-num100	5	[100] 2. Civitatis autem Antiochensium populus, postquam Titum adventare cognovit, manere quidem intra moenia prae gaudio non sustinebat. omnes autem obviam ei pergere properabant, et usque ad tricesimum vel eo amplius stadium progressi, non modo viri, sed etiam foeminae cum pueris expectabant. Et cum appropinquantem vidissent, ex utroque viae latere stantes dextras cum salutatione tendebant : multisque favoribus exultantes, cum ipso revertebantu	A04680.xml:/TEI[1]/text[1]/group[1]/text[2]/body[1]/div[7]/div[24]/p[1]/text()[5]; UTF16 offset 343; printed book 7, chapter 24; pb 749 (tcp:12923:383)	When the Antiochians vnderstood that Titus was comming to their citie, they could not containe themselues within their wals for ioy,  but all went out to meete him, and not onely men, but also women and children, expecti	nd some the Romans found of themselues, but the most they got, the captiues told them of, which vvas gold and siluer and other precious things buried by the owners in the earth, being vncertaine what vvould betide them. 	DIRECT_ALIGNMENT	HIGH	english-lodge1602-bellum7-unit100	982602	985093	Coarse-unit incipit and adjacent Lodge wording inspected directly against the Cardwell unit opening; the identity is secure. This decision verifies this boundary only.
7	latin-bellum7-num116	5	[116] 3. Titus autem propositum iter ad AEgyptum tendens, emensa velociter solitudine, pervenit Alexandriam : decretoque ad Italiam navigare, cum se duae legiones comitarentur, utramque unde venerant remisit : quintam quidem in Moe siam, quintam vero decimam in Pannoniam. Captivorum autem duces Simonem et Joannem, et alios numero septingentos viros electos, tam magnitudine corporum quam pulchritudine praestantes, ilico ad Italiam portari praecepi	A04680.xml:/TEI[1]/text[1]/group[1]/text[2]/body[1]/div[7]/div[24]/p[1]/hi[7]/text()[1]; UTF16 offset 0; printed book 7, chapter 24; pb 734 (tcp:12923:384)	Titus going forward in his iourney speedily past the vvildernesse, and came to Alexandria, and determining now to saile vnto Italy, he sent the two legions that accompanied him vnto the places,  from vvhence they came, t	liant deeds, and in the day prefixed for the same, no man in all the citie remained at home, but euerie one got a place to stand in that they might see the Emperours, leauing onely roome betweene them for their passage. 	DIRECT_ALIGNMENT	HIGH	english-lodge1602-bellum7-unit116	985093	986276	Coarse-unit incipit and adjacent Lodge wording inspected directly against the Cardwell unit opening; the identity is secure. This decision verifies this boundary only.
7	latin-bellum7-num123	5	[123] 4. Cuncta vero turba militari ante lucem per turmas atque ordines progressa cum rectoribus suis, et circa ostia constituta non palatii superioris, sed prope Isidis templum (ibi enim principes nocte illa quiescebant) prima jam aurora incipiente procedunt Vespasianus et Titus lauro quidem coronati, amicti vero patria veste purpurea : et ad Octavianas ambulationes transeunt. Ibi enim senatus, et ducum proceres, et honorati equites, eorum praes	A04680.xml:/TEI[1]/text[1]/group[1]/text[2]/body[1]/div[7]/div[24]/p[1]/text()[31]; UTF16 offset 528; printed book 7, chapter 24; pb 734 (tcp:12923:384)	All the souldiers before it was day-light, euerie one with his captaine in companies, came and expected the Emperour, not at the pallace gates, but neere the temple of Isis, for the Emperours that night lodged there, and	pparrell, hauing offered  sacrifices vnto the Gods that were placed by the gate, and so went in triumph all along the place, where people striued to see them, to the end that all people might haue a better view of them. 	DIRECT_ALIGNMENT	HIGH	english-lodge1602-bellum7-unit123	986276	987889	Coarse-unit incipit and adjacent Lodge wording inspected directly against the Cardwell unit opening; the identity is secure. This decision verifies this boundary only.
7	latin-bellum7-num132	5	[132] 5. Pro merito autem narrari multitudo eorum spectaculorum et magnificentia non potest, in omnibus, quae quisque cogitaverit, vel artium factis, vel divitiarum opibus, vel na turae novitate. Nam pene quaecunque hominibus, qui usquam sunt, fortunatis paulatim quaesita sint, aliis alia mirabilia atque magnifica, haec universa illa die Romani imperii magnitudinem probavere. Etenim argenti aurique nec non eboris in omni specie operum multitudine	A04680.xml:/TEI[1]/text[1]/group[1]/text[2]/body[1]/div[7]/div[24]/p[1]/text()[42]; UTF16 offset 195; printed book 7, chapter 24; pb 734 (tcp:12923:384)	But the spectacles there exhibited, both for number, varietie, and costlinesse, cannot be described sufficiently, being excellent in all things, which any man could deuise, both workmanship,  riches, and varieties, and n	 the spoyles. Then followed many carrying the image of victorie, all made of gold and Iuorie. Afterwards came Vespasian, and after him Titus, and with him Domitian, gallantly adorned and mounted vpon an excellent horse, 	DIRECT_ALIGNMENT	HIGH	english-lodge1602-bellum7-unit132	987889	992236	Boundary checked directly against the surrounding Cardwell and Lodge wording.
7	latin-bellum7-num153	5	[153] 6. Pompae autem finis fuit Capitolini Jovis templum, quo postquam ventum est, constitere. Erat autem vetus mos patrius, operiri donec ducis hostium mortem quispiam nunciaret. Is erat Simon Giorae, tunc inter captivos in pompa traductus : laqueo vero circundatus per forum trahebatur, quo eum simul caederent qui ducebant. Lex autem Romanis est, ibi necare criminum reos morte damnatos. Postquam igitur eum finem vitae habere nunciatum est, omni	A04680.xml:/TEI[1]/text[1]/group[1]/text[2]/body[1]/div[7]/div[24]/p[1]/text()[69]; UTF16 offset 56; printed book 7, chapter 24; pb 751 (tcp:12923:384)	and so they went al to the Temple of Iupiter Capitolinus, and there was the end of all this pompe, where they made some abode. \n                     \nFor it was an auncient custome of their Countrie, to repose themselues	heir owne houses. For this day was sacred amongst the Romanes, in ioy of the victorie ouer their enemies, and an end of ciuill calamitie, and the beginning of good fortune, and hope, which they had in their new princes. 	DIRECT_ALIGNMENT	HIGH	english-lodge1602-bellum7-unit153	992236	993323	Coarse-unit incipit and adjacent Lodge wording inspected directly against the Cardwell unit opening; the identity is secure. This decision verifies this boundary only.
7	latin-bellum7-num158	5	[158] 7. Post triumphos vero, et Romani imperii firmissimum statum, Vespasianus Paci templum aedificari decrevit. ltaque mira celeritate, et quae hominum cogitationem superaret, effectum est. Magna enim divitiarum largitate usus, insuper perfectis id picturae ac figmentorum operibus exornavit. Omnia namque in illud fanum collecta ac deposita sunt, quorum visendorum studio per totum orbem, qui ante nos fuerunt, vagabantur, quomodo aliud apud alios	A04680.xml:/TEI[1]/text[1]/group[1]/text[2]/body[1]/div[7]/div[24]/p[2]/text()[4]; UTF16 offset 91; printed book 7, chapter 24; pb 751 (tcp:12923:384)	When the triumphs were ended, and all the Romane Empire quieted, Vespasian built a Temple and dedicated it vnto peace, which hee did in so short a space as it was admirable, and hauing bestowed  great cost vpon it, he al	e Iewes vsed in their Temple, doing them great reuerence. But their law and the Tapestrie or purple veiles  of the Sanctuarie he commaunded to be kept in the pallace.\n\n                        \n                           	DIRECT_ALIGNMENT	HIGH	english-lodge1602-bellum7-unit158	993323	994015	Coarse-unit incipit and adjacent Lodge wording inspected directly against the Cardwell unit opening; the identity is secure. This decision verifies this boundary only.
7	latin-bellum7-num163	6	[163] CAP. VI. IN Judaeam vero legatus missus Lucilius Bassus, suscepto a Cereali Vetiliano exercitu, castellum quidem Herodion cum praesidio deditione cepit. Post autem omni manu militari collecta, multi autem in partes divisi erant, et legione decima bellum inferre Machaerunti statuit. Valde enim necessarium videbatur id excindi castellum, ne multos sui munimine ad defectionem invitaret. Nam et salutis spem habitatoribus certam, et aggredientib	A04680.xml:/TEI[1]/text[1]/group[1]/text[2]/body[1]/div[7]/div[25]/p[1]/hi[1]/seg[1]/text()[1]; UTF16 offset 0; printed book 7, chapter 25; pb 752 (tcp:12923:385)	Caesar sent Lucius Bassus into Iudaea to bee Lieutenant there, who receiuing an armie of Cerealis Vetilianus, hee tooke the Castle and garrison of Herodium, being yeelded vnto him. After this, gathering together all his 	 of the like measure,  that the former is, whereby it is impossible to winne the Castle, but that vallie which is on the East side, is at least a hundred cubits deepe, and it endeth vpon a mountaine neer vnto Machaerus. 	DIRECT_ALIGNMENT	HIGH	english-lodge1602-bellum7-unit163	994015	995368	Boundary checked directly against the surrounding Cardwell and Lodge wording.
7	latin-bellum7-num171	6	[171] 2. Ea loci natura perspecta, rex Alexander primus in eo castellum communivit, quod postea Gabinius bello cum Aristobulo gesto deposuit. Herodi autem regnanti, omnibus locis dignior cura visus est, et constructione tutissima, propter Arabum praecipue vicinitatem. namque opportune situs est, eorum fines prospectans. Magno ergo locum muro amplexus ac turribus, civitatem illic fecit incolis, unde in arcem ipsam ferebat ascensus. Quin et circa i	A04680.xml:/TEI[1]/text[1]/group[1]/text[2]/body[1]/div[7]/div[25]/p[1]/text()[12]; UTF16 offset 1; printed book 7, chapter 25; pb 752 (tcp:12923:385)	King Alexander seeing the nature of the place, did there build a Castle, which afterward Gabinius in the warre against Aristobulus destroyed. But Herode when he was King, iudged this place  worthie to be fortified, as a 	 by Art might make places more strong then that was. He also laid vp there in store, arrowes and engines, and made all prouision wherewith the Inhabitants might bee able to hold out a great siege. \n                     \n	DIRECT_ALIGNMENT	HIGH	english-lodge1602-bellum7-unit171	995368	996450	Coarse-unit incipit and adjacent Lodge wording inspected directly against the Cardwell unit opening; the identity is secure. This decision verifies this boundary only.
7	latin-bellum7-num178	6	[178] 3. Erat autem in ipsa regia ruta mirabilis magnitudinis : a nulla enim ficu vel celsitudine, vel magnitudine vincebatur. Ferebant autem eam ex Herodis temporibus perseverasse : mansissetque,ulterius profecto, sed ab Judaeis qui locum ceperant excisa est. Vallis autem, qua civitas a parte Septentrionali cingitur, quidem locus Baaras appellatur, ubi radix eodem nomine gignitur : quae flammae quidem assimilis est colore, circa vesperam vero ve	A04680.xml:/TEI[1]/text[1]/group[1]/text[2]/body[1]/div[7]/div[25]/p[2]/text()[1]; UTF16 offset 0; printed book 7, chapter 25; pb 752 (tcp:12923:385)	In the Kings pallace, there grew the herb called Rue, which was verie admirable for the greatnesse,  for there was no figge tree taller or broader then it, and it was reported that it had continued euer since Herods time	erie hot, which mingled together make a pleasant bath, and serue to cure many diseases, and especially helpeth all paines of the sinnewes. In the same place also are mines of Sulphure and Alume.\n\n                        	DIRECT_ALIGNMENT	HIGH	english-lodge1602-bellum7-unit178	996450	998705	Coarse-unit incipit and adjacent Lodge wording inspected directly against the Cardwell unit opening; the identity is secure. This decision verifies this boundary only.
7	latin-bellum7-num190	6	[190] 4. Bassus autem contemplatus undique regionem, valle Orientali repleta accessum parare statuit: opusque inchoavit, properans aggerem quam plurimum extollere, facilemque per eum oppugnationem facere. Qui vero intus fuerant deprehensi, ab externis segregati Judaei, illos quidem coëgere, inane vulgus esse existimantes, inferiorem observare civitatem, ac pericula priores excipere : superius vero castellum ipsi occupatum tenebant, et propter mun	A04680.xml:/TEI[1]/text[1]/group[1]/text[2]/body[1]/div[7]/div[25]/p[3]/hi[1]/text()[1]; UTF16 offset 0; printed book 7, chapter 25; pb 752 (tcp:12923:385)	Bassus hauing viewed this place on euerie side, resolued to besiege it, and endeuoured to fill vp the valley that was on the East side, and so make away vnto it, which he began to doe, hastening\n\nto raise a verie high mo	 men, for the women and children were made bondslaues. And Bassus thinking it meete to keepe his promise vnto them of the castle, permitted them safely to depart, and restored Eleazar vnto them.\n\n                        	DIRECT_ALIGNMENT	HIGH	english-lodge1602-bellum7-unit190	998705	1003124	Coarse-unit incipit and adjacent Lodge wording inspected directly against the Cardwell unit opening; the identity is secure. This decision verifies this boundary only.
7	latin-bellum7-num210	6	[210] 5. His autem administratis, in saltum, qui appellatur Iardes, ducere properabat exercitum, multi enim illuc congregati esse nunciabantur, qui pridem tempore obsidionis, ex Hierosolymis et Machaerunte profugerant. Ergo cum ad locum venisset, neque falsum fuisse nuncium reperisset, primo quidem omnem locum cum equitibus cingit : ut si quis Judaeorum conatus fuisset evadere, fugiendi per equites copiam non haberet. pedites autem sylvam jussit 	A04680.xml:/TEI[1]/text[1]/group[1]/text[2]/body[1]/div[7]/div[26]/p[1]/seg[1]/text()[1]; UTF16 offset 0; printed book 7, chapter 26; pb 753 (tcp:12923:385)	THis done, he prepared to carrie his army into the pasture called Iardes, for he had notice  \n                         that many Iewes were there assembled togither, who had escaped from Ierusalem and Machaera during the	d their captaine Iudas the sonne of Iairus (of whom we haue already made mention, who during the siege of Ierusalem was commaunder of a companie there) hid  himselfe in a certaine caue, and secretly escaped from thence. 	DIRECT_ALIGNMENT	HIGH	english-lodge1602-bellum7-unit210	1003124	1004431	Coarse-unit incipit and adjacent Lodge wording inspected directly against the Cardwell unit opening; the identity is secure. This decision verifies this boundary only.
7	latin-bellum7-num216	6	[216] 6. Eodem vero tempore Caesar etiam ad Liberium Maximum scripsit (erat autem procurator) ut omnem terram venderet Judaeorum. nec enim civitatem in ea condidit proprium servans sibi eorum agrum. Solis autem octingentis militibus illis relictis, locum dedit quem incolerent : qui vocatur Ammaus. distat autem ab Hierosolymis triginta stadiis. Stipendium vero ubicunque degerent Judaeis indixit: binasque drachmas singulis annis deferre in Capitoli	A04680.xml:/TEI[1]/text[1]/group[1]/text[2]/body[1]/div[7]/div[26]/p[1]/text()[14]; UTF16 offset 64; printed book 7, chapter 26; pb 754 (tcp:12923:386)	At that time Caesar writ vnto Liberius Maximus his Gouernour, and vnto Bassus, to sell Iudaea: for he did not build in all the countrey any Citie but appropriated it vnto himselfe, leauing there onely eight hundreth soul	 them euerie yeere to bring two drachmes into the Capitole, according as  in former times they weere woont to pay vnto the temple of Ierusalem: and this was the estate of the Iewes at that time.\n\n                        	DIRECT_ALIGNMENT	HIGH	english-lodge1602-bellum7-unit216	1004431	1005058	Coarse-unit incipit and adjacent Lodge wording inspected directly against the Cardwell unit opening; the identity is secure. This decision verifies this boundary only.
7	latin-bellum7-num219	7	[219] CAP. VII. JAM vero quarto anno Vespasiano administrante imperium, contigit Comagenes regem Antiochum in maximas clades cum tota domo incurrere, ex causa hujusmodi. Caesennius Petus, qui tunc Syriam administrabat, sive re vera, seu propter inimicitias Antiochi (certum non valde patefactum est) literas ad Caesarem misit, Antiochum dicens deficere ab Romanis cum Epiphane filio decrevisse, pactis habitis cum rege Parthorum : proptereaque debere	A04680.xml:/TEI[1]/text[1]/group[1]/text[2]/body[1]/div[7]/div[27]/p[1]/seg[1]/text()[1]; UTF16 offset 0; printed book 7, chapter 27; pb 754 (tcp:12923:386)	IN the fourth yeere of Vespasians raigne, it happened that Antiochus king of the Comagenes with all his family fell into great miserie vpon this occasion. Cesennius Petus gouernour of Syria (either for enuie, or for that	en depart from thence, hoping hereby to cleare himselfe vnto the Romans, from that which they suspected of him: and going almost a hundreth and thirtie stounds from the Citie into a field, there he placed a tabernacle.  	DIRECT_ALIGNMENT	HIGH	english-lodge1602-bellum7-unit219	1005058	1006927	Boundary checked directly against the surrounding Cardwell and Lodge wording.
7	latin-bellum7-num230	7	[230] 2. Petus autem in Samosatam qui eam capesserent mittit, et per eos civitatem tenebat. ipse vero cum alio milite in Antiochum ire tendebat. Non tamen rex vel ipsa necessitate adductus est adversum Romanos aliquid bellicum gerere: sed fortunam suam questus, quidvis pati sustinebat. adolescentibus autem, bellique peritis, vique corporis praestantibus filiis ejus non erat facile in calamitate sine pugna durare. Itaque ad virtutem se conferunt E	A04680.xml:/TEI[1]/text[1]/group[1]/text[2]/body[1]/div[7]/div[27]/p[1]/text()[24]; UTF16 offset 1; printed book 7, chapter 27; pb 754 (tcp:12923:386)	And Petus sent men vnto Samosata to take it, and left them to keepe the Citie, and he  with the rest of the souldiers purposed to go against Antiochus. But for all this the king though by necessitie vrged thereunto, yet 	r Euphrates: and thus being out of daunger they came to Vologesus, of whom they were receiued, not as fugitiues, but with great honor, and according to their degree, as though they yet possessed their auncient dignitie. 	DIRECT_ALIGNMENT	HIGH	english-lodge1602-bellum7-unit230	1006927	1008211	Coarse-unit incipit and adjacent Lodge wording inspected directly against the Cardwell unit opening; the identity is secure. This decision verifies this boundary only.
7	latin-bellum7-num238	7	[238] 3. Antiochum vero, ubi Tarsum Ciliciae venit, misso centurione Petus vinctum Romam transmisit. Vespasianus autem ita regem ad se deduci non passus est: dignius esse ratus, veteris amicitiae habere rationem, quam belli occasione inexorabilem iracundiam servare. Itaque jubet ei iter agenti auferri vincula, intermissaque interim profectione Romam, apud Lacedaemoneni degere: magnos vero ei pecuniae reditus praebet, ut non modo copiose, sed etia	A04680.xml:/TEI[1]/text[1]/group[1]/text[2]/body[1]/div[7]/div[27]/p[1]/text()[39]; UTF16 offset 154; printed book 7, chapter 27; pb 754 (tcp:12923:386)	And Petus comming to Tarsus of Cilicia, he sent a Centurion to carrie Antiochus bound vnto Rome. But Vespasian permitted not a king \n                        \nto be so brought vnto him, thinking it meete to consider the o	notwithstanding that they were honorably entertained) Caesar. courteously gaue them leaue, & they came to Rome, & their father was presently sent for vnto them from Lacedemon, & so they remained at Rome in great honour. 	SUBSTANTIVE_ALIGNMENT	HIGH	english-lodge1602-bellum7-unit238	1008211	1009348	Identity is secure from Tarsus and Antiochus being sent bound to Rome. Lodge makes Petus the traveller to Tarsus, whereas Cardwell makes Antiochus the traveller. The reading is retained; edition-level comparison needed to diagnose the divergence.
7	latin-bellum7-num244	7	[244] 4. Alanorum autem natio, quod quidem Scythae sint, juxta flumen Tanain et Maeotides paludes sedes habentes, jam quodam loco memoravimus. His vero temporibus inito consilio, ut terram Mediam, et ulterius praedandi causa pervaderent, cum rege Hyrcanorum colloquuntur. namque is est illius transitus dominus, quem rex Alexander ita fecerat, ut portis ferreis clauderetur. Aditu autem sibi praebito, universi nihil suspicantibus Medis incumbunt : e	A04680.xml:/TEI[1]/text[1]/group[1]/text[2]/body[1]/div[7]/div[27]/p[2]/text()[9]; UTF16 offset 159; printed book 7, chapter 27; pb 755 (tcp:12923:386)	The nation of the  Alans being Scythians, inhabited about Tanais, & the marishes of Maeotis, as in an other place we haue recounted. Who conspiring with the king of the Hyrcans to passe into Media, and sacke it (for he w	eason he fought against them, wasted all the countrey, and carying with them a huge multitude of men and cattell out of both countries, they returned into their owne.\n\n                        \n                           	DIRECT_ALIGNMENT	HIGH	english-lodge1602-bellum7-unit244	1009348	1010780	Coarse-unit incipit and adjacent Lodge wording inspected directly against the Cardwell unit opening; the identity is secure. This decision verifies this boundary only.
7	latin-bellum7-num252	8	[252] CAP. VIII. APUD Judaeam vero mortuo Basso, Flavius Sylva in administratione succedit. et aliam quidem terram bello sub actam videns, unum autem adhuc rebelle superesse castellum, omni quae in illis locis habebatur manu collecta, adversus id militem movit. Nomen est autem castello Massada. Princeps vero sicariorum, a quibus fuerat occupatum, erat vir praepotens Eleazarus, ex origine Judae, qui non paucis Judaeis persuaserat, ut ante diximus,	A04680.xml:/TEI[1]/text[1]/group[1]/text[2]/body[1]/div[7]/div[28]/p[1]/hi[1]/seg[1]/text()[1]; UTF16 offset 0; printed book 7, chapter 28; pb 755 (tcp:12923:386)	BAssus dying in Iudaea, Flauius Sylua succeeded in his place, and now perceiuing that all the countrie else was conquered saue one only castle, he with al the forces he could make,  went against it. This castle is called	 not so greatas they deserued, but what punishment could be deuised sufficient for their defert? But I cannot now stand to lament those who perished by these mens crueltie, wherefore I will returne to that where I left.\n	DIRECT_ALIGNMENT	HIGH	english-lodge1602-bellum7-unit252	1010780	1015255	Boundary checked directly against the surrounding Cardwell and Lodge wording.
7	latin-bellum7-num275	8	[275] 2. Venit enim dux Romanorum contra Eleazarum, et qui cum eo Massadam tenebant, sicarios, exercitum ducens, et fines quidem statim omnes obtinuit, praesidiis ubique locis opportunissimis collocatis : castellum autem muro circumdedit, ne quis obsessorum fugiendi facultatem haberet, utque custodes perseverarent, ipse vero castris locum occupat, ad obsidionem quidem idoneum, quem delegerat, qua parte castelli rupes monti proximo applicabantur, 	A04680.xml:/TEI[1]/text[1]/group[1]/text[2]/body[1]/div[7]/div[28]/p[3]/text()[1]; UTF16 offset 0; printed book 7, chapter 28; pb 756 (tcp:12923:387)	The Roman captaine came against Eleazar, and them that kept Massada with him, who were Sicarians, and he brought an armie with him, and presently subdued all the confines and borders  \n                         round abou	where else, for there was no fountaine neere that place. This done Silua attempted the siege, wherein it was requisite for him to vse both art and labour, by reason of the strength of the castle, which is thus scituate. 	DIRECT_ALIGNMENT	HIGH	english-lodge1602-bellum7-unit275	1015255	1016302	Coarse-unit incipit and adjacent Lodge wording inspected directly against the Cardwell unit opening; the identity is secure. This decision verifies this boundary only.
7	latin-bellum7-num280	8	[280] 3. Saxum gyro non exiguum, et excelsum longitudine, undique abruptis atque altis vallibus cingitur invisibili super fundo habens scopulos: ipsaeque omnium sunt animalium gressibus inaccessae, nisi quod duobus modis idem saxum in difficilem explicatur ascensum. Est autem unum iter ab lacu Asphaltite ad Solis ortum, et alterum ab Occidente facilius ambulari. Vocatur autem unum coluber, ex angustia crebrisque flexibus capta similitudine. Quae 	A04680.xml:/TEI[1]/text[1]/group[1]/text[2]/body[1]/div[7]/div[28]/p[3]/text()[7]; UTF16 offset 148; printed book 7, chapter 28; pb 756 (tcp:12923:387)	It is enuironed round with a huge stone verie high on euerie side, and the valley vnderneath  is so deepe, that one cannot see the bottome, all rockie and inaccessible, to all liuing creatures,  saue onely that in two pl	 the Castle, by which it was impossible to passe, and it was not easie to get it by force, and the more leasurely they went, the neerer they were to danger. And thus was this fortresse strenghned both by art and nature.\n	DIRECT_ALIGNMENT	HIGH	english-lodge1602-bellum7-unit280	1016302	1019676	Coarse-unit incipit and adjacent Lodge wording inspected directly against the Cardwell unit opening; the identity is secure. This decision verifies this boundary only.
7	latin-bellum7-num295	8	[295] 4. Intus autem repositi apparatus, magis et diuturnitatem et opulentiam juvere. nam et frumentum multum erat conditum, et quod in longum tempus sufficere posset: vinumque multum et oleum : insuper autem cujusque leguminis fructus, et palmulae coacervare. Cunctaque reperit Eleazarus, castello per dolum cum sicariis occupato, matura, nihilque recens depositis deteriora : quanquam fere ex quo apparata sunt, ad excidium a Romanis illarum centum	A04680.xml:/TEI[1]/text[1]/group[1]/text[2]/body[1]/div[7]/div[28]/p[4]/text()[1]; UTF16 offset 0; printed book 7, chapter 28; pb 757 (tcp:12923:387)	The prouision within the Castle was admirable both for the magnificence thereof, and also for the long time it had continued, for there was corne sufficient for many yeeres, and Wine and  Oyle and diuers other prouision 	d not fulfill her request. Herode for these occasions hauing b\n                           •…\n                        ilded Massada, left it furnished as the last bulwarke for the Romanes to make warre against the Iewes. 	DIRECT_ALIGNMENT	HIGH	english-lodge1602-bellum7-unit295	1019676	1021456	Boundary checked directly against the surrounding Cardwell and Lodge wording.
7	latin-bellum7-num304	8	[304] 5. Nam quia foris jam locum omnem muro cinxerat dux Romanorum, sicut supra diximus, ac ne quis effugeret diligentissime procuraverat, incipit oppugnationem, uno tantum loco reperto, qui aggerum jactum posset excipere. Nam post eam turrim quae iter ab Occidente, quod ad regiam summumque montem duceret, praecludebat, erat quaedam continentia saxi vastior latitudine, multumque porrecta, celsitudine autem Massadae trecentis cubitis inferior, qu	A04680.xml:/TEI[1]/text[1]/group[1]/text[2]/body[1]/div[7]/div[28]/p[5]/text()[9]; UTF16 offset 103; printed book 7, chapter 28; pb 757 (tcp:12923:387)	For the Generall of the Romanes, hauing now compassed all the place without it with a wall, (as is before said) to the end that none might escape, he did verie wisely, and so began to assault the Castle, finding one onel	Romanes hauing. Gods assistaunce, returned againe vnto their Campe ioyfully, purposing the next morning betimes to assaile their enemies, and that night to place stronger watches, least any of the enemies should escape. 	DIRECT_ALIGNMENT	HIGH	english-lodge1602-bellum7-unit304	1021456	1024737	Boundary checked directly against the surrounding Cardwell and Lodge wording.
7	latin-bellum7-num320	8	[320] 6. Sed neque ipse Eleazarus de fuga cogitabat, neque alii cuiquam permissurus erat, ut faceret. Videns autem murum igne consumptum, alium vero nullum salutis modum neque virtutis excogitans, sed his quae Romani in se liberosque suos, et conjuges facturi essent si vicissent, ante oculos positis, de omnium morte consilium cepit: idque ex praesentibus fortissimum ratus, validioris animi sociis vesperi congregatis, talibus eos verbis ad facinus	A04680.xml:/TEI[1]/text[1]/group[1]/text[2]/body[1]/div[7]/div[28]/p[8]/text()[5]; UTF16 offset 344; printed book 7, chapter 28; pb 758 (tcp:12923:388)	But Eleazer thought not to flie, neither would hee permit any one of his companie so to doe. And seeing now the wall was fierd, and not knowing any way else to helpe himselfe, considering likewise what the Romanes would 	victuals  as sufficient testimonie, that famine did not at any time cause vs to be conquered, but that we as at the first wee resolued, preferred also death before bondage.\n                     \n\n                        	DIRECT_ALIGNMENT	HIGH	english-lodge1602-bellum7-unit320	1024737	1028412	Coarse-unit incipit and adjacent Lodge wording inspected directly against the Cardwell unit opening; the identity is secure. This decision verifies this boundary only.
7	latin-bellum7-num337	8	[337] 7. Haec dicebat Eleazarus : sed non in eundem modum praesentium sententiae congruebant. Sed alii quidem ei obedire properabant, et quasi voluptate replebantur, pulchram esse mortem existimantes. Qui vero molliores erant conjugum ac familiarum suarum misericordia, vel etiam proprius quemque apertissimus deterrebat interitus, aliusque alium intuens, contrarium voluntatis suae motum lacrymis designabant. Quos cum vidisset Eleazarus formidare, 	A04680.xml:/TEI[1]/text[1]/group[1]/text[2]/body[1]/div[7]/div[28]/p[10]/hi[1]/text()[1]; UTF16 offset 0; printed book 7, chapter 28; pb 758 (tcp:12923:388)	Eleazer hauing thus spoken, they that were present did not all accord vnto him, for some ioyfully hasted to execute his aduise, thinking it so glorious a death. But they who mooued with compassion towards their wiues and	en, that in steed of their expected hope, whereby they verily perswaded themselues to take vs aliue, we may contrarie to their expectation daunt them with asodain admiration of our glorious deaths.\n                     \n	DIRECT_ALIGNMENT	HIGH	english-lodge1602-bellum7-unit337	1028412	1039711	Coarse-unit incipit and adjacent Lodge wording inspected directly against the Cardwell unit opening; the identity is secure. This decision verifies this boundary only.
7	latin-bellum7-num389	9	[389] CAP. IX. ADHUC eum orare cupientem omnes interpellabant: et effrenato quodam impetu pleni, ad opus incitabant : ac veluti larvis exagitati, ahus alium ante capere cupiebat, hpc specimen esse fortitudinis, rectique consilii existimantes, ne quis extremus remanere videretur : tantus eos et conjugum et filiorum et propriae caedis amor invasit. Sed nec id, quod aliquis putaverit, cum facinus accederent, obtusi sunt, verum eam servare sententiam	A04680.xml:/TEI[1]/text[1]/group[1]/text[2]/body[1]/div[7]/div[28]/p[12]/text()[1]; UTF16 offset 0; printed book 7, chapter 28; pb 760 (tcp:12923:389)	Whilest Eleazar was yet speaking, and desirous still to continue his exhortation, they all interrupted him, euerie one now in a furie bent to follow his aduice, made haste to effect it, and as though they had been vrged 	hid themselues in a caue wherein water was reserued to drinke, whilest the rest were busied in this massacre, who were in number 900. and 60, beside women and children. This calamitie hapned the fifteenth day of Aprill. 	DIRECT_ALIGNMENT	HIGH	english-lodge1602-bellum7-unit389	1039711	1042934	Boundary checked directly against the surrounding Cardwell and Lodge wording.
7	latin-bellum7-num402	9	[402] 2. Romani autem adhuc pugnam expectantes mane aggeribus scalarum pontibus junctis muros aggrediebantur. Cum vero hostium neminem viderent, sed undique versum acerbam solitudinem, ignemque intus ac silentium, quid factum esset conjicere non poterant, et ad extremum velut impellentes ictum arietis, ululatum, si quem forte provocarent, dederunt. Clamorem autem sensere mulieres, et ex cloacis emersae, factum Romanis, ut erat, indicarunt, altera	A04680.xml:/TEI[1]/text[1]/group[1]/text[2]/body[1]/div[7]/div[28]/p[13]/text()[4]; UTF16 offset 308; printed book 7, chapter 28; pb 761 (tcp:12923:389)	In the morning  the Romans expecting that the Iewes would fight with them, made bridges from their mounts vnto the wals, and so assaulted the wals, and seeing none of their enemies appeare, but all the wals wasted and on	ently came into the pallace, where they beheld all the dead bodies, yet they did not insult ouer them as their enemies, but admired that so many should be so obstinately minded to despise death.\n\n                        	DIRECT_ALIGNMENT	HIGH	english-lodge1602-bellum7-unit402	1042934	1043962	Coarse-unit incipit and adjacent Lodge wording inspected directly against the Cardwell unit opening; the identity is secure. This decision verifies this boundary only.
7	latin-bellum7-num407	10	[407] CAP. X. HUJUSMODI autem peracto excidio, in castello quidem praesidium dux reliquit, ipse vero cum exercitu ad Caesarem profectus est. Nec enim quisquam supererat in illis regionibus hostium, sed jam tota Judaea belli fuerat longinquitate subversa: multisque suorum etiam procul incolentibus sensum perturbationis ac periculum exhibuerat. Nam et circum Alexandriam AEgypti civitatem postea contigit, multos Judaerum perire. His enim qui ex fact	A04680.xml:/TEI[1]/text[1]/group[1]/text[2]/body[1]/div[7]/div[29]/p[1]/seg[1]/text()[1]; UTF16 offset 0; printed book 7, chapter 29; pb 761 (tcp:12923:389)	THe Castle being thus taken, the generall of the Romans leauing a garrison there, went vnto Caesarea, for there was no one enemie left in all that countrey, but now all Iudaea  was destroyed through continuance of long w	ue. Moreouer their children were most to be admired, for not one of them  could be constrained to call Caesar Lord. So much did their boldnesse ouercome the torments inflicted vpon their bodies.\n\n                        	DIRECT_ALIGNMENT	HIGH	english-lodge1602-bellum7-unit407	1043962	1046531	Boundary checked directly against the surrounding Cardwell and Lodge wording.
7	latin-bellum7-num420	10	[420] 2. Lupus tunc Alexandriam rector administrabat, et de hoc ad Caesarem motu velociter retulit. Ille autem inquietum Judaeorum circa res novas studium cavendum esse existimans, ac veritus ne rursus in unum congregarentur, et quosdam sibi adjungerent, praecepit Lupo, ut templum Judaeorum, quod esset apud Onion (quae sic appellatur) civitatem, destrueret. Haec autem est in AEgypto: quae ob hanc causam et coli coepit, et nomen sumpsit. Onias Sim	A04680.xml:/TEI[1]/text[1]/group[1]/text[2]/body[1]/div[7]/div[30]/p[1]/seg[1]/text()[1]; UTF16 offset 0; printed book 7, chapter 30; pb 762 (tcp:12923:390)	AT that time Lupus was gouernour of Alexandria, who with all speed by letters gaue Caesar notice of these troubles. And Caesar, seeing that it was necessarie to beware of the Iewes, vvho were naturally enclined to sediti	 therein according to the custome of their country: for so the Iewes would hate Antiochus the more, who had destroyed their temple at Ierusalem, & be frindly vnto him, & many of them did flie vnto him for religion sake. 	DIRECT_ALIGNMENT	HIGH	english-lodge1602-bellum7-unit420	1046531	1047766	Coarse-unit incipit and adjacent Lodge wording inspected directly against the Cardwell unit opening; the identity is secure. This decision verifies this boundary only.
7	latin-bellum7-num426	10	[426] 3. Paruit his Ptolemaeus, eique locum dedit centum et octoginta stadiis a Memphi distantem : Heliopolitanus autem ille tractus dicitur : ubi castello fabricato, Onias templum quidem dissimile ei quod est in Hierosolymis, turrim autem similem extruxit, ingentibus saxis sexaginta cubitis erectam. Arae autem fabricam secundum patriam imitatus est, et donariis similiter exornavit, praeter candelabri confectionem. Candelabrum enim non fecit, sed	A04680.xml:/TEI[1]/text[1]/group[1]/text[2]/body[1]/div[7]/div[30]/p[1]/hi[12]/text()[1]; UTF16 offset 0; printed book 7, chapter 30; pb 762 (tcp:12923:390)	Ptolomaeus agreed so to do  & gaue him a peece of ground for that purpose, a hundreth & fourescore stounds from Memphis, in that place vvhich vvas called the vvay to Heliopolis, vvhere Onias building a castle, made also 	all men from Ierusalem thither, and of this, there was a prophecie nine hundred threescore and ten yeeres before, and Esaias foretold that a certaine Iewe should build a temple in Aegypt. And thus that temple was build, 	DIRECT_ALIGNMENT	HIGH	english-lodge1602-bellum7-unit426	1047766	1049059	Coarse-unit incipit and adjacent Lodge wording inspected directly against the Cardwell unit opening; the identity is secure. This decision verifies this boundary only.
7	latin-bellum7-num433	10	[433] 4. Lupus autem rector Alexandriae susceptis literis imperatoris cum ad templum advenisset,*nonnullis ablatis donariis templum claudit. Postmodum Lupo mortuo Paulinus, qui ejus potestati successit, neque donariorum quicquam reliquit (vehementer enim sacerdotibus comminatus est, nisi omnia protulissent) meque ad templum religionis causa adire volentes admisit : sed clausis foribus ita inaccessum fecit, ut ne vestigium quidem divini cultus in 	A04680.xml:/TEI[1]/text[1]/group[1]/text[2]/body[1]/div[7]/div[30]/p[2]/text()[5]; UTF16 offset 96; printed book 7, chapter 30; pb 762 (tcp:12923:390)	and Lupus hauing receiued the Emperours letters went vnto the temple, and taking away certaine gifts from it, he shut it vp: And after him Paulinus who succeeded in his steed, left not one gift there (for he threatned  t	e neere it, but shutting vp the gate thereof, he left no signe of diuine seruice there, and from the time it was built till the time it was shut vp; were three hundreth thirtie and three yeeres.\n\n                        	DIRECT_ALIGNMENT	HIGH	english-lodge1602-bellum7-unit433	1049059	1049606	Coarse-unit incipit and adjacent Lodge wording inspected directly against the Cardwell unit opening; the identity is secure. This decision verifies this boundary only.
7	latin-bellum7-num437	11	[437] CAP. XI. AUDACIA vero sicariorum, veluti morbus quidam, etiam ea quae circum Cyrenem oppida erant, contigerat. Elapsus enim ad eam Jonathas homo nequissimus, arte textor, non paucis imperitorum, ut se attenderent persuasit: perduxitque eos in solitudines, cum signa et umbrarum imagines se polliceretur ostendere. et alios quidem haec agendo atque fallendo latebat, dignitate vero praestantes Cyrenensium Judaeorum apparatum ejus et profectione	A04680.xml:/TEI[1]/text[1]/group[1]/text[2]/body[1]/div[7]/div[31]/p[1]/seg[1]/text()[1]; UTF16 offset 0; printed book 7, chapter 31; pb 763 (tcp:12923:390)	THe boldnesse of the Sicarians, like some infectious disease infected also the townes about Cyrene. For one Iohn, a weauer, and a wicked man hauing escaped, perswaded many simple people to follow him, and led them into t	, and being brought vnto Catullus, he sought to delay his owne punishment, in offering an occasion of iniquitie vnto Catullus. For he accused the richest amongst the Iewes, to haue beene his aduisers to doe this matter. 	DIRECT_ALIGNMENT	HIGH	english-lodge1602-bellum7-unit437	1049606	1050615	Boundary checked directly against the surrounding Cardwell and Lodge wording.
7	latin-bellum7-num443	11	[443] 2. Catullus autem criminationes alacri animo suscipiebat, remque delatam multimode cumulabat, tragicis etiam verbis exaggerans, ut ipse quoddam bellum Judaeorum confecisse videretur : quodque hoc atrocius est, praeter credendi facilitatem, etiam doctor erat calumniandi sicariis. Denique cum jussisset] Judaeum quendam Alexandrum nominare, cui jamdudum infensus, odium publicaverat, etiam uxore ejus Berenice criminationibus implicata, hos quid	A04680.xml:/TEI[1]/text[1]/group[1]/text[2]/body[1]/div[7]/div[31]/p[1]/hi[7]/text()[1]; UTF16 offset 0; printed book 7, chapter 31; pb 763 (tcp:12923:390)	Catullus was glad of those allegations, and exaggerated his accusations verie much with tragicall termes, so that he seemed to haue made an end of the wars against the Iewes, and which was worst of all to be content to c	them first of all to death, and after them all that  were well monied, who amounted to the number of three thousand, and this he thought hee did  without controwle, because hee confiscated their possessions vnto Caesar. 	DIRECT_ALIGNMENT	HIGH	english-lodge1602-bellum7-unit443	1050615	1051271	Coarse-unit incipit and adjacent Lodge wording inspected directly against the Cardwell unit opening; the identity is secure. This decision verifies this boundary only.
7	latin-bellum7-num447	11	[447] 3. Ne vero vel alibi degentium quisquam Judaeorum ejus injustitiam confutaret, etiam longius mendacium propagavit: ac Jonathae nonnullisque aliis qui comprehensi fuerant persuadet, novarum rerum accusationem viris inferre probatissimis Judaeorum, apud Alexandriam Romamque degentium. Horum autem, qui per insidias accusati sunt, unus erat Josephus, qui haec scripsit. Non tamen Catullo fictio ita ut speraverat cessit. Nam Romam quidem venit, J	A04680.xml:/TEI[1]/text[1]/group[1]/text[2]/body[1]/div[7]/div[31]/p[1]/text()[18]; UTF16 offset 1; printed book 7, chapter 31; pb 763 (tcp:12923:390)	And least that any Iew liuing in any other place should complaine of his iniustice, he extended his malicious lies against others further off, and perswaded Ionathas and certaine others that were taken with him, to accus	e to know the truth, and finding these crimes iniuriously imposed vpon those men, at Titus intreatie, he acquited them, and punished Ionathas according to his desert; who being first whipped, was afterward burned aliue. 	DIRECT_ALIGNMENT	HIGH	english-lodge1602-bellum7-unit447	1051271	1052144	Coarse-unit incipit and adjacent Lodge wording inspected directly against the Cardwell unit opening; the identity is secure. This decision verifies this boundary only.
7	latin-bellum7-num451	11	[451] 4. Catullo autem tunc quidem ob lenitatem principum obtigit, ne quid amplius castigationis experiretur: non multo autem post, multiplici morbo et insanabili correptus, acerbissime tortus est, non corporis tantum cruciatum sustinens, sed erat ei major animi morbus et gravior. Terroribus enim expavescebat, et crebro videbat sibi instantes umbras eorum quos peremerat, et clamitabat. Cumque se tenere non posset, exiliebat stratis, tanquam torme	A04680.xml:/TEI[1]/text[1]/group[1]/text[2]/body[1]/div[7]/div[31]/p[2]/text()[5]; UTF16 offset 79; printed book 7, chapter 31; pb 763 (tcp:12923:390)	And  \n                         \n                        Catullus at that time, by reason of the mildnesse of the Emperours, had nothing said vnto him, but not long after he fell into a grieuous disease, and was cruelly t	 And this disease dayly increasing on, his guts and bowels rotting and issuing out of him, at last he died in this manner, leauing behind him an euident argument, that the diuine iustice doth punish impious malefactors. 	DIRECT_ALIGNMENT	HIGH	english-lodge1602-bellum7-unit451	1052144	1052896	Coarse-unit incipit and adjacent Lodge wording inspected directly against the Cardwell unit opening; the identity is secure. This decision verifies this boundary only.
7	latin-bellum7-num454	11	[454] 5. Hic nobis est finis historiae, quam promisimus nos cum omni veritate tradituros, cognoscere cupientibus, quemadmodum hoc bellum Romanis gestum est cum Judaeis: et qualiter sit quidem expositum lecturis, ut dicant, relinquatur: de veritate autem confidenter dicere non pigebit, quod eam solam scopum mihi per omnia quae scripsi proposuerim.	A04680.xml:/TEI[1]/text[1]/group[1]/text[2]/body[1]/div[7]/div[31]/p[2]/text()[8]; UTF16 offset 688; printed book 7, chapter 31; pb 763 (tcp:12923:390)	And this is the end of the Historie, which we promised to bee set downe  with all fidelitie, for them that are desirous to know the euent of the warres, betweene the Iewes and the Romanes. And as for our stile, we leaue 	stile, we leaue it to the iudgement of the Reader, but touching  the veritie of the Historie, it is such, as no man neede to doubt of, for I doe affirme that to bee the onely scope, which I aymed at in this whole worke.\n	DIRECT_ALIGNMENT	HIGH	english-lodge1602-bellum7-unit454	1052896	1053320	Coarse-unit incipit and adjacent Lodge wording inspected directly against the Cardwell unit opening; the identity is secure. This decision verifies this boundary only.
