section	Greek print	Latin review	placement	correspondence	editorial	paragraph	text/tail path	Unicode node offset	raw UTF8 byte	Greek text	Latin left context	Latin right context	reason	image
1	VISUALLY_REVIEWED_IDENTITY_AND_CLAUSE_CONTEXT	INDIVIDUALLY_REVIEWED	ADD_INTERNAL_NIESE_MILESTONE	PRESENT	ROUTINE_SOURCE_SUPPORTED	latin-book15-num1	/TEI[1]/text[1]/body[1]/div1[1]/div2[2]/p[1]/add[1]/tail()	1	3440	Σόσσιος μὲν οὖν καὶ Ἡρώδης ὡς κατὰ κράτος ἔλαβον Ἱεροσόλυμα καὶ πρὸς τούτοις αἰχμάλωτον Ἀντίγονον, ἡ πρὸ ταύτης ἡμῖν ἐδήλωσεν βίβλος: τὰ δ᾽ ἐκείνῃ συνεχῆ νῦν ἐροῦμεν.  	 	Sossius quidem et herodes qualiter ierosolima coeperunt, nec non et antigonum captiuum in superiore uolumine demonstrauimus. Sequentia uero nunc explanabo cum totius iudeae principatum herodes sumpsisset. Quantoscumque priuatos sui fautores	Independent opening: Sossius and Herod taking Jerusalem resumes XIV's close. The embedded Greek contents conclusion and Latin source heading are excluded.	evidence/Niese-III-PDF405.jpg
2	VISUALLY_REVIEWED_IDENTITY_AND_CLAUSE_CONTEXT	INDIVIDUALLY_REVIEWED	ADD_INTERNAL_NIESE_MILESTONE	PRESENT	ROUTINE_SOURCE_SUPPORTED	latin-book15-num1	/TEI[1]/text[1]/body[1]/div1[1]/div2[2]/p[1]/add[1]/tail()	156	3595	ἐπειδὴ γὰρ τῆς ὅλης Ἰουδαίας ἐνεχειρίσθη τὴν ἀρχὴν Ἡρώδης, τοῦ κατὰ τὴν πόλιν πλήθους ὅσοι μὲν ἦσαν ἰδιωτεύοντες ἔτι τἀκείνου φρονοῦντες ἐν προαγωγῇ τούτους ἐποιεῖτο, τοὺς δὲ τὰ τῶν ἐναντίων ἑλομένους οὐκ ἐπέλιπε τιμωρούμενος καὶ κολάζων καθ᾽ ἑκάστην ἡμέραν.  	 qualiter ierosolima coeperunt, nec non et antigonum captiuum in superiore uolumine demonstrauimus. Sequentia uero nunc explanabo 	cum totius iudeae principatum herodes sumpsisset. Quantoscumque priuatos sui fautores inuenit. Indignitatibus eos constituit, illos autem qui contraria elegerant non destitit tormentis singulis diebus affigere, honorabantur autem apud eum p	The acquisition of all Judaea begins Greek 2; Sequentia uero nunc explanabo translates the preceding section's transitional sentence.	evidence/Niese-III-PDF405.jpg
3	VISUALLY_REVIEWED_IDENTITY_AND_CLAUSE_CONTEXT	INDIVIDUALLY_REVIEWED	ADD_INTERNAL_NIESE_MILESTONE	PRESENT	ROUTINE_SOURCE_SUPPORTED	latin-book15-num1	/TEI[1]/text[1]/body[1]/div1[1]/div2[2]/p[1]/add[1]/tail()	367	3806	ἐτιμῶντο δὲ μάλιστα παρ᾽ αὐτῷ Πολλίων ὁ Φαρισαῖος καὶ Σαμαίας ὁ τούτου μαθητής: πολιορκουμένων γὰρ τῶν Ἱεροσολύμων οὗτοι συνεβούλευον τοῖς πολίταις δέξασθαι τὸν Ἡρώδην, ἀνθ᾽ ὧν καὶ τὰς ἀμοιβὰς ἀπελάμβανον.  	ores inuenit. Indignitatibus eos constituit, illos autem qui contraria elegerant non destitit tormentis singulis diebus affigere, 	honorabantur autem apud eum polion pharisaeus et sameas discipulus illius, siquidem obsessis hierosolimitis istis persuadebant herodem suscipi, pro quo et repensatione gratiarum fruebantur. Nam hic erat  sameas qui quondam in iudicio dum he	Honours to Pollion and Sameas begin the new section after the daily punishment clause.	evidence/Niese-III-PDF405.jpg
4	VISUALLY_REVIEWED_IDENTITY_AND_CLAUSE_CONTEXT	INDIVIDUALLY_REVIEWED	ADD_INTERNAL_NIESE_MILESTONE	PRESENT	ROUTINE_SOURCE_SUPPORTED	latin-book15-num1	/TEI[1]/text[1]/body[1]/div1[1]/div2[2]/p[1]/add[1]/tail()	557	3996	ὁ δὲ Πολλίων οὗτος καὶ κρινομένου ποτὲ Ἡρώδου τὴν ἐπὶ θανάτῳ προεῖπεν ὀνειδίζων Ὑρκανῷ καὶ τοῖς δικάζουσιν, ὡς περισωθεὶς Ἡρώδης ἅπαντας αὐτοὺς ἐπεξελεύσεται: καὶ τοῦτο χρόνῳ προύβη τοῦ θεοῦ τοὺς λόγους αὐτοῦ τελειώσαντος. 	ipulus illius, siquidem obsessis hierosolimitis istis persuadebant herodem suscipi, pro quo et repensatione gratiarum fruebantur. 	Nam hic erat  sameas qui quondam in iudicio dum herodi pepercisset hyrcanus, praedixerat imperans ei uel audicibus quod herodes liberatus eos omnes persequeretur, quod et factum est deo sermones illius ad implente.Eodem tempore cum ierosoli	Retrospective account of the warning in Herod's earlier trial corresponds to the Greek explanatory clause.	evidence/Niese-III-PDF405.jpg
5	VISUALLY_REVIEWED_IDENTITY_AND_CLAUSE_CONTEXT	INDIVIDUALLY_REVIEWED	ADD_INTERNAL_NIESE_MILESTONE	PRESENT	ROUTINE_SOURCE_SUPPORTED	latin-book15-num5	/TEI[1]/text[1]/body[1]/div1[1]/div2[2]/p[2]/text()	0	4263	Ἐν δὲ τῷ τότε κρατήσας τῶν Ἱεροσολύμων πάντα συνεφόρει τὸν ἐν τῇ βασιλείᾳ κόσμον ἔτι καὶ τοὺς εὐπόρους ἀφαιρούμενος, καὶ συναγαγὼν πλῆθος ἀργυρίου καὶ χρυσίου παντὶ τούτῳ τὸν Ἀντώνιον ἐδωρεῖτο καὶ τοὺς περὶ αὐτὸν φίλους.  	erat imperans ei uel audicibus quod herodes liberatus eos omnes persequeretur, quod et factum est deo sermones illius ad implente.	Eodem tempore cum ierosolimam tenuisset herodes, omnem ornatum ciuium auferens in aula colligebat. Ex quo multum pondus argenti uel auri antonio uel amicis eius donabat. Interfecit etiam XL priores partis antigoni, nam custodes per portas m	Confiscation and gifts follow the warning story; paragraph location is independently supported by the correspondence.	evidence/Niese-III-PDF405.jpg
6	VISUALLY_REVIEWED_IDENTITY_AND_CLAUSE_CONTEXT	INDIVIDUALLY_REVIEWED	ADD_INTERNAL_NIESE_MILESTONE	PRESENT	ROUTINE_SOURCE_SUPPORTED	latin-book15-num5	/TEI[1]/text[1]/body[1]/div1[1]/div2[2]/p[2]/text()	170	4433	ἀπέκτεινε δὲ τεσσαρακονταπέντε τοὺς πρώτους ἐκ τῆς αἱρέσεως Ἀντιγόνου φύλακας περιστήσας ταῖς πύλαις τῶν τειχῶν, ἵνα μή τις συνεκκομισθῇ τοῖς τεθνεῶσι, καὶ τοὺς νεκροὺς ἠρεύνων, καὶ πᾶν τὸ εὑρισκόμενον ἀργύριον ἢ χρυσίον ἤ τι κειμήλιον ἀνεφέρετο τῷ βασιλεῖ,  	herodes, omnem ornatum ciuium auferens in aula colligebat. Ex quo multum pondus argenti uel auri antonio uel amicis eius donabat. 	Interfecit etiam XL priores partis antigoni, nam custodes per portas muri disposuerat, nequid deportari possit cum defunctis. Mortui uero dum exscrutarentur eis quid argenti aut auri uel aliud necessarium fuisset inuentum, regi ferebatur, n	Execution of Antigonus's leading supporters and search of outgoing corpses begin together; retain the transcription's XL.	evidence/Niese-III-PDF405.jpg
7	VISUALLY_REVIEWED_IDENTITY_AND_CLAUSE_CONTEXT	INDIVIDUALLY_REVIEWED	ADD_INTERNAL_NIESE_MILESTONE	PRESENT	ROUTINE_SOURCE_SUPPORTED	latin-book15-num5	/TEI[1]/text[1]/body[1]/div1[1]/div2[2]/p[2]/text()	409	4672	πέρας τε κακῶν οὐδὲν ἦν: τὰ μὲν γὰρ ἡ πλεονεξία τοῦ κρατοῦντος ἐν χρείᾳ γεγενημένου διεφόρει, τὴν δὲ χώραν μένειν ἀγεώργητον τὸ ἑβδοματικὸν ἠνάγκαζεν ἔτος: ἐνεστήκει γὰρ τότε, καὶ σπείρειν ἐν ἐκείνῳ τὴν γῆν ἀπηγορευμένον ἐστὶν ἡμῖν.  	t cum defunctis. Mortui uero dum exscrutarentur eis quid argenti aut auri uel aliud necessarium fuisset inuentum, regi ferebatur, 	nullus uero malorum terminus erat, nam auaritia rectoris male conquisita deterius expendebat. Prouincia autem inculta permansit, septimo anno cogente in quo agriculturam exercere inlicitum nobis esse probauimus. Antonius itaque cum captiuum	Unlimited suffering and the unworked sabbatical-year land follow the corpse search.	evidence/Niese-III-PDF406.jpg
8	VISUALLY_REVIEWED_IDENTITY_AND_CLAUSE_CONTEXT	INDIVIDUALLY_REVIEWED	ADD_INTERNAL_NIESE_MILESTONE	PRESENT	ROUTINE_SOURCE_SUPPORTED	latin-book15-num5	/TEI[1]/text[1]/body[1]/div1[1]/div2[2]/p[2]/add[1]/tail()	88	4927	Ἀντώνιος δὲ λαβὼν αἰχμάλωτον τὸν Ἀντίγονον δέσμιον ἔγνω μέχρι θριάμβου φυλάττειν, ἐπεὶ δ᾽ ἤκουσεν νεωτερίζειν τὸ ἔθνος κἀκ τοῦ πρὸς Ἡρώδην μίσους εὔνουν Ἀντιγόνῳ διαμένον, ἔγνω τοῦτον ἐν Ἀντιοχείᾳ πελεκίσαι: σχεδὸν γὰρ οὐδαμῶς ἠρεμεῖν ἠδύναντο οἱ Ἰουδαῖοι.  	expendebat. Prouincia autem inculta permansit, septimo anno cogente in quo agriculturam exercere inlicitum nobis esse probauimus. 	Antonius itaque cum captiuum antigonum suscepisset, deliberauit ligatum in trium phopho seruare. Sed audiens gentem rebellare antigono fauentem, donisque herodis redemptus, iudicauit in antiochia illum perimere, quia nullatenus iudaei quies	Antony's intended triumph and decision to kill Antigonus begin the new section.	evidence/Niese-III-PDF406.jpg
9	VISUALLY_REVIEWED_IDENTITY_AND_CLAUSE_CONTEXT	INDIVIDUALLY_REVIEWED	ADD_INTERNAL_NIESE_MILESTONE	PRESENT	ROUTINE_SOURCE_SUPPORTED	latin-book15-num5	/TEI[1]/text[1]/body[1]/div1[1]/div2[2]/p[2]/add[1]/tail()	336	5175	μαρτυρεῖ δέ μου τῷ λόγῳ Στράβων ὁ Καππάδοξ λέγων οὕτως: ‘Ἀντώνιος δὲ Ἀντίγονον τὸν Ἰουδαῖον ἀχθέντα εἰς Ἀντιόχειαν πελεκίζει. καὶ ἔδοξε μὲν οὗτος πρῶτος Ῥωμαίων βασιλέα πελεκίσαι, οὐκ οἰηθεὶς ἕτερον τρόπον μεταθεῖναι ἂν τὰς γνώμας τῶν Ἰουδαίων, ὥστε δέξασθαι τὸν ἀντ᾽ ἐκείνου καθεσταμένον Ἡρώδην: οὐδὲ γὰρ βασανιζόμενοι βασιλέα ἀναγορεύειν αὐτὸν ὑπέμειναν:  	bellare antigono fauentem, donisque herodis redemptus, iudicauit in antiochia illum perimere, quia nullatenus iudaei quiescerent. 	Quod testimonio strabonis cappadocis confirmatur ita dicentis, antonius antigonum iudaeum in antiochia perductum interfecit, et uisus est hic primum romanorum regem occidisse, dum non aestimaret alio modo sententias iudaeorum flectere, quat	Strabo's citation frame belongs to this section with the ensuing quotation; do not start at antonius inside the quotation.	evidence/Niese-III-PDF406.jpg
10	VISUALLY_REVIEWED_IDENTITY_AND_CLAUSE_CONTEXT	INDIVIDUALLY_REVIEWED	ADD_INTERNAL_NIESE_MILESTONE	PRESENT	ROUTINE_SOURCE_SUPPORTED	latin-book15-num5	/TEI[1]/text[1]/body[1]/div1[1]/div2[2]/p[2]/add[1]/tail()	681	5520	οὕτως μέγα τι ἐφρόνουν περὶ τοῦ πρώτου βασιλέως. τὴν οὖν ἀτιμίαν ἐνόμισε μειώσειν * τῆς πρὸς αὐτὸν μνήμης, μειώσειν δὲ καὶ τὸ πρὸς Ἡρώδην μῖσος.’ ταῦτα μὲν ὁ Στράβων. 	 iudaeorum flectere, quatinus susciperent pro illo constitutum herodem. Nam nec tormentis subditi regem eum appellari patiebantur 	tamquam magnum aliquid de priore principe retinentes. In famiam igitur uel odium herodis ita minuere putauit, haec quidem strabo.Cum uero herodem principatum tenuisse hyrcanus princeps sacerdotum audisset, qui captiuus apud parthos tenebatu	The value placed on the former king continues the quotation. The refusal under torture belongs to 9; the consequence and closing attribution belong to 10.	evidence/Niese-III-PDF406.jpg
11	VISUALLY_REVIEWED_IDENTITY_AND_CLAUSE_CONTEXT	INDIVIDUALLY_REVIEWED	ADD_INTERNAL_NIESE_MILESTONE	PRESENT	ROUTINE_SOURCE_SUPPORTED	latin-book15-num11	/TEI[1]/text[1]/body[1]/div1[1]/div2[3]/p[1]/milestone[1]/tail()	4	5771	Κατασχόντος δὲ τὴν βασιλείαν Ἡρώδου πυθόμενος Ὑρκανὸς ὁ ἀρχιερεύς, ἦν δὲ παρὰ Πάρθοις αἰχμάλωτος, ἀφικνεῖται πρὸς Ἡρώδην τῆς αἰχμαλωσίας ἀπολυθεὶς τρόπῳ τοιούτῳ:  	 tamquam magnum aliquid de priore principe retinentes. In famiam igitur uel odium herodis ita minuere putauit, haec quidem strabo.	Cum uero herodem principatum tenuisse hyrcanus princeps sacerdotum audisset, qui captiuus apud parthos tenebatur, rediit ad herodem de captiuitate tali modo solutus. Barsanis et pachorus parthorum duces cum captiuos hyrcanum principem sacer	Hyrcanus hears of Herod's kingship. Literal II. is a preserved chapter label outside narrative coordinates.	evidence/Niese-III-PDF406.jpg
12	VISUALLY_REVIEWED_IDENTITY_AND_CLAUSE_CONTEXT	INDIVIDUALLY_REVIEWED	ADD_INTERNAL_NIESE_MILESTONE	PRESENT	ROUTINE_SOURCE_SUPPORTED	latin-book15-num11	/TEI[1]/text[1]/body[1]/div1[1]/div2[3]/p[1]/milestone[1]/tail()	170	5937	Βαζαφράνης καὶ Πάκορος οἱ τῶν Πάρθων στρατηγοί, λαβόντες αἰχμαλώτους Ὑρκανὸν τὸν πρῶτον ἀρχιερέα γενόμενον εἶτα βασιλέα καὶ τὸν ἀδελφὸν Ἡρώδου Φασάηλον εἰς Πάρθους ἀνῆγον.  	e hyrcanus princeps sacerdotum audisset, qui captiuus apud parthos tenebatur, rediit ad herodem de captiuitate tali modo solutus. 	Barsanis et pachorus parthorum duces cum captiuos hyrcanum principem sacerdotum prius constitutum. Post autem et regem et fratrem herodis fasaillum ad parthos perducerent, fasielus non  tolerans uinculorum ob proprium et omni uitę praeponen	The retrospective capture begins at the named Parthian commanders; preserve the transcription's names and syntax.	evidence/Niese-III-PDF406.jpg
13	VISUALLY_REVIEWED_IDENTITY_AND_CLAUSE_CONTEXT	INDIVIDUALLY_REVIEWED	ADD_INTERNAL_NIESE_MILESTONE	PRESENT	ROUTINE_SOURCE_SUPPORTED	latin-book15-num11	/TEI[1]/text[1]/body[1]/div1[1]/div2[3]/p[1]/milestone[1]/tail()	342	6109	καὶ Φασάηλος μὲν οὐ φέρων τὴν ἐν τοῖς δεσμοῖς αἰσχύνην, πάσης δὲ ζωῆς κρείττονα τὸν μετὰ δόξης ἡγούμενος θάνατον αὐτὸς ἑαυτοῦ γίνεται φονεύς, καθὼς προεῖπον. 	aptiuos hyrcanum principem sacerdotum prius constitutum. Post autem et regem et fratrem herodis fasaillum ad parthos perducerent, 	fasielus non  tolerans uinculorum ob proprium et omni uitę praeponens, mortem gloriosam, ipse suus peremptor sicut praedictum est apparuit,hyrcanum perductum fratris parthorum princeps moles tius adtendebat, dum nobilitatem de prosapia eius	Phasael's refusal of captivity and suicide follow the captives' transport; split within the existing paragraph.	evidence/Niese-III-PDF406.jpg
14	VISUALLY_REVIEWED_IDENTITY_AND_CLAUSE_CONTEXT	INDIVIDUALLY_REVIEWED	ADD_INTERNAL_NIESE_MILESTONE	PRESENT	ROUTINE_SOURCE_SUPPORTED	latin-book15-num14	/TEI[1]/text[1]/body[1]/div1[1]/div2[3]/p[2]/text()	0	6355	Ὑρκανῷ δ᾽ ἀναχθέντι Φραάτης ὁ τῶν Πάρθων βασιλεὺς ἐπ᾽ αὐτὸν ἐπιεικέστερον προσηνέχθη, τὸ τῆς εὐγενείας αὐτοῦ διάσημον προπεπυσμένος. διὰ τοῦτο δεσμῶν μὲν ἀφῆκεν, ἐν Βαβυλῶνι δὲ κατάγεσθαι παρεῖχεν, ἔνθα καὶ πλῆθος ἦν Ἰουδαίων.  	non  tolerans uinculorum ob proprium et omni uitę praeponens, mortem gloriosam, ipse suus peremptor sicut praedictum est apparuit,	hyrcanum perductum fratris parthorum princeps moles tius adtendebat, dum nobilitatem de prosapia eius audisset. Qua propter remissum a uinculis babylone seruari concessit, ubi et multitudo iudaeorum hyrcanum tamquam principem sacerdotum et 	Phraates's humane reception and permission to live in Babylon begin this section; the Babylonian Jewish population belongs to its closing clause.	evidence/Niese-III-PDF407.jpg
15	VISUALLY_REVIEWED_IDENTITY_AND_CLAUSE_CONTEXT	INDIVIDUALLY_REVIEWED	ADD_INTERNAL_NIESE_MILESTONE	PRESENT_WITH_LOCAL_COMPRESSION	ROUTINE_SOURCE_SUPPORTED	latin-book15-num14	/TEI[1]/text[1]/body[1]/div1[1]/div2[3]/p[2]/text()	199	6554	οὗτοι τὸν Ὑρκανὸν ἐτίμων ὡς ἀρχιερέα καὶ βασιλέα καὶ πᾶν τὸ μέχρις Εὐφράτου νεμόμενον Ἰουδαίων ἔθνος: τῷ δ᾽ ἦν ἀγαπητὰ ταῦτα.  	dum nobilitatem de prosapia eius audisset. Qua propter remissum a uinculis babylone seruari concessit, ubi et multitudo iudaeorum 	hyrcanum tamquam principem sacerdotum et regem et omnis usque ad eufratem iudaei habitantes honorabant. Qui dum his frueretur et audiret herodem principatum suscepisse, mutauit spem suam ab initio amicissimus existens, quem et gratiae memor	Latin merges Greek 14's population notice with Greek 15's honours into one clause. Start at the object hyrcanum introducing the honour predicate, preserving the population subject with 14. Qui dum his frueretur is the surviving tail of 15.	evidence/Niese-III-PDF407.jpg
16	VISUALLY_REVIEWED_IDENTITY_AND_CLAUSE_CONTEXT	INDIVIDUALLY_REVIEWED	ADD_INTERNAL_NIESE_MILESTONE	PRESENT	ROUTINE_SOURCE_SUPPORTED	latin-book15-num14	/TEI[1]/text[1]/body[1]/div1[1]/div2[3]/p[2]/text()	325	6680	πυθόμενος δὲ τὸν Ἡρώδην παρειληφέναι τὴν βασιλείαν ἀντιμετεχώρει ταῖς ἐλπίσιν ἐξ ἀρχῆς τε φιλοστόργως διακείμενος καὶ τῆς χάριτος ἀπομνησθήσεσθαι προσδοκῶν, κρινόμενον ὅτι καὶ μέλλοντα θανάτῳ ζημιοῦσθαι τοῦ κινδύνου καὶ τῆς κολάσεως ἐρρύσατο. λόγους οὖν προσέφερε τοῖς Ἰουδαίοις ἰέναι παρ᾽ αὐτὸν ἐσπουδακώς.  	rum hyrcanum tamquam principem sacerdotum et regem et omnis usque ad eufratem iudaei habitantes honorabant. Qui dum his frueretur 	et audiret herodem principatum suscepisse, mutauit spem suam ab initio amicissimus existens, quem et gratiae memorem putauit, quod eum a questione et mortis damnatione uel periculo tormentis quae liberasset. Sermones ergo iudaeis proferebat	Hearing Herod has become king corresponds to Greek 16. The preceding Qui dum his frueretur represents the satisfaction at the end of 15.	evidence/Niese-III-PDF407.jpg
17	VISUALLY_REVIEWED_IDENTITY_AND_CLAUSE_CONTEXT	INDIVIDUALLY_REVIEWED	ADD_INTERNAL_NIESE_MILESTONE	PRESENT	ROUTINE_SOURCE_SUPPORTED	latin-book15-num14	/TEI[1]/text[1]/body[1]/div1[1]/div2[3]/p[2]/text()	596	6951	οἱ δὲ περιείχοντο καὶ μένειν ἠξίουν τὰς ὑπουργίας ἅμα καὶ τὰς τιμὰς λέγοντες, ὡς οὐδὲν ἐνδεὲς αὐτῷ τῆς εἰς τοὺς ἀρχιερεῖς ἢ βασιλεῖς τιμῆς ἐξ αὐτῶν εἴη, καὶ τὸ μεῖζον, ὅτι μηδὲ ἐκεῖ τούτων μεταλαβεῖν δύναται κατὰ λώβην τοῦ σώματος, ἣν ὑπ᾽ Ἀντιγόνου πάθοι, τάς τε χάριτας οὐχ ὁμοίως ἀποδίδοσθαι παρὰ τῶν βασιλέων, ἃς ἔλαβον ἰδιωτεύοντες, ἐξαλλαττούσης αὐτοὺς οὐκ ἀλόγως τῆς τύχης. 	tione et mortis damnatione uel periculo tormentis quae liberasset. Sermones ergo iudaeis proferebat festinando ad eum proficisci, 	qui uetabant et rogabant eum permanere dicentes, quod offi ciosum simul et honoris in sacerdotali uel principali dignitate nihil apud eos minus habuisset. Praesertim dum nihil ab ierosolimi tanis posset mereri, pro deminutione corpo ris qua	The Jewish advisers' warning follows Hyrcanus's proposal to leave; this relative clause begins their reply.	evidence/Niese-III-PDF407.jpg
18	VISUALLY_REVIEWED_IDENTITY_AND_CLAUSE_CONTEXT	INDIVIDUALLY_REVIEWED	ADD_INTERNAL_NIESE_MILESTONE	PRESENT	ROUTINE_SOURCE_SUPPORTED	latin-book15-num18	/TEI[1]/text[1]/body[1]/div1[1]/div2[3]/p[3]/text()	0	7446	Τοιαῦτα κατὰ τὸ συμφέρον ὑποτεινόντων Ὑρκανὸς πόθον εἶχεν ἀπιέναι, καὶ γράφων Ἡρώδης παρεκάλει δεῖσθαι Φραάτου καὶ τῶν ἐκεῖ Ἰουδαίων μὴ φθονῆσαι δυνάμει κοινὴν ἕξοντι τὴν βασιλείαν: ἄρτι γὰρ εἶναι καιρὸν αὐτῷ μὲν ἐκτῖσαι τὰς χάριτας ὧν εὖ πάθοι καὶ τραφεὶς ὑπ᾽ αὐτοῦ καὶ περισωθείς, ἐκείνῳ δὲ κομίζεσθαι.  	et. Retributiones autem non similes a regibus dantur, quas priuati a bene factoribus acceperunt, nam mutat eos fortunae prouentus.	Talia cum ei suggererent hyrcanus desiderio eundi tenebatur. Cui scribens herodes petebat eum fraatim et illic iudaeis supplicare, quatinus non inuiderent ei una secum commune regnum possidere. Nam tempus extitisse dicebat, quo ipse gratias	Hyrcanus persists despite the advice and Herod writes requesting his release.	evidence/Niese-III-PDF407.jpg
19	VISUALLY_REVIEWED_IDENTITY_AND_CLAUSE_CONTEXT	INDIVIDUALLY_REVIEWED	ADD_INTERNAL_NIESE_MILESTONE	PRESENT	ROUTINE_SOURCE_SUPPORTED	latin-book15-num18	/TEI[1]/text[1]/body[1]/div1[1]/div2[3]/p[3]/text()	303	7749	ταῦτα γράφων Ὑρκανῷ πέμπει καὶ παρὰ τὸν Φραάτην πρεσβευτὴν Σαραμάλλαν καὶ δῶρα πλείω, μὴ διακωλῦσαι τὰς εἰς τὸν εὐεργέτην αὐτοῦ χάριτας ὁμοίως φιλανθρωπευόμενον.  	ne regnum possidere. Nam tempus extitisse dicebat, quo ipse gratias redderet pro beneficiis cum ab eo nutritus et saluatus esset, 	haec scribens hyrcano mittit ad fraatum legatum saaramallum et dona multa, supplicans ne inpediret gratias reddere quas pro beneficio deberet. Erat autem studium eius non pro hoc sed quem praeter meritum principatum obtinuerat. Timebat ne i	Herod's embassy to Phraates is the next action; the letter to Hyrcanus remains in 18.	evidence/Niese-III-PDF407.jpg
20	VISUALLY_REVIEWED_IDENTITY_AND_CLAUSE_CONTEXT	INDIVIDUALLY_REVIEWED	ADD_INTERNAL_NIESE_MILESTONE	PRESENT	ROUTINE_SOURCE_SUPPORTED	latin-book15-num18	/TEI[1]/text[1]/body[1]/div1[1]/div2[3]/p[3]/text()	446	7892	ἦν δ᾽ οὐκ ἐντεῦθεν ἡ σπουδή, διὰ δὲ τὸ μὴ κατ᾽ ἀξίαν αὐτὸς ἄρχειν δεδοίκει τὰς ἐξ εὐλόγων μεταβολὰς καὶ τὸν Ὑρκανὸν ὑποχείριον ἔχειν ἔσπευδεν ἢ καὶ παντάπασιν ἐκποδὼν ποιήσασθαι: τοῦτο γὰρ ἔπραξεν ἐν ὑστέρῳ. 	 hyrcano mittit ad fraatum legatum saaramallum et dona multa, supplicans ne inpediret gratias reddere quas pro beneficio deberet. 	Erat autem studium eius non pro hoc sed quem praeter meritum principatum obtinuerat. Timebat ne illi rationabiliter aufereretur, et hyrcanum properabat sub potestate sua redire uel penitus eum disperdere quod postea fecit.Tunc tamen flexo p	The narrator explains the concealed motive, followed by the eventual destruction of Hyrcanus.	evidence/Niese-III-PDF408.jpg
21	VISUALLY_REVIEWED_IDENTITY_AND_CLAUSE_CONTEXT	INDIVIDUALLY_REVIEWED	ADD_INTERNAL_NIESE_MILESTONE	PRESENT	ROUTINE_SOURCE_SUPPORTED	latin-book15-num21	/TEI[1]/text[1]/body[1]/div1[1]/div2[3]/p[4]/text()	0	8155	Τότε μέντοι γε ἐπειδὴ παρῆν πεπεισμένος ἐφέντος τε τοῦ Πάρθου καὶ τῶν Ἰουδαίων χρήματα παρασχομένων, ἁπάσῃ τιμῇ δεξάμενος αὐτὸν ἔν τε τοῖς συλλόγοις τὸν πρῶτον ἔνεμε τόπον καὶ παρὰ τὰς ἑστιάσεις προκατακλίνων ἐξηπάτα πατέρα καλῶν καὶ παντοδαπῶς τὸ τῆς ἐπιβουλῆς ἀνύποπτον πραγματευόμενος.  	 ne illi rationabiliter aufereretur, et hyrcanum properabat sub potestate sua redire uel penitus eum disperdere quod postea fecit.	Tunc tamen flexo partho pecuniasque iudaeis ei dantibus ut ueniret, cum omni eum honore suscepit et in conuentum  primum eum locum concedebat, quem etiam decipiebat patrem uocando et omnibus modis insidias inopinas ei parabat. Disponebat et	The Parthian consent and honourable reception begin together before the narrator describes concealed traps.	evidence/Niese-III-PDF408.jpg
22	VISUALLY_REVIEWED_IDENTITY_AND_CLAUSE_CONTEXT	INDIVIDUALLY_REVIEWED	ADD_INTERNAL_NIESE_MILESTONE	PRESENT	ROUTINE_SOURCE_SUPPORTED	latin-book15-num21	/TEI[1]/text[1]/body[1]/div1[1]/div2[3]/p[4]/cb[1]/tail()	114	8395	ὑποκαθίστατο δὲ καὶ τἆλλα πρὸς τὸ συμφέρον τῆς ἀρχῆς, ἐξ ὧν αὐτῷ καὶ τὰ περὶ τὴν οἰκίαν ἐστασιάσθη: φυλαττόμενος γάρ τινα τῶν ἐπισήμων ἀποδεικνύειν ἀρχιερέα τοῦ θεοῦ, μεταπεμψάμενος ἐκ τῆς Βαβυλῶνος ἱερέα τῶν ἀσημοτέρων Ἀνάνηλον ὀνόματι τούτῳ τὴν ἀρχιερωσύνην δίδωσιν. 	et in conuentum  primum eum locum concedebat, quem etiam decipiebat patrem uocando et omnibus modis insidias inopinas ei parabat. 	Disponebat etiam reliqua cum eo sui principatus utilitates, unde et in familia eius seditio exarsit. Nam dum obseruaret ne nobilissimus quidam princeps sacerdotum dei haberetur. Inuitauit aliquem ex ignobilissimis sacerdotem de babylone nom	The further arrangements introduce family conflict and Ananel's appointment; start before the framing sentence, not at the priest's name.	evidence/Niese-III-PDF408.jpg
23	VISUALLY_REVIEWED_IDENTITY_AND_CLAUSE_CONTEXT	INDIVIDUALLY_REVIEWED	ADD_INTERNAL_NIESE_MILESTONE	PRESENT	ROUTINE_SOURCE_SUPPORTED	latin-book15-num23	/TEI[1]/text[1]/body[1]/div1[1]/div2[3]/p[5]/text()	0	8728	Εὐθὺς οὖν οὐκ ἤνεγκεν Ἀλεξάνδρα τὴν ἐπήρειαν, θυγάτηρ μὲν Ὑρκανοῦ, γυνὴ δὲ Ἀλεξάνδρου τοῦ Ἀριστοβούλου βασιλέως, ἐξ Ἀλεξάνδρου παῖδας ἔχουσα τὸν μὲν ὥρᾳ κάλλιστον Ἀριστόβουλον καλούμενον, τὴν δὲ Ἡρώδῃ συνοικοῦσαν Μαριάμμην εὐμορφίᾳ διάσημον.  	 dei haberetur. Inuitauit aliquem ex ignobilissimis sacerdotem de babylone nomine ananelom et huic principatum sacerdotii signauit	quod non pertulit alexandra filia hyrcani uxor alexandri filii aristoboli regis ex quo filios habuit. Unum quidem pulcherrimum aristobolum nomine et herodis iugalem, mariamnem forma nobilissimam, turbata ergo et moleste ferens infamiam fili	Alexandra's reaction introduces the new section, followed by her parentage and children.	evidence/Niese-III-PDF408.jpg
24	VISUALLY_REVIEWED_IDENTITY_AND_CLAUSE_CONTEXT	INDIVIDUALLY_REVIEWED	ADD_INTERNAL_NIESE_MILESTONE	PRESENT	ROUTINE_SOURCE_SUPPORTED	latin-book15-num23	/TEI[1]/text[1]/body[1]/div1[1]/div2[3]/p[5]/text()	196	8924	ἐτετάρακτο δὲ καὶ χαλεπῶς ἔφερεν τὴν ἀτιμίαν τοῦ παιδός, εἰ περιόντος ἐκείνου τῶν ἐπικλήτων τις ἀξιοῦται τῆς ἀρχιερωσύνης, καὶ γράφει Κλεοπάτρᾳ μουσουργοῦ τινος αὐτῇ συμπραγματευομένου τὰ περὶ τὴν κομιδὴν τῶν γραμμάτων αἰτεῖσθαι παρ᾽ Ἀντωνίου τῷ παιδὶ τὴν ἀρχιερωσύνην. 	stoboli regis ex quo filios habuit. Unum quidem pulcherrimum aristobolum nomine et herodis iugalem, mariamnem forma nobilissimam, 	turbata ergo et moleste ferens infamiam filii, quod illo superstite, alter aduena principatum sacerdotii meruisset, scripsit cleopatrae, sodale quodam suo litteras deportante, ut peteret antonium principatum sacerdotii filio suo praestare,s	Her resentment of the outsider's appointment leads to the letter to Cleopatra.	evidence/Niese-III-PDF408.jpg
25	VISUALLY_REVIEWED_IDENTITY_AND_CLAUSE_CONTEXT	INDIVIDUALLY_REVIEWED	ADD_INTERNAL_NIESE_MILESTONE	PRESENT	ROUTINE_SOURCE_SUPPORTED	latin-book15-num25	/TEI[1]/text[1]/body[1]/div1[1]/div2[3]/p[6]/text()	0	9204	Ἀντωνίου δὲ ῥαθυμότερον ὑπακούοντος, ὁ φίλος αὐτοῦ Δέλλιος εἰς Ἰουδαίαν ἐλθὼν ἐπί τινας χρείας ὡς εἶδεν τὸν Ἀριστόβουλον, ἠγάσθη τε τῆς ὥρας καὶ τὸ μέγεθος καὶ κάλλος τοῦ παιδὸς ἐθαύμασεν, οὐχ ἧττον δὲ τὴν Μαριάμμην συνοικοῦσαν τῷ βασιλεῖ, καὶ δῆλος ἦν καλλίπαιδά τινα τὴν Ἀλεξάνδραν διειληφώς.  	isset, scripsit cleopatrae, sodale quodam suo litteras deportante, ut peteret antonium principatum sacerdotii filio suo praestare,	sed et antonio neglegente petitionem, amicus eius gellius ad iudaeam cum propter aliquas, causas peruenisset et uidisset aristoboli pulchritudinem et magnitudinem uel iuuentutem mirabatur, non minus etiam mariamen regi cohabitantem stupebat	Antony's inattention and Dellius's visit introduce the portrait episode.	evidence/Niese-III-PDF408.jpg
26	VISUALLY_REVIEWED_IDENTITY_AND_CLAUSE_CONTEXT	INDIVIDUALLY_REVIEWED	ADD_INTERNAL_NIESE_MILESTONE	PRESENT	ROUTINE_SOURCE_SUPPORTED	latin-book15-num25	/TEI[1]/text[1]/body[1]/div1[1]/div2[3]/p[6]/text()	295	9499	ἐκείνης δὲ εἰς λόγους ἐλθούσης αὐτῷ πείθει γραψαμένην ἀμφοτέρων εἰκόνας Ἀντωνίῳ διαπέμψασθαι: θεασαμένου γὰρ οὐδενὸς ἀτευκτήσειν ὧν ἀξιοῖ.  	l iuuentutem mirabatur, non minus etiam mariamen regi cohabitantem stupebat, unde alexandram bonorum liberorum matrem existimans, 	et ad sermonem eius ueniens, flectit eam pingere amborum imagines, ea quidem petitiones eius modis omnibus adimpleuit. His elata uerbis alexandra imagines antonio direxit. Cui gellius ferebat dicens, non ab homine putari sed a quodam esse d	The conversation and proposal for portraits correspond to Greek 26. Dellius's favourable estimate of Alexandra closes 25.	evidence/Niese-III-PDF409.jpg
27	VISUALLY_REVIEWED_IDENTITY_AND_CLAUSE_CONTEXT	INDIVIDUALLY_REVIEWED	ADD_INTERNAL_NIESE_MILESTONE	PRESENT	ROUTINE_SOURCE_SUPPORTED	latin-book15-num25	/TEI[1]/text[1]/body[1]/div1[1]/div2[3]/p[6]/text()	414	9618	τούτοις ἐπαρθεῖσα τοῖς λόγοις Ἀλεξάνδρα πέμπει τὰς εἰκόνας Ἀντωνίῳ: καὶ Δέλλιος ἐτερατεύετο λέγων οὐκ ἐξ ἀνθρώπων αὐτῷ δοκεῖν, ἀλλά τινος θεοῦ γενέσθαι τοὺς παῖδας. ἐπραγματεύετο δὲ δι᾽ ἑαυτοῦ πρὸς τὰς ἡδονὰς ἑλκύσαι τὸν Ἀντώνιον.  	xistimans, et ad sermonem eius ueniens, flectit eam pingere amborum imagines, ea quidem petitiones eius modis omnibus adimpleuit. 	His elata uerbis alexandra imagines antonio direxit. Cui gellius ferebat dicens, non ab homine putari sed a quodam esse deo liberos alexandrae dum uellet ad libidines antonium emollire. Qui puellam quidem erubuit herodi nuptam accersire uer	Alexandra sends the portraits and Dellius urges Antony to desire the children.	evidence/Niese-III-PDF409.jpg
28	VISUALLY_REVIEWED_IDENTITY_AND_CLAUSE_CONTEXT	INDIVIDUALLY_REVIEWED	ADD_INTERNAL_NIESE_MILESTONE	PRESENT	ROUTINE_SOURCE_SUPPORTED	latin-book15-num25	/TEI[1]/text[1]/body[1]/div1[1]/div2[3]/p[6]/text()	600	9804	ὁ δὲ τὴν μὲν κόρην ᾐδέσθη μεταπέμπεσθαι γεγαμημένην Ἡρώδῃ καὶ τὰς εἰς Κλεοπάτραν ἐκ τοῦ τοιούτου διαβολὰς φυλαττόμενος, ἐπέστελλε δὲ πέμπειν τὸν παῖδα σὺν εὐπρεπείᾳ προστιθείς, εἰ μὴ βαρὺ δοκοίη.  	 gellius ferebat dicens, non ab homine putari sed a quodam esse deo liberos alexandrae dum uellet ad libidines antonium emollire. 	Qui puellam quidem erubuit herodi nuptam accersire uerum etiam cleopatram metuens contristari. Scripsit ergo puerum transmitti cum honore, addens nisi graue uisum foret, his deportatis ad herodem litteris non cautum existimauit iuuenem exce	Antony declines to summon the married daughter but requests the son; preserve the reasons together.	evidence/Niese-III-PDF409.jpg
29	VISUALLY_REVIEWED_IDENTITY_AND_CLAUSE_CONTEXT	INDIVIDUALLY_REVIEWED	ADD_INTERNAL_NIESE_MILESTONE	PRESENT	ROUTINE_SOURCE_SUPPORTED	latin-book15-num25	/TEI[1]/text[1]/body[1]/div1[1]/div2[3]/p[6]/text()	770	9974	τούτων ἀπενεχθέντων πρὸς Ἡρώδην οὐκ ἀσφαλὲς ἔκρινεν ὥρᾳ τε κάλλιστον ὄντα τὸν Ἀριστόβουλον ἑκκαιδεκαέτης γὰρ ὢν ἐτύγχανεν, καὶ γένει προύχοντα πέμπειν παρὰ τὸν Ἀντώνιον, ἰσχύοντα μὲν ὡς οὐκ ἄλλος ἐν τῷ τότε Ῥωμαίων, ἕτοιμον δὲ τοῖς ἐρωτικοῖς αὐτὸν ὑποθεῖναι καὶ τὰς ἡδονὰς ἀπαρακαλύπτως ἐκ τοῦ δύνασθαι ποριζόμενον.  	 accersire uerum etiam cleopatram metuens contristari. Scripsit ergo puerum transmitti cum honore, addens nisi graue uisum foret, 	his deportatis ad herodem litteris non cautum existimauit iuuenem excellentem aristobolum, et tunc iam sedecim annos ducentem genere nobilissimo, ad antonium destinare potentissimum romanorum et paratum suae luxuriae subponere puerum, qui e	Herod receives the letter and assesses the danger of sending the sixteen-year-old boy.	evidence/Niese-III-PDF409.jpg
30	VISUALLY_REVIEWED_IDENTITY_AND_CLAUSE_CONTEXT	INDIVIDUALLY_REVIEWED	ADD_INTERNAL_NIESE_MILESTONE	PRESENT	ROUTINE_SOURCE_SUPPORTED	latin-book15-num25	/TEI[1]/text[1]/body[1]/div1[1]/div2[3]/p[6]/milestone[1]/tail()	21	10294	ἀντέγραψεν οὖν ὡς, εἰ μόνον ἐξέλθοι τῆς χώρας τὸ μειράκιον, ἅπαντα πολέμου καὶ ταραχῆς ἀναπλησθήσεται Ἰουδαίων ἐλπισάντων μεταβολὴν καὶ νεωτερισμὸν ἐπ᾽ ἄλλῳ βασιλεῖ. 	onium destinare potentissimum romanorum et paratum suae luxuriae subponere puerum, qui etiam libidinosus per potentiam existebat. 	Rescripsit ergo dicens, si puer exierit a prouincia, statim omnia bello uel seditionibus, complebuntur, iudaeis sperantibus posterum nouarum mutationem.Quibus rescriptis cum antonio excusasset, iudicauit non ultra puerum uel alexandram humi	Herod's reply about feared civil unrest begins at its reporting frame.	evidence/Niese-III-PDF409.jpg
31	VISUALLY_REVIEWED_IDENTITY_AND_CLAUSE_CONTEXT	INDIVIDUALLY_REVIEWED	ADD_INTERNAL_NIESE_MILESTONE	PRESENT	ROUTINE_SOURCE_SUPPORTED	latin-book15-num31	/TEI[1]/text[1]/body[1]/div1[1]/div2[3]/p[7]/text()	0	10487	Τούτοις δὲ παραιτησάμενος τὸν Ἀντώνιον ἔγνω μὴ μέχρι παντὸς ἀτιμάζειν τὸν παῖδα καὶ τὴν Ἀλεξάνδραν, ἀλλὰ καὶ τῆς γυναικὸς Μαριάμμης ἐγκειμένης λιπαρῶς ἀποδοῦναι τἀδελφῷ τὴν ἀρχιερωσύνην, καὶ συμφέρειν αὐτῷ κρίνων, ἵνα μηδ᾽ ἀποδημῆσαι δυνατὸν ᾖ τετιμημένῳ, σύλλογον ποιήσας τῶν φίλων ᾐτιᾶτο πολλὰ τὴν Ἀλεξάνδραν,  	, si puer exierit a prouincia, statim omnia bello uel seditionibus, complebuntur, iudaeis sperantibus posterum nouarum mutationem.	Quibus rescriptis cum antonio excusasset, iudicauit non ultra puerum uel alexandram humiliare, sed etiam uxore sua mariamne ualde petente quatinus fratri suo principatum sacerdotii redderet quod prodesse arbitratus est, dum nec ad antonium 	The excuse to Antony and decision to grant the priesthood precede the gathering and accusation.	evidence/Niese-III-PDF409.jpg
32	VISUALLY_REVIEWED_IDENTITY_AND_CLAUSE_CONTEXT	INDIVIDUALLY_REVIEWED	ADD_INTERNAL_NIESE_MILESTONE	PRESENT	ROUTINE_SOURCE_SUPPORTED	latin-book15-num31	/TEI[1]/text[1]/body[1]/div1[1]/div2[3]/p[7]/text()	355	10842	κρύφα τε ἐπιβουλεῦσαι λέγων τῇ βασιλείᾳ καὶ διὰ τῆς Κλεοπάτρας πράττειν, ὅπως αὐτὸς μὲν ἀφαιρεθῇ τὴν ἀρχήν, τὸ δὲ μειράκιον ἀντ᾽ αὐτοῦ παραλάβῃ τὰ πράγματα δι᾽ Ἀντωνίου.  	ec ad antonium proficisci posset tali praeditus adulescens honore. Conuentum itaque faciens amicorum, multum alexandram accusabat 	dicendo latenter insidias egisse pro principatu, dum per cleopatram ageret, quatinus ipse quidem regno priuaretur. Puer autem pro ipso rerum gubernatione ab antonio susciperet, et haec quidem illam non iuste postulasset quod et filiam suam 	The content of Herod's accusation follows the accusation frame in 31; keep its Cleopatra and succession clauses together.	evidence/Niese-III-PDF410.jpg
33	VISUALLY_REVIEWED_IDENTITY_AND_CLAUSE_CONTEXT	INDIVIDUALLY_REVIEWED	ADD_INTERNAL_NIESE_MILESTONE	PRESENT	ROUTINE_SOURCE_SUPPORTED	latin-book15-num31	/TEI[1]/text[1]/body[1]/div1[1]/div2[3]/p[7]/text()	532	11019	καὶ ταῦτα βούλεσθαι μὲν ἐκείνην οὐ δικαίως, ὁπότε καὶ τὴν θυγατέρα συναποστεροίη τῆς οὔσης αὐτῇ τιμῆς καὶ ταραχὰς ἐπὶ τῇ βασιλείᾳ πραγματεύοιτο, πολλὰ πονήσαντος αὐτοῦ καὶ κτησαμένου κινδύνοις οὐ τοῖς τυχοῦσιν.  	, dum per cleopatram ageret, quatinus ipse quidem regno priuaretur. Puer autem pro ipso rerum gubernatione ab antonio susciperet, 	et haec quidem illam non iuste postulasset quod et filiam suam a possesso iam honore priuaret, et seditiones in regno moueret, cum multum ipse laborasset ut possideret multis et non fortuitis periculis, uerum etiam millatenus memor ipse mal	The injustice to the daughter and dangers incurred obtaining kingship form the next part of his speech.	evidence/Niese-III-PDF410.jpg
34	VISUALLY_REVIEWED_IDENTITY_AND_CLAUSE_CONTEXT	INDIVIDUALLY_REVIEWED	ADD_INTERNAL_NIESE_MILESTONE	PRESENT	ROUTINE_SOURCE_SUPPORTED	latin-book15-num31	/TEI[1]/text[1]/body[1]/div1[1]/div2[3]/p[7]/text()	735	11222	οὐ μὴν ἀπομνημονεύσας αὐτὸς ὧν οὐ καλῶς ἐκείνη πράξειεν ἀποστήσεσθαι τοῦ δίκαιος εἶναι περὶ αὐτούς, ἀλλὰ καὶ νῦν ἔφη διδόναι τῷ παιδὶ τὴν ἀρχιερωσύνην καὶ πάλαι προκαταστήσασθαι τὸν Ἀνάνηλον παιδίου παντάπασιν ὄντος Ἀριστοβούλου.  	 iam honore priuaret, et seditiones in regno moueret, cum multum ipse laborasset ut possideret multis et non fortuitis periculis, 	uerum etiam millatenus memor ipse malorum illius, sed beniuolus circa eos esset, et nunc puero principatum sacerdotii praeberet. Ideoque olim ordinasse dicebat ananelogum, quod ualde puer esset aristobolus cum tamen haec non in caute dixiss	His professed forgiveness and new grant of the priesthood begin here; preserve the source's millatenus.	evidence/Niese-III-PDF410.jpg
35	VISUALLY_REVIEWED_IDENTITY_AND_CLAUSE_CONTEXT	INDIVIDUALLY_REVIEWED	ADD_INTERNAL_NIESE_MILESTONE	PRESENT	ROUTINE_SOURCE_SUPPORTED	latin-book15-num31	/TEI[1]/text[1]/body[1]/div1[1]/div2[3]/p[7]/text()	941	11428	τοιαῦτα δὲ λέγοντος οὐκ ἀσκέπτως, ἀλλ᾽ ὅπερ ἠξίου μάλιστα πεφροντισμένως εἰς ἀπάτην γυναικῶν καὶ τῶν συμπαραληφθέντων φίλων, περιπαθὴς ἅμα καὶ χαρᾷ τῶν οὐ προσδοκηθέντων καὶ δέει τῆς ὑποψίας Ἀλεξάνδρα μετὰ δακρύων ἀπελογεῖτο,  	set, et nunc puero principatum sacerdotii praeberet. Ideoque olim ordinasse dicebat ananelogum, quod ualde puer esset aristobolus 	cum tamen haec non in caute dixisset, sed pro deceptione mulierum et praesentia amicorum laeta et non sperans alexandra cum lacrimis satis fecit dicens, et pro sacerdotio quidem omnia pro infamia festinasse inquit nec si oblatum esset cupid	Narratorial explanation of Herod's deception and Alexandra's emotional response follows his speech.	evidence/Niese-III-PDF410.jpg
36	VISUALLY_REVIEWED_IDENTITY_AND_CLAUSE_CONTEXT	INDIVIDUALLY_REVIEWED	ADD_INTERNAL_NIESE_MILESTONE	PRESENT_WITH_LOCAL_COMPRESSION	ROUTINE_SOURCE_SUPPORTED	latin-book15-num31	/TEI[1]/text[1]/body[1]/div1[1]/div2[3]/p[7]/text()	1094	11581	περὶ μὲν τῆς ἱερωσύνης φαμένη πᾶν ὁτιοῦν ὑπ᾽ ἀδοξίας σπουδάσαι, βασιλείᾳ δὲ μήτε ἐπιτίθεσθαι μήτ᾽ ἄν, εἰ καὶ προσίοι, βούλεσθαι λαβεῖν, καὶ νῦν ἀποχρώντως τιμῆς ἔχουσα διὰ τὴν ἀρχὴν τὴν ἐκείνου καὶ τὴν ἀσφάλειαν τὴν ἐκ τοῦ δύνασθαι μᾶλλον ἑτέρων ἄρχειν αὐτὸν ἅπαντι τῷ γένει περιοῦσαν.  	aute dixisset, sed pro deceptione mulierum et praesentia amicorum laeta et non sperans alexandra cum lacrimis satis fecit dicens, 	et pro sacerdotio quidem omnia pro infamia festinasse inquit nec si oblatum esset cupide suscepisse, cum et nunc nimium honorem habeam propter principatum eius et tutelam cuius uirtute totum genus meum effulget honoribus nunc quoque benefic	Alexandra's explanation about the priesthood starts at its subject matter; dicens closes the prior reporting frame. The source compresses the contrast with kingship and is left unchanged.	evidence/Niese-III-PDF410.jpg
37	VISUALLY_REVIEWED_IDENTITY_AND_CLAUSE_CONTEXT	INDIVIDUALLY_REVIEWED	ADD_INTERNAL_NIESE_MILESTONE	PRESENT	ROUTINE_SOURCE_SUPPORTED	latin-book15-num31	/TEI[1]/text[1]/body[1]/div1[1]/div2[3]/p[7]/text()	1315	11802	νῦν τε νενικημένη ταῖς εὐεργεσίαις δέχεσθαι μὲν εἰς τὸν υἱὸν τὴν τιμήν, ἔσεσθαι δὲ πρὸς πᾶν ὑπήκοος, παραιτεῖσθαι δὲ κἂν εἴ τι διὰ γένος καὶ τὴν οὖσαν αὐτῇ παρρησίαν προπετέστερον ὑπ᾽ ἀναξιοπαθείας δράσειεν.  	scepisse, cum et nunc nimium honorem habeam propter principatum eius et tutelam cuius uirtute totum genus meum effulget honoribus 	nunc quoque beneficiis uicta suscipio filii honorem, et inposterum ad omnia ero subiecta. Petebat uero ut siquid propter genus et praesentem sibi fiduciam temerarium pro indignatione fecisset ignosceret, post quam autem locuti sunt dextris 	Acceptance of the son's honour and submission precede the request for pardon.	evidence/Niese-III-PDF410.jpg
38	VISUALLY_REVIEWED_IDENTITY_AND_CLAUSE_CONTEXT	INDIVIDUALLY_REVIEWED	ADD_INTERNAL_NIESE_MILESTONE	PRESENT	ROUTINE_SOURCE_SUPPORTED	latin-book15-num31	/TEI[1]/text[1]/body[1]/div1[1]/div2[3]/p[7]/text()	1519	12006	οὕτως ἀλλήλοις ὁμιλήσαντες καὶ σπουδαιότερον ἢ θᾶττον ἐν δεξιαῖς διελύοντο πάσης ὑποψίας, ὡς ἐδόκουν, ἐξῃρημένης. 	a ero subiecta. Petebat uero ut siquid propter genus et praesentem sibi fiduciam temerarium pro indignatione fecisset ignosceret, 	post quam autem locuti sunt dextris datis, reconciliantur omni suspicione sublata. Itaque rex herodes statim principatu sacerdotii anandum praeter legem exuit, seditiones domesticas pacando, nam non licebat aliquem honore semel accepto frau	The exchange of assurances closes the interview; preserve the source's separate post quam.	evidence/Niese-III-PDF411.jpg
39	VISUALLY_REVIEWED_IDENTITY_AND_CLAUSE_CONTEXT	INDIVIDUALLY_REVIEWED	ADD_INTERNAL_NIESE_MILESTONE	PARTIAL_WITH_COMPRESSION_AND_REORDERING	ROUTINE_SOURCE_SUPPORTED	latin-book15-num39	/TEI[1]/text[1]/body[1]/div1[1]/div2[3]/p[8]/cb[1]/tail()	1	12176	Ὁ δὲ βασιλεὺς Ἡρώδης εὐθὺς μὲν ἀφαιρεῖται τὴν ἀρχιερωσύνην Ἀνάνηλον ὄντα μέν, ὡς καὶ πρότερον εἴπομεν, οὐκ ἐπιχώριον, ἀλλὰ τῶν ὑπὲρ Εὐφράτην ἀπῳκισμένων Ἰουδαίων: οὐ γὰρ ὀλίγαι μυριάδες τοῦδε τοῦ λαοῦ περὶ τὴν Βαβυλωνίαν ἀπῳκίσθησαν.  	merarium pro indignatione fecisset ignosceret, post quam autem locuti sunt dextris datis, reconciliantur omni suspicione sublata. 	Itaque rex herodes statim principatu sacerdotii anandum praeter legem exuit, seditiones domesticas pacando, nam non licebat aliquem honore semel accepto fraudari, quod prius antiochus epifanis destruxit, dum auferret ab hiesu sacerdotium et	Herod's immediate removal of Ananel survives. Babylonian origins are compressed out; the endpoint remains pending the choice for section 40.	evidence/Niese-III-PDF411.jpg
40	VISUALLY_REVIEWED_IDENTITY_AND_CLAUSE_CONTEXT	INDIVIDUALLY_REVIEWED	ADD_INTERNAL_NIESE_MILESTONE	PARTIAL_WITH_COMPRESSION_AND_REORDERING	USER_APPROVED_B	latin-book15-num39	/TEI[1]/text[1]/body[1]/div1[1]/div2[3]/p[8]/cb[1]/tail()	78	12253	ἔνθεν ἦν Ἀνάνηλος ἀρχιερατικοῦ γένους καὶ πάλαι κατὰ συνήθειαν Ἡρώδῃ σπουδαζόμενος. τοῦτον αὐτὸς μὲν ἐτίμησεν, ὅτε τὴν βασιλείαν παρέλαβεν, αὐτὸς δὲ κατέλυσεν ἐπὶ τῷ παῦσαι τὰς οἰκείας ταραχὰς παράνομα ποιῶν: οὐ γὰρ ἄλλος γέ τις ἀφῃρέθη τὴν τιμὴν ἅπαξ παραλαβών.  	xtris datis, reconciliantur omni suspicione sublata. Itaque rex herodes statim principatu sacerdotii anandum praeter legem exuit, 	seditiones domesticas pacando, nam non licebat aliquem honore semel accepto fraudari, quod prius antiochus epifanis destruxit, dum auferret ab hiesu sacerdotium et ordinaret fratrem eius oniam. Secundus autem aristobolus hyrcanum fratrem su		
41	VISUALLY_REVIEWED_IDENTITY_AND_CLAUSE_CONTEXT	INDIVIDUALLY_REVIEWED	ADD_INTERNAL_NIESE_MILESTONE	PRESENT	ROUTINE_SOURCE_SUPPORTED	latin-book15-num39	/TEI[1]/text[1]/body[1]/div1[1]/div2[3]/p[8]/cb[1]/tail()	164	12339	ἀλλὰ πρῶτος μὲν Ἀντίοχος ὁ Ἐπιφανὴς ἔλυσε τὸν νόμον ἀφελόμενος μὲν Ἰησοῦν, καταστήσας δὲ τὸν ἀδελφὸν Ὀνίαν, δεύτερος δὲ Ἀριστόβουλος Ὑρκανὸν ἀφείλετο τὸν ἀδελφόν, Ἡρώδης δὲ τρίτος ἀντιπαρέδωκεν τὴν ἀρχὴν Ἀριστοβούλῳ τῷ παιδί. 	atu sacerdotii anandum praeter legem exuit, seditiones domesticas pacando, nam non licebat aliquem honore semel accepto fraudari, 	quod prius antiochus epifanis destruxit, dum auferret ab hiesu sacerdotium et ordinaret fratrem eius oniam. Secundus autem aristobolus hyrcanum fratrem suum priuauit. Tertius herodes principatum sacerdotii adulescenti tradidit aristobolo.Tu	The successive precedents Antiochus, Aristobulus and Herod correspond to Greek 41; the preceding prohibition belongs to 40.	evidence/Niese-III-PDF411.jpg
42	VISUALLY_REVIEWED_IDENTITY_AND_CLAUSE_CONTEXT	INDIVIDUALLY_REVIEWED	ADD_INTERNAL_NIESE_MILESTONE	PRESENT	ROUTINE_SOURCE_SUPPORTED	latin-book15-num42	/TEI[1]/text[1]/body[1]/div1[1]/div2[3]/p[9]/text()	0	12618	Καὶ τότε μὲν ἐδόκει τεθεραπευκέναι τὰ περὶ τὴν οἰκίαν. οὐ μὴν ὅπερ εἰκὸς ἦν ἐν διαλλαγαῖς ἀνυπόπτως διετέλει, τὴν Ἀλεξάνδραν ἐπί τε τοῖς ἐγχειρηθεῖσιν ἤδη καὶ καιρὸν εἰ λάβοιτο νεωτέρων πραγμάτων ἠξιωκὼς δεδοικέναι.  	Secundus autem aristobolus hyrcanum fratrem suum priuauit. Tertius herodes principatum sacerdotii adulescenti tradidit aristobolo.	Tunc quidem putabat putabat sedasse contentionem, et licet reconciliati fuissent non tamen securus degebat, dum alexandram expraeteritis conatibus ne tempus nouarum rerum caperet ualde timeret. Qua propter praecepit eam ita in aula conuersa	Herod's supposed reconciliation and renewed suspicion begin the next episode. Preserve the repeated putabat.	evidence/Niese-III-PDF411.jpg
43	VISUALLY_REVIEWED_IDENTITY_AND_CLAUSE_CONTEXT	INDIVIDUALLY_REVIEWED	ADD_INTERNAL_NIESE_MILESTONE	PRESENT	ROUTINE_SOURCE_SUPPORTED	latin-book15-num42	/TEI[1]/text[1]/body[1]/div1[1]/div2[3]/p[9]/del[1]/tail()	167	12848	προσέταττεν οὖν ἔν τε τοῖς βασιλείοις διατρίβειν καὶ μηδὲν ἀπ᾽ ἐξουσίας δρᾶν, ἐπιμελεῖς τε ἦσαν φυλακαί, λανθάνοντος οὐδ᾽ εἴ τι πρὸς τὴν καθ᾽ ἡμέραν δίαιταν ἐπιτηδεύοιτο.  	ciliati fuissent non tamen securus degebat, dum alexandram expraeteritis conatibus ne tempus nouarum rerum caperet ualde timeret. 	Qua propter praecepit eam ita in aula conuersari, ut nihil sub potestatem suam haberet, diligenter etiam custodiebatur occulte nequid praeter cottidianam conuersationem niteretur, quae paulatim magis illam exacerbabant et inodio suscitabant	Confinement and covert surveillance of Alexandra begin together.	evidence/Niese-III-PDF411.jpg
44	VISUALLY_REVIEWED_IDENTITY_AND_CLAUSE_CONTEXT	INDIVIDUALLY_REVIEWED	ADD_INTERNAL_NIESE_MILESTONE	PRESENT	ROUTINE_SOURCE_SUPPORTED	latin-book15-num42	/TEI[1]/text[1]/body[1]/div1[1]/div2[3]/p[9]/del[1]/tail()	347	13028	ταῦτα πάντα κατὰ μικρὸν ἐξηγρίου αὐτὴν καὶ μῖσος ἐπεφύετο: φρονήματος γὰρ ἔμπλεως οὖσα γυναικείου τὰς ἐκ τῆς ὑποψίας ἐπιμελείας ἀνηξιοπάθει, παντὸς οὑτινοσοῦν ἀξιοῦσα μᾶλλον ἢ τῆς παρρησίας στερομένη τιμῆς εὐπρεπείᾳ μετὰ δουλείας καὶ φόβων καταζῆν.  	ut nihil sub potestatem suam haberet, diligenter etiam custodiebatur occulte nequid praeter cottidianam conuersationem niteretur, 	quae paulatim magis illam exacerbabant et inodio suscitabant. Nam superbia mulieris, diligentiam custodiae indignabatur habere, dum omnia uellet potius pati quam fiducia priuari, et fucosum honorem cum seruitute uel metu possidere. Ad cleop	The effect of surveillance on Alexandra introduces her resentment.	evidence/Niese-III-PDF412.jpg
45	VISUALLY_REVIEWED_IDENTITY_AND_CLAUSE_CONTEXT	INDIVIDUALLY_REVIEWED	ADD_INTERNAL_NIESE_MILESTONE	PRESENT	ROUTINE_SOURCE_SUPPORTED	latin-book15-num42	/TEI[1]/text[1]/body[1]/div1[1]/div2[3]/p[9]/del[1]/tail()	579	13260	ἔπεμπεν οὖν παρὰ τὴν Κλεοπάτραν ἐν οἷς εἴη συνεχὲς ὀδυρομένη καὶ παρακαλοῦσα προσβοηθεῖν αὐτῇ κατὰ δύναμιν. ἡ δὲ λαθοῦσαν ἐκέλευσεν ἐπ᾽ Αἰγύπτου σὺν τῷ παιδὶ πρὸς αὐτὴν ἀποδιδράσκειν.  	diae indignabatur habere, dum omnia uellet potius pati quam fiducia priuari, et fucosum honorem cum seruitute uel metu possidere. 	Ad cleopatram igitur in quibus existeret, frequener se lamentando destinabat, postulans auxilium sibi praeberi, quae iussit ei furtim cum filio in aegyptum ad se confugere. Cumque hoc ei placuisset tale aliquid excogitauit, duo locula tamqu	Complaints to Cleopatra and the proposed escape begin at their narrative frame.	evidence/Niese-III-PDF412.jpg
46	VISUALLY_REVIEWED_IDENTITY_AND_CLAUSE_CONTEXT	INDIVIDUALLY_REVIEWED	ADD_INTERNAL_NIESE_MILESTONE	PRESENT	ROUTINE_SOURCE_SUPPORTED	latin-book15-num42	/TEI[1]/text[1]/body[1]/div1[1]/div2[3]/p[9]/del[1]/tail()	752	13433	ἐδόκει ταῦτα καὶ τεχνάζεται τοιάδε: δύο λάρνακας ὡς εἰς ἐκκομιδὴν νεκρῶν παρασκευασαμένη ταύταις αὐτὴν καὶ τὸν υἱὸν ἐνέβαλεν, ἐπιτάξασα τῶν οἰκετῶν τοῖς συνειδόσιν διὰ νυκτὸς ἐκφέρειν. ἦν δὲ τοὐντεῦθεν ἐπὶ θάλατταν ὁδὸς αὐτοῖς καὶ πλοῖον, ὃ διαπλεύσειν εἰς τὴν Αἴγυπτον ἔμελλεν, παρεσκευασμένον.  	requener se lamentando destinabat, postulans auxilium sibi praeberi, quae iussit ei furtim cum filio in aegyptum ad se confugere. 	Cumque hoc ei placuisset tale aliquid excogitauit, duo locula tamquam pro mortuorum exequiis parauit, in quibus se ipsam et filium mitti dixit, praecipiens consciis famulis ea noctu deferre, et exinde uiam ad mare facere, ubi nauem in qua n	Agreement to the scheme introduces preparation of the two coffins and the ship.	evidence/Niese-III-PDF412.jpg
47	VISUALLY_REVIEWED_IDENTITY_AND_CLAUSE_CONTEXT	INDIVIDUALLY_REVIEWED	ADD_INTERNAL_NIESE_MILESTONE	PRESENT	ROUTINE_SOURCE_SUPPORTED	latin-book15-num42	/TEI[1]/text[1]/body[1]/div1[1]/div2[3]/p[9]/del[1]/tail()	1037	13718	ταῦτα Σαββίωνι τῶν ἐκείνης φίλων Αἴσωπος οἰκέτης αὐτῆς ἀπαγγέλλει προπεσὼν ὡς εἰδότι φράσαι. πυθόμενος δὲ Σαββίων, καὶ γὰρ ἦν ἐχθρὸς Ἡρώδου πρότερον, ὅτι τῶν ἐπιβουλευσάντων Ἀντιπάτρῳ κατὰ τὴν φαρμακείαν εἷς ἐνομίζετο, τὸ μῖσος ὑπαλλάξεσθαι τῇ περὶ τὴν μήνυσιν εὐνοίᾳ προσεδόκησεν καὶ καταλέγει τῷ βασιλεῖ τὴν τῆς Ἀλεξάνδρας ἐπιβουλήν.  	 consciis famulis ea noctu deferre, et exinde uiam ad mare facere, ubi nauem in qua nauigarent ad aegyptum praeparatam habuisset. 	Haec sabbioni amico alexandro esopus seruus eius edixit. Quod cum sabbio audisset et inimicus herodis esset, quod inter insidiatores antipatri de ueneno conscius putaretur, odium lenire per indicationis fauorem sperauit, et renuntiat insidi	Aesop's disclosure and Sabbion's hope to win favour are the new action.	evidence/Niese-III-PDF412.jpg
48	VISUALLY_REVIEWED_IDENTITY_AND_CLAUSE_CONTEXT	INDIVIDUALLY_REVIEWED	ADD_INTERNAL_NIESE_MILESTONE	PRESENT	ROUTINE_SOURCE_SUPPORTED	latin-book15-num42	/TEI[1]/text[1]/body[1]/div1[1]/div2[3]/p[9]/del[1]/tail()	1292	13973	ὁ δὲ τὴν μὲν ἕως τῆς ἐγχειρήσεως ἐάσας προελθεῖν ἐπ᾽ αὐτοφώρῳ τοῦ δρασμοῦ συνέλαβεν, παρῆκεν δὲ τὴν ἁμαρτίαν, χαλεπὸν μὲν οὐδέν, εἰ καὶ σφόδρα βουλομένῳ ἦν αὐτῷ, διαθεῖναι τολμήσας, οὐ γὰρ ἂν ἀνασχέσθαι Κλεοπάτραν αἰτίαν ἐπὶ τῷ πρὸς αὐτὸν μίσει λαβοῦσαν, ἐμφαίνων δὲ μεγαλοψυχίαν μᾶλλον ἐξ ἐπιεικείας αὐτοῖς συνεγνωκέναι.  	iatores antipatri de ueneno conscius putaretur, odium lenire per indicationis fauorem sperauit, et renuntiat insidias alexandrae. 	Qui cum eam usque ad conatum procedere demisisset, in ipso facinoris opere detinuit, sed  inuitus concessit culpam, dum putaret et nullatenus cleopatram cessare si contra se causam inuenisset. Palam ergo magnanimitate uel modestia, ueniam e	Herod waits until the attempt, catches Alexandra and grants pardon for fear of Cleopatra; the paragraph is not split.	evidence/Niese-III-PDF412.jpg
49	VISUALLY_REVIEWED_IDENTITY_AND_CLAUSE_CONTEXT	INDIVIDUALLY_REVIEWED	ADD_INTERNAL_NIESE_MILESTONE	PRESENT	ROUTINE_SOURCE_SUPPORTED	latin-book15-num42	/TEI[1]/text[1]/body[1]/div1[1]/div2[3]/p[9]/cb[1]/tail()	167	14294	προύκειτο μέντοι παντάπασιν αὐτῷ τὸ μειράκιον ἐκποδὼν ποιεῖσθαι, τὸ δὲ μὴ ταχὺ μηδ᾽ ἅμα τοῖς πεπραγμένοις ἐδόκει πιθανώτερον εἰς τὸ λανθάνειν. 	t et nullatenus cleopatram cessare si contra se causam inuenisset. Palam ergo magnanimitate uel modestia, ueniam ei largitus est. 	Proposuit tamen omnibus modis adulescentem perimere, sed tacito propter uerisimilem dissimulationem.Cum ergo tabernaculorum festiuitas uenisset, quae apud nos cum summa ueneratione celebratur, tunc quidem distulit et in de liiis ipse et rel	The concealed resolve to kill the boy is separate from the pardon of Alexandra.	evidence/Niese-III-PDF413.jpg
50	VISUALLY_REVIEWED_IDENTITY_AND_CLAUSE_CONTEXT	INDIVIDUALLY_REVIEWED	ADD_INTERNAL_NIESE_MILESTONE	PRESENT	ROUTINE_SOURCE_SUPPORTED	latin-book15-num50	/TEI[1]/text[1]/body[1]/div1[1]/div2[3]/p[10]/text()	0	14435	Καὶ τῆς σκηνοπηγίας ἐπεχούσης, ἑορτὴ δέ ἐστιν αὕτη παρ᾽ ἡμῖν εἰς τὰ μάλιστα τηρουμένη, ταύτας τὰς ἡμέρας ὑπερεβάλλετο καὶ πρὸς εὐφροσύναις αὐτός τε καὶ τὸ λοιπὸν πλῆθος ἦν. ἐκίνησεν δ᾽ αὐτὸν ὅμως κἀκ τῶν τοιούτων ἐπισπεῦσαι τὰ περὶ τὴν προαίρεσιν ἐμφανῶς παροξύνων ὁ φθόνος.  	stia, ueniam ei largitus est. Proposuit tamen omnibus modis adulescentem perimere, sed tacito propter uerisimilem dissimulationem.	Cum ergo tabernaculorum festiuitas uenisset, quae apud nos cum summa ueneratione celebratur, tunc quidem distulit et in de liiis ipse et reliqua multitudo degebat, mouit tamen eum festinare uoluntatem suam conficere inuidia. Nam dum adulesc	The festival delay and renewed envy introduce the next episode. Its final extent awaits the individually reviewed start of 51.	evidence/Niese-III-PDF413.jpg
51	VISUALLY_REVIEWED_IDENTITY_AND_CLAUSE_CONTEXT	INDIVIDUALLY_REVIEWED	ADD_INTERNAL_NIESE_MILESTONE	PRESENT	ROUTINE_SOURCE_SUPPORTED	latin-book15-num50	/TEI[1]/text[1]/body[1]/div1[1]/div2[3]/p[10]/text()	225	14660	τὸ γὰρ μειράκιον Ἀριστόβουλος ἕβδομον ἐπὶ τοῖς δέκα γεγονὸς ἔτος, ἐπειδὴ κατὰ τὸν νόμον ἀνῆλθεν ἐπὶ τὸν βωμὸν συντελέσων τὰ θύματα, τόν τε κόσμον ἔχων τὸν τῶν ἀρχιερέων καὶ τὰ περὶ τὴν θρησκείαν ἐκτελῶν, κάλλει τε κάλλιστος καὶ μεγέθει πλέον ἢ πρὸς τὴν ἡλικίαν ὑπεράγων, τοῦ γε μὴν περὶ τὸ γένος ἀξιώματος πλεῖστον ἐν τῇ μορφῇ διαφαίνων,  	nc quidem distulit et in de liiis ipse et reliqua multitudo degebat, mouit tamen eum festinare uoluntatem suam conficere inuidia. 	Nam dum adulescens, aristobolus septimum et undecimum annum ducens secundum legem super aram ascenderet uictimas immolaturus, et ornatu sacerdotali circumdatus celebraret religionis consequentia magnitudinem superare aetatis ostendens, nec 	Aristobulus's priestly appearance begins the new section; retain the source's septimum et undecimum annum.	evidence/Niese-III-PDF413.jpg
52	VISUALLY_REVIEWED_IDENTITY_AND_CLAUSE_CONTEXT	INDIVIDUALLY_REVIEWED	ADD_INTERNAL_NIESE_MILESTONE	PRESENT	ROUTINE_SOURCE_SUPPORTED	latin-book15-num50	/TEI[1]/text[1]/body[1]/div1[1]/div2[3]/p[10]/text()	492	14927	ὁρμή τε τῷ πλήθει πρὸς αὐτὸν εὐνοίας ἐγένετο καὶ τῶν Ἀριστοβούλῳ τῷ πάππῳ πεπραγμένων ἐναργὴς ἡ μνήμη παρέστη, νικώμενοί τε κατὰ μικρὸν ἐξηλέγχοντο τὰς διαθέσεις χαίροντες ὁμοῦ καὶ συγχεόμενοι καὶ φωνὰς εὐφήμους εἰς αὐτὸν ἀφιέντες εὐχαῖς μεμιγμένας, ὡς ἐμφανῆ γενέσθαι τὴν εὔνοιαν τῶν ὄχλων καὶ προπετεστέραν ἐν βασιλείᾳ δοκεῖν τὴν ὧν πεπόνθεσαν ὁμολογίαν.  	acerdotali circumdatus celebraret religionis consequentia magnitudinem superare aetatis ostendens, nec non et generis dignitatem, 	populi sui excitauit fauorem, et aristoboli aui sui praesens memoriam ei reduxit. Qui paulatim irritati uoluntates suas iam demonstrabant gaudentes simul et laetitia perfusi, uocesque laudabiles in eum orationibus mixtas emittebant. Ut mani	The public response begins with the favour predicate, after the description of appearance and lineage. The memory of the grandfather and acclamations remain together.	evidence/Niese-III-PDF413.jpg
53	VISUALLY_REVIEWED_IDENTITY_AND_CLAUSE_CONTEXT	INDIVIDUALLY_REVIEWED	ADD_INTERNAL_NIESE_MILESTONE	PRESENT	ROUTINE_SOURCE_SUPPORTED	latin-book15-num50	/TEI[1]/text[1]/body[1]/div1[1]/div2[3]/p[10]/text()	847	15282	ἐπὶ τούτοις ἅπασιν Ἡρώδης ἔγνω τὴν προαίρεσιν, ἣν εἶχεν εἰς τὸ μειράκιον, ἐξεργάσασθαι. καὶ τῆς ἑορτῆς παρελθούσης εἱστιᾶτο μὲν ἐν Ἱεριχοῦντι δεχομένης αὐτοὺς τῆς Ἀλεξάνδρας, φιλοφρονούμενος δὲ τὸ μειράκιον καὶ προέλκων εἰς ἀδεῆ πότον ἕτοιμος ἦν συμπαίζειν καὶ νεανιεύεσθαι κεχαρισμένως ἐκείνῳ.  	tebant. Ut manifestus fieret populi fauor et temerarius, sub regno itaque constituti cum aliorum praeterita beneficia memorarent. 	Inter haec omnia statuit herodes uoluntatem quam in adulescentem habuisset implere. Celebratione autem transacta, dum in hierichunte maneret, et in conuiuio eos alexandra peteret, herodes adulabatur adulescenti et inliciebat ad affluentiam 	Herod's renewed resolve and the later feast at Alexandra's begin 53.	evidence/Niese-III-PDF413.jpg
54	VISUALLY_REVIEWED_IDENTITY_AND_CLAUSE_CONTEXT	INDIVIDUALLY_REVIEWED	ADD_INTERNAL_NIESE_MILESTONE	PRESENT	ROUTINE_SOURCE_SUPPORTED	latin-book15-num50	/TEI[1]/text[1]/body[1]/div1[1]/div2[3]/p[10]/text()	1157	15592	τοῦ δὲ περὶ τὸν τόπον ἰδιώματος θερινωτέρου τυγχάνοντος συνειλεγμένοι τάχιον ἐξῆλθον ἀλύοντες, καὶ ταῖς κολυμβήθραις ἐπιστάντες, αἳ μεγάλαι περὶ τὴν αὐλὴν ἐτύγχανον, ἀνέψυχον τὸ θερμότατον τῆς μεσημβρίας.  	herodes adulabatur adulescenti et inliciebat ad affluentiam potionis, paratus colludere uel iuueniliter ad gratiam illius iocari, 	et loco aestiuo illic existente collecti simul exierunt refrigerium captantes. Cumque fontibus assistent calorem meridianum aula temperare, prius quidem natantes seruos et amicos prospiciebant. Post autem adulescens cum irritaretur, herodis	The hot setting and move to the pools begin 54 within the source's joined sentence.	evidence/Niese-III-PDF414.jpg
55	VISUALLY_REVIEWED_IDENTITY_AND_CLAUSE_CONTEXT	INDIVIDUALLY_REVIEWED	ADD_INTERNAL_NIESE_MILESTONE	PRESENT	ROUTINE_SOURCE_SUPPORTED	latin-book15-num50	/TEI[1]/text[1]/body[1]/div1[1]/div2[3]/p[10]/text()	1297	15732	καὶ πρῶτον μὲν ἑώρων τοὺς νέοντας τῶν οἰκετῶν καὶ φίλων, ἔπειτα προαχθέντος καὶ τοῦ μειρακίου τῷ καὶ τὸν Ἡρώδην παροξῦναι, τῶν φίλων οἷς ταῦτα ἐπιτέτακτο σκότους ἐπέχοντος βαροῦντες ἀεὶ καὶ βαπτίζοντες ὡς ἐν παιδιᾷ νηχόμενον οὐκ ἀνῆκαν, ἕως καὶ παντάπασιν ἀποπνῖξαι.  	stiuo illic existente collecti simul exierunt refrigerium captantes. Cumque fontibus assistent calorem meridianum aula temperare, 	prius quidem natantes seruos et amicos prospiciebant. Post autem adulescens cum irritaretur, herodis amici quibus hoc praeceptum fuerat tenebris iam tenentibus saepe eum mergentes tamquam eludentes non emiserunt usque quo eum  pressum fonti	Watching the swimmers introduces the staged drowning. Preserve the complete fatal action together.	evidence/Niese-III-PDF414.jpg
56	VISUALLY_REVIEWED_IDENTITY_AND_CLAUSE_CONTEXT	INDIVIDUALLY_REVIEWED	ADD_INTERNAL_NIESE_MILESTONE	PRESENT	ROUTINE_SOURCE_SUPPORTED	latin-book15-num50	/TEI[1]/text[1]/body[1]/div1[1]/div2[3]/p[10]/cb[1]/tail()	31	16002	καὶ διεφθάρη μὲν οὕτως Ἀριστόβουλος, ὀκτωκαίδεκα μὲν οὐ πάντα βιοὺς ἔτη, τὴν δ᾽ ἱερωσύνην κατασχὼν ἐνιαυτόν, ἣν Ἀνάνηλος ἐκομίσατο πάλιν. 	m fuerat tenebris iam tenentibus saepe eum mergentes tamquam eludentes non emiserunt usque quo eum  pressum fontibus suffocarent. 	Aristobolus quidem ita extinctus est, decimum et octauum annum agens aetatis cum principatum sacerdotii annon amplius tenuisset quem rursus ananelus suscepit.Quo malo mulieribus nuntiato, incensabilis eas statim defuncti dolor inuasit, ciui	The death summary, age, duration of priesthood and Ananel's reinstatement form 56.	evidence/Niese-III-PDF414.jpg
57	VISUALLY_REVIEWED_IDENTITY_AND_CLAUSE_CONTEXT	INDIVIDUALLY_REVIEWED	ADD_INTERNAL_NIESE_MILESTONE	PRESENT	ROUTINE_SOURCE_SUPPORTED	latin-book15-num57	/TEI[1]/text[1]/body[1]/div1[1]/div2[3]/p[11]/text()	0	16201	Ἐξαγγελθέντος δὲ τοῦ πάθους ταῖς γυναιξὶν εὐθὺς μὲν ἐκ μεταβολῆς θρῆνος ἦν ἐπὶ προκειμένῳ τῷ νεκρῷ καὶ πένθος ἄσχετον, ἥ τε πόλις τοῦ λόγου διαδοθέντος ὑπερήλγει πάσης ἑστίας οἰκειουμένης τὴν συμφορὰν ὡς οὐκ ἐπ᾽ ἀλλοτρίῳ γενομένην.  	ctus est, decimum et octauum annum agens aetatis cum principatum sacerdotii annon amplius tenuisset quem rursus ananelus suscepit.	Quo malo mulieribus nuntiato, incensabilis eas statim defuncti dolor inuasit, ciuitas etiam rumore delato lamentis cuncta completa est. Omnibus calamitatem tamquam propriam et non alienam dolentibus. Alexandra uero plus consumabatur conscia	News to the women and the city's mourning begin 57; the frame belongs with the mourning.	evidence/Niese-III-PDF414.jpg
58	VISUALLY_REVIEWED_IDENTITY_AND_CLAUSE_CONTEXT	INDIVIDUALLY_REVIEWED	ADD_INTERNAL_NIESE_MILESTONE	PRESENT	ROUTINE_SOURCE_SUPPORTED	latin-book15-num57	/TEI[1]/text[1]/body[1]/div1[1]/div2[3]/p[11]/text()	200	16401	Ἀλεξάνδρα δὲ καὶ μᾶλλον ἐκπαθὴς ἦν συνέσει τῆς ἀπωλείας, τὸ μὲν ἀλγοῦν ἐκ τοῦ γινώσκειν ὅπως ἐπράχθη πλεῖον ἔχουσα, τὸ δ᾽ ἐγκαρτερεῖν ἀναγκαῖον ἐπὶ μείζονος κακοῦ προσδοκίᾳ ποιουμένη.  	nuasit, ciuitas etiam rumore delato lamentis cuncta completa est. Omnibus calamitatem tamquam propriam et non alienam dolentibus. 	Alexandra uero plus consumabatur conscia peremptionis, nam dolorem ampliorem ab ipso funeris actu ferebat, sed sustinere necessarium putauit, licet saepius sua manu uitam finire niteretur. Desiit tamen si posset uiuens sufficere adultionem 	Alexandra's special grief and necessary endurance begin 58.	evidence/Niese-III-PDF414.jpg
59	VISUALLY_REVIEWED_IDENTITY_AND_CLAUSE_CONTEXT	INDIVIDUALLY_REVIEWED	ADD_INTERNAL_NIESE_MILESTONE	PRESENT	ROUTINE_SOURCE_SUPPORTED	latin-book15-num57	/TEI[1]/text[1]/body[1]/div1[1]/div2[3]/p[11]/text()	342	16543	καὶ πολλάκις μὲν ἦλθεν αὐτοχειρίᾳ περιγράψασθαι τὸν βίον, ἐπέστη δ᾽ ὅμως, εἰ δύναιτο ζῶσα προσαρκέσαι τῷ κατ᾽ ἐπιβουλὰς ἀνόμως διεφθαρμένῳ, τό τε πλέον ἐντεῦθεν αὐτῇ παρεκρότει τὸν βίον, καὶ τὸ μηδεμίαν ὑποψίαν ἐνδοῦναι τοῦ κατὰ πρόνοιαν ἀπολέσθαι τὸν υἱὸν ἱκανὸν εἰς εὐκαιρίαν ἀμύνης ἐνόμιζε.  	ro plus consumabatur conscia peremptionis, nam dolorem ampliorem ab ipso funeris actu ferebat, sed sustinere necessarium putauit, 	licet saepius sua manu uitam finire niteretur. Desiit tamen si posset uiuens sufficere adultionem insidiarum perempti. Unde potius suam uitam tenebat ne daret suspinionem filium suum insidiis perisse. Per hanc enim dissimulationem sperauit 	The repeated wish for suicide and subsequent restraint begin in this concessive clause, following the endurance statement in 58.	evidence/Niese-III-PDF414.jpg
60	VISUALLY_REVIEWED_IDENTITY_AND_CLAUSE_CONTEXT	INDIVIDUALLY_REVIEWED	ADD_INTERNAL_NIESE_MILESTONE	PRESENT	ROUTINE_SOURCE_SUPPORTED	latin-book15-num57	/TEI[1]/text[1]/body[1]/div1[1]/div2[3]/p[11]/text()	620	16821	κἀκείνη μὲν ἐγκρατῶς ἔφερε τὴν ὑποψίαν. Ἡρώδης δὲ πᾶσι τοῖς ἔξωθεν πιθανῶς ἀπεσκευάζετο, μὴ μετὰ προνοίας γενέσθαι τῷ παιδὶ τὸν θάνατον, οὐχ ὅσα πρὸς πένθος ἐπιτηδεύων μόνον, ἀλλὰ καὶ δάκρυσι χρώμενος καὶ σύγχυσιν τῆς ψυχῆς ἐμφαίνων ἀληθινήν, τάχα μὲν καὶ τοῦ πάθους ἀπονικῶντος αὐτὸν ἐν ὄψει τῆς τε ὥρας καὶ τοῦ κάλλους, εἰ καὶ πρὸς ἀσφάλειαν ὁ θάνατος τοῦ παιδὸς ἐνομίζετο, δῆλον δ᾽ ὡς ἀπολογίαν αὐτὰ πραγματευόμενος.  	t ne daret suspinionem filium suum insidiis perisse. Per hanc enim dissimulationem sperauit satius se oportuno tempore uindicare, 	illa quidem sic continenter dolorem tolerabat. Herodes autem omnibus uerisimilis uidebatur, non insidiarum adulescentis auctor extitisse. Nam non tantum quae ad funus pertinerent peragebat, sed etiam lacrimis usus animae confusionem ueram e	The summary of Alexandra's restraint opens 60 before Herod's displayed grief. Do not start only at Herodes autem.	evidence/Niese-III-PDF414.jpg
61	VISUALLY_REVIEWED_IDENTITY_AND_CLAUSE_CONTEXT	INDIVIDUALLY_REVIEWED	ADD_INTERNAL_NIESE_MILESTONE	PRESENT	ROUTINE_SOURCE_SUPPORTED	latin-book15-num57	/TEI[1]/text[1]/body[1]/div1[1]/div2[3]/p[11]/text()	1059	17260	τά γε μὴν εἰς τὴν πολυτέλειαν τῆς ἐκφορᾶς καὶ μᾶλλον ἐπεδείξατο, πολλὴν μὲν τὴν παρασκευὴν περί τε τὰς θήκας καὶ τὸ πλῆθος τῶν θυμιαμάτων ποιησάμενος, πολὺν δὲ συγκαταθάπτων κόσμον, ὡς ἐκπλῆξαι τὸ λυπηρὸν τῆς ἐν ταῖς γυναιξὶν ἀλγηδόνος καὶ παραμυθήσασθαι τούτῳ τῷ μέρει. 	hritudinis plangebat et licet adulescentis mors pro eius tutela putaretur, manifestus tamen erat quod satisfactione ista faceret. 	Siquidem munificenter exequias eius honorans, multum apparatum, circa locellos et multitudinem aromatum fecit, nimiumque ornatum simul sepeliit, ut dolorem mulierum paene deleret et solaretur eas,per istam partem alexandram tamen nihil tale	The costly funeral and effort to console the women begin 61; the ending per istam partem survives at the start of the next paragraph.	evidence/Niese-III-PDF415.jpg
62	VISUALLY_REVIEWED_IDENTITY_AND_CLAUSE_CONTEXT	INDIVIDUALLY_REVIEWED	ADD_INTERNAL_NIESE_MILESTONE	PRESENT	ROUTINE_SOURCE_SUPPORTED	latin-book15-num62	/TEI[1]/text[1]/body[1]/div1[1]/div2[3]/p[12]/text()	17	17514	Τὴν δ᾽ Ἀλεξάνδραν ἥττησε μὲν οὐδὲν τῶν τοιούτων, ἀεὶ δὲ καὶ μᾶλλον ἡ μνήμη τοῦ κακοῦ παρέχουσα τὴν ὀδύνην ὀδυρτικὴν ἐποίει καὶ φιλόνεικον, καὶ γράφει τὴν ἐπιβουλὴν Ἡρώδου τῇ Κλεοπάτρᾳ καὶ τὴν ἀπώλειαν τοῦ παιδός.  	ultitudinem aromatum fecit, nimiumque ornatum simul sepeliit, ut dolorem mulierum paene deleret et solaretur eas,per istam partem 	alexandram tamen nihil tale deuicit, sed semper mali memoriam maestititam incitabat, et scripsit cleopatrę herodis insidias et filii perditionem, quae dum festinaret petenti subuenire, calamitates alexandrae miserata, propriam omnem causam 	The opening per istam partem completes Latin 61's solaretur eas, corresponding to Greek 61's final τούτῳ τῷ μέρει. Begin 62 only at Alexandra's resistance to consolation; preserve the paragraph boundary and inherited ID.	evidence/Niese-III-PDF415.jpg
63	VISUALLY_REVIEWED_IDENTITY_AND_CLAUSE_CONTEXT	INDIVIDUALLY_REVIEWED	ADD_INTERNAL_NIESE_MILESTONE	PRESENT	ROUTINE_SOURCE_SUPPORTED	latin-book15-num62	/TEI[1]/text[1]/body[1]/div1[1]/div2[3]/p[12]/text()	163	17661	ἡ δὲ καὶ πάλαι σπεύδουσα προσαρκέσαι δεομένῃ καὶ τὰς ἀτυχίας οἰκτείρουσα τῆς Ἀλεξάνδρας αὐτῆς ἐποιεῖτο τὸ πᾶν πρᾶγμα καὶ Ἀντώνιον οὐκ ἀνίει τίσασθαι τὸν φόνον τοῦ παιδὸς παροξύνουσα: οὐ γὰρ ἄξιον Ἡρώδην δι᾽ αὐτοῦ καταστάντα βασιλέα τῆς οὐδὲν προσηκούσης ἀρχῆς εἰς τοὺς ὄννως βασιλεῖς τοιαύτας ἐπιδείκνυσθαι παρανομίας.  	 nihil tale deuicit, sed semper mali memoriam maestititam incitabat, et scripsit cleopatrę herodis insidias et filii perditionem, 	quae dum festinaret petenti subuenire, calamitates alexandrae miserata, propriam omnem causam confecit, ut peteret antonium uindicare adulescentis interitum, non cessabat cum  diceret non esse dignum herodem per eum regem statutum in regno 	Cleopatra's sympathetic response and pressure on Antony begin in this relative clause.	evidence/Niese-III-PDF415.jpg
64	VISUALLY_REVIEWED_IDENTITY_AND_CLAUSE_CONTEXT	INDIVIDUALLY_REVIEWED	ADD_INTERNAL_NIESE_MILESTONE	PRESENT	ROUTINE_SOURCE_SUPPORTED	latin-book15-num62	/TEI[1]/text[1]/body[1]/div1[1]/div2[3]/p[12]/cb[1]/tail()	136	18037	τούτοις ἀναπειθόμενος Ἀντώνιος ὡς ἐπὶ Λαοδικείας ἐστάλη, πέμπει κελεύων Ἡρώδην ἐλθόντα τῶν εἰς Ἀριστόβουλον ἀπολύσασθαι: πεπρᾶχθαι γὰρ οὐκ ὀρθῶς τὴν ἐπιβουλήν, εἰ δι᾽ αὐτοῦ γέγονεν.  	et non esse dignum herodem per eum regem statutum in regno quod non ad eum pertineret in ueros reges tales iniquitates ostendere. 	Quibus cum flexus esset antonius ad lauditiam perueniens, mittit praecipiens herodem ad se proficisci sibique pro morte aristoboli satisfacere, nam non recte insidiae confectae si per eum extitissent. Qui cum causam timuisset et cleopatrae 	Antony's summons to Herod and demand for an explanation of the killing begin 64.	evidence/Niese-III-PDF415.jpg
65	VISUALLY_REVIEWED_IDENTITY_AND_CLAUSE_CONTEXT	INDIVIDUALLY_REVIEWED	ADD_INTERNAL_NIESE_MILESTONE	PRESENT	ROUTINE_SOURCE_SUPPORTED	latin-book15-num62	/TEI[1]/text[1]/body[1]/div1[1]/div2[3]/p[12]/cb[1]/tail()	337	18238	ὁ δὲ τήν τε αἰτίαν δεδοικὼς καὶ τὴν Κλεοπάτρας δυσμένειαν, ὡς οὐκ ἀνῆκεν ἐξεργαζομένη κακῶς αὐτῷ τὸν Ἀντώνιον ἔχειν, ἔγνω μὲν ὑπακούειν, οὐδὲ γὰρ ἄλλο τι πράττειν ἐνῆν, καταλιπὼν δὲ τὸν θεῖον αὐτοῦ Ἰώσηπον ἐπίτροπον τῆς ἀρχῆς καὶ τῶν ἐκεῖ πραγμάτων ἐνετείλατο λεληθότως, εἰ πάθοι τι παρ᾽ Ἀντωνίῳ, παραχρῆμα καὶ τὴν Μαριάμμην ἀνελεῖν:  	piens herodem ad se proficisci sibique pro morte aristoboli satisfacere, nam non recte insidiae confectae si per eum extitissent. 	Qui cum causam timuisset et cleopatrae contrariae aetatem quae non cessabant antonium suadendo, quatinus eum damnaret, statuit quidem oboedire, iam nihil aliud erat quod ageret. Cumque patruum suum iosippum procuratorem regni et rerum reliq	Herod's fears, compliance and secret instruction to Joseph begin 65.	evidence/Niese-III-PDF415.jpg
66	VISUALLY_REVIEWED_IDENTITY_AND_CLAUSE_CONTEXT	INDIVIDUALLY_REVIEWED	ADD_INTERNAL_NIESE_MILESTONE	PRESENT	ROUTINE_SOURCE_SUPPORTED	latin-book15-num62	/TEI[1]/text[1]/body[1]/div1[1]/div2[3]/p[12]/add[1]/tail()	1	18614	αὐτός τε γὰρ ἔχειν φιλοστόργως πρὸς τὴν γυναῖκα καὶ δεδοικέναι τὴν ὕβριν, εἰ καὶ τεθνηκότος ἐκείνη κατ᾽ εὐμορφίαν ἄλλῳ τινὶ σπουδάζοιτο.  	 procuratorem regni et rerum reliquisset, demandauit ei secrete ut siquid ab antonio passus esset, continuo mariamnen occideret.  	Nam dilexisse uxorem profitebatur et timuisse ne contumeliam post eius mortem pateretur, dum pulchritudo illius ab aliis desiderari posset, per quae demonstrabat impetum antonii quem in eam habuisset, cum olim de pulchritudine illius audiss	Herod's claimed affection and fear of a successor explain the instruction.	evidence/Niese-III-PDF416.jpg
67	VISUALLY_REVIEWED_IDENTITY_AND_CLAUSE_CONTEXT	INDIVIDUALLY_REVIEWED	ADD_INTERNAL_NIESE_MILESTONE	PRESENT	ROUTINE_SOURCE_SUPPORTED	latin-book15-num62	/TEI[1]/text[1]/body[1]/div1[1]/div2[3]/p[12]/add[1]/tail()	141	18754	τὸ δὲ σύμπαν ἐνέφαινεν ὁρμὴν Ἀντωνίου περὶ τὴν ἄνθρωπον, ὅτι καὶ πάλαι παρακηκοὼς ὑπὲρ τῆς εὐμορφίας ἐτύγχανεν. Ἡρώδης μὲν οὖν ἐπιστείλας ταῦτα καὶ τὰς ἐλπίδας οὐκ ἀσφαλεῖς ἔχων ὑπὲρ τῶν ὅλων ἀπῄει πρὸς Ἀντώνιον. 	sse uxorem profitebatur et timuisse ne contumeliam post eius mortem pateretur, dum pulchritudo illius ab aliis desiderari posset, 	per quae demonstrabat impetum antonii quem in eam habuisset, cum olim de pulchritudine illius audisset. Herodes quidem haec praecipiens, spe incerta ad antonium perrexit.Iosippus autem cum in dispensatione rerum magistratus esset, et propte	Antony's interest in Mariamne and Herod's departure follow the professed motive.	evidence/Niese-III-PDF416.jpg
68	VISUALLY_REVIEWED_IDENTITY_AND_CLAUSE_CONTEXT	INDIVIDUALLY_REVIEWED	ADD_INTERNAL_NIESE_MILESTONE	PRESENT	ROUTINE_SOURCE_SUPPORTED	latin-book15-num68	/TEI[1]/text[1]/body[1]/div1[1]/div2[3]/p[13]/text()	0	18965	Ὁ δὲ Ἰώσηπος ἐπὶ τῆς διοικήσεως ὢν τῶν ἐν τῇ βασιλείᾳ πραγμάτων καὶ διὰ τοῦτο συνεχὲς ἐντυγχάνων τῇ Μαριάμμῃ περί τε τὰς πραγματείας καὶ τιμῆς ἕνεκεν, ἣν ἔδει βασιλευούσῃ παρ᾽ αὐτοῦ γενέσθαι, καθίει συνεχεῖς ὁμιλίας ὑπὲρ τῆς Ἡρώδου πρὸς αὐτὴν εὐνοίας καὶ φιλοστοργίας.  	em in eam habuisset, cum olim de pulchritudine illius audisset. Herodes quidem haec praecipiens, spe incerta ad antonium perrexit.	Iosippus autem cum in dispensatione rerum magistratus esset, et propter hoc frequenter mariamnen conueniret, et de negotiis honoris causa reginam percontaret, fauorem uel amorem circa eam herodis inseruit, mulieres autem cum illum adulation	Joseph's administration and assurances to Mariamne begin the next section.	evidence/Niese-III-PDF416.jpg
69	VISUALLY_REVIEWED_IDENTITY_AND_CLAUSE_CONTEXT	INDIVIDUALLY_REVIEWED	ADD_INTERNAL_NIESE_MILESTONE	PRESENT	ROUTINE_SOURCE_SUPPORTED	latin-book15-num68	/TEI[1]/text[1]/body[1]/div1[1]/div2[3]/p[13]/text()	206	19171	ἐξειρωνευομένων δὲ γυναικείως τοὺς λόγους καὶ μάλιστα τῆς Ἀλεξάνδρας, ὑπερεσπουδακὼς ὁ Ἰώσηπος ἐπιδεῖξαι τὴν διάνοιαν τοῦ βασιλέως προήχθη καὶ τὰ περὶ τὴν ἐντολὴν εἰπεῖν, πίστιν αὐτὰ ποιούμενος ὡς οὐδὲ χωρὶς ἐκείνης ζῆν δύναται κἂν εἰ πάσχοι δεινόν τι οὐκ ἀξιοῦντος οὐδὲ θανάτῳ διεζεῦχθαι.  	frequenter mariamnen conueniret, et de negotiis honoris causa reginam percontaret, fauorem uel amorem circa eam herodis inseruit, 	mulieres autem cum illum adulationibus, emolis sent, plus autem ab alexandra seductus iosippus, sententiam regis demonstrauit, et mandatum explanauit, dum fides illis uellet facere quod post mortem sine ipsa posset uiuere, dum diceret, ut s	The women's persuasion and Joseph's disclosure of the secret command begin 69.	evidence/Niese-III-PDF416.jpg
70	VISUALLY_REVIEWED_IDENTITY_AND_CLAUSE_CONTEXT	INDIVIDUALLY_REVIEWED	ADD_INTERNAL_NIESE_MILESTONE	PRESENT	ROUTINE_SOURCE_SUPPORTED	latin-book15-num68	/TEI[1]/text[1]/body[1]/div1[1]/div2[3]/p[13]/text()	530	19495	ταῦτα μὲν Ἰώσηπος. αἱ δὲ γυναῖκες, ὡς εἰκός, οὐ τὸ φιλόστοργον τῆς περὶ τὸν Ἡρώδην διαθέσεως, τὸ δὲ χαλεπόν, εἰ μηδ᾽ ἀποθνήσκοντος ὑστερήσειεν ἀπωλείας καὶ θανάτου τυραννικοῦ, προλαμβάνουσαι χαλεπὴν τὴν ὑπόνοιαν τοῦ ῥηθέντος εἶχον. 	tem sine ipsa posset uiuere, dum diceret, ut siquid acerbum ab antonio pateretur non sufferret ab ea nec post interitum separari. 	Haec quidem iosippus, mulieres autem non hoc amorem affectus herodis putauerunt, sed timuerunt ne reuersus tyrannica crudelitate sibi mortem inferret. Ideoque de uerbo suspicionem non paruam perceperunt.Eodem tempore rumor in ciuitate hiero	The closing attribution to Joseph opens 70 before the women's alarm. Preserve the Latin's different wording about a returning tyrant.	evidence/Niese-III-PDF416.jpg
71	VISUALLY_REVIEWED_IDENTITY_AND_CLAUSE_CONTEXT	INDIVIDUALLY_REVIEWED	ADD_INTERNAL_NIESE_MILESTONE	PRESENT	ROUTINE_SOURCE_SUPPORTED	latin-book15-num71	/TEI[1]/text[1]/body[1]/div1[1]/div2[3]/p[14]/text()	0	19739	Ἐν δὲ τούτῳ καὶ λόγος ἐγένετο κατὰ τὴν πόλιν τῶν Ἱεροσολυμιτῶν παρὰ τῶν ἐν ἔχθει τὸν Ἡρώδην ἐχόντων, ὡς Ἀντώνιος αἰκισάμενος αὐτὸν ἀποκτείνειεν. ἡ δὲ φήμη πάντας μὲν ἐτάραξεν, ὡς εἰκός, τοὺς περὶ τὸ βασίλειον, μάλιστα δὲ καὶ τὰς γυναῖκας.  	uerunt, sed timuerunt ne reuersus tyrannica crudelitate sibi mortem inferret. Ideoque de uerbo suspicionem non paruam perceperunt.	Eodem tempore rumor in ciuitate hierosolimorum ab inimicis herodis dispersus est, quod antonius tormentis eum affecisset et occidisset. Quae fama cunctos quidem in aula turbauit, plus uero mulieres. Tum alexandra iosippum flectit, ut cum ip	The rumour of Herod's death and the palace's fear begin together.	evidence/Niese-III-PDF417.jpg
72	VISUALLY_REVIEWED_IDENTITY_AND_CLAUSE_CONTEXT	INDIVIDUALLY_REVIEWED	ADD_INTERNAL_NIESE_MILESTONE	PRESENT	ROUTINE_SOURCE_SUPPORTED	latin-book15-num71	/TEI[1]/text[1]/body[1]/div1[1]/div2[3]/p[14]/cb[1]/tail()	100	19951	Ἀλεξάνδρα δὲ καὶ τὸν Ἰώσηπον ἀναπείθει τῶν βασιλείων ἐξελθόντα σὺν αὐταῖς προσφυγεῖν τοῖς σημείοις τοῦ Ῥωμαϊκοῦ τάγματος, ὃ τότε περὶ τὴν πόλιν ἐπὶ φρουρᾷ τῆς βασιλείας ἐστρατοπέδευεν ἡγουμένου υἱοῦ ἰούδα:  	spersus est, quod antonius tormentis eum affecisset et occidisset. Quae fama cunctos quidem in aula turbauit, plus uero mulieres. 	Tum alexandra iosippum flectit, ut cum ipsis ad romana signa confugeret. Nam romanum agmen tunc iuxta ciuitatem subduce iulio pro regni custodia castra posuerat, dicens primum si qua turba in aula concurrerit, ipse in toto existerent, dum r	Alexandra urges flight to the Roman standards and the text describes the encampment.	evidence/Niese-III-PDF417.jpg
73	VISUALLY_REVIEWED_IDENTITY_AND_CLAUSE_CONTEXT	INDIVIDUALLY_REVIEWED	ADD_INTERNAL_NIESE_MILESTONE	PRESENT	ROUTINE_SOURCE_SUPPORTED	latin-book15-num71	/TEI[1]/text[1]/body[1]/div1[1]/div2[3]/p[14]/cb[1]/tail()	262	20113	διὰ γὰρ τοῦτο πρῶτον μέν, εἰ καί τις ἀπαντήσειεν ταραχὴ περὶ τὴν αὐλήν, ἐν ἀσφαλεστέρῳ διάξειν αὐτοὶ Ῥωμαίους εὐμενεῖς ἔχοντες: ἔπειτα καὶ τεύξεσθαι παντὸς ἠλπικέναι τὴν Μαριάμμην Ἀντωνίου θεασαμένου, δι᾽ οὗ καὶ τὴν ἀρχὴν ἀναλήψεσθαι καὶ μηδενὸς ὑστερήσειν ὧν εἰκὸς τοῖς ἐν εὐγενείᾳ βασιλικῇ γεγονόσιν. 	ut cum ipsis ad romana signa confugeret. Nam romanum agmen tunc iuxta ciuitatem subduce iulio pro regni custodia castra posuerat, 	dicens primum si qua turba in aula concurrerit, ipse in toto existerent, dum romanos propitios haberent. Praeterea mariamnen antonius prospexerit, et principatum recipere speramus, nec in aliquod postea seruitium de regi generis descendemus	Alexandra's stated reasons for safety and the anticipated recovery of power begin at their reporting frame.	evidence/Niese-III-PDF417.jpg
74	VISUALLY_REVIEWED_IDENTITY_AND_CLAUSE_CONTEXT	INDIVIDUALLY_REVIEWED	ADD_INTERNAL_NIESE_MILESTONE	PRESENT	ROUTINE_SOURCE_SUPPORTED	latin-book15-num74	/TEI[1]/text[1]/body[1]/div1[1]/div2[3]/p[15]/text()	0	20395	Ἐπὶ τούτων δὲ τῶν λογισμῶν τετυχηκόσιν αὐτοῖς γράμματα παρ᾽ Ἡρώδου περὶ τῶν ὅλων ἀφίκετο τῆς φήμης ἐναντία καὶ τῶν προλαληθέντων.  	rea mariamnen antonius prospexerit, et principatum recipere speramus, nec in aliquod postea seruitium de regi generis descendemus.	Cum has rationes fuge cogitasset, litterae ab herode de omnibus suis causis deportantur, priori rumori contrariae. Nam cum ad antonium peruenisset confestim eum donis de ierosolimis deportantis reconciliauit, et sermonibus dicere compulit, 	Herod's letters contradict the rumour while the flight is being planned.	evidence/Niese-III-PDF417.jpg
75	VISUALLY_REVIEWED_IDENTITY_AND_CLAUSE_CONTEXT	INDIVIDUALLY_REVIEWED	ADD_INTERNAL_NIESE_MILESTONE	PRESENT	ROUTINE_SOURCE_SUPPORTED	latin-book15-num74	/TEI[1]/text[1]/body[1]/div1[1]/div2[3]/p[15]/text()	115	20510	ἐπειδὴ γὰρ ἐγένετο παρ᾽ Ἀντωνίῳ, ταχὺ μὲν αὐτὸν ἀνεκτήσατο τοῖς δώροις ἃ φέρων ἧκεν ἐκ τῶν Ἱεροσολύμων, ταχὺ δὲ ταῖς ὁμιλίαις παρεστήσατο χαλεπῶς ἔχειν εἰς αὐτόν, οἵ τε τῆς Κλεοπάτρας λόγοι πρὸς τὴν ἐξ ἐκείνου θεραπείαν ἧττον ἠδυνήθησαν:  	is descendemus.Cum has rationes fuge cogitasset, litterae ab herode de omnibus suis causis deportantur, priori rumori contrariae. 	Nam cum ad antonium peruenisset confestim eum donis de ierosolimis deportantis reconciliauit, et sermonibus dicere compulit, ut nequaquam contrariae quidem de se haberet et cleopatrae uerba nihil aduersus suam satisfactionem ualere. Nam non	The successful meeting and gifts to Antony explain the letter's reassurance.	evidence/Niese-III-PDF417.jpg
76	VISUALLY_REVIEWED_IDENTITY_AND_CLAUSE_CONTEXT	INDIVIDUALLY_REVIEWED	ADD_INTERNAL_NIESE_MILESTONE	PRESENT	ROUTINE_SOURCE_SUPPORTED	latin-book15-num74	/TEI[1]/text[1]/body[1]/div1[1]/div2[3]/p[15]/text()	348	20743	οὐ γὰρ ἔφη καλῶς ἔχειν Ἀντώνιος βασιλέα περὶ τῶν κατὰ τὴν ἀρχὴν γεγενημένων εὐθύνας ἀπαιτεῖν: οὕτως γὰρ ἂν οὐδὲ βασιλεὺς εἴη: δόντας δὲ τὴν τιμὴν καὶ τῆς ἐξουσίας καταξιώσαντας ἐᾶν αὐτῇ χρῆσθαι. τὸ δ᾽ αὐτὸ καὶ τῇ Κλεοπάτρᾳ μὴ πολυπραγμονεῖσθαι τὰ περὶ τὰς ἀρχὰς συμφέρειν.  	ibus dicere compulit, ut nequaquam contrariae quidem de se haberet et cleopatrae uerba nihil aduersus suam satisfactionem ualere. 	Nam non inquit iustum est antonius ut rex de suo principatu depositum poenam luat, quia qui honorem eis dederunt, ipsi eis uti potestate permiserunt. Quo dicto flexa est cleopatra, sciens nequaquam alienum principatum scrutari prodesse. Cum	Antony's defence of royal autonomy begins here; its effect on Cleopatra remains in the same section.	evidence/Niese-III-PDF417.jpg
77	VISUALLY_REVIEWED_IDENTITY_AND_CLAUSE_CONTEXT	INDIVIDUALLY_REVIEWED	ADD_INTERNAL_NIESE_MILESTONE	PRESENT	ROUTINE_SOURCE_SUPPORTED	latin-book15-num74	/TEI[1]/text[1]/body[1]/div1[1]/div2[3]/p[15]/text()	585	20980	ὑπὲρ τούτων Ἡρώδης ἔγραφεν καὶ τὰς ἄλλας διεξῄει τιμάς, ἃς ἔχοι παρ᾽ Ἀντωνίῳ συνθακῶν ἐν ταῖς διαγνώσεσιν καὶ συνεστιώμενος ἐφ᾽ ἑκάστης ἡμέρας, καὶ τούτων ὅπως τυγχάνοι χαλεπῆς εἰς τὰς διαβολὰς αὐτῷ τῆς Κλεοπάτρας οὔσης: πόθῳ γὰρ τῆς χώρας ἐξαιτουμένη τὴν βασιλείαν αὐτῇ προσγενέσθαι πάντα τρόπον ἐκποδὼν αὐτὸν ἐσπουδάκει ποιεῖσθαι.  	erunt, ipsi eis uti potestate permiserunt. Quo dicto flexa est cleopatra, sciens nequaquam alienum principatum scrutari prodesse. 	Cum de his scriberet herodes aliosque narraret honores quos ab antonio inconuentu uel conuiuiis cottidianis haberet, et haec tamen obtineret, licet in accusationibus cleopatra nimis existeret quae prouinciae desiderio omnibus modis perire i	Herod reports the honours and Cleopatra's continuing accusations; the frame belongs with his report.	evidence/Niese-III-PDF417.jpg
78	VISUALLY_REVIEWED_IDENTITY_AND_CLAUSE_CONTEXT	INDIVIDUALLY_REVIEWED	ADD_INTERNAL_NIESE_MILESTONE	PRESENT	ROUTINE_SOURCE_SUPPORTED	latin-book15-num74	/TEI[1]/text[1]/body[1]/div1[1]/div2[3]/p[15]/text()	843	21238	δικαίου μέντοι τυγχάνων Ἀντωνίου μηδὲν ἔτι δυσχερὲς προσδοκᾶν, ἀλλὰ καὶ θᾶττον ἥξειν βεβαιοτέραν τὴν εὔνοιαν τὴν παρ᾽ αὐτοῦ προσειληφὼς τῇ βασιλείᾳ καὶ τοῖς πράγμασιν.  	en obtineret, licet in accusationibus cleopatra nimis existeret quae prouinciae desiderio omnibus modis perire illum festinasset. 	Sed quia antonium iustum circa se cognosceret nihil iam difficilium speraret cleopatrae conciliari animo posse, et se hoc facere dicebat. Nam antonium petitiones suas adimplesse, et sibi inferiorem syriam concessisse denuntiauit, et per hoc	The reassurance derived from Antony's justice begins 78. Preserve the transcription's changed wording about Cleopatra.	evidence/Niese-III-PDF418.jpg
79	VISUALLY_REVIEWED_IDENTITY_AND_CLAUSE_CONTEXT	INDIVIDUALLY_REVIEWED	ADD_INTERNAL_NIESE_MILESTONE	PRESENT	ROUTINE_SOURCE_SUPPORTED	latin-book15-num74	/TEI[1]/text[1]/body[1]/div1[1]/div2[3]/p[15]/text()	981	21376	καὶ τῇ Κλεοπάτρᾳ μηκέτι προσεῖναι τὴν ἐλπίδα τῆς πλεονεξίας Ἀντωνίου δόντος ἀνθ᾽ ὧν ἠξίου τὴν κοίλην Συρίαν καὶ διὰ τούτου παρηγορήσαντος ὁμοῦ καὶ ἀποσκευασαμένου τὰς ἐντεύξεις, ἃς ὑπὲρ τῆς Ἰουδαίας ἐποιεῖτο. 	 antonium iustum circa se cognosceret nihil iam difficilium speraret cleopatrae conciliari animo posse, et se hoc facere dicebat. 	Nam antonium petitiones suas adimplesse, et sibi inferiorem syriam concessisse denuntiauit, et per hoc solacium refutaret uel reiceret et appellationes quas cleopatra pro iudaea fecisset.Cum hae litterę peruenissent desierunt ab impetu quem	The concession of Coele Syria and rejection of Cleopatra's Judaean request begin 79. The source's attribution of the grant differs from Greek; no wording is corrected.	evidence/Niese-III-PDF418.jpg
80	VISUALLY_REVIEWED_IDENTITY_AND_CLAUSE_CONTEXT	INDIVIDUALLY_REVIEWED	ADD_INTERNAL_NIESE_MILESTONE	PRESENT	ROUTINE_SOURCE_SUPPORTED	latin-book15-num80	/TEI[1]/text[1]/body[1]/div1[1]/div2[3]/p[16]/text()	0	21604	Τούτων τῶν γραμμάτων ἀπενεχθέντων ἐπαύσαντο μὲν ἐκείνης τῆς ὁρμῆς, ἣν ὡς ἀπολωλότος εἶχον καταφυγεῖν ἐπὶ τοὺς Ῥωμαίους, οὐ μὴν ἔλαθεν αὐτῶν ἡ προαίρεσις, ἀλλ᾽ ἐπεὶ παραπέμψας ὁ βασιλεὺς Ἀντώνιον ἐπὶ Πάρθους εἰς τὴν Ἰουδαίαν ὑπέστρεψεν, εὐθὺς μὲν ἥ τε ἀδελφὴ Σαλώμη καὶ ἡ μήτηρ αὐτῷ τὴν διάνοιαν ἣν ἔσχον οἱ περὶ τὴν Ἀλεξάνδραν ἀπεσήμηναν,  	em syriam concessisse denuntiauit, et per hoc solacium refutaret uel reiceret et appellationes quas cleopatra pro iudaea fecisset.	Cum hae litterę peruenissent desierunt ab impetu quem tamquam de mortuo habuissent, ut ad romana signa confugerent. Non tamen earum latuit uoluntas. Nam praecessit antonium  rex ad parthos euntem et ad iudaeam reuertitur, statimque soror ei	The arrival of the letters cancels flight, followed by Herod's return and disclosure of the plan. Its final extent awaits review of 81.	evidence/Niese-III-PDF418.jpg
81	VISUALLY_REVIEWED_IDENTITY_AND_CLAUSE_CONTEXT	INDIVIDUALLY_REVIEWED	ADD_INTERNAL_NIESE_MILESTONE	PRESENT	ROUTINE_SOURCE_SUPPORTED	latin-book15-num80	/TEI[1]/text[1]/body[1]/div1[1]/div2[3]/p[16]/cb[1]/tail()	146	21989	ἡ δὲ Σαλώμη καὶ κατὰ τἀνδρὸς Ἰωσήπου λόγον εἶπεν τὸ * ἐν διαβολῇ ποιοῦσα καὶ τῇ Μαριάμμῃ συγγενόμενον διατελεῖν. ἔλεγεν δὲ ταῦτα χαλεπῶς ἔχουσα πρὸς αὐτὴν ἐκ πλείονος, ὅτι κατὰ τὰς διαφορὰς φρονήματι χρωμένη μείζονι τὴν ἐκείνων ἐξωνείδιζεν δυσγένειαν.  	euntem et ad iudaeam reuertitur, statimque soror eius salomi materque eorum consilium quod habuisset alexandra cum suis aperiunt. 	Salomi uero et contra maritum iosippum accusationem protulit dicens. Quod cum mariamne frequenter conuenisset haec uero dicebat inimicitiarum causa quod frequenter ignobilitatem generis eius in iurgio deprauaret. Herodes autem callidus semp	Salome's additional accusation against Joseph begins 81 after disclosure of the flight plan.	evidence/Niese-III-PDF418.jpg
82	VISUALLY_REVIEWED_IDENTITY_AND_CLAUSE_CONTEXT	INDIVIDUALLY_REVIEWED	ADD_INTERNAL_NIESE_MILESTONE	PRESENT	ROUTINE_SOURCE_SUPPORTED	latin-book15-num80	/TEI[1]/text[1]/body[1]/div1[1]/div2[3]/p[16]/cb[1]/tail()	359	22202	Ἡρώδης δὲ θερμῶς ἀεὶ καὶ ἐρωτικῶς πρὸς τὴν Μαριάμμην ἔχων εὐθὺς ἐξετετάρακτο καὶ τὴν ζηλοτυπίαν οὐκ ἔφερεν, ἐπικρατούμενος δ᾽ ἀεὶ τοῦ μὴ προπετές τι ποιῆσαι διὰ τὸν ἔρωτα, συντόνῳ τῷ πάθει καὶ τῷ ζήλῳ παρωξυμμένος ἰδίᾳ τὴν Μαριάμμην ἀνέκρινεν ὑπὲρ τῶν πρὸς τὸν Ἰώσηπον.  	mne frequenter conuenisset haec uero dicebat inimicitiarum causa quod frequenter ignobilitatem generis eius in iurgio deprauaret. 	Herodes autem callidus semper et nimis marianne amans, licet statim conturbatus fuisset, non tamen patitur amore marianne aliquid temerarium in ea conficere, sed in utroque anxius, secrete eam inquirit utrum uera esset de iosippo quod audie	Herod's reaction and private questioning begin here; retain callidus without correcting it to the Greek description of affection.	evidence/Niese-III-PDF418.jpg
83	VISUALLY_REVIEWED_IDENTITY_AND_CLAUSE_CONTEXT	INDIVIDUALLY_REVIEWED	ADD_INTERNAL_NIESE_MILESTONE	PRESENT	ROUTINE_SOURCE_SUPPORTED	latin-book15-num80	/TEI[1]/text[1]/body[1]/div1[1]/div2[3]/p[16]/cb[1]/tail()	613	22456	ἀπομνυμένης δ᾽ ἐκείνης καὶ πάνθ᾽ ὅσα τῇ μηδὲν ἁμαρτούσῃ προσῆν εἰς ἀπολογίαν καταλογιζομένης, ἀνεπείθετο κατὰ μικρὸν ὁ βασιλεὺς καὶ μετέβαινεν ἐκ τῆς ὀργῆς ἡττώμενος τῆς περὶ τὴν γυναῖκα φιλοστοργίας, ὡς ἀπολογεῖσθαι περὶ ὧν ἔδοξεν ἀκούσας πεπιστευκέναι καὶ περὶ τῆς κοσμιότητος αὐτῇ πολλὴν ὁμολογεῖν χάριν.  	iquid temerarium in ea conficere, sed in utroque anxius, secrete eam inquirit utrum uera esset de iosippo quod audierat an falsa. 	Illa uero cum iuramento adfirmante in et satis faciente, quod in nullo peccato fuisset ei commixta, paulatim rex deflectitur et ira deleta coniuris I amore superatur. Ut etiam satisfactum sibi de his crederet quae audisset, honestati eius m	Mariamne's sworn denial and Herod's changed disposition form 83.	evidence/Niese-III-PDF419.jpg
84	VISUALLY_REVIEWED_IDENTITY_AND_CLAUSE_CONTEXT	INDIVIDUALLY_REVIEWED	ADD_INTERNAL_NIESE_MILESTONE	PRESENT	ROUTINE_SOURCE_SUPPORTED	latin-book15-num80	/TEI[1]/text[1]/body[1]/div1[1]/div2[3]/p[16]/add[1]/tail()	112	22796	αὐτός τε ὅπως ἔχοι στοργῆς καὶ εὐνοίας πρὸς αὐτὴν ἀνωμολογεῖτο καὶ τέλος, ὡς ἐν τοῖς ἐρωτικοῖς φιλεῖ, προύπιπτον εἰς δάκρυα μετὰ πολλῆς σπουδῆς ἐμπεφυκότες ἀλλήλοις.  	 deleta coniuris I amore superatur. Ut etiam satisfactum sibi de his crederet quae audisset, honestati eius multas ageret gratias 	fauorem quoque quem erga ipsam uel amorem haberet pandebat, uel qualia saepe amantibus contingunt conlacri mabant inuicem magno suo studio sese pariter diligentes. Cum uero rex suum affectum iam pretermissa aemulatione firmasset, non amanti	Herod's declaration of his own affection and the mutual tears begin 84; the preceding acknowledgement of her honesty belongs to 83.	evidence/Niese-III-PDF419.jpg
85	VISUALLY_REVIEWED_IDENTITY_AND_CLAUSE_CONTEXT	INDIVIDUALLY_REVIEWED	ADD_INTERNAL_NIESE_MILESTONE	PRESENT	ROUTINE_SOURCE_SUPPORTED	latin-book15-num80	/TEI[1]/text[1]/body[1]/div1[1]/div2[3]/p[16]/add[1]/tail()	276	22960	ἀεὶ δὲ καὶ μᾶλλον τοῦ βασιλέως πιστουμένου τὴν αὐτοῦ διάθεσιν ‘οὐ φιλοῦντος, εἶπεν ἡ Μαριάμμη, τὸ κατὰ τὴν ἐντολήν, εἰ πάσχοι τι χαλεπὸν ὑπ᾽ Ἀντωνίου, κἀμὲ συναπολέσθαι τὴν οὐδενὸς αἰτίαν’.  	 amorem haberet pandebat, uel qualia saepe amantibus contingunt conlacri mabant inuicem magno suo studio sese pariter diligentes. 	Cum uero rex suum affectum iam pretermissa aemulatione firmasset, non amantis est inquit mariamne quod mandaueras iosippo ut siquid patereris ab antonio molestum me perimeret, quae nihil tibi peccassem. Quod uerbum ut audiuit herodes exarde	The renewed assurance introduces Mariamne's reply about the secret order.	evidence/Niese-III-PDF419.jpg
86	VISUALLY_REVIEWED_IDENTITY_AND_CLAUSE_CONTEXT	INDIVIDUALLY_REVIEWED	ADD_INTERNAL_NIESE_MILESTONE	PRESENT	ROUTINE_SOURCE_SUPPORTED	latin-book15-num80	/TEI[1]/text[1]/body[1]/div1[1]/div2[3]/p[16]/add[1]/tail()	479	23163	τούτου προπεσόντος τοῦ λόγου περιπαθήσας ὁ βασιλεὺς εὐθὺς μὲν ἐκ τῶν χειρῶν αὐτὴν ἀφῆκεν, ἐβόα δὲ καὶ τῶν αὐτὸς ἑαυτοῦ τριχῶν ἐδράττετο, περιφανὲς φώριον ἔχειν τῆς τοῦ Ἰωσήπου πρὸς αὐτὴν κοινωνίας λέγων:  	ntis est inquit mariamne quod mandaueras iosippo ut siquid patereris ab antonio molestum me perimeret, quae nihil tibi peccassem. 	Quod uerbum ut audiuit herodes exardescens in furorem, statim eam ab amplexu demisit. Clamans ut suos capillos delacerent, dicendo manifestum signum coepisse iosippum cum ea habuisse communionem. Nam nullatenus prodidisset quod secretae aud	Herod's furious response and inference about Joseph begin 86.	evidence/Niese-III-PDF419.jpg
87	VISUALLY_REVIEWED_IDENTITY_AND_CLAUSE_CONTEXT	INDIVIDUALLY_REVIEWED	ADD_INTERNAL_NIESE_MILESTONE	PRESENT_WITH_LOCAL_COMPRESSION	ROUTINE_SOURCE_SUPPORTED	latin-book15-num80	/TEI[1]/text[1]/body[1]/div1[1]/div2[3]/p[16]/add[1]/tail()	675	23359	οὐ γὰρ ἂν ἐξειπεῖν ἃ κατ᾽ ἰδίαν ἤκουσεν μὴ μεγάλης αὐτοῖς πίστεως ἐγγενομένης. οὕτως δ᾽ ἔχων ὀλίγου μὲν ἀπέκτεινε τὴν γυναῖκα, νικώμενος δὲ τῷ πρὸς αὐτὴν ἔρωτι ταύτης μὲν τῆς ὁρμῆς ἐκράτησεν ἑαυτοῦ διακαρτερήσας ὀδυνηρῶς καὶ δυσχερῶς, τὸν μέντοι Ἰώσηπον οὐδ᾽ εἰς ὄψιν ἐλθόντα διαχρήσασθαι προσέταξεν καὶ τὴν Ἀλεξάνδραν ὡς ἁπάντων παραιτίαν δήσας ἐφύλαττεν. 	ab amplexu demisit. Clamans ut suos capillos delacerent, dicendo manifestum signum coepisse iosippum cum ea habuisse communionem. 	Nam nullatenus prodidisset quod secretae audierat, nisi maxima fides illis interfuisset, credensque de crimine paene suam interfecit uxorem nisi uictus amore furoris impetum refrenasset, se ipsum consumens, iosippum tamen ulterius, nec ad s	The explanation of the supposed proof begins 87 and includes the threatened killing and treatment of Joseph and Alexandra. The Latin does not explicitly command Joseph's execution here as Greek does; retain its surviving wording.	evidence/Niese-III-PDF419.jpg
88	VISUALLY_REVIEWED_IDENTITY_AND_CLAUSE_CONTEXT	INDIVIDUALLY_REVIEWED	ADD_INTERNAL_NIESE_MILESTONE	PRESENT	ROUTINE_SOURCE_SUPPORTED	latin-book15-num88	/TEI[1]/text[1]/body[1]/div1[1]/div2[3]/p[17]/milestone[1]/tail()	0	23778	Ἐν δὲ τούτῳ καὶ τὰ περὶ τὴν Συρίαν ταραχὰς εἶχεν οὐκ ἀνιείσης τῆς Κλεοπάτρας τὸν Ἀντώνιον μὴ πᾶσιν ἐπιχειρεῖν: ἔπειθεν γὰρ ἀφαιρούμενον ἑκάστων τὰς δυναστείας αὐτῇ διδόναι καὶ πλεῖστον ἴσχυεν ἐκ τῆς ἐκείνου πρὸς αὐτὴν ἐπιθυμίας.  	ens, iosippum tamen ulterius, nec ad suam faciem uenire permisit, alexandram uero tamquam totius mala causam  Reseruari praecepit.	Interea per syriam turba comouebatur, cleopatra non desistente antonium flectere, quatinus oppressis potentiam singulorum ablatam sibi donaret. Multumque ualebat desiderio sui illo inflammato, quae cum natura auara existeret nihil iniustum 	Syrian unrest and Cleopatra's influence open the next episode.	evidence/Niese-III-PDF419.jpg
89	VISUALLY_REVIEWED_IDENTITY_AND_CLAUSE_CONTEXT	INDIVIDUALLY_REVIEWED	ADD_INTERNAL_NIESE_MILESTONE	PRESENT	ROUTINE_SOURCE_SUPPORTED	latin-book15-num88	/TEI[1]/text[1]/body[1]/div1[1]/div2[3]/p[17]/milestone[1]/tail()	193	23971	φύσει δὲ πλεονεξίᾳ χαίρουσα παρανομίας οὐδὲν ἔλιπεν, τὸν μὲν ἀδελφόν, ᾧ τὴν βασιλείαν ᾔδει γενησομένην, προανελοῦσα φαρμάκοις πεντεκαιδέκατον ἔτος ἔχοντα, τὴν δ᾽ ἀδελφὴν Ἀρσινόην ἱκετεύουσαν ἐν Ἐφέσῳ πρὸς τῷ τῆς Ἀρτέμιδος ἀποκτείνασα δι᾽ Ἀντωνίου:  	antonium flectere, quatinus oppressis potentiam singulorum ablatam sibi donaret. Multumque ualebat desiderio sui illo inflammato, 	quae cum natura auara existeret nihil iniustum reliquit. Siquidem fratrem suum quem iam habiturum regnum sciret, uenenis aggressa consumpserat, quintum et decimum aetatis annum agentem, sororem autem arsionem ephesi ad templum dianę confugi	Cleopatra's avarice and killings of her siblings begin 89 in the relative clause.	evidence/Niese-III-PDF420.jpg
90	VISUALLY_REVIEWED_IDENTITY_AND_CLAUSE_CONTEXT	INDIVIDUALLY_REVIEWED	ADD_INTERNAL_NIESE_MILESTONE	PRESENT	ROUTINE_SOURCE_SUPPORTED	latin-book15-num88	/TEI[1]/text[1]/body[1]/div1[1]/div2[3]/p[17]/milestone[1]/tail()	463	24242	χρημάτων μὲν γὰρ εἵνεκεν, εἴ που μόνον ἐλπισθείη, καὶ ναοὶ καὶ τάφοι παρενομήθησαν, οὔθ᾽ ἱεροῦ τινος οὕτως ἀσύλου δόξαντος, ὡς μὴ περιαιρεθῆναι τὸν ἐν αὐτῷ κόσμον, οὔτε βεβήλου μὴ πᾶν ὁτιοῦν τῶν ἀπηγορευμένων παθόντος, εἰ μέλλοι μόνον εἰς εὐπορίαν τῇ τῆς ἀδικούσης πλεονεξίᾳ.  	at, quintum et decimum aetatis annum agentem, sororem autem arsionem ephesi ad templum dianę confugientem, per antonium extinxit. 	Iam pecuniarum gratiam et templum uel corpora uiolabat, neque sacrarium iam castum fuit, aut priuilegio totum cuius ornatum ipsa non abstulit, nec tamen profanum uel incestum quod solum potuisset auaritiae illius satisfacere, et cum omnia e	Violation of temples and other protected places for money begins 90.	evidence/Niese-III-PDF420.jpg
91	VISUALLY_REVIEWED_IDENTITY_AND_CLAUSE_CONTEXT	INDIVIDUALLY_REVIEWED	ADD_INTERNAL_NIESE_MILESTONE	PRESENT	ROUTINE_SOURCE_SUPPORTED	latin-book15-num88	/TEI[1]/text[1]/body[1]/div1[1]/div2[3]/p[17]/milestone[1]/tail()	689	24468	τὸ δ᾽ ὅλον οὐδὲν αὔταρκες ἦν γυναικὶ καὶ πολυτελεῖ καὶ δουλευούσῃ ταῖς ἐπιθυμίαις, μὴ καὶ τὰ πάντα πρὸς τὴν ἐπίνοιαν ἐνδεῖν ὧν ἐσπουδάκει. διὰ ταῦτα καὶ τὸν Ἀντώνιον ἤπειγεν ἀεί τι τῶν ἄλλων ἀφαιρούμενον αὐτῇ χαρίζεσθαι, καὶ διαβᾶσα σὺν ἐκείνῳ τὴν Συρίαν ἐπενόει κτῆμα ποιήσασθαι.  	uilegio totum cuius ornatum ipsa non abstulit, nec tamen profanum uel incestum quod solum potuisset auaritiae illius satisfacere, 	et cum omnia expoliaret femineis cupiditatibus nullatenus satis faciebat, siquidem cuncta deesse suis desideriis semper putabat. Qua propter et antonium compellebat aliquid ab aliis auferentem sibi donare. Nam cum transisset ad syriam cum e	Continued insatiability and pressure for further grants begin 91 after the account of desecration.	evidence/Niese-III-PDF420.jpg
92	VISUALLY_REVIEWED_IDENTITY_AND_CLAUSE_CONTEXT	INDIVIDUALLY_REVIEWED	ADD_INTERNAL_NIESE_MILESTONE	PRESENT	ROUTINE_SOURCE_SUPPORTED	latin-book15-num88	/TEI[1]/text[1]/body[1]/div1[1]/div2[3]/p[17]/milestone[1]/tail()	959	24738	Λυσανίαν μὲν οὖν τὸν Πτολεμαίου Πάρθους αἰτιασαμένη τοῖς πράγμασιν ἐπάγειν ἀποκτίννυσιν, ᾔτει δὲ παρ᾽ Ἀντωνίου τήν τε Ἰουδαίαν καὶ τὴν τῶν Ἀράβων ἀξιοῦσα τοὺς βασιλεύοντας αὐτῶν ἀφελέσθαι.  	 et antonium compellebat aliquid ab aliis auferentem sibi donare. Nam cum transisset ad syriam cum eo et eam cogitaret possidere. 	Lysaniam quidem ptolomei filium accusans, quia parthos contra rem publicam dixisset occidit. Petit autem ab antonio, etiam iudeae uel arabiae reges occidi. Antonius autem cum ex omnibus amore feminae uictus esset, ut non tantum uerbis sed e	Lysanias's death and the request against Judaea and Arabia begin 92.	evidence/Niese-III-PDF420.jpg
93	VISUALLY_REVIEWED_IDENTITY_AND_CLAUSE_CONTEXT	INDIVIDUALLY_REVIEWED	ADD_INTERNAL_NIESE_MILESTONE	PRESENT	ROUTINE_SOURCE_SUPPORTED	latin-book15-num88	/TEI[1]/text[1]/body[1]/div1[1]/div2[3]/p[17]/milestone[1]/tail()	1115	24894	τῷ δ᾽ Ἀντωνίῳ τὸ μὲν ὅλον ἡττᾶσθαι συνέβαινεν τῆς γυναικός, ὡς μὴ μόνον ἐκ τῆς ὁμιλίας, ἀλλὰ καὶ φαρμάκοις δοκεῖν ὑπακούειν εἰς ὅ τι ἂν ἐκείνη θέλῃ, τὸ μέντοι περιφανὲς τῆς ἀδικίας ἐξεδυσώπει μὴ μέχρι τοσούτου κατήκοον γινόμενον ἐπὶ μεγίστοις ἁμαρτάνειν.  	ilium accusans, quia parthos contra rem publicam dixisset occidit. Petit autem ab antonio, etiam iudeae uel arabiae reges occidi. 	Antonius autem cum ex omnibus amore feminae uictus esset, ut non tantum uerbis sed etiam uenis uideretur oboedire, manifestam quidem inquietatem uidens, petebat eam ne se tantum ut peccaret conpelleret et ne cuncta negaret ei, ne quanta ill	Antony's submission and reluctance at open injustice begin 93.	evidence/Niese-III-PDF420.jpg
94	VISUALLY_REVIEWED_IDENTITY_AND_CLAUSE_CONTEXT	INDIVIDUALLY_REVIEWED	ADD_INTERNAL_NIESE_MILESTONE	PRESENT	ROUTINE_SOURCE_SUPPORTED	latin-book15-num88	/TEI[1]/text[1]/body[1]/div1[1]/div2[3]/p[17]/milestone[1]/tail()	1317	25096	ἵν᾽ οὖν μήτ᾽ ἀρνηθῇ παντάπασιν μήθ᾽ ὅσα προσέταττεν ἐκείνη διαπραξάμενος ἐκ φανεροῦ δόξῃ κακός, μέρη τῆς χώρας ἑκατέρου παρελόμενος τούτοις αὐτὴν ἐδωρήσατο.  	uerbis sed etiam uenis uideretur oboedire, manifestam quidem inquietatem uidens, petebat eam ne se tantum ut peccaret conpelleret 	et ne cuncta negaret ei, ne quanta illa praecepisset perficiens, palam iniquus uideretur. Ideoque partes prouinciae unusquisque retollens donauit ei. Praestans etiam ciuitates quae intra fluuium eleuterum usque ad aegyptum erant excepto tyr	Avoiding complete refusal and obvious wrongdoing motivates the partial territorial grant in 94.	evidence/Niese-III-PDF421.jpg
95	VISUALLY_REVIEWED_IDENTITY_AND_CLAUSE_CONTEXT	INDIVIDUALLY_REVIEWED	ADD_INTERNAL_NIESE_MILESTONE	PRESENT	ROUTINE_SOURCE_SUPPORTED	latin-book15-num88	/TEI[1]/text[1]/body[1]/div1[1]/div2[3]/p[17]/milestone[1]/tail()	1467	25246	δίδωσιν δὲ καὶ τὰς ἐντὸς Ἐλευθέρου ποταμοῦ πόλεις ἄχρις Αἰγύπτου χωρὶς Τύρου καὶ Σιδῶνος, ἐκ προγόνων εἰδὼς ἐλευθέρας, πολλὰ λιπαρούσης αὐτῆς αὐτῇ δοθῆναι. 	 ei, ne quanta illa praecepisset perficiens, palam iniquus uideretur. Ideoque partes prouinciae unusquisque retollens donauit ei. 	Praestans etiam ciuitates quae intra fluuium eleuterum usque ad aegyptum erant excepto tyro uel sydone quas a maioribus liberas esse cognouerat, licet multum eum illa sibi eas prebere supplicasset.Cum haec cleopatra optinuisset et deduxisse	The additional city grant begins 95; the exceptions Tyre and Sidon remain with the grant.	evidence/Niese-III-PDF421.jpg
96	VISUALLY_REVIEWED_IDENTITY_AND_CLAUSE_CONTEXT	INDIVIDUALLY_REVIEWED	ADD_INTERNAL_NIESE_MILESTONE	PRESENT	ROUTINE_SOURCE_SUPPORTED	latin-book15-num96	/TEI[1]/text[1]/body[1]/div1[1]/div2[3]/p[18]/text()	0	25484	Τούτων ἡ Κλεοπάτρα τυχοῦσα καὶ παραπέμψασα μέχρις Εὐφράτου τὸν Ἀντώνιον ἐπ᾽ Ἀρμενίαν στρατευόμενον ἀνέστρεφεν καὶ γίνεται μὲν ἐν Ἀπαμείᾳ καὶ Δαμασκῷ, παρῆλθεν δὲ καὶ εἰς τὴν Ἰουδαίαν Ἡρώδου συντυχόντος αὐτῇ καὶ τῆς τε Ἀραβίας τὰ δοθέντα καὶ τὰς περὶ τὸν Ἱεριχοῦντα προσόδους Ἡρώδου μισθωσαμένου: φέρει δ᾽ ἡ χώρα τὸ βάλσαμον, ὃ τιμιώτατον τῶν ἐκεῖ καὶ παρὰ μόνοις φύεται, τόν τε φοίνικα πολὺν καὶ καλόν.  	yptum erant excepto tyro uel sydone quas a maioribus liberas esse cognouerat, licet multum eum illa sibi eas prebere supplicasset.	Cum haec cleopatra optinuisset et deduxisset antonium usque ad eufraten contra armenios euntem  reuertitur et intrat apapiam et damascum inde etiam ad iudaeam peruenit. Quam cum herodes suscepisset conduxit ab ea reditus hierichun tis, nam 	Cleopatra's return and visit to Herod, rental of revenues and description of Jericho form 96.	evidence/Niese-III-PDF421.jpg
97	VISUALLY_REVIEWED_IDENTITY_AND_CLAUSE_CONTEXT	INDIVIDUALLY_REVIEWED	ADD_INTERNAL_NIESE_MILESTONE	PRESENT	ROUTINE_SOURCE_SUPPORTED	latin-book15-num96	/TEI[1]/text[1]/body[1]/div1[1]/div2[3]/p[18]/cb[1]/tail()	255	25899	ἐν τούτοις οὖσα καὶ πλείονος αὐτῇ συνηθείας πρὸς τὸν Ἡρώδην γινομένης διεπείραζεν εἰς συνουσίαν ἐλθεῖν τῷ βασιλεῖ, φύσει μὲν ἀπαρακαλύπτως ταῖς ἐντεῦθεν ἡδοναῖς χρωμένη, τάχα δέ τι καὶ παθοῦσα πρὸς αὐτὸν ἐρωτικὸν ἢ καὶ τὸ πιθανώτερον ἀρχὴν ἐνέδρας τὴν ἐπ᾽ αὐτῇ γενησομένην ὕβριν ὑποκατασκευάζουσα: τὸ δὲ σύμπαν ἐξ ἐπιθυμίας ἡττῆσθαι διέφαινεν.  	 hierichun tis, nam balsamum terra illa generat quod praetiosissimum est, et nusquam alibi nascitur et palmas multas uel optimas. 	Et dum multum tempus faceret cum herode, temptabat cum eo concumbere. Nam naturaliter euidentur libidinibus exardebat, forsitan et aliquid amatorium passus est, sed quod uerisimilius est, regno eius insidiabatur si quomodo iniuriam se facta	Her attempt to seduce Herod and the narrator's alternative explanations begin 97.	evidence/Niese-III-PDF421.jpg
98	VISUALLY_REVIEWED_IDENTITY_AND_CLAUSE_CONTEXT	INDIVIDUALLY_REVIEWED	ADD_INTERNAL_NIESE_MILESTONE	PRESENT	ROUTINE_SOURCE_SUPPORTED	latin-book15-num96	/TEI[1]/text[1]/body[1]/div1[1]/div2[3]/p[18]/cb[1]/tail()	573	26217	Ἡρώδης δὲ καὶ πάλαι μὲν οὐκ εὔνους ἦν τῇ Κλεοπάτρᾳ χαλεπὴν εἰς ἅπαντας ἐπιστάμενος, τότε δὲ καὶ μισεῖν ἀξιῶν, εἰ δι᾽ ἀσέλγειαν εἰς τοῦτο πρόεισιν, καὶ φθῆναι τιμωρούμενος, εἰ ἐνεδρεύουσα τοιούτοις ἐγχειροίη, τοὺς μὲν λόγους αὐτῆς διεκρούσατο, βουλὴν δ᾽ ἐποιήσατο σὺν τοῖς φίλοις ὑποχείριον ἔχων ἀποκτεῖναι:  	regno eius insidiabatur si quomodo iniuriam se factam posset per accusationem adipisci, desiderio uero uictam se esse monstrabat. 	Herodes autem licet olim nullatenus faueret cleopatrae, dum sciret omnibus eam esse molestam, tunc tamen et ampliori odio eius detentus quod per luxuriam uellet illa insidias ei parare, uerba quidem eius in praesenti refutauit. Consilium ue	Herod's hostility, rejection and proposed killing begin 98.	evidence/Niese-III-PDF421.jpg
99	VISUALLY_REVIEWED_IDENTITY_AND_CLAUSE_CONTEXT	INDIVIDUALLY_REVIEWED	ADD_INTERNAL_NIESE_MILESTONE	PRESENT	ROUTINE_SOURCE_SUPPORTED	latin-book15-num96	/TEI[1]/text[1]/body[1]/div1[1]/div2[3]/p[18]/cb[1]/tail()	884	26528	πολλῶν γὰρ ἀπαλλάξειν κακῶν ἅπαντας οἷς ἐγένετό τε ἤδη χαλεπὴ καὶ προσεδοκᾶτο: τὸ δ᾽ αὐτὸ τοῦτο καὶ Ἀντωνίῳ λυσιτελήσειν οὐδ᾽ ἐκείνῳ πιστῆς ἐσομένης, εἴ τις αὐτὸν καιρὸς ἢ χρεία κατάσχοι τοιούτων δεησόμενον.  	are, uerba quidem eius in praesenti refutauit. Consilium uero cum amicis suis sumpsit ut eam sub potestate sua positam occideret, 	ut et se et multos malis eius liberaret, quibus iam grauis facta uel fieri posse putabatur. Nam hoc ipsum et antonio prodesse, quia neque illi fidelem eam esse dicebat. Cum haec cogitasset prohibebant eum amici, primum quidem suggerentes qu	The proposed benefit to others and Antony begins in the purpose clause after the plan in 98.	evidence/Niese-III-PDF422.jpg
100	VISUALLY_REVIEWED_IDENTITY_AND_CLAUSE_CONTEXT	INDIVIDUALLY_REVIEWED	ADD_INTERNAL_NIESE_MILESTONE	PRESENT	ROUTINE_SOURCE_SUPPORTED	latin-book15-num96	/TEI[1]/text[1]/body[1]/div1[1]/div2[3]/p[18]/cb[1]/tail()	1053	26697	ταῦτα βουλευόμενον ἐκώλυον οἱ φίλοι, πρῶτον μὲν διδάσκοντες, ὡς οὐκ ἄξιον μείζω πράττοντα κινδύνων τὸν φανερώτατον ἀναλαμβάνειν, ἐγκείμενοι δὲ καὶ δεόμενοι μηδὲν ἐκ προπετείας ἐπιτηδεύειν:  	, quibus iam grauis facta uel fieri posse putabatur. Nam hoc ipsum et antonio prodesse, quia neque illi fidelem eam esse dicebat. 	Cum haec cogitasset prohibebant eum amici, primum quidem suggerentes quod non deberet maximum periculum et manifestum pro re tanta suscipere. Cumque permansissent supplicantes nequid temerariae conaretur. Nam nullatenus antonium posse pati 	The friends' prohibition and first warning begin 100.	evidence/Niese-III-PDF422.jpg
101	VISUALLY_REVIEWED_IDENTITY_AND_CLAUSE_CONTEXT	INDIVIDUALLY_REVIEWED	ADD_INTERNAL_NIESE_MILESTONE	PRESENT	ROUTINE_SOURCE_SUPPORTED	latin-book15-num96	/TEI[1]/text[1]/body[1]/div1[1]/div2[3]/p[18]/cb[1]/tail()	1258	26902	οὐ γὰρ ἂν ἀνασχέσθαι τὸν Ἀντώνιον, οὐδ᾽ εἰ σφόδρα τις αὐτῷ τὸ συμφέρον στήσειε πρὸ τῶν ὀμμάτων: τόν τε γὰρ ἔρωτα μᾶλλον ὑπεκκαύσειν τὸ δοκεῖν βίᾳ καὶ κατ᾽ ἐπιβουλὴν αὐτῆς στέρεσθαι, μέτριον δὲ οὐδὲν εἰς τὴν ἀπολογίαν φανεῖσθαι, τοῦ μὲν ἐπιχειρήματος εἰς γυναῖκα γεγενημένου μέγιστον ἀξίωμα τῶν κατ᾽ ἐκεῖνον ἐσχηκυῖαν τὸν χρόνον, τῆς δ᾽ ὠφελείας, εἰ καὶ ταύτην τις οἰηθείη, σὺν αὐθαδείᾳ καὶ καταγνώσει τῆς ἐκείνου διαθέσεως φανουμένης.  	on deberet maximum periculum et manifestum pro re tanta suscipere. Cumque permansissent supplicantes nequid temerariae conaretur. 	Nam nullatenus antonium posse pati dicebant, quamuis eum muneribus redimere putaretur, cum amore eius potius incenderetur et uideret uiolentia uel insidiis illius se eius amore priuatum, nec mediocre quiddam pro satisfactione dignitate supe	The detailed explanation of Antony's anticipated reaction begins 101.	evidence/Niese-III-PDF422.jpg
102	VISUALLY_REVIEWED_IDENTITY_AND_CLAUSE_CONTEXT	INDIVIDUALLY_REVIEWED	ADD_INTERNAL_NIESE_MILESTONE	PRESENT	ROUTINE_SOURCE_SUPPORTED	latin-book15-num96	/TEI[1]/text[1]/body[1]/div1[1]/div2[3]/p[18]/cb[1]/tail()	1631	27275	ἐξ ὧν οὐκ ἄδηλον, ὡς μεγάλων καὶ ἀπαύστων κακῶν ἀναπλησθήσεται τὰ περὶ τὴν ἀρχὴν αὐτῷ καὶ τὸ γένος, ἐξὸν ἀποκρουσάμενον τὴν ἁμαρτίαν, εἰς ἣν ἐκείνη παρακαλεῖ, θέσθαι τὸν καιρὸν εὐσχημόνως.  	at, utilitatem autem quam antonio dicit futuram uerendum est ne potius ille temeritatem existimet quod affectu tali eum priuaret. 	Unde non est incertum dicebant, quod maximis uel continuis malis principatus eius uel generatio compleretur, refutare uero concubitum quem illa postularet pro tempore honeste suadebant. Qui cum haec designarent et pericula merito demonstrar	The expected disasters and proposed honourable refusal form 102.	evidence/Niese-III-PDF422.jpg
103	VISUALLY_REVIEWED_IDENTITY_AND_CLAUSE_CONTEXT	INDIVIDUALLY_REVIEWED	ADD_INTERNAL_NIESE_MILESTONE	PRESENT	ROUTINE_SOURCE_SUPPORTED	latin-book15-num96	/TEI[1]/text[1]/body[1]/div1[1]/div2[3]/p[18]/cb[1]/tail()	1817	27461	τοιαῦτα δεδιττόμενοι καὶ τὸ κινδυνῶδες ἐξ εἰκότος παραδηλοῦντες ἐπέσχον αὐτὸν τῆς ἐπιχειρήσεως. ὁ δὲ τὴν Κλεοπάτραν δωρεαῖς θεραπεύσας ἐπ᾽ Αἰγύπτου προύπεμψεν. 	is malis principatus eius uel generatio compleretur, refutare uero concubitum quem illa postularet pro tempore honeste suadebant. 	Qui cum haec designarent et pericula merito demonstrarent, conatus eius conpresserunt. Tum herodes cleopatrę donis et muneribus satisfaciens deduxit eam ad aegyptum.Antonius autem cum armeniam coepisset artabazin tigranni filium cum satrapi	The narrator concludes the advice and records Herod's escort of Cleopatra to Egypt.	evidence/Niese-III-PDF422.jpg
104	VISUALLY_REVIEWED_IDENTITY_AND_CLAUSE_CONTEXT	INDIVIDUALLY_REVIEWED	ADD_INTERNAL_NIESE_MILESTONE	PRESENT	ROUTINE_SOURCE_SUPPORTED	latin-book15-num104	/TEI[1]/text[1]/body[1]/div1[1]/div2[3]/p[19]/text()	0	27682	Ἀντώνιος δὲ τὴν Ἀρμενίαν λαβὼν Ἀρταβάζην τὸν Τιγράνου σὺν τοῖς παισὶν σατράπαις δέσμιον εἰς Αἴγυπτον ἀποπέμπει, δωρούμενος τούτοις τὴν Κλεοπάτραν καὶ τῷ παντὶ κόσμῳ τῆς βασιλείας, ὃν ἐξ αὐτῆς ἔλαβεν.  	a merito demonstrarent, conatus eius conpresserunt. Tum herodes cleopatrę donis et muneribus satisfaciens deduxit eam ad aegyptum.	Antonius autem cum armeniam coepisset artabazin tigranni filium cum satrapis filiis ligatum in aegyptum destinauit, donans eos cleopatrae cum omni regio eorum ornatu. Armeniae uero principatum tenuit artaxias maior illius filius qui tunc eu	Antony's capture of Armenia and gift of the royal family begin 104.	evidence/Niese-III-PDF422.jpg
105	VISUALLY_REVIEWED_IDENTITY_AND_CLAUSE_CONTEXT	INDIVIDUALLY_REVIEWED	ADD_INTERNAL_NIESE_MILESTONE	PRESENT	ROUTINE_SOURCE_SUPPORTED	latin-book15-num104	/TEI[1]/text[1]/body[1]/div1[1]/div2[3]/p[19]/text()	167	27849	Ἀρμενίας δὲ ἐβασίλευσεν Ἀρταξίας ὁ πρεσβύτατος τῶν ἐκείνου παίδων διαδρὰς ἐν τῷ τότε. καὶ τοῦτον Ἀρχέλαος καὶ Νέρων Καῖσαρ ἐκβαλόντες Τιγράνην τὸν νεώτερον ἀδελφὸν ἐπὶ τὴν βασιλείαν κατήγαγον. ταῦτα μὲν οὖν ἐν ὑστέρῳ. 	 artabazin tigranni filium cum satrapis filiis ligatum in aegyptum destinauit, donans eos cleopatrae cum omni regio eorum ornatu. 	Armeniae uero principatum tenuit artaxias maior illius filius qui tunc euaserat. Quem archelaus et nero caesar expulissent tigramin nouissimum eius fratrem ordinauerunt. Haec quidem postea conte gerunt.Uectigalia uero quae debuisset de terr	The Armenian succession and later changes begin 105; the chronological closing note remains here.	evidence/Niese-III-PDF423.jpg
106	VISUALLY_REVIEWED_IDENTITY_AND_CLAUSE_CONTEXT	INDIVIDUALLY_REVIEWED	ADD_INTERNAL_NIESE_MILESTONE	PRESENT	ROUTINE_SOURCE_SUPPORTED	latin-book15-num106	/TEI[1]/text[1]/body[1]/div1[1]/div2[3]/p[20]/text()	0	28093	Περὶ δὲ τοὺς φόρους, οὓς ἔδει τελεῖν τῆς ὑπ᾽ Ἀντωνίου δοθείσης χώρας, ὁ μὲν Ἡρώδης δίκαιος ἦν οὐκ ἀσφαλὲς ἡγούμενος διδόναι τῇ Κλεοπάτρᾳ μίσους αἰτίαν.  	uaserat. Quem archelaus et nero caesar expulissent tigramin nouissimum eius fratrem ordinauerunt. Haec quidem postea conte gerunt.	Uectigalia uero quae debuisset de terra donata ab antonio, cleopatrae praebere, herodes iustum iudicauit ne occasionem ei odii praestaret.  Aretas autem cum herodes reditus eius conduxisset, tempore quidem aliquanto reddebat duo milia talen	Herod's payment of Cleopatra's revenues begins 106.	evidence/Niese-III-PDF423.jpg
107	VISUALLY_REVIEWED_IDENTITY_AND_CLAUSE_CONTEXT	INDIVIDUALLY_REVIEWED	ADD_INTERNAL_NIESE_MILESTONE	PRESENT	ROUTINE_SOURCE_SUPPORTED	latin-book15-num106	/TEI[1]/text[1]/body[1]/div1[1]/div2[3]/p[20]/add[1]/tail()	1	28310	ὁ δ᾽ Ἄραψ Ἡρώδου τὴν φορὰν ἐπιδεξαμένου χρόνον μέν τινα παρεῖχεν ἐκείνῳ τὰ διακόσια τάλαντα, μετὰ ταῦτα δὲ κακοήθης ἦν καὶ βραδὺς εἰς τὰς ἀποδόσεις καὶ μόλις εἰ καὶ μέρη τινὰ διαλύσειεν οὐδὲ ταῦτα διδόναι δοκῶν ἀζημίως. 	 uero quae debuisset de terra donata ab antonio, cleopatrae praebere, herodes iustum iudicauit ne occasionem ei odii praestaret.  	Aretas autem cum herodes reditus eius conduxisset, tempore quidem aliquanto reddebat duo milia talenta. Post autem indeuotus extitit uix partem aliquam praebensherodes quidem hoc modo de fraudantem nihilque secundum iustitiam facere uolunta	The Arab ruler's initial payments and later defaults begin 107; preserve the different sum in the transcription.	evidence/Niese-III-PDF423.jpg
108	VISUALLY_REVIEWED_IDENTITY_AND_CLAUSE_CONTEXT	INDIVIDUALLY_REVIEWED	ADD_INTERNAL_NIESE_MILESTONE	PRESENT	ROUTINE_SOURCE_SUPPORTED	latin-book15-num108	/TEI[1]/text[1]/body[1]/div1[1]/div2[3]/p[21]/text()	0	28512	Ἡρώδης δὲ τοῦτον τὸν τρόπον ἀγνωμονοῦντος καὶ τὸ τελευταῖον οὐδὲν ἔτι τῶν δικαίων ποιεῖν ἐθέλοντος εἶχεν μὲν ὡς ἐπεξελευσόμενος, προθεσμίᾳ δὲ ἐχρήσατο τῷ Ῥωμαϊκῷ πολέμῳ.  	us eius conduxisset, tempore quidem aliquanto reddebat duo milia talenta. Post autem indeuotus extitit uix partem aliquam praebens	herodes quidem hoc modo de fraudantem nihilque secundum iustitiam facere uoluntatem, persequi deliberauit. Sed interim propter bellum romanum hanc distulit exactionem. Nam dum in acciaco litore speraretur pugna quae centesima octogesima sep	Herod's planned response and postponement for the Roman war begin 108.	evidence/Niese-III-PDF423.jpg
109	VISUALLY_REVIEWED_IDENTITY_AND_CLAUSE_CONTEXT	INDIVIDUALLY_REVIEWED	ADD_INTERNAL_NIESE_MILESTONE	PRESENT	ROUTINE_SOURCE_SUPPORTED	latin-book15-num108	/TEI[1]/text[1]/body[1]/div1[1]/div2[3]/p[21]/text()	168	28680	τῆς γὰρ ἐπ᾽ Ἀκτίῳ μάχης προσδοκωμένης, ἣν ἐπὶ τῆς ἑβδόμης καὶ ὀγδοηκοστῆς πρὸς ταῖς ἑκατὸν ὀλυμπιάδος συνέβη γενέσθαι, Καῖσαρ μὲν Ἀντωνίῳ περὶ τῶν ὅλων ἔμελλεν ἀγωνιεῖσθαι πραγμάτων, Ἡρώδης δὲ καὶ τῆς χώρας εὐβοτουμένης αὐτῷ πολὺν ἤδη χρόνον καὶ προσόδων καὶ δυνάμεως εὑρημένων, Ἀντωνίῳ συμμαχίαν κατέλεξεν ἐπιμελέστατα ταῖς παρασκευαῖς χρησάμενος.  	nihilque secundum iustitiam facere uoluntatem, persequi deliberauit. Sed interim propter bellum romanum hanc distulit exactionem. 	Nam dum in acciaco litore speraretur pugna quae centesima octogesima septima olimpiade contigit, et caesar cum antiocho de re publica decertaret, herodes ex opulenta prouincia sua multo tempore reditibus et uiribus collectis antonio deputau	The anticipation of Actium and Herod's preparations begin 109; preserve antiocho and all source dates.	evidence/Niese-III-PDF423.jpg
110	VISUALLY_REVIEWED_IDENTITY_AND_CLAUSE_CONTEXT	INDIVIDUALLY_REVIEWED	ADD_INTERNAL_NIESE_MILESTONE	PRESENT	ROUTINE_SOURCE_SUPPORTED	latin-book15-num108	/TEI[1]/text[1]/body[1]/div1[1]/div2[3]/p[21]/text()	443	28955	Ἀντώνιος δὲ τῆς μὲν ἐκείνου συμμαχίας οὐδὲν ἔφη δεῖσθαι, τὸν δὲ Ἄραβα, καὶ γὰρ ἀκηκόει παρ᾽ αὐτοῦ καὶ τῆς Κλεοπάτρας τὴν ἀπιστίαν, ἐπεξελθεῖν προσέταττεν. ἠξίου γὰρ ἡ Κλεοπάτρα ταῦτα λυσιτελεῖν αὐτῇ τὸν ἕτερον ὑπὸ θατέρου κακῶς πάσχειν ἡγουμένη.  	 herodes ex opulenta prouincia sua multo tempore reditibus et uiribus collectis antonio deputauit, auxilia diligenter praeparare. 	Sed antonius nihil auxilio eius egere se dixit. Arabum autem persequi praecepit. Nam iam audierat a cleopatra perfidiam eius. Petebat enim hoc cleopatra dum sibi putaret prodesse si unus ab altero sterneretur. Cum haec ab antonio iussum fui	Antony's refusal of assistance and command against the Arabs form 110.	evidence/Niese-III-PDF423.jpg
111	VISUALLY_REVIEWED_IDENTITY_AND_CLAUSE_CONTEXT	INDIVIDUALLY_REVIEWED	ADD_INTERNAL_NIESE_MILESTONE	PRESENT	ROUTINE_SOURCE_SUPPORTED	latin-book15-num108	/TEI[1]/text[1]/body[1]/div1[1]/div2[3]/p[21]/text()	653	29165	τούτων αὐτῷ παρ᾽ Ἀντωνίου λεχθέντων ὑποστρέψας Ἡρώδης συνεῖχεν τὸ στρατιωτικὸν ὡς εὐθὺς εἰς τὴν Ἀραβίαν ἐμβαλῶν, καὶ παρασκευασθέντος ἱππικοῦ καὶ πεζῆς δυνάμεως εἰς Διόσπολιν ἀφικνεῖται τῶν Ἀράβων ἐκεῖ συναντώντων: οὐ γὰρ ἐλελήθει τὰ περὶ τὸν πόλεμον αὐτούς: καὶ μάχης καρτερᾶς γενομένης ἐκράτησαν οἱ Ἰουδαῖοι.  	 Nam iam audierat a cleopatra perfidiam eius. Petebat enim hoc cleopatra dum sibi putaret prodesse si unus ab altero sterneretur. 	Cum haec ab antonio iussum fuisset, herodes milites congregauit tam quam confestim in arabiam ingressurus, pa rataque equitum et peditum multitudine in dio ciuitatem peruenit. Cumque illic arabes ei occurrissent, pugna maxima commissa est, 	Herod's mobilization, advance and first victory begin 111.	evidence/Niese-III-PDF424.jpg
112	VISUALLY_REVIEWED_IDENTITY_AND_CLAUSE_CONTEXT	INDIVIDUALLY_REVIEWED	ADD_INTERNAL_NIESE_MILESTONE	PRESENT	ROUTINE_SOURCE_SUPPORTED	latin-book15-num108	/TEI[1]/text[1]/body[1]/div1[1]/div2[3]/p[21]/text()	917	29429	μετὰ δὲ ταῦτα πολλὴ στρατιὰ τῶν Ἀράβων εἰς Κάνατα συνῄει: χωρία δ᾽ ἐστὶ ταῦτα τῆς κοίλης Συρίας: Ἡρώδης τε προπεπυσμένος ἧκεν ἄγων ἐπ᾽ αὐτοὺς τὸ πλεῖστον ἧς εἶχεν δυνάμεως, καὶ πλησιάσας ἐν καλῷ στρατοπεδεύεσθαι διεγνώκει χάρακά τε βαλόμενος ἐξ εὐκαίρου ταῖς μάχαις ἐπιχειρεῖν.  	um multitudine in dio ciuitatem peruenit. Cumque illic arabes ei occurrissent, pugna maxima commissa est, in qua uicerunt iudaei. 	Postea multum exercitum arabum in chana uico congregatum qui est  in inferiori syria, audiens herodes, uenit super eos ducens maiorem partem suae malitiae et prope calon sua castra metatus est, unde oportune pugnaret. Cumque haec disponeret	The renewed Arab concentration and Herod's prepared position begin 112.	evidence/Niese-III-PDF424.jpg
113	VISUALLY_REVIEWED_IDENTITY_AND_CLAUSE_CONTEXT	INDIVIDUALLY_REVIEWED	ADD_INTERNAL_NIESE_MILESTONE	PRESENT	ROUTINE_SOURCE_SUPPORTED	latin-book15-num108	/TEI[1]/text[1]/body[1]/div1[1]/div2[3]/p[21]/cb[1]/tail()	153	29712	ταῦτα δὲ αὐτοῦ διατάττοντος ἐβόα τὸ πλῆθος τῶν Ἰουδαίων παρελόμενον τῆς τριβῆς ἄγειν ἐπὶ τοὺς Ἄραβας: ὥρμητο δὲ καὶ τῷ συντετάχθαι πιστεύειν καλῶς καὶ ταῖς προθυμίαις ἄμεινον ἐχόντων ὅσοι τὴν πρώτην μάχην νενικήκεσαν οὐδ᾽ εἰς χεῖρας ἐλθεῖν ἐπιτρέψαντες τοῖς ἐναντίοις.  	diens herodes, uenit super eos ducens maiorem partem suae malitiae et prope calon sua castra metatus est, unde oportune pugnaret. 	Cumque haec disponeret populus iudaeorum clamabat, mora dimissa contra arabas impetum facere, dum crederent se in hoc paratos esse, quia in priore pugna uictores extitissent. Igitur suum studium milite ostendente, rex statuit magnanimitatem	The Jewish troops demand immediate attack; their confidence is part of 113.	evidence/Niese-III-PDF424.jpg
114	VISUALLY_REVIEWED_IDENTITY_AND_CLAUSE_CONTEXT	INDIVIDUALLY_REVIEWED	ADD_INTERNAL_NIESE_MILESTONE	PRESENT	ROUTINE_SOURCE_SUPPORTED	latin-book15-num108	/TEI[1]/text[1]/body[1]/div1[1]/div2[3]/p[21]/cb[1]/tail()	328	29887	θορυβούντων οὖν καὶ πᾶσαν ἐπιδεικνυμένων σπουδὴν ἔγνω τῇ προθυμίᾳ τοῦ πλήθους ὁ βασιλεὺς ἀποχρήσασθαι, καὶ προειπών, ὡς οὐ λελείψεται τῆς ἐκείνων ἀρετῆς, πρῶτος ἐν τοῖς ὅπλοις ἡγήσατο πάντων κατ᾽ οἰκεῖα τέλη συνακολουθησάντων.  	abat, mora dimissa contra arabas impetum facere, dum crederent se in hoc paratos esse, quia in priore pugna uictores extitissent. 	Igitur suum studium milite ostendente, rex statuit magnanimitatem eorum non remorari dicens non se deesse uirtuti eorum, et primus se armans omnes produxit ad aciem. Statim autem terror arabis incidit. Contra quos modicum resistentes ut uid	Herod accepts the troops' enthusiasm and leads the attack in 114.	evidence/Niese-III-PDF424.jpg
115	VISUALLY_REVIEWED_IDENTITY_AND_CLAUSE_CONTEXT	INDIVIDUALLY_REVIEWED	ADD_INTERNAL_NIESE_MILESTONE	PRESENT	ROUTINE_SOURCE_SUPPORTED	latin-book15-num108	/TEI[1]/text[1]/body[1]/div1[1]/div2[3]/p[21]/cb[1]/tail()	494	30053	ἔκπληξις δ᾽ εὐθὺς ἐμπίπτει τοῖς Ἄραψιν: ἀντιστάντες γὰρ εἰς ὀλίγον ὡς ἑώρων ἀμάχους ὄντας καὶ μεστοὺς φρονήματος, ἔφευγον οἱ πλείους ἐγκλίναντες κἂν διεφθάρησαν Ἀθηνίωνος μὴ κακώσαντος Ἡρώδην καὶ τοὺς Ἰουδαίους.  	e, rex statuit magnanimitatem eorum non remorari dicens non se deesse uirtuti eorum, et primus se armans omnes produxit ad aciem. 	Statim autem terror arabis incidit. Contra quos modicum resistentes ut uiderunt inexpugnabiles omnique plenos uirtute plurimi fugerunt, fuissentque perempti nisi athenion herodem et iudaeos inuasisset. Nam hic erat dux cleopatrae ibi consti	Arab alarm and flight introduce the threatened defeat interrupted by Athenion.	evidence/Niese-III-PDF424.jpg
116	VISUALLY_REVIEWED_IDENTITY_AND_CLAUSE_CONTEXT	INDIVIDUALLY_REVIEWED	ADD_INTERNAL_NIESE_MILESTONE	PRESENT	ROUTINE_SOURCE_SUPPORTED	latin-book15-num108	/TEI[1]/text[1]/body[1]/div1[1]/div2[3]/p[21]/cb[1]/tail()	696	30255	οὗτος γὰρ ὢν στρατηγὸς μὲν Κλεοπάτρας ἐπὶ τῶν ἐκεῖ, διάφορος δὲ Ἡρώδῃ, τὸ μέλλον οὐκ ἀπαρασκεύως ἐσκόπει, δρασάντων μέν τι λαμπρὸν τῶν Ἀράβων ἐγνωκὼς ἡσυχίαν ἄγειν, ἡττωμένων δέ, ὃ καὶ συνέβη, τοῖς ἀπὸ τῆς χώρας συνεληλυθόσι τῶν οἰκείων παρεσκευασμένος ἐπιτίθεσθαι τοῖς Ἰουδαίοις.  	iderunt inexpugnabiles omnique plenos uirtute plurimi fugerunt, fuissentque perempti nisi athenion herodem et iudaeos inuasisset. 	Nam hic erat dux cleopatrae ibi constitutus inimicus herodis futuraque non prudenter prospexit, ut siquid clarum agerent arabes ipse quiesceret, uictis autem eis quod et contigit ex propriis praeparatis militibus inuaderet iudaeos, quos tun	Athenion's identity and prepared intervention begin 116.	evidence/Niese-III-PDF425.jpg
117	VISUALLY_REVIEWED_IDENTITY_AND_CLAUSE_CONTEXT	INDIVIDUALLY_REVIEWED	ADD_INTERNAL_NIESE_MILESTONE	PRESENT	ROUTINE_SOURCE_SUPPORTED	latin-book15-num108	/TEI[1]/text[1]/body[1]/div1[1]/div2[3]/p[21]/cb[1]/tail()	928	30487	καὶ τότε κεκμηκόσι τε καὶ νικᾶν οἰομένοις ἀπροσδοκήτως ἐπιπεσὼν πολὺν ἐποίει φόνον: τάς τε γὰρ προθυμίας εἰς τοὺς ὁμολογουμένους ἐχθροὺς ἐκδαπανήσαντες οἱ Ἰουδαῖοι καὶ τῷ νικᾶν ἐπ᾽ ἀδείας χρώμενοι ταχὺ τῶν ἐπιχειρησάντων ἡττῶντο καὶ πολλὰς ἐλάμβανον πληγὰς ἐν χωρίοις ἀφίπποις καὶ πετρώδεσιν, ὧν πλείω τὴν ἐμπειρίαν εἶχον οἱ τὴν ἐπίθεσιν ποιησάμενοι.  	uid clarum agerent arabes ipse quiesceret, uictis autem eis quod et contigit ex propriis praeparatis militibus inuaderet iudaeos, 	quos tunc lapsos etiam uicisse putantes, subito superueniens prosternebat. Nam alacritatem animi contra manifestos inimicos consumentes iudaei, et post uictoriam remissiores citius arecentioribus hostibus obteruntur, in locis asperis et sax	The unexpected attack on exhausted victors begins in the relative clause; terrain and renewed opponents stay in 117.	evidence/Niese-III-PDF425.jpg
118	VISUALLY_REVIEWED_IDENTITY_AND_CLAUSE_CONTEXT	INDIVIDUALLY_REVIEWED	ADD_INTERNAL_NIESE_MILESTONE	PRESENT_WITH_LOCAL_COMPRESSION	ROUTINE_SOURCE_SUPPORTED	latin-book15-num108	/TEI[1]/text[1]/body[1]/div1[1]/div2[3]/p[21]/cb[1]/tail()	1216	30775	κακῶς δὲ πασχόντων οἵ τε Ἄραβες αὑτοὺς ἀνειλήφεσαν καὶ πάλιν ὑποστρέψαντες ἔκτεινον ἤδη τετραμμένους. ἐγένοντο δὲ παντοδαπαὶ κτιννυμένων ἀπώλειαι, καὶ τῶν διαπιπτόντων οὐ πολλοὶ συνέφευγον εἰς τὸ στρατόπεδον.  	iam remissiores citius arecentioribus hostibus obteruntur, in locis asperis et saxosis quorum notitiam inimici amplius habuerunt. 	Arabes autem prius uicti se recuperantes reuersi occidebant fiebatque diuersa perditio. Rex autem herodes per actioni pugnae uectus equo ducere temptauit auxilium sed non ualuit licet festinasset subuenire, sed castra iudaeorum cum arabes c	The Arabs' recovery and diverse killings begin 118; the Latin shortens the Greek account of escapees.	evidence/Niese-III-PDF425.jpg
119	VISUALLY_REVIEWED_IDENTITY_AND_CLAUSE_CONTEXT	INDIVIDUALLY_REVIEWED	ADD_INTERNAL_NIESE_MILESTONE	PRESENT	ROUTINE_SOURCE_SUPPORTED	latin-book15-num108	/TEI[1]/text[1]/body[1]/div1[1]/div2[3]/p[21]/cb[1]/tail()	1304	30863	ὁ δὲ βασιλεὺς Ἡρώδης ἀπεγνωκὼς τὰ κατὰ τὴν μάχην ἀφιππάζεται βοήθειαν ἄξων: οὐ μὴν ἔφθη καίπερ ἐσπουδακὼς ἐπαρκεῖν, ἀλλὰ τὸ μὲν στρατόπεδον ἥλω τῶν Ἰουδαίων, οἱ δ᾽ Ἄραβες οὐδὲ μετρίως εὐτυχήκεσαν ἐκ παραλόγου νίκην τε ἧς πλεῖστον ἀπεδέησαν ἀνειληφότες καὶ πολλὴν τῶν ἐναντίων ἀφῃρημένοι δύναμιν.  	uorum notitiam inimici amplius habuerunt. Arabes autem prius uicti se recuperantes reuersi occidebant fiebatque diuersa perditio. 	Rex autem herodes per actioni pugnae uectus equo ducere temptauit auxilium sed non ualuit licet festinasset subuenire, sed castra iudaeorum cum arabes coepissent non mediocrem felicitatem et sine spe tenuerunt. Nam uictoriam quam prius perd	Herod's unsuccessful effort to obtain help and loss of the camp begin 119.	evidence/Niese-III-PDF425.jpg
120	VISUALLY_REVIEWED_IDENTITY_AND_CLAUSE_CONTEXT	INDIVIDUALLY_REVIEWED	ADD_INTERNAL_NIESE_MILESTONE	PRESENT	ROUTINE_SOURCE_SUPPORTED	latin-book15-num108	/TEI[1]/text[1]/body[1]/div1[1]/div2[3]/p[21]/cb[1]/tail()	1618	31177	τοὐντεῦθεν ὁ μὲν Ἡρώδης λῃστείαις ἐχρῆτο καὶ τὰ πολλὰ κατατρέχων τὴν τῶν Ἀράβων ἐκάκου ταῖς ἐπιδρομαῖς στρατοπεδευόμενος ἐπὶ τῶν ὅρων, καὶ τὸ μὲν σύμπαν ἐξίστατο κατὰ τοὐμφανὲς εἰς χεῖρας ἐλθεῖν, οὐκ ἀζήμιος δὲ γινόμενος τῇ συνεχείᾳ καὶ τῷ φιλοπόνῳ τῶν τε οἰκείων ἐπεμελεῖτο παντὶ τρόπῳ τὸ πταῖσμα διορθούμενος. 	tem et sine spe tenuerunt. Nam uictoriam quam prius perdiderant, post obtinuerunt plurimum aduersariorum prosternentes exercitum, 	exinde latrociniis utebatur herodes multamque arabum terram discurrens uexabat dum super montes castra disponeret et omnino recusaret manus cum eis ex equo conserere, frequenter tamen  laborum diligentia lucrum sibi adquirebat, nam et propr	Subsequent raids and rehabilitation of the troops begin 120. Its final extent awaits review of 121.	evidence/Niese-III-PDF425.jpg
121	VISUALLY_REVIEWED_IDENTITY_AND_CLAUSE_CONTEXT	INDIVIDUALLY_REVIEWED	ADD_INTERNAL_NIESE_MILESTONE	PRESENT	ROUTINE_SOURCE_SUPPORTED	latin-book15-num121	/TEI[1]/text[1]/body[1]/div1[1]/div2[4]/p[1]/add[1]/tail()	1	31659	Ἐν τούτῳ καὶ τῆς ἐπ᾽ Ἀκτίῳ μάχης συνεσταμένης Καίσαρι πρὸς Ἀντώνιον ἑβδόμου δ᾽ ὄντος Ἡρώδῃ τῆς βασιλείας ἔτους σεισθεῖσα ἡ γῆ τῶν Ἰουδαίων, ὡς οὐκ ἄλλοτε ἐδόκει, τῶν ἐν τῇ χώρᾳ κτηνῶν πολὺν φθόρον ἐποίησεν.  	er tamen  laborum diligentia lucrum sibi adquirebat, nam et proprios milites omnibus modis fouebat, ruinam suam cupiens emendare. 	Interea acciaco bello inter caesarem et antonium gesto septimo imperii anno herodis terra iudaeorum commota est, qualiter numquam animalium pestilentia per prouinciam gesta perempti sunt a ruinis etiam hominum decem milia. Milites uero cum 	The Actium-era earthquake begins 121; the human casualties belong to 122.	evidence/Niese-III-PDF426.jpg
122	VISUALLY_REVIEWED_IDENTITY_AND_CLAUSE_CONTEXT	INDIVIDUALLY_REVIEWED	ADD_INTERNAL_NIESE_MILESTONE	PRESENT	ROUTINE_SOURCE_SUPPORTED	latin-book15-num121	/TEI[1]/text[1]/body[1]/div1[1]/div2[4]/p[1]/add[1]/tail()	174	31832	ἐφθάρησαν δὲ καὶ τῶν ἀνθρώπων ὑπὸ ταῖς πεπτωκυίαις οἰκίαις περὶ τρισμυρίους: τὸ μέντοι στρατιωτικὸν ἐν ὑπαίθρῳ διαιτώμενον οὐδὲν ὑπὸ τοῦ πάθους κατεβλάβη.  	onium gesto septimo imperii anno herodis terra iudaeorum commota est, qualiter numquam animalium pestilentia per prouinciam gesta 	perempti sunt a ruinis etiam hominum decem milia. Milites uero cum subdiuum degerent nihil ab oppressione sunt laesi. Quaecum arabes inquirerent et plusquam in ueritate erat audire quae facta fuissent tamquam prouincia hostium euersa et hom	Human casualties and the troops' safety begin 122. Preserve the Latin ten thousand versus Greek thirty thousand.	evidence/Niese-III-PDF426.jpg
123	VISUALLY_REVIEWED_IDENTITY_AND_CLAUSE_CONTEXT	INDIVIDUALLY_REVIEWED	ADD_INTERNAL_NIESE_MILESTONE	PRESENT	ROUTINE_SOURCE_SUPPORTED	latin-book15-num121	/TEI[1]/text[1]/body[1]/div1[1]/div2[4]/p[1]/add[1]/tail()	292	31950	ταῦτα πυνθανομένοις τοῖς Ἄραψιν καὶ μᾶλλον ἢ κατ᾽ ἀλήθειαν ἐξαγγελλόντων αὐτοῖς ὅσοι τοὺς ὑπὲρ τῶν γεγονότων λόγους τῷ μίσει τῶν ἀκουσομένων ἐχαρίζοντο μεῖζον ἐπῄει φρονεῖν, ὡς τῆς τε χώρας ἀνατετραμμένης τοῖς πολεμίοις καὶ διεφθορότων τῶν ἀνθρώπων μηδὲν ἔτι μηδ᾽ εἰς αὐτοὺς ἀντίπαλον καταλελεῖφθαι δοκεῖν.  	nciam gesta perempti sunt a ruinis etiam hominum decem milia. Milites uero cum subdiuum degerent nihil ab oppressione sunt laesi. 	Quaecum arabes inquirerent et plusquam in ueritate erat audire quae facta fuissent tamquam prouincia hostium euersa et hominibus peremptis nihil ulterius sibi aduersum credebant surgere. Quo cum legati iudaeorum peruenissent pacem propter h	Exaggerated reports and Arab confidence begin 123.	evidence/Niese-III-PDF426.jpg
124	VISUALLY_REVIEWED_IDENTITY_AND_CLAUSE_CONTEXT	INDIVIDUALLY_REVIEWED	ADD_INTERNAL_NIESE_MILESTONE	PRESENT	ROUTINE_SOURCE_SUPPORTED	latin-book15-num121	/TEI[1]/text[1]/body[1]/div1[1]/div2[4]/p[1]/add[1]/tail()	479	32137	καὶ τῶν τε Ἰουδαίων τοὺς πρέσβεις, ἧκον γὰρ ἐπὶ τοῖς γεγενημένοις, συλλαβόντες ἀπέκτειναν καὶ μετὰ πάσης προθυμίας ἐχώρουν ἐπὶ τὸ στρατιωτικὸν αὐτῶν.  	udire quae facta fuissent tamquam prouincia hostium euersa et hominibus peremptis nihil ulterius sibi aduersum credebant surgere. 	Quo cum legati iudaeorum peruenissent pacem propter haec quae euenerant facturi arabes perimerunt eos, et cum alacritate contra milites eorum praeparabantur, qui nec inuasionem arabum sustinuerunt licet calamitatibus oppressi et bellare dec	The envoys' murder and planned attack begin 124.	evidence/Niese-III-PDF426.jpg
125	VISUALLY_REVIEWED_IDENTITY_AND_CLAUSE_CONTEXT	INDIVIDUALLY_REVIEWED	ADD_INTERNAL_NIESE_MILESTONE	PRESENT	ROUTINE_SOURCE_SUPPORTED	latin-book15-num121	/TEI[1]/text[1]/body[1]/div1[1]/div2[4]/p[1]/add[1]/tail()	637	32295	οἱ δ᾽ οὔτε τὴν ἔφοδον ἐξεδέξαντο καὶ πρὸς τὰς συμφορὰς ἀθύμως διακείμενοι προΐεντο τὰ πράγματα, πλεῖστον ἀπογνώσεως ἐπ᾽ αὐτοῖς πεπονθότες: οὐ γὰρ ἦν οὔτε ἰσοτιμίας ἐλπὶς προηττημένοις ἐν ταῖς μάχαις οὔτε βοηθείας κεκακωμένων αὐτοῖς τῶν οἴκοι πραγμάτων.  	uenissent pacem propter haec quae euenerant facturi arabes perimerunt eos, et cum alacritate contra milites eorum praeparabantur, 	qui nec inuasionem arabum sustinuerunt licet calamitatibus oppressi et bellare decernunt, dum non pares sese proeliis eorum putarent neque auxilium haberent rebus suis domis subuersis. Quos ita dispositos rex flectere sermone temptauit ut r	The troops' discouragement begins in the relative clause; preserve the differing bellare decernunt wording.	evidence/Niese-III-PDF426.jpg
126	VISUALLY_REVIEWED_IDENTITY_AND_CLAUSE_CONTEXT	INDIVIDUALLY_REVIEWED	ADD_INTERNAL_NIESE_MILESTONE	PRESENT	ROUTINE_SOURCE_SUPPORTED	latin-book15-num121	/TEI[1]/text[1]/body[1]/div1[1]/div2[4]/p[1]/milestone[2]/tail()	4	32517	οὕτως οὖν ἐχόντων ἐπῆγεν ὁ βασιλεὺς λόγῳ τε πείθων τοὺς ἡγεμόνας καὶ πειρώμενος ἀναλαμβάνειν αὐτῶν πεπτωκότα τὰ φρονήματα. προδιακινήσας δὲ καὶ παραθαρρύνας τινὰς τῶν ἀμεινόνων ἐτόλμησεν ἤδη καὶ τῷ πλήθει διαλέγεσθαι πρότερον ὀκνῶν αὐτό, μὴ καὶ χαλεπῷ χρήσηται διὰ τὰς ἀτυχίας. παρεκάλει δὲ τοιούτους ποιούμενος εἰς τὸν ὄχλον τοὺς λόγους: 	bus oppressi et bellare decernunt, dum non pares sese proeliis eorum putarent neque auxilium haberent rebus suis domis subuersis. 	Quos ita dispositos rex flectere sermone temptauit ut recuperaret eis antiquum alacritatis animum et exhortatur aliquos optimatum. Ausus est iam et ad populum sermocinari, nam prius pigebat eum ne male propter calamitates susciperetur ab ei	Herod's persuasion and speech frame begin 126 after the preserved literal VII chapter label, excluded from narrative coordinates.	evidence/Niese-III-PDF426.jpg
127	VISUALLY_REVIEWED_IDENTITY_AND_CLAUSE_CONTEXT	INDIVIDUALLY_REVIEWED	ADD_INTERNAL_NIESE_MILESTONE	PRESENT	ROUTINE_SOURCE_SUPPORTED	latin-book15-num127	/TEI[1]/text[1]/body[1]/div1[1]/div2[4]/p[2]/text()	0	32841	οὐκ ἀγνοῶ μὲν, ἄνδρες, ὅτι πολλὰ παρὰ τόνδε τὸν καιρὸν γεγένηται πρὸς τὰς πράξεις ἡμῖν ἐναντιώματα, καὶ θαρρεῖν εἰκὸς ἐν τοῖς τοιούτοις οὐδὲ τοὺς πλεῖστον ἀνδραγαθίᾳ διενηνοχότας.  	opulum sermocinari, nam prius pigebat eum ne male propter calamitates susciperetur ab eis, petebat ergo talem orationem proferens,	non ignoro socii quem multa per hoc tempus facta sunt contra nostram rempublicam et fortasse nechi modo de se confidunt, qui multum uirtute praecellunt, sed quem conpellimur pugnare nec est aliquid quod semel factum non possit rursus bene t	The address opens the speech after its separate narrative frame.	evidence/Niese-III-PDF427.jpg
128	VISUALLY_REVIEWED_IDENTITY_AND_CLAUSE_CONTEXT	INDIVIDUALLY_REVIEWED	ADD_INTERNAL_NIESE_MILESTONE	PRESENT	ROUTINE_SOURCE_SUPPORTED	latin-book15-num127	/TEI[1]/text[1]/body[1]/div1[1]/div2[4]/p[2]/text()	153	32994	ἀλλ᾽ ἐπειδὴ κατεπείγει τε πολεμεῖν καὶ τῶν γεγονότων οὐδέν ἐστιν τοιοῦτον, ὃ μὴ δι᾽ ἑνὸς ἔργου καλῶς πραχθέντος ἐπανορθώσεται, παρακαλέσαι προειλόμην ὑμᾶς ἅμα καὶ διδάξαι δι᾽ ὧν ἂν ἐμμείναιτε τοῖς οἰκείοις φρονήμασιν.  	ulta per hoc tempus facta sunt contra nostram rempublicam et fortasse nechi modo de se confidunt, qui multum uirtute praecellunt, 	sed quem conpellimur pugnare nec est aliquid quod semel factum non possit rursus bene tractatum emendari, petere uos elegi simul et docere perque possius in proprio alacritatis animo permanere. Uolo tamen prius uobis ostendere quod iuste be	The necessity of fighting and proposed encouragement begin 128.	evidence/Niese-III-PDF427.jpg
129	VISUALLY_REVIEWED_IDENTITY_AND_CLAUSE_CONTEXT	INDIVIDUALLY_REVIEWED	ADD_INTERNAL_NIESE_MILESTONE	PRESENT	ROUTINE_SOURCE_SUPPORTED	latin-book15-num127	/TEI[1]/text[1]/body[1]/div1[1]/div2[4]/p[2]/text()	347	33188	βούλομαι δὲ πρῶτον μὲν ὑπὲρ τοῦ πολεμεῖν ὡς δικαίως αὐτὸ ποιοῦμεν ἐπιδεῖξαι, διὰ τὴν ὕβριν τῶν ἐναντίων ἠναγκασμένοι: μέγιστον γὰρ εἰ μάθοιτε τοῦτο προθυμίας ὑμῖν αἴτιον ἔσται: μετὰ δὲ τοῦτο δεῖξαι, διότι καὶ τῶν ἐν ἡμῖν δεινὸν οὐδέν ἐστιν καὶ πλείστας εἰς τὸ νικᾶν ἔχομεν τὰς ἐλπίδας.  	on possit rursus bene tractatum emendari, petere uos elegi simul et docere perque possius in proprio alacritatis animo permanere. 	Uolo tamen prius uobis ostendere quod iuste bellum id conamur committere propter iniurias aduersariorum. Nam maxima magnanimitatis haec causa uobis existit. Post uero declarare quod nihil sint quae nunc nobis mala superuenerunt, sed multas 	The two aims of the speech begin 129.	evidence/Niese-III-PDF427.jpg
130	VISUALLY_REVIEWED_IDENTITY_AND_CLAUSE_CONTEXT	INDIVIDUALLY_REVIEWED	ADD_INTERNAL_NIESE_MILESTONE	PRESENT	ROUTINE_SOURCE_SUPPORTED	latin-book15-num127	/TEI[1]/text[1]/body[1]/div1[1]/div2[4]/p[2]/cb[1]/tail()	22	33524	ἄρξομαι δ᾽ ἀπὸ τοῦ πρώτου μάρτυρας ὑμᾶς ποιούμενος ὧν λέγω: τὴν γὰρ τῶν Ἀράβων παρανομίαν ἴστε μὲν δήπου καὶ πρὸς τοὺς ἄλλους ἅπαντας οὕτως ἀπίστως διακειμένων, ὡς εἰκὸς ἔχειν τὸ βάρβαρον καὶ ἀνεννόητον θεοῦ, πλεῖστα μέντοι προσέκρουσαν ἡμῖν πλεονεξίᾳ καὶ φθόνῳ καὶ ταῖς ταραχαῖς ἐφεδρεύοντες ἐξ ὑπογύου.  	 uobis existit. Post uero declarare quod nihil sint quae nunc nobis mala superuenerunt, sed multas nos spes  uictoriae possidere. 	Exordiar autem principia testes uos faciens mei sermonis, nam arabum iniquitatem nostis et circa alios omnes ita perfidam tamquam barbarorum, et quia nec deum cogitant saepius enim nos offenderunt auaritia uel inuidia sua, et quicquid multa	The first argument and appeal to knowledge of Arab conduct begin 130.	evidence/Niese-III-PDF427.jpg
131	VISUALLY_REVIEWED_IDENTITY_AND_CLAUSE_CONTEXT	INDIVIDUALLY_REVIEWED	ADD_INTERNAL_NIESE_MILESTONE	PRESENT	ROUTINE_SOURCE_SUPPORTED	latin-book15-num127	/TEI[1]/text[1]/body[1]/div1[1]/div2[4]/p[2]/cb[1]/tail()	245	33747	καὶ τὰ μὲν πολλὰ τί δεῖ λέγειν; ἀλλὰ κινδυνεύοντας αὐτοὺς τῆς οἰκείας ἀρχῆς ἐκπεσεῖν καὶ δουλεύειν Κλεοπάτρᾳ τίνες ἄλλοι τοῦ δέους ἀπήλλαξαν; ἡ γὰρ ἐμὴ πρὸς Ἀντώνιον φιλία κἀκείνου πρὸς ἡμᾶς διάθεσις αἰτία γεγένηται μηδὲ τούτους ἀνήκεστόν τι παθεῖν, φυλαττομένου τἀνδρὸς μηδὲν ἐπιτηδεύειν, ὃ δύναιτ᾽ ἂν ὕποπτον ἡμῖν γενέσθαι.  	rca alios omnes ita perfidam tamquam barbarorum, et quia nec deum cogitant saepius enim nos offenderunt auaritia uel inuidia sua, 	et quicquid multa dicimus dum inmineret eis ut a proprio principatu deciderent et cleopatrae seruirent, quis alter eos de hoc timore liberauit nisi mea amicitia, quam cum antonio possidebam et illius circa uos affectus nihil hos inportunum 	The transition from further examples to the rescue from Cleopatra begins 131; preserve the Latin form of the rhetorical question.	evidence/Niese-III-PDF427.jpg
132	VISUALLY_REVIEWED_IDENTITY_AND_CLAUSE_CONTEXT	INDIVIDUALLY_REVIEWED	ADD_INTERNAL_NIESE_MILESTONE	PRESENT	ROUTINE_SOURCE_SUPPORTED	latin-book15-num127	/TEI[1]/text[1]/body[1]/div1[1]/div2[4]/p[2]/cb[1]/tail()	574	34076	βουληθέντος δὲ ὅμως Κλεοπάτρᾳ μέρη τινὰ παρασχεῖν ἀφ᾽ ἑκατέρας τῆς ἀρχῆς, καὶ τοῦτο διῳκησάμην ἐγώ, καὶ πολλὰ δῶρα δοὺς ἰδίᾳ τὸ μὲν ἀσφαλὲς ἀμφοτέροις ἐπορισάμην, τὰς δὲ δαπάνας αὐτὸς ἀνέλαβον, διακόσια μὲν δοὺς τάλαντα, διακοσίων δ᾽ ἐγγυητὴς γενόμενος, ἃ τῇ μὲν προσοδευομένῃ γέγονεν, αὐτοὶ δ᾽ ὑπὸ τούτων ἀπεστερήμεθα.  	 circa uos affectus nihil hos inportunum sustinere dimisit. Nam antonius cauebat agere quod posset nobis in suspitione peruenire. 	Tamen et cum uellet cleopatrae partes aliquas ab utraque prouincia praebere, hoc quoque ego dispensaui multa munera secretius offerens tutelam utrisque adquisiui. Expensas autem ipse suscepi ducenta praestando talenta duo milia uero fide di	The partial territorial grant and Herod's expense begin 132. Preserve the source's monetary figures.	evidence/Niese-III-PDF427.jpg
133	VISUALLY_REVIEWED_IDENTITY_AND_CLAUSE_CONTEXT	INDIVIDUALLY_REVIEWED	ADD_INTERNAL_NIESE_MILESTONE	PRESENT	ROUTINE_SOURCE_SUPPORTED	latin-book15-num127	/TEI[1]/text[1]/body[1]/div1[1]/div2[4]/p[2]/cb[1]/tail()	891	34393	καίτοι γε ἄξιον ἦν μηδενὶ τῶν ὄντων Ἰουδαίους φόρον ἢ τῆς χώρας ἀπόμοιραν τελεῖν, εἰ δ᾽ οὖν, ἀλλ᾽ οὐχ ὑπέρ γε τούτων οὓς αὐτοὶ σεσώκαμεν, οὐδὲ τοὺς Ἄραβας ὁμολογήσαντας ἐντεύξεως καὶ χάριτος ὅτι τὴν ἀρχὴν ἐδόκουν τυγχάνειν ἀδικεῖν ἡμᾶς ἀποστεροῦντας, καὶ ταῦτα οὐ πολεμίους ὄντας, ἀλλὰ φίλους.  	epi ducenta praestando talenta duo milia uero fide dicendo, quae etiam pro reditibus adimpleui, unde nos nihil ab eis suscepimus, 	et oportebat quidem nulli tributa prouincię iudaeos debere quod et si praebendum esset pro nobis non etiam pro arabis daretur qui nobis nec gratias agunt. Nam pro beneficiis iniqua circa nos egerunt. Prius quidem quod nos amicos non hostes 	The assertion that Jews should not pay this tribute and the friends' ingratitude begin 133.	evidence/Niese-III-PDF428.jpg
134	VISUALLY_REVIEWED_IDENTITY_AND_CLAUSE_CONTEXT	INDIVIDUALLY_REVIEWED	ADD_INTERNAL_NIESE_MILESTONE	PRESENT	ROUTINE_SOURCE_SUPPORTED	latin-book15-num127	/TEI[1]/text[1]/body[1]/div1[1]/div2[4]/p[2]/cb[1]/tail()	1154	34657	ὡς ἥ γε πίστις ἔχουσα καὶ πρὸς τοὺς πολεμιωτάτους τόπον τοῖς γε φίλοις ἀναγκαιοτάτη τετηρῆσθαι, ἀλλ᾽ οὐ παρὰ τούτοις, οἳ τὸ μὲν κερδαίνειν ἐκ παντὸς τρόπου κάλλιστον ὑπειλήφασιν, τὸ δ᾽ ἄδικον οὐκ ἐπιζήμιον, εἰ μόνον κερδαίνειν δυνηθεῖεν.  	is nec gratias agunt. Nam pro beneficiis iniqua circa nos egerunt. Prius quidem quod nos amicos non hostes reditibus priuauerint. 	Nam si fides hostibus necessario seruatur multo melius amicis sed non apud hos ita est, qui modis omnibus optimum putant iniquitatem eligere si solum lucrum eis possit adquiri, est ergo questio nobis utrum oporteat iniustos punire dum hoc e	The contrast between faith owed to enemies and friends begins 134.	evidence/Niese-III-PDF428.jpg
135	VISUALLY_REVIEWED_IDENTITY_AND_CLAUSE_CONTEXT	INDIVIDUALLY_REVIEWED	ADD_INTERNAL_NIESE_MILESTONE	PRESENT	ROUTINE_SOURCE_SUPPORTED	latin-book15-num127	/TEI[1]/text[1]/body[1]/div1[1]/div2[4]/p[2]/cb[1]/tail()	1331	34834	ἔστιν οὖν ἔτι ζήτησις ὑμῖν, εἰ δεῖ τοὺς ἀδίκους τιμωρεῖσθαι, τοῦτο καὶ τοῦ θεοῦ βουλομένου καὶ παραγγέλλοντος ἀεὶ μισεῖν τὴν ὕβριν καὶ τὴν ἀδικίαν, καὶ ταῦτα οὐ μόνον δίκαιον, ἀλλὰ καὶ ἀναγκαῖον πόλεμον ἐξιόντων;  	 melius amicis sed non apud hos ita est, qui modis omnibus optimum putant iniquitatem eligere si solum lucrum eis possit adquiri, 	est ergo questio nobis utrum oporteat iniustos punire dum hoc etiam deus desideret et praeceperit semper iniquitates et contumelias execrari, quae non tantum uerbo sed etiam iussit per bellum ulcisci. Nam quod uidetur iniustum apud graecos 	The question of punishing injustice and God's requirement begin 135.	evidence/Niese-III-PDF428.jpg
136	VISUALLY_REVIEWED_IDENTITY_AND_CLAUSE_CONTEXT	INDIVIDUALLY_REVIEWED	ADD_INTERNAL_NIESE_MILESTONE	PRESENT	ROUTINE_SOURCE_SUPPORTED	latin-book15-num127	/TEI[1]/text[1]/body[1]/div1[1]/div2[4]/p[2]/cb[1]/tail()	1532	35035	ἃ γὰρ ὁμολογεῖται παρανομώτατα τοῖς τε Ἕλλησιν καὶ τοῖς βαρβάροις, ταῦτα ἔπραξαν εἰς τοὺς ἡμετέρους πρέσβεις ἀποσφάξαντες αὐτούς, τῶν μὲν Ἑλλήνων ἱεροὺς καὶ ἀσύλους εἶναι φαμένων τοὺς κήρυκας, ἡμῶν δὲ τὰ κάλλιστα τῶν δογμάτων καὶ τὰ ὁσιώτατα τῶν ἐν τοῖς νόμοις δι᾽ ἀγγέλων παρὰ τοῦ θεοῦ μαθόντων: τοῦτο γὰρ τὸ ὄνομα καὶ ἀνθρώποις θεὸν εἰς ἐμφάνειαν ἄγει καὶ πολεμίους πολεμίοις διαλλάττειν δύναται.  	s desideret et praeceperit semper iniquitates et contumelias execrari, quae non tantum uerbo sed etiam iussit per bellum ulcisci. 	Nam quod uidetur iniustum apud graecos et barbaros hoc si dici fas est in nostros legatos cognoscitur perpetratum. Graeci siquidem sacros et inuiolatos dicunt esse, nos autem optimum et beatum decretum in lege a deo didicimus, hi namque et 	The murder of envoys and their sacred status begin 136; the quotation remains within the speech.	evidence/Niese-III-PDF428.jpg
137	VISUALLY_REVIEWED_IDENTITY_AND_CLAUSE_CONTEXT	INDIVIDUALLY_REVIEWED	ADD_INTERNAL_NIESE_MILESTONE	PRESENT	ROUTINE_SOURCE_SUPPORTED	latin-book15-num127	/TEI[1]/text[1]/body[1]/div1[1]/div2[4]/p[2]/cb[1]/tail()	1833	35336	ποῖον οὖν μεῖζον ἂν γένοιτο ἀσέβημα ἢ πρέσβεις ἀποκτεῖναι τοὺς ὑπὲρ τοῦ δικαίου διαλεγομένους; πῶς δ᾽ ἂν ἔτι δύναιντο ἢ περὶ τὸν βίον εὐσταθεῖν ἢ περὶ τὸν πόλεμον εὐτυχεῖν τοιούτων αὐτοῖς πεπραγμένων; ἐμοὶ μὲν οὐδαμῶς δοκοῦσιν.  	tem optimum et beatum decretum in lege a deo didicimus, hi namque et hominibus deum placant et aduersarios hostibus reconciliant. 	Qualis igitur possit iniquitas peior  agi si legati qui pro iustitia loquuntur intereant quemadmodum autem possint uitam suam innoxiam custodire seu circa bellum feliciter agere, dum talia perpetrassent. Mihi quidem non uidetur an forsitan 	The rhetorical question about greater impiety and prospects of success begins 137.	evidence/Niese-III-PDF428.jpg
138	VISUALLY_REVIEWED_IDENTITY_AND_CLAUSE_CONTEXT	INDIVIDUALLY_REVIEWED	ADD_INTERNAL_NIESE_MILESTONE	PRESENT	ROUTINE_SOURCE_SUPPORTED	latin-book15-num127	/TEI[1]/text[1]/body[1]/div1[1]/div2[4]/p[2]/cb[2]/tail()	191	35577	ἴσως τοίνυν τὸ μὲν ὅσιον καὶ δίκαιόν ἐστιν μεθ᾽ ἡμῶν, ἀνδρειότεροι δὲ ἢ πλείους ἐκεῖνοι τετυχήκασιν. ἀλλὰ πρῶτον μὲν ἀνάξιον ὑμῖν ταῦτα λέγειν: μεθ᾽ ὧν γὰρ τὸ δίκαιόν ἐστιν μετ᾽ ἐκείνων ὁ θεός, θεοῦ δὲ παρόντος καὶ πλῆθος καὶ ἀνδρεία πάρεστιν.  	um autem possint uitam suam innoxiam custodire seu circa bellum feliciter agere, dum talia perpetrassent. Mihi quidem non uidetur 	an forsitan rectum etius tum nobiscum est, illi uero fortiores ab hoc putantur, sed primum quidem indignum est uos haec credere. Nam ubi iustum est, ibi et deus deo uero praesente multitudo cum fortitudine praesto sunt. Ut ergo de nobis ips	The concession and response about justice, divine aid and strength begin 138.	evidence/Niese-III-PDF429.jpg
139	VISUALLY_REVIEWED_IDENTITY_AND_CLAUSE_CONTEXT	INDIVIDUALLY_REVIEWED	ADD_INTERNAL_NIESE_MILESTONE	PRESENT	ROUTINE_SOURCE_SUPPORTED	latin-book15-num127	/TEI[1]/text[1]/body[1]/div1[1]/div2[4]/p[2]/cb[2]/tail()	411	35797	ἵνα δὲ καὶ τὰ καθ᾽ αὑτοὺς ἐξετάσωμεν, ἐνικήσαμεν τῇ πρώτῃ μάχῃ: συμβαλόντες τὴν δευτέραν οὐδὲ ἀντέσχον ἡμῖν, ἀλλ᾽ ἔφυγον εὐθὺς οὐχ ὑπομείναντες τὴν ἔφοδον καὶ τὰ φρονήματα: νικῶσιν ἡμῖν Ἀθηνίων ἐπέθετο πόλεμον ἀκήρυκτον ἐπάγων.  	 quidem indignum est uos haec credere. Nam ubi iustum est, ibi et deus deo uero praesente multitudo cum fortitudine praesto sunt. 	Ut ergo de nobis ipsis requiramus uincimur primo proelio inposte riore uero nec subistiterunt sed statim cesserunt non sustinentes nostrae alacritatis impetum, uincentes nos athenio inuasit bellum inferens non praedictum. In primo uero proe	Review of the two battles and Athenion's intervention begins 139. Preserve uincimur primo proelio despite Greek's statement of victory.	evidence/Niese-III-PDF429.jpg
140	VISUALLY_REVIEWED_IDENTITY_AND_CLAUSE_CONTEXT	INDIVIDUALLY_REVIEWED	ADD_INTERNAL_NIESE_MILESTONE	PRESENT	ROUTINE_SOURCE_SUPPORTED	latin-book15-num127	/TEI[1]/text[1]/body[1]/div1[1]/div2[4]/p[2]/cb[2]/tail()	633	36019	πότερον ἀνδραγαθία τοῦτ᾽ ἔστιν ἐκείνων ἢ δευτέρα παρανομία καὶ ἐνέδρα; τί οὖν ἔλαττον φρονοῦμεν ἐφ᾽ οἷς μείζους ἔχειν δεῖ τὰς ἐλπίδας; πῶς δ᾽ ἂν καταπλαγείημεν τοὺς ὅταν μὲν ἐξ ἀληθείας ἀγωνίζωνται πάντοτε νικωμένους, ὅταν δὲ κρατεῖν νομισθῶσιν ἐξ ἀδικίας αὐτὸ ποιοῦντας;  	t sed statim cesserunt non sustinentes nostrae alacritatis impetum, uincentes nos athenio inuasit bellum inferens non praedictum. 	In primo uero proelio nomen et fortitudo nostra apparuit. In posteriore uero iniquitate uel insidiis concedimus. Cur igitur minora sapimus in his ubi maiores spes possidemus? Quomodo autem stupescimus eos qui cum palam decertant peruincuntu	The explicit bravery/iniquity contrast recasts Greek 140's opening question; keep both contrasted statements and subsequent questions together.	evidence/Niese-III-PDF429.jpg
141	VISUALLY_REVIEWED_IDENTITY_AND_CLAUSE_CONTEXT	INDIVIDUALLY_REVIEWED	ADD_INTERNAL_NIESE_MILESTONE	PRESENT_WITH_LOCAL_COMPRESSION	ROUTINE_SOURCE_SUPPORTED	latin-book15-num127	/TEI[1]/text[1]/body[1]/div1[1]/div2[4]/p[2]/cb[2]/tail()	931	36317	πῶς δ᾽ ἄν, εἰ καὶ γενναίους ἡγεῖταί τις αὐτούς, οὐ παρ᾽ αὐτὸ τοῦτο καὶ μᾶλλον ὁρμηθείη; τὸ γὰρ εὔψυχον οὐκ ἐν τῷ τοῖς ἀσθενεστέροις ἐπιχειρεῖν, ἀλλ᾽ ἐν τῷ δύνασθαι καὶ τῶν ἰσχυροτέρων κρατεῖν.  	demus? Quomodo autem stupescimus eos qui cum palam decertant peruincuntur, cum uero sic uincuntur ab iniquitate illis hoc euenit. 	Uirtus uero non expugnatione debilium, sed in oppressione fortium apparet, si tamen quemquam illa extenderent quae domi contigerunt, et interremotu acciderunt. Primum quidem sciat quem hoc ipsum et arabas decepit, dum maiora quam contigerun	The surviving contrast between overpowering weak and strong begins 141. Greek's initial question about deeming the enemy brave is not separately expressed here.	evidence/Niese-III-PDF429.jpg
142	VISUALLY_REVIEWED_IDENTITY_AND_CLAUSE_CONTEXT	INDIVIDUALLY_REVIEWED	ADD_INTERNAL_NIESE_MILESTONE	PRESENT	ROUTINE_SOURCE_SUPPORTED	latin-book15-num127	/TEI[1]/text[1]/body[1]/div1[1]/div2[4]/p[2]/cb[2]/tail()	1006	36392	εἰ δέ τινα καταπλήξεται τὰ οἰκεῖα πάθη καὶ τὰ περὶ τὸν σεισμὸν συμβεβηκότα, πρῶτον μὲν ἐννοηθήτω, διότι τοῦτ᾽ αὐτὸ καὶ τοὺς Ἄραβας ἐξαπατᾷ μείζω τὰ γενόμενα τῆς ἀληθείας ὑπειληφότας, ἔπειτα ὡς οὐ καλὸν ἐκείνοις τε τόλμης καὶ ἡμῖν δειλίας τὴν αὐτὴν αἰτίαν γενέσθαι:  	cum uero sic uincuntur ab iniquitate illis hoc euenit. Uirtus uero non expugnatione debilium, sed in oppressione fortium apparet, 	si tamen quemquam illa extenderent quae domi contigerunt, et interremotu acciderunt. Primum quidem sciat quem hoc ipsum et arabas decepit, dum maiora quam contigerunt putarent. Praeterea non debent aut illis audaciam aut nobis timorem inmit	The alternative concern about the earthquake and its misleading effect begins 142.	evidence/Niese-III-PDF429.jpg
143	VISUALLY_REVIEWED_IDENTITY_AND_CLAUSE_CONTEXT	INDIVIDUALLY_REVIEWED	ADD_INTERNAL_NIESE_MILESTONE	PRESENT	ROUTINE_SOURCE_SUPPORTED	latin-book15-num127	/TEI[1]/text[1]/body[1]/div1[1]/div2[4]/p[2]/cb[2]/tail()	1252	36638	οἱ μὲν γὰρ οὐκ ἐξ οἰκείου τινὸς ἀγαθοῦ τὸ εὔψυχον ἔχουσιν, ἀλλ᾽ ἐκ τῆς περὶ ἡμᾶς ὡς κάμνοντας ἤδη τοῖς κακοῖς ἐλπίδος, ἡμεῖς δὲ χωρήσαντες ἐπ᾽ αὐτοὺς παραιρησόμεθα μὲν ἐκείνων τὸ μεῖζον φρονεῖν, ἀναληψόμεθα δ᾽ αὐτοὶ τὸ μηκέτι θαρροῦσιν μάχεσθαι.  	sum et arabas decepit, dum maiora quam contigerunt putarent. Praeterea non debent aut illis audaciam aut nobis timorem inmittere. 	Illi namque nostris laboribus uel calamitatibus spes sibi adsument, quas nos egressi contra eos uiriliter offeremus. Uos autem accipite alacritatem pugnandi, neque enim in tantum sumus contriti, neque ira dei uulnerati ut quidam putant quae	Arab confidence in Jewish misfortunes and the proposed restoration of courage begin 143.	evidence/Niese-III-PDF429.jpg
144	VISUALLY_REVIEWED_IDENTITY_AND_CLAUSE_CONTEXT	INDIVIDUALLY_REVIEWED	ADD_INTERNAL_NIESE_MILESTONE	PRESENT	ROUTINE_SOURCE_SUPPORTED	latin-book15-num127	/TEI[1]/text[1]/body[1]/div1[1]/div2[4]/p[2]/cb[2]/tail()	1410	36796	καὶ γὰρ οὔτε κεκακώμεθα τοσοῦτον οὔθ᾽, ὅπερ οἴονταί τινες, ὀργὴν θεοῦ παρέχει τὸ γεγονός, ἀλλὰ ταῦτα συμπτώματα γίνεται καὶ πάθη τινά. καὶ εἰ κατὰ θεοῦ γνώμην πέπρακται, δῆλον ὡς καὶ πέπαυται κατὰ τὴν ἐκείνου γνώμην ἀρκουμένου τοῖς γεγονόσιν: βουλόμενος γὰρ ἔτι μᾶλλον ἀδικεῖν, οὐκ ἂν μετεβάλετο.  	s uel calamitatibus spes sibi adsument, quas nos egressi contra eos uiriliter offeremus. Uos autem accipite alacritatem pugnandi, 	neque enim in tantum sumus contriti, neque ira dei uulnerati ut quidam putant quae potius accedentia sunt dicenda, quae si dei sententia prouenerunt liquet quod iam secundum illius iudicium ira desiit dum satius uindictam de factis nostris 	The explanation that losses do not mean continuing divine wrath begins 144.	evidence/Niese-III-PDF430.jpg
145	VISUALLY_REVIEWED_IDENTITY_AND_CLAUSE_CONTEXT	INDIVIDUALLY_REVIEWED	ADD_INTERNAL_NIESE_MILESTONE	PRESENT	ROUTINE_SOURCE_SUPPORTED	latin-book15-num127	/TEI[1]/text[1]/body[1]/div1[1]/div2[4]/p[2]/cb[2]/tail()	1723	37109	τὸν δὲ πόλεμον ὅτι καὶ θέλει τοῦτον ἐνεργεῖσθαι καὶ δίκαιον οἶδεν, δεδήλωκεν αὐτός: ἐνίων γὰρ ἐν τῷ σεισμῷ περὶ τὴν χώραν ἀπολομένων οὐδεὶς οὐδὲν ἔπαθεν τῶν ἐν τοῖς ὅπλοις, ἀλλὰ πάντες ἐσώθητε, φανερὸν ποιοῦντος τοῦ θεοῦ, διότι κἂν εἰ πανδημεὶ μετὰ τέκνων καὶ γυναικῶν ἐστρατεύεσθε, περιῆν ἂν ὑμῖν μηδὲν ἀνήκεστον παθεῖν.  	dicium ira desiit dum satius uindictam de factis nostris acceperunt. Nam si uellet amplius nobis nocere nequaquam flexus fuisset, 	bellum autem quia et uult fieri et iustum esse cognouit et nobis ostendit quod multis per prouinciam terremotu peremptis nullus armatiis interiit deo euidenter ostendente quod si omnes cum filiis uel uxoribus militarent nihil penitus eis in	The argument from the army's survival and divine approval of war begins 145.	evidence/Niese-III-PDF430.jpg
146	VISUALLY_REVIEWED_IDENTITY_AND_CLAUSE_CONTEXT	INDIVIDUALLY_REVIEWED	ADD_INTERNAL_NIESE_MILESTONE	PRESENT	ROUTINE_SOURCE_SUPPORTED	latin-book15-num127	/TEI[1]/text[1]/body[1]/div1[1]/div2[4]/p[2]/cb[3]/tail()	101	37435	ταῦτα ἐνθυμηθέντες καὶ τὸ μεῖζον ὅτι παρὰ πάντα καιρὸν προϊστάμενον ἔχετε τὸν θεόν, ἐπεξέλθετε δικαίαις ἀνδραγαθίαις τοὺς ἀδίκους μὲν πρὸς φιλίαν, ἀσπόνδους δὲ ἐν ταῖς μάχαις, ἀνοσίους δὲ εἰς πρέσβεις, ἀεὶ δὲ τῆς ὑμετέρας ἀρετῆς ἡττημένους. 	atiis interiit deo euidenter ostendente quod si omnes cum filiis uel uxoribus militarent nihil penitus eis inportunum accedisset. 	Haec reputantes ergo quod in omni tempore dei patrocinium possidetis persequimini fortitudine iusta iniquos, amicis perfidos maliuolos circa legatos semperque uestra uirtute deuictos.Cum haec audissent iudaei multum audaciae sumentes ad pug	The final exhortation concludes the speech in 146.	evidence/Niese-III-PDF430.jpg
147	VISUALLY_REVIEWED_IDENTITY_AND_CLAUSE_CONTEXT	INDIVIDUALLY_REVIEWED	ADD_INTERNAL_NIESE_MILESTONE	PRESENT	ROUTINE_SOURCE_SUPPORTED	latin-book15-num147	/TEI[1]/text[1]/body[1]/div1[1]/div2[4]/p[3]/text()	0	37660	Ταῦτα ἀκούσαντες οἱ Ἰουδαῖοι πολὺ τὰς ψυχὰς ἀμείνους ἐγίνοντο πρὸς τὴν μάχην. Ἡρώδης δὲ θυσίας κατὰ τὰ νομιζόμενα ποιήσας καὶ μετὰ σπουδῆς ἀναλαβὼν αὐτοὺς ἦγεν ἐπὶ τοὺς Ἄραβας διαβὰς τὸν Ἰορδάνην ποταμὸν καὶ τῶν πολεμίων στρατοπεδεύεται πλησίον.  	nium possidetis persequimini fortitudine iusta iniquos, amicis perfidos maliuolos circa legatos semperque uestra uirtute deuictos.	Cum haec audissent iudaei multum audaciae sumentes ad pugnam parabantur. Herodes autem hostiis celebratis cum magno studio eos contra arabas transiens iordanem fluuium produxit, et propea aduersarios castra disposuit. Tum uisum ei est, cast	The troops' response, sacrifices and advance begin 147 after the speech. Its final extent awaits review of 148.	evidence/Niese-III-PDF430.jpg
148	UNREVIEWED	UNREVIEWED	UNPLACED	UNASSESSED	NO_CASE_YET					ἐδόκει δ᾽ αὐτῷ φρούριον ἐν μέσῳ κείμενον καταλαβεῖν: οὕτως γὰρ αὐτὸς μὲν ὠφεληθήσεσθαι καὶ πρὸς τὸ θᾶττον συνάψαι τὴν μάχην καὶ εἰ παρέλκειν δέοι ἐρυμνὸν αὐτῷ πεπορισμένος τὸ στρατόπεδον.  				
149	UNREVIEWED	UNREVIEWED	UNPLACED	UNASSESSED	NO_CASE_YET					τὸ δ᾽ αὐτὸ καὶ τῶν Ἀράβων προνοούντων ἅμιλλα γίνεται περὶ τοῦ χωρίου καὶ πρῶτον μὲν ἀκροβολισμοῖς, εἶτα δὴ καὶ πλείους εἰς χεῖρας ἐρχόμενοι παρ᾽ ἀμφοτέρων ἕως ἡττηθέντες οἱ παρὰ τῶν Ἀράβων ἀπεχώρουν.  				
150	UNREVIEWED	UNREVIEWED	UNPLACED	UNASSESSED	NO_CASE_YET					τοῦτο εὐθὺς εἰς ἐλπίδας τοῖς Ἰουδαίοις οὐ μικρὸν ἐγεγόνει. καὶ τὴν δύναμιν αὐτοῦ * ἐννοούμενον πάντα μᾶλλον ἢ πρὸς μάχην ἰέναι βουλόμενον θρασύτερον ἐπεχείρησεν αὐτῶν τὸν χάρακα διασπᾶν καὶ τοῦ στρατοπέδου προσάγων ἅπτεσθαι: τούτοις γὰρ ἐκβιασθέντες προῄεσαν ἄτακτοι καὶ προθυμίας ἢ τῆς εἰς τὸ νικᾶν ἐλπίδος οὐδ᾽ ὁτιοῦν ἐσχηκότες.  				
151	UNREVIEWED	UNREVIEWED	UNPLACED	UNASSESSED	NO_CASE_YET					ὅμως δ᾽ οὖν εἰς χεῖρας ᾔεσαν πλείους τε ὄντες καὶ διὰ τὸ κατεπείγειν ἐπὶ τὸ τολμηρὸν ὑπὸ τῆς ἀνάγκης στρατηγούμενοι, καὶ μάχη γίνεται καρτερὰ πιπτόντων ἑκατέρωθεν οὐκ ὀλίγων, τέλος δὲ τραπέντες οἱ Ἄραβες ἔφευγον.  				
152	UNREVIEWED	UNREVIEWED	UNPLACED	UNASSESSED	NO_CASE_YET					ἦν δὲ φόνος ἐγκλινάντων, ὡς μὴ μόνον ὑπὸ τῶν πολεμίων θνήσκειν, ἀλλὰ καὶ σφίσιν αὐτοῖς παραιτίους γίνεσθαι τῶν κακῶν, ὑπό τε πλήθους καὶ φορᾶς ἀτάκτου συμπατουμένων καὶ περιπιπτόντων τοῖς οἰκείοις ὅπλοις:  				
153	UNREVIEWED	UNREVIEWED	UNPLACED	UNASSESSED	NO_CASE_YET					πεντακισχίλιοι γοῦν αὐτῶν ἐγένοντο νεκροί. τὸ δ᾽ ἄλλο πλῆθος ἔφθη μὲν εἰς τὸ χαράκωμα συμφυγεῖν, εἶχεν δ᾽ οὐκ ἐν βεβαίῳ τὴν ἐλπίδα τῆς σωτηρίας ἀπορίᾳ τῶν ἐπιτηδείων καὶ μᾶλλον ὕδατος. οἵ τε Ἰουδαῖοι διώκοντες συνεισπεσεῖν μὲν οὐ κατίσχυσαν,  				
154	UNREVIEWED	UNREVIEWED	UNPLACED	UNASSESSED	NO_CASE_YET					περικαθεζόμενοι δὲ τῷ χάρακι καὶ παρατηροῦντες εἰσόδου τε τοὺς ἐπαρκοῦντας καὶ ἐξόδου φυγεῖν βουλομένους εἶργον. 				
155	UNREVIEWED	UNREVIEWED	UNPLACED	UNASSESSED	NO_CASE_YET					Ἐν τοιούτοις οὖν ὄντες οἱ Ἄραβες ἐπρεσβεύοντο πρὸς τὸν Ἡρώδην, τὸ μὲν πρῶτον ὑπὲρ διαλύσεως, ἔπειτα, τὸ γὰρ δίψος ἤπειγεν, πᾶν ὁτιοῦν ὑφιστάμενοι καὶ τυχεῖν εἰς τὸ παρὸν ἀδείας ἠξιωκότες.  				
156	UNREVIEWED	UNREVIEWED	UNPLACED	UNASSESSED	NO_CASE_YET					ὁ δ᾽ οὔτε πρέσβεις οὔτε λύτρα τῶν ἡλωκότων οὔτ᾽ ἄλλο τι μέτριον προσίετο φιλόνεικος ὢν ἐκδικῆσαι τὰς παρανομίας τὰς εἰς αὐτοὺς ἐξ ἐκείνων γεγενημένας. καταναγκαζόμενοί τε τοῖς τε ἄλλοις καὶ τῷ δίψει προϊόντες αὑτοὺς ἐνεχείριζον ἄγειν καὶ δεῖν,  				
157	UNREVIEWED	UNREVIEWED	UNPLACED	UNASSESSED	NO_CASE_YET					καὶ πέντε μὲν ἡμέραις τετρακισχίλιοι τὸ πλῆθος οὕτως ἑάλωσαν, τῇ δ᾽ ἕκτῃ πάντες οἱ λοιποὶ διέγνωσαν ἐξιέναι πολέμου νόμῳ χωρήσαντες ἐπὶ τοὺς ἐναντίους ἐγχειρεῖν, καὶ εἰ δέοι τι πάσχειν, αἱρούμενοι καὶ μὴ διαφθείρεσθαι κατ᾽ ὀλίγους ἀδόξως.  				
158	UNREVIEWED	UNREVIEWED	UNPLACED	UNASSESSED	NO_CASE_YET					ταῦτα δὲ γνόντες ἐξῆλθον μὲν τοῦ χαρακώματος, διήρκεσαν δ᾽ οὐδαμῶς τῇ μάχῃ, λαμπρῶς μὲν ἀγωνίσασθαι κεκακωμένοι καὶ τὰς ψυχὰς καὶ τὰ σώματα τόπον οὐκ ἔχοντες, κέρδος δ᾽ εἰ θνήσκοιεν ἐν συμφορᾷ τὸ ζῆν ποιούμενοι, καὶ πίπτουσιν αὐτῶν ἐν τῇ προτέρᾳ μάχῃ περὶ ἑπτακισχιλίους.  				
159	UNREVIEWED	UNREVIEWED	UNPLACED	UNASSESSED	NO_CASE_YET					τοιαύτῃ δὲ πληγῇ χρησαμένων φρονήματος μὲν ὅσον ἦν πρότερον αὐτοῖς ἀφῄρηντο, τεθαυμακότες δὲ ἐν ταῖς οἰκείαις συμφοραῖς τὴν Ἡρώδου στρατηγίαν εἴς τε τὸ λοιπὸν εἶξαν καὶ προστάτην ἀπεφήναντο τοῦ ἔθνους.  				
160	UNREVIEWED	UNREVIEWED	UNPLACED	UNASSESSED	NO_CASE_YET					ὁ δὲ πλεῖστον ἐπὶ τοῖς εὐημερήμασιν ἠξιωκὼς φρονεῖν ἀνέστρεψεν εἰς τὴν οἰκείαν, προσειληφὼς ἀξίωμα καὶ διὰ ταύτην τὴν ἀνδραγαθίαν. 				
161	UNREVIEWED	UNREVIEWED	UNPLACED	UNASSESSED	NO_CASE_YET					Τὰ μὲν οὖν ἄλλα καλῶς εἶχεν αὐτῷ δυσεπιχειρήτῳ κατὰ πάντα γεγενημένῳ, κίνδυνος δ᾽ ἐμπίπτει τὴν ὑπὲρ τῶν ὅλων κρίσιν ἐξάγων Ἀντώνιον Καίσαρος ἐν τῇ κατ᾽ Ἄκτιον μάχῃ νενικηκότος:  				
162	UNREVIEWED	UNREVIEWED	UNPLACED	UNASSESSED	NO_CASE_YET					τότε γὰρ ἀπέγνωστο αὐτῷ τε Ἡρώδῃ τὰ πράγματα καὶ τοῖς περὶ αὐτὸν ὁμοίως ἐχθροῖς τε καὶ φίλοις: οὐ γὰρ ἦν εἰκὸς ἀτιμώρητον μενεῖν τοσαύτης αὐτῷ φιλίας πρὸς Ἀντώνιον γεγενημένης.  				
163	UNREVIEWED	UNREVIEWED	UNPLACED	UNASSESSED	NO_CASE_YET					ἦν οὖν τοῖς μὲν φίλοις ἀπόγνωσις τῶν κατ᾽ αὐτὸν ἐλπίδων, ὅσοι δ᾽ ἐχθρῶς εἶχον ἐδόκουν μὲν ἐξ ἐμφανοῦς συνάχθεσθαι, πάθος δὲ λεληθὸς ἐφηδομένων εἶχον ὡς ἀμείνονος τευξόμενοι τῆς μεταβολῆς.  				
164	UNREVIEWED	UNREVIEWED	UNPLACED	UNASSESSED	NO_CASE_YET					αὐτός τε Ἡρώδης τὸν Ὑρκανὸν ὁρῶν μόνον ἐπ᾽ ἀξιώματος βασιλικοῦ συμφέρειν ᾤετο μηκέτ᾽ ἐμποδὼν ἐᾶν, εἰ μὲν περισωθείη καὶ διαφύγοι τὸν κίνδυνον, ἀσφαλὲς ἡγούμενος πρὸς τὸ μὴ τοῖς τοιούτοις αὐτοῦ καιροῖς ἐφορμεῖν ἄνδρα τυχεῖν τῆς βασιλείας ἀξιώτερον, εἰ δὲ καὶ πάσχοι τι διὰ Καίσαρος, φθόνῳ τὸν μόνον ἐπὶ τῆς βασιλείας γενησόμενον ἐπιθυμῶν ἐξελεῖν. 				
165	UNREVIEWED	UNREVIEWED	UNPLACED	UNASSESSED	NO_CASE_YET					Ταῦτα δ᾽ αὐτοῦ δι᾽ ἐννοίας ἔχοντος ἐνεδόθη τι καὶ παρ᾽ ἐκείνων: ὁ μὲν γὰρ Ὑρκανὸς ἐπιεικείᾳ τρόπου καὶ τότε καὶ τὸν ἄλλον χρόνον οὐκ ἠξίου πολυπραγμονεῖν οὐδὲ νεωτέρων ἅπτεσθαι, συγχωρῶν τῇ τύχῃ πᾶν τὸ δι᾽ ἐκείνης γινόμενον ἠγαπηκέναι.  				
166	UNREVIEWED	UNREVIEWED	UNPLACED	UNASSESSED	NO_CASE_YET					φιλόνεικος δ᾽ ἦν Ἀλεξάνδρα καὶ τὴν ἐλπίδα τῆς μεταβολῆς ἀκρατῶς φέρουσα λόγους ἐποιεῖτο πρὸς τὸν πατέρα, μὴ μέχρι παντὸς ἀναμεῖναι τὴν Ἡρώδου παρανομίαν εἰς τὸν αὐτῶν οἶκον, ἀλλὰ προλαβεῖν ἀσφαλείᾳ τὰς αὖθις ἐλπίδας,  				
167	UNREVIEWED	UNREVIEWED	UNPLACED	UNASSESSED	NO_CASE_YET					καὶ γράφειν ἠξίου περὶ τούτων Μάλχῳ τῷ τὴν ἀραβαρχίαν ἔχοντι δέξασθαί τε αὐτὸν καὶ δι᾽ ἀσφαλείας ἔχειν: ὑπεξελθόντων γὰρ εἰ τὰ περὶ τὸν Ἡρώδην οὕτως χωρήσειεν, ὡς εἰκὸς ἐν ἔχθρᾳ Καίσαρος, αὐτοὺς ἔσεσθαι τοὺς τὴν ἀρχὴν ἀπολαμβάνοντας μόνους καὶ διὰ τὸ γένος καὶ διὰ τὴν εὔνοιαν τῶν ὄχλων.  				
168	UNREVIEWED	UNREVIEWED	UNPLACED	UNASSESSED	NO_CASE_YET					ταῦτα πειθούσης ὁ μὲν Ὑρκανὸς διωθεῖτο τοὺς λόγους, φιλόνεικον δέ τι καὶ γυναικεῖον αὐτῆς πεπονθυίας καὶ μήτε νύκτα μήθ᾽ ἡμέραν ἀπολειπομένης, ἀλλ᾽ ἀεὶ περὶ τούτων καὶ τῆς Ἡρώδου πρὸς αὐτοὺς ἐπιβουλῆς διαλεγομένης, ἀνεπείσθη τέλος ἐπιστολὴν δοῦναι Δοσιθέῳ τινὶ τῶν περὶ αὐτὸν φίλων, ἐν ᾗ συντέτακτο πέμπειν αὐτῷ τὸν Ἄραβα τοὺς ἀναληψομένους καὶ παραπέμψοντας ἱππέας ἐπὶ τὴν Ἀσφαλτῖτιν λίμνην: αὕτη δ᾽ ἀπέχει τῶν Ἱεροσολυμιτῶν ὅρων σταδίους τριακοσίους.  				
169	UNREVIEWED	UNREVIEWED	UNPLACED	UNASSESSED	NO_CASE_YET					ἐπίστευεν δὲ τῷ Δοσιθέῳ θεραπεύοντος αὐτοῦ καὶ αὐτὸν καὶ τὴν Ἀλεξάνδραν καὶ τῆς πρὸς Ἡρώδην δυσνοίας οὐ μικρὰς αἰτίας ἔχοντος: Ἰωσήπου τε γάρ, ὃν ἐκεῖνος ἀνῃρήκει, συγγενὴς ἦν καὶ τῶν ἐν Τύρῳ φονευθέντων ὑπ᾽ Ἀντωνίου πρότερον ἀδελφός.  				
170	UNREVIEWED	UNREVIEWED	UNPLACED	UNASSESSED	NO_CASE_YET					οὐ μὴν ἐπήγαγεν ταῦτα τὸν Δοσίθεον Ὑρκανῷ πιστὸν εἰς τὴν ὑπηρεσίαν γενέσθαι, προτιμήσας δὲ τῶν ἐκείνου τὰς ἐκ τοῦ βασιλεύοντος ἐλπίδας ἐπιδίδωσιν Ἡρώδῃ τὴν ἐπιστολήν.  				
171	UNREVIEWED	UNREVIEWED	UNPLACED	UNASSESSED	NO_CASE_YET					ὁ δὲ τῆς εὐνοίας ἀποδεξάμενος ἔτι καὶ τοῦτο προσυπουργῆσαι παρεκελεύετο, πτύξαντα τὴν ἐπιστολὴν καὶ κατασημηνάμενον ἀποδοῦναι τῷ Μάλχῳ καὶ τὰ παρ᾽ ἐκείνου γράμματα λαβεῖν: οὐ γὰρ μικρὸν τὸ διάφορον καὶ τὴν ἐκείνου γνώμην αὐτὸν εἰδέναι.  				
172	UNREVIEWED	UNREVIEWED	UNPLACED	UNASSESSED	NO_CASE_YET					ταῦτα δὲ τοῦ Δοσιθέου προθύμως ὑπουργήσαντος ὁ μὲν Ἄραψ ἀντεπέστελλεν αὐτόν τε Ὑρκανὸν δέχεσθαι καὶ τοὺς σὺν αὐτῷ πάντας καὶ Ἰουδαίων ὅσοι τὰ ἐκείνου φρονοῦσιν, δύναμίν τε πέμψειν τὴν μετ᾽ ἀσφαλείας αὐτοὺς κομιοῦσαν καὶ πρὸς μηδὲν ἐνδεήσειν ὧν ἠξίου.  				
173	UNREVIEWED	UNREVIEWED	UNPLACED	UNASSESSED	NO_CASE_YET					ὡς δὲ καὶ ταύτην Ἡρώδης ἐδέξατο τὴν ἐπιστολήν, εὐθύς τε μεταπέμπεται τὸν Ὑρκανὸν καὶ περὶ τῶν γενομένων αὐτῷ συνθηκῶν πρὸς τὸν Μάλχον ἀνέκρινεν. ἀρνησαμένου δὲ τὰς ἐπιστολὰς δείξας τῷ συνεδρίῳ διεχειρίσατο τὸν ἄνδρα. 				
174	UNREVIEWED	UNREVIEWED	UNPLACED	UNASSESSED	NO_CASE_YET					Ταῦτα δὲ γράφομεν ἡμεῖς, ὡς ἐν τοῖς ὑπομνήμασιν τοῖς τοῦ βασιλέως Ἡρώδου περιείχετο. τοῖς δ᾽ ἄλλοις οὐ κατὰ ταῦτα συμφωνεῖ: τὸν γὰρ Ἡρώδην οὐκ ἐπὶ τοιούτοις δοκοῦσιν, ἀλλ᾽ ἐξ ἐπιβουλῆς μᾶλλον Ὑρκανῷ τὴν αἰτίαν ἐπάγοντα κατὰ τὸν αὐτοῦ τρόπον ἀποκτεῖναι:  				
175	UNREVIEWED	UNREVIEWED	UNPLACED	UNASSESSED	NO_CASE_YET					γράφουσι γὰρ οὕτως, ἐν συμποσίῳ τινὶ μηδὲν ὑποψίας ἐνδιδόντα λόγον Ὑρκανῷ προσφέρειν, εἴ τινας ἐπιστολὰς παρὰ τοῦ Μάλχου λάβοι, καὶ τὸν μὲν ὁμολογῆσαι προσαγορευτικὰ γράμματα κομίσασθαι,  				
176	UNREVIEWED	UNREVIEWED	UNPLACED	UNASSESSED	NO_CASE_YET					τὸν δ᾽, εἰ καί τινα δωρεὰν εἰληφὼς εἴη, πάλιν ἐπερέσθαι: τοῦ δὲ μηδὲν πλέον ἢ κτηνῶν ἀναβατικῶν τέτταρα πέμψαντος αὐτῷ λαβεῖν, εἰς αἰτίαν τὸ τοιοῦτον ἐπαναφέροντα δωροδοκίας καὶ προδοσίας ἀπάγχειν προστάξαι τὸν ἄνδρα.  				
177	UNREVIEWED	UNREVIEWED	UNPLACED	UNASSESSED	NO_CASE_YET					τεκμήρια δὲ τοῦ μηδὲν ἁμαρτόντα τοιούτῳ τέλει περιπεσεῖν καταλογίζονται τὴν ἐπιείκειαν τοῦ τρόπου καὶ τὸ μήτ᾽ ἐν νεότητι θράσους ἢ προπετείας ἐπίδειξιν πεποιῆσθαι μήθ᾽ ὅτε τὴν βασιλείαν αὐτὸς εἶχεν, ἀλλὰ κἀν ταύτῃ τὰ πλεῖστα τῶν κατὰ τὴν διοίκησιν Ἀντιπάτρῳ παρακεχωρηκέναι.  				
178	UNREVIEWED	UNREVIEWED	UNPLACED	UNASSESSED	NO_CASE_YET					τότε δ᾽ ἐντῶ πλείω μὲν ἢ ὀγδοήκοντα γεγονὼς ἐτύγχανεν ἔτη, κρατοῦντα δὲ μετὰ πάσης ἀσφαλείας τὸν Ἡρώδην ἠπίστατο, διαβεβήκει δὲ καὶ τὸν Εὐφράτην τοὺς ἐν τῷ πέραν τιμῶντας αὐτὸν καταλιπὼν ὡς ὅλος ἐπ᾽ ἐκείνῳ γενησόμενος: ἐγχειρεῖν οὖν τι καὶ καινοτέρων ἅπτεσθαι πάντων ἀπιθανώτατον καὶ οὐ πρὸς τῆς ἐκείνου φύσεως, ἀλλὰ ταῦτα σκῆψιν Ἡρώδου γενέσθαι. 				
179	UNREVIEWED	UNREVIEWED	UNPLACED	UNASSESSED	NO_CASE_YET					Τοῦτο μὲν τὸ τέλος Ὑρκανῷ συνέπεσεν τοῦ βίου ποικίλαις καὶ πολυτρόποις χρησαμένῳ ταῖς ἐν τῷ ζῆν τύχαις: εὐθὺς μὲν γὰρ ἐν ἀρχῇ βασιλευούσης αὐτῷ τῆς μητρὸς Ἀλεξάνδρας ἀρχιερεὺς καταστὰς τοῦ Ἰουδαίων ἔθνους ἔτεσιν ἐννέα τὴν τιμὴν κατέσχεν.  				
180	UNREVIEWED	UNREVIEWED	UNPLACED	UNASSESSED	NO_CASE_YET					παραλαβὼν δὲ τὴν βασιλείαν ἀποθανούσης τῆς μητρὸς αὐτῷ καὶ ταύτην κατασχὼν τρεῖς μῆνας ἐκπίπτει μὲν ὑπ᾽ Ἀριστοβούλου τοῦ ἀδελφοῦ, κατάγεται δ᾽ αὖθις ὑπὸ Πομπηίου καὶ πάσας τὰς τιμὰς ἀπολαβὼν ἔτη τεσσαράκοντα διετέλεσεν ἐν αὐτοῖς.  				
181	UNREVIEWED	UNREVIEWED	UNPLACED	UNASSESSED	NO_CASE_YET					ἀφαιρεθεὶς δὲ τὸ δεύτερον ὑπ᾽ Ἀντιγόνου καὶ λωβηθεὶς τὸ σῶμα παρὰ Πάρθοις αἰχμάλωτος ἐγένετο. κἀκεῖθεν εἰς τὴν οἰκείαν ἐπανῄει χρόνῳ διὰ τὰς ἐξ Ἡρώδου προτεινομένας ἐλπίδας, ὧν οὐδὲν αὐτῷ κατὰ προσδοκίαν ἀπήντα πολυπαθείᾳ βίου χρησαμένῳ, τὸ δυσχερέστατον δέ, ὡς προειρήκαμεν, ἐν γήρᾳ τέλους οὐκ ἀξίου τυχεῖν:  				
182	UNREVIEWED	UNREVIEWED	UNPLACED	UNASSESSED	NO_CASE_YET					δοκεῖ γὰρ ἐπιεικὴς καὶ μέτριος ἐν πᾶσιν γενέσθαι καὶ τὰ πλεῖστα τῆς ἀρχῆς ὑπὸ διοικηταῖς ἄγειν, οὐ πολυπράγμων οὐδὲ δεινὸς ὢν βασιλείας ἐπιστατεῖν, Ἀντιπάτρῳ τε καὶ Ἡρώδῃ μέχρι τοῦδε προελθεῖν ἐγένετο διὰ τὴν ἐπιείκειαν τὴν ἐκείνου, καὶ τὸ πέρας οὔτε δίκαιον οὔτ᾽ εὐσεβὲς ἐξ αὐτῶν εὕρατο τοιούτου τέλους. 				
183	UNREVIEWED	UNREVIEWED	UNPLACED	UNASSESSED	NO_CASE_YET					Ὁ δὲ Ἡρώδης ὡς καὶ τὸν Ὑρκανὸν ἐκποδὼν ἐποιήσατο, σπεύδων πρὸς Καίσαρα καὶ μηδὲν ἐλπίσαι περὶ τῶν αὐτοῦ πραγμάτων δυνάμενος χρηστὸν ἐκ τῆς γενομένης αὐτῷ πρὸς Ἀντώνιον φιλίας, ὕποπτον μὲν εἶχεν τὴν Ἀλεξάνδραν, μὴ τῷ καιρῷ συνεπιθεμένη τὸ πλῆθος ἀποστήσῃ καὶ στασιάσῃ τὰ περὶ τὴν βασιλείαν πράγματα.  				
184	UNREVIEWED	UNREVIEWED	UNPLACED	UNASSESSED	NO_CASE_YET					παρετίθετο δὲ πάντα Φερώρᾳ τἀδελφῷ, καὶ τὴν μητέρα Κύπρον καὶ τὴν ἀδελφὴν καὶ τὴν γενεὰν ἅπασαν ἐν Μασάδοις κατεστήσατο παρακελευσάμενος, εἴ τι περὶ αὐτὸν ἀκούσαιεν δυσχερές, ἔχεσθαι τῶν πραγμάτων.  				
185	UNREVIEWED	UNREVIEWED	UNPLACED	UNASSESSED	NO_CASE_YET					Μαριάμμην δὲ τὴν αὐτοῦ γυναῖκα, δυνατὸν γὰρ οὐκ ἦν ἐν διαφορᾷ τῇ πρὸς τὴν ἀδελφὴν καὶ τὴν μητέρα τὴν ἐκείνου δίαιταν τὴν αὐτὴν ἔχειν, ἐν Ἀλεξανδρείῳ σὺν Ἀλεξάνδρᾳ τῇ μητρὶ κατεστήσατο Ἰώσηπον τὸν ταμιαίαν καὶ τὸν Ἰτουραῖον Σόαιμον ἐπ᾽ αὐτῶν καταλιπών, πιστοτάτους μὲν ἐξ ἀρχῆς γενομένους αὐτῷ, τότε δὲ προφάσει τιμῆς φρουρεῖν ἀπολειφθέντας τὰς γυναῖκας.  				
186	UNREVIEWED	UNREVIEWED	UNPLACED	UNASSESSED	NO_CASE_YET					ἦν δὲ κἀκείνοις ἐντολὴ μαθόντας τι περὶ αὐτοῦ δυσχερὲς ἐξ αὐτῆς ἀμφοτέρας μεταχειρίσασθαι, τὴν δὲ βασιλείαν εἰς δύναμιν τοῖς παισὶν αὐτοῦ σὺν τἀδελφῷ Φερώρᾳ διατηρεῖν. 				
187	UNREVIEWED	UNREVIEWED	UNPLACED	UNASSESSED	NO_CASE_YET					Ταύτας δοὺς τὰς ἐντολὰς αὐτὸς εἰς Ῥόδον ἠπείγετο Καίσαρι συντυχεῖν. κἀπειδὴ κατέπλευσεν εἰς τὴν πόλιν, ἀφῄρητο μὲν τὸ διάδημα, τοῦ δ᾽ ἄλλου περὶ αὐτὸν ἀξιώματος οὐδὲν ὑφεικώς, ὅτε καὶ κοινωνῆσαι λόγου κατὰ τὴν συντυχίαν ἠξιώθη, πολὺ μᾶλλον ἐνέφηνεν τὸ μεγαλεῖον τοῦ κατ᾽ αὐτὸν φρονήματος,  				
188	UNREVIEWED	UNREVIEWED	UNPLACED	UNASSESSED	NO_CASE_YET					οὔτ᾽ εἰς ἱκεσίαν, ὡς εἰκὸς ἐπὶ τοιούτοις, τραπόμενος οὔτε δέησίν τινα προτείνων ὡς ἐφ᾽ ἡμαρτημένοις, ἀποδοὺς δὲ τὸν λογισμὸν τῶν πεπραγμένων ἀνυποτιμήτως.  				
189	UNREVIEWED	UNREVIEWED	UNPLACED	UNASSESSED	NO_CASE_YET					ἔλεγεν γὰρ τῷ Καίσαρι καὶ φιλίαν αὐτῷ γενέσθαι μεγίστην πρὸς Ἀντώνιον καὶ πάντα πρᾶξαι κατὰ τὴν αὐτοῦ δύναμιν, ὡς ἐπ᾽ ἐκείνῳ γενήσεται τὰ πράγματα, στρατείας μὲν οὐ κοινωνήσας κατὰ περιολκὰς τῶν Ἀράβων, πέμψας δὲ καὶ χρήματα καὶ σῖτον ἐκείνῳ.  				
190	UNREVIEWED	UNREVIEWED	UNPLACED	UNASSESSED	NO_CASE_YET					καὶ ταῦτ᾽ εἶναι μετριώτερα τῶν ἐπιβαλλόντων αὐτῷ γενέσθαι: ‘τὸν γὰρ ὁμολογοῦντα μὲν εἶναι φίλον, εὐεργέτην δ᾽ ἐκεῖνον ἐπιστάμενον, παντὶ μέρει καὶ ψυχῆς καὶ σώματος καὶ περιουσίας συγκινδυνεύειν δέον ὧν αὐτὸς ἔλαττον ἢ καλῶς εἶχεν ἀναστραφεὶς ἀλλ᾽ ἐκεῖνό γε συνειδέναι καλῶς ἑαυτῷ πεποιηκότι τὸ μηδ᾽ ἡττηθέντα τὴν ἐν Ἀκτίῳ μάχην καταλιπεῖν,  				
191	UNREVIEWED	UNREVIEWED	UNPLACED	UNASSESSED	NO_CASE_YET					μηδὲ συμμεταβῆναι ταῖς ἐλπίσιν φανερῶς ἤδη μεταβαινούσης καὶ τῆς τύχης, φυλάξαι δ᾽ αὑτὸν, εἰ καὶ μὴ συναγωνιστὴν ἀξιόχρεων, ἀλλὰ σύμβουλόν γε δεξιώτατον Ἀντωνίῳ τὴν μίαν αἰτίαν τοῦ κἂν σώζεσθαι καὶ μὴ τῶν πραγμάτων ἐκπεσεῖν ὑποδεικνύντα, Κλεοπάτραν ἐπανελέσθαι:  				
192	UNREVIEWED	UNREVIEWED	UNPLACED	UNASSESSED	NO_CASE_YET					προανῃρημένης γὰρ ἐκείνης αὐτῷ τε τῶν πραγμάτων ἄρχειν ὑπεῖναι καὶ τὰς πρὸς σὲ συμβάσεις ῥᾷον εὑρίσκεσθαι τῆς ἔχθρας. ὧν οὐδὲν ἐκεῖνος ἐννοηθεὶς ἀλυσιτελῶς μὲν αὐτῷ, συμφερόντως δὲ σοὶ προετίμησεν τὴν ἀβουλίαν.  				
193	UNREVIEWED	UNREVIEWED	UNPLACED	UNASSESSED	NO_CASE_YET					νῦν οὖν εἰ μὲν τῇ πρὸς Ἀντώνιον ὀργῇ κρίνεις καὶ τὴν ἐμὴν προθυμίαν, οὐκ ἂν εἴη μοι τῶν πεπραγμένων ἄρνησις οὐδ᾽ ἀπαξιώσω τὴν ἐμαυτοῦ πρὸς ἐκεῖνον εὔνοιαν ἐκ τοῦ φανεροῦ λέγειν, εἰ δὲ τὸ πρόσωπον ἀνελών, τίς εἰμι πρὸς τοὺς εὐεργέτας καὶ ποῖος φίλος ἐξετάζοις, ἐνέσται σοι πείρᾳ τῶν ἤδη γεγενημένων ἡμᾶς εἰδέναι: τοῦ γὰρ ὀνόματος ὑπαλλαγέντος οὐδὲν ἔλαττον αὐτὸ τὸ τῆς φιλίας βέβαιον ἐν ἡμῖν εὐδοκιμεῖν δυνήσεται.’ 				
194	UNREVIEWED	UNREVIEWED	UNPLACED	UNASSESSED	NO_CASE_YET					Τοιαῦτα λέγων καὶ παράπαν ἐμφαίνων τὸ τῆς ψυχῆς ἐλευθέριον οὐ μετρίως ἐπεσπᾶτο τὸν Καίσαρα φιλότιμον ὄντα καὶ λαμπρόν, ὥστ᾽ αὐτῷ τὰς τῶν ἐγκλημάτων αἰτίας σύστασιν ἤδη τῆς πρὸς ἐκεῖνον εὐνοίας πραγματεύεσθαι.  				
195	UNREVIEWED	UNREVIEWED	UNPLACED	UNASSESSED	NO_CASE_YET					καὶ τό τε διάδημα πάλιν ἀποκαθίστησιν αὐτῷ καὶ προτρεψάμενος μηδὲν ἐλάττω περὶ αὐτὸν ἢ πρότερον ἦν περὶ τὸν Ἀντώνιον φαίνεσθαι, διὰ πάσης ἦγε τιμῆς, προσθεὶς ὅτι καιταιδιος γράψειεν, ἁπάσῃ προθυμίᾳ τὰ πρὸς τοὺς μονομάχους αὐτῷ συλλαβέσθαι τὸν Ἡρώδην.  				
196	UNREVIEWED	UNREVIEWED	UNPLACED	UNASSESSED	NO_CASE_YET					τοσαύτης ἀποδοχῆς ἠξιωμένος καὶ παρ᾽ ἐλπίδας ὁρῶν αὐτῷ πάλιν ἐξ ὑπαρχῆς βεβαιοτέραν τὴν βασιλείαν δόσει Καίσαρος καὶ δόγματι Ῥωμαίων, ὅπερ ἐκεῖνος αὐτῷ πρὸς τὸ βέβαιον ἐπραγματεύσατο, παρέπεμψεν ἐπ᾽ Αἰγύπτου Καίσαρα, δωρησάμενος ὑπὲρ δύναμιν αὐτόν τε καὶ τοὺς φίλους καὶ πᾶσαν ἐμφαίνων μεγαλοψυχίαν.  				
197	UNREVIEWED	UNREVIEWED	UNPLACED	UNASSESSED	NO_CASE_YET					ᾐτεῖτο δὲ καὶ τῶν Ἀντωνίῳ συνήθων Ἀλέξανδρον ὡς μηδὲν ἀνήκεστον παθεῖν, ἀλλὰ τούτου μὲν οὐκ ἔτυχεν ὅρκῳ προκατειλημμένου Καίσαρος:  				
198	UNREVIEWED	UNREVIEWED	UNPLACED	UNASSESSED	NO_CASE_YET					ἐπανῄει δὲ πάλιν εἰς τὴν Ἰουδαίαν πλείονί τε τιμῇ καὶ παρρησίᾳ καὶ τοῖς τὰ ἐναντία προσδοκήσασιν ἔκπληξιν παρέσχεν ὡς ἀεὶ τὸ λαμπρότερον ἐκ τῶν κινδύνων κατ᾽ εὐμένειαν τοῦ θεοῦ προσεπικτώμενος. εὐθὺς οὖν περὶ τὴν ὑποδοχὴν ἐγεγόνει Καίσαρος ἀπὸ Συρίας εἰς Αἴγυπτον εἰσβαλεῖν μέλλοντος.  				
199	UNREVIEWED	UNREVIEWED	UNPLACED	UNASSESSED	NO_CASE_YET					κἀπειδὴ παρῆν, δέχεται μὲν αὐτὸν ἐν Πτολεμαΐδι πάσῃ τῇ βασιλικῇ θεραπείᾳ, παρέσχεν δὲ καὶ τῷ στρατεύματι ξένια καὶ τῶν ἐπιτηδείων ἀφθονίαν. κἀν τοῖς εὐνουστάτοις ἐξητάζετο τάς τε δυνάμεις ἐκτάττοντος συνιππαζόμενος καὶ δεχόμενος αὐτὸν καὶ φίλους ἀνδρῶσιν ἑκατὸν καὶ πεντήκοντα πᾶσιν εἰς πολυτέλειαν καὶ πλοῦτον ὑπηρεσίας ἠσκημένοις.  				
200	UNREVIEWED	UNREVIEWED	UNPLACED	UNASSESSED	NO_CASE_YET					παρέσχεν δὲ καὶ τὴν ἄνυδρον διερχομένοις τὴν τῶν ἐπειγόντων χορηγίαν, ὡς μήτε οἴνου μήτε ὕδατος, ὃ καὶ μᾶλλον ἦν ἐν χρείᾳ τοῖς στρατιώταις, ὑστερηθῆναι. αὐτόν γε μὴν Καίσαρα ταλάντοις ὀκτακοσίοις ἐδωρήσατο καὶ παρέστησεν ἅπασιν ἔννοιαν λαβεῖν, ὅτι τῆς βασιλείας ἧς εἶχεν πολὺ μείζω καὶ λαμπρότερα κατὰ τὰς ὑπουργίας ἐπεδείκνυτο.  				
201	UNREVIEWED	UNREVIEWED	UNPLACED	UNASSESSED	NO_CASE_YET					τοῦτ᾽ αὐτὸν καὶ μᾶλλον εἰς πίστιν εὐνοίας καὶ προθυμίας ἐπισυνίστη καὶ πλεῖστον ἠνέγκατο τῇ χρείᾳ τοῦ καιροῦ τὸ μεγαλόψυχον ἁρμόσας. ὁ δὲ καὶ πάλιν ἐπανιόντων ἀπ᾽ Αἰγύπτου τῶν πρώτων οὐδενὸς τὰς ὑπηρεσίας ἥττων ἐφάνη. 				
202	UNREVIEWED	UNREVIEWED	UNPLACED	UNASSESSED	NO_CASE_YET					Τότε μέντοι γενόμενος ἐν τῇ βασιλείᾳ τεταραγμένην αὐτῷ τὴν οἰκίαν καταλαμβάνει καὶ χαλεπῶς ἐχούσας τήν τε γυναῖκα Μαριάμμην καὶ τὴν μητέρα τὴν ἐκείνης Ἀλεξάνδραν.  				
203	UNREVIEWED	UNREVIEWED	UNPLACED	UNASSESSED	NO_CASE_YET					οἰηθεῖσαι γάρ, ὅπερ ἦν ὕποπτον, οὐκ εἰς ἀσφάλειαν τῶν σωμάτων εἰς ἐκεῖνο κατατεθῆναι τὸ χωρίον, ἀλλ᾽ ὡς φρουρᾷ μηθενὸς μήτε τῶν ἄλλων μήθ᾽ αὑτῶν ἐξουσίαν ἔχοιεν, χαλεπῶς ἔφερον.  				
204	UNREVIEWED	UNREVIEWED	UNPLACED	UNASSESSED	NO_CASE_YET					ἥ τε Μαριάμμη τὸν μὲν ἔρωτα τοῦ βασιλέως ὑπόκρισιν ἄλλως καὶ πρὸς τὸ συμφέρον αὐτῷ γινομένην ἀπάτην ὑπελάμβανεν, ἤχθετο δὲ τῷ μηδ᾽ εἰ πάσχοι τι δεινὸν ἐκεῖνος ἐλπίδα τοῦ βιώσεσθαι δι᾽ αὐτὸν ἐσχηκέναι καὶ τὰς Ἰωσήπῳ δοθείσας ἐντολὰς ἀνεμνημόνευεν, ὥστ᾽ ἤδη διὰ θεραπείας εἶχεν τοὺς φρουροὺς καὶ μᾶλλον τὸν Σόαιμον, ἐν ἐκείνῳ τὸ πᾶν ἐπισταμένη.  				
205	UNREVIEWED	UNREVIEWED	UNPLACED	UNASSESSED	NO_CASE_YET					Σόαιμος δὲ κατὰ μὲν τὰς ἀρχὰς πιστὸς ἦν οὐδὲν ὧν Ἡρώδης ἐνετέταλτο παριείς, λόγοις δὲ καὶ δωρεαῖς λιπαρέστερον τῶν γυναικῶν ἐκθεραπευουσῶν αὐτὸν ἡττᾶτο κατὰ μικρὸν ἤδη καὶ τέλος ἐξεῖπεν ἁπάσας τὰς ἐντολὰς τοῦ βασιλέως, μάλιστα μὲν οὐδ᾽ ἐλπίσας αὐτὸν ἐπὶ τῆς αὐτῆς ὑποστρέψειν ἐξουσίας:  				
206	UNREVIEWED	UNREVIEWED	UNPLACED	UNASSESSED	NO_CASE_YET					ἐν ᾧ καὶ μᾶλλον ἐκφυγὼν τὸν ἀπ᾽ αὐτοῦ κίνδυνον οὐ μικρὰ χαριεῖσθαι ταῖς γυναιξὶν ὑπελάμβανεν, αἷς ἦν εἰκὸς οὐκ ἀποτεύξεσθαι τοῦ περιόντος ἀξιώματος, ἀλλὰ καὶ πλέον εἰς τὴν ἀμοιβὴν ἕξειν εἰ βασιλευούσας ἢ τοῦ βασιλεύοντος ἀγχοῦ γενησομένας.  				
207	UNREVIEWED	UNREVIEWED	UNPLACED	UNASSESSED	NO_CASE_YET					ἐπήλπιζε δ᾽ αὐτὸν οὐχ ἧττον, εἰ καὶ πάντα κατὰ νοῦν πράξας ὑποστρέψειεν Ἡρώδης, μηδὲν ὅτι τῇ γυναικὶ δυνήσεσθαι βουλομένῃ γε ἀντειπεῖν: ἠπίστατο γὰρ τὸν πρὸς τὴν Μαριάμμην ἔρωτα μείζονα λόγου τῷ βασιλεῖ.  				
208	UNREVIEWED	UNREVIEWED	UNPLACED	UNASSESSED	NO_CASE_YET					ταῦτα προσεκλύσαντα τὰς ἐντολὰς ἐξαγγεῖλαι Μαριάμμη χαλεπῶς ἤκουσεν, εἰ μηδὲν πέρας αὐτῇ τῶν ἐξ Ἡρώδου κινδύνων ἔσται, χαλεπῶς δὲ διέκειτο, μηδενὸς μὲν τυχεῖν αὐτὸν τῶν ἴσων εὐχομένη, δυσύποιστον δ᾽ εἰ τύχοι τὸν μετ᾽ αὐτοῦ βίον κρίνουσα. καὶ τοῦτο διέδειξεν ἐν ὑστέρῳ μηδὲν ἐπικρυψαμένη τοῦ κατ᾽ αὐτὴν πάθους. 				
209	UNREVIEWED	UNREVIEWED	UNPLACED	UNASSESSED	NO_CASE_YET					Ὁ μὲν γὰρ ἐπὶ μεγάλοις οἷς παρ᾽ ἐλπίδας εὐτυχήκει καταπεπλευκὼς πρώτῃ μέν, ὡς εἰκός, τῇ γυναικὶ περὶ τούτων εὐηγγελίζετο, μόνην δὲ ἐκ πάντων διὰ τὸν ἔρωτα καὶ τὴν οὖσαν αὐτῷ συνήθειαν προτιμῶν ἠσπάζετο.  				
210	UNREVIEWED	UNREVIEWED	UNPLACED	UNASSESSED	NO_CASE_YET					τῇ δ᾽ οὔτε τὰς εὐημερίας διηγουμένου χαίρειν μᾶλλον ἢ χαλεπῶς φέρειν συνέβαινεν οὔτ᾽ ἐπικρύπτεσθαι τὸ πάθος δυνατὸν ἦν. ἀλλ᾽ ὑπ᾽ ἀδοξίας καὶ τῆς περιούσης εὐγενείας πρὸς μὲν τοὺς ἀσπασμοὺς ἀνέστενεν, τοῖς δὲ διηγήμασιν ἄχθεσθαι μᾶλλον ἢ συγχαίρειν ἐνέφαινεν, ὡς οὐχ ὕποπτα μόνον ἀλλὰ καὶ καταφανῆ γινόμενα τὸν Ἡρώδην ἐπιταράττειν.  				
211	UNREVIEWED	UNREVIEWED	UNPLACED	UNASSESSED	NO_CASE_YET					ἠδημόνει μὲν γὰρ ὁρῶν τὸ παράλογον τῆς γυναικὸς εἰς αὐτὸν μῖσος οὐκ ἀποκεκρυμμένον, ἤχθετο δὲ τῷ πράγματι καὶ τὸν ἔρωτα φέρειν ἀδυνατῶν ταῖς τε ὀργαῖς καὶ ταῖς διαλλαγαῖς οὐκ ἐνέμενεν, ἀεὶ δὲ ἀπὸ θατέρου μεταβαίνων εἰς θάτερον ἐφ᾽ ἑκατέρῳ πολλὴν εἶχεν ἀπορίαν.  				
212	UNREVIEWED	UNREVIEWED	UNPLACED	UNASSESSED	NO_CASE_YET					οὕτως οὖν ἐν μέσῳ τοῦ στυγεῖν καὶ στέργειν ἀποληφθεὶς καὶ πολλάκις ἕτοιμος ὢν ἀμύνασθαι τῆς ὑπερηφανίας αὐτὴν διὰ τὸ προκατειλῆφθαι τὴν ψυχὴν ἀσθενέστερος εἰς τὸ μεταστήσασθαι τὴν ἄνθρωπον ἐγίνετο. τὸ δὲ σύμπαν ἡδέως ἂν ἐκείνην κολάσας ἐδεδοίκει, μὴ λάθοι μείζονα παρ᾽ αὐτοῦ τὴν τιμωρίαν ἀποθανούσης εἰσπραττόμενος. 				
213	UNREVIEWED	UNREVIEWED	UNPLACED	UNASSESSED	NO_CASE_YET					Συνιδοῦσαι δ᾽ οὕτως αὐτὸν ἔχοντα πρὸς τὴν Μαριάμμην ἥ τε ἀδελφὴ καὶ ἡ μήτηρ κάλλιστον ᾠήθησαν τὸν καιρὸν τοῦ πρὸς ἐκείνην μίσους εἰληφέναι καὶ διελάλουν οὐ μικρῶς παροξύνουσαι τὸν Ἡρώδην διαβολαῖς μῖσος ὁμοῦ καὶ ζηλοτυπίαν ἐμποιεῖν δυνησομέναις.  				
214	UNREVIEWED	UNREVIEWED	UNPLACED	UNASSESSED	NO_CASE_YET					ὁ δ᾽ οὔτε τῶν τοιούτων ἀηδῶς ἤκουσεν λόγων οὔτε δρᾶν τι κατὰ τῆς γυναικὸς ὡς πεπιστευκὼς ἀπεθάρρει, χεῖρον μέντοι πρὸς αὐτὴν εἶχεν ἀεὶ καὶ τὸ πάθος ἀντεξεκαίετο, τῆς μὲν οὐκ ἀποκρυπτομένης τὴν διάθεσιν, τοῦ δὲ τὸν ἔρωτα πρὸς ὀργὴν ἀεὶ μεταλαμβάνοντος.  				
215	UNREVIEWED	UNREVIEWED	UNPLACED	UNASSESSED	NO_CASE_YET					κἂν εὐθὺς ἐπράχθη τι τῶν ἀνηκέστων: νῦν δὲ Καίσαρος ἀγγελθέντος κρατεῖν τῷ πολέμῳ καὶ τεθνηκότων Ἀντωνίου καὶ Κλεοπάτρας ἔχειν Αἴγυπτον, ἐπειγόμενος εἰς τὸ Καίσαρι ἀπαντᾶν κατέλιπεν ὡς εἶχεν τὰ περὶ τὴν οἰκίαν.  				
216	UNREVIEWED	UNREVIEWED	UNPLACED	UNASSESSED	NO_CASE_YET					ἐξιόντι δὲ Μαριάμμη παραστησομένη τὸν Σόαιμον πολλήν τε χάριν τῆς ἐπιμελείας ὡμολόγει καὶ μεριδαρχίαν αὐτῷ παρὰ τοῦ βασιλέως ᾐτήσατο.  				
217	UNREVIEWED	UNREVIEWED	UNPLACED	UNASSESSED	NO_CASE_YET					κἀκεῖνος μὲν τυγχάνει τῆς τιμῆς. Ἡρώδης δὲ γενόμενος ἐν Αἰγύπτῳ Καίσαρί τε μετὰ πλείονος παρρησίας εἰς λόγους ἦλθεν ὡς ἤδη φίλος καὶ μεγίστων ἠξιώθη: τῶν τε γὰρ Κλεοπάτραν δορυφορούντων Γαλατῶν τετρακοσίοις αὐτὸν ἐδωρήσατο καὶ τὴν χώραν ἀπέδωκεν αὐτῷ πάλιν, ἣν δι᾽ ἐκείνης ἀφῃρέθη. προσέθηκεν δὲ καὶ τῇ βασιλείᾳ Γάδαρα καὶ Ἵππον καὶ Σαμάρειαν ἔτι δὲ τῆς παραλίου Γάζαν καὶ Ἀνθηδόνα καὶ Ἰόπην καὶ Στράτωνος πύργον. 				
218	UNREVIEWED	UNREVIEWED	UNPLACED	UNASSESSED	NO_CASE_YET					Ἐπιτυχὼν δὲ καὶ τούτων λαμπρότερος ἦν, καὶ τὸν μὲν Καίσαρα παρέπεμψεν ἐπ᾽ Ἀντιοχείας, αὐτὸς δ᾽ ἐπανελθὼν ὅσον ᾤετο τὰ πράγματα αὐτῷ διὰ τῶν ἔξωθεν ἐπιδιδόναι πρὸς εὐδαιμονίαν, τοσοῦτον ἔκαμνεν τοῖς οἰκείοις καὶ μάλιστα περὶ τὸν γάμον, ἐν ᾧ καὶ μᾶλλον εὐτυχεῖν ἐδόκει πρότερον: ἔρωτα γὰρ οὐδενὸς ἐλάττω τῶν ἱστορουμένων ἐπεπόνθει μετὰ τοῦ δικαίου τῆς Μαριάμμης.  				
219	UNREVIEWED	UNREVIEWED	UNPLACED	UNASSESSED	NO_CASE_YET					ἡ δὲ τὰ μὲν ἄλλα σώφρων καὶ πιστὴ πρὸς αὐτὸν ἦν, εἶχεν δέ τι καὶ γυναικεῖον ὁμοῦ καὶ χαλεπὸν ἐκ φύσεως, ἱκανῶς μὲν ἐντρυφῶσα δεδουλωμένῳ διὰ τὴν ἐπιθυμίαν καὶ τὸ βασιλεύεσθαι καὶ κρατεῖν ἄλλον αὐτῆς οὐ συγκαταλογιζομένη τῷ καιρῷ πολλάκις μὲν ὑβριστικῶς αὐτῷ προσηνέχθη καὶ τοῦτ᾽ ἐκεῖνος ἐξειρωνευόμενος ἔφερεν ἐγκρατῶς καὶ μειζόνως,  				
220	UNREVIEWED	UNREVIEWED	UNPLACED	UNASSESSED	NO_CASE_YET					ἀναφανδὸν δὲ τήν τε μητέρα καὶ τὴν ἀδελφὴν ἐπὶ δυσγενείᾳ διεχλεύαζεν καὶ κακῶς ἔλεγεν, ὥστ᾽ ἤδη στάσιν ἐν ταῖς γυναιξὶν εἶναι καὶ μῖσος ἄσπονδον, ἐν δὲ τῷ τότε καὶ διαβολὰς μείζονας.  				
221	UNREVIEWED	UNREVIEWED	UNPLACED	UNASSESSED	NO_CASE_YET					ἥ τε ὑποψία τρεφομένη παρέτεινεν ἐνιαυτοῦ μῆκος ἐξ οὗ παρὰ Καίσαρος Ἡρώδης ὑπεστρόφει. τέλεον μέντοι προοικονομούμενον ἐκ πλείονος ἐξερράγη τοιαύτης ἀφορμῆς ἐγγενομένης:  				
222	UNREVIEWED	UNREVIEWED	UNPLACED	UNASSESSED	NO_CASE_YET					κατακλινόμενος ὁ βασιλεὺς ὡς ἀναπαύσασθαι μεσημβρίας οὔσης ἐκάλει τὴν Μαριάμμην ὑπὸ φιλοστοργίας, ἧς ἀεὶ περὶ αὐτὴν εἶχεν. ἡ δὲ εἰσῆλθεν μέν, οὐ μὴν καὶ κατεκλίθη σπουδάζοντος ἐκφαυλίσασα καὶ προσλοιδορηθεῖσα, τόν τε πατέρα καὶ τὸν ἀδελφὸν αὐτῆς ὡς ἀπεκτόνοι.  				
223	UNREVIEWED	UNREVIEWED	UNPLACED	UNASSESSED	NO_CASE_YET					χαλεπῶς δ᾽ ἐκείνου τὴν ὕβριν ἐνηνοχότος καὶ γεγονότος εἰς προπέτειαν ἑτοίμου, τῆς ταραχῆς αἰσθομένη μείζονος ἡ τοῦ βασιλέως ἀδελφὴ Σαλώμη παρεσκευασμένον ἐκ πλείστου τὸν οἰνοχόον εἰσπέμπει κελεύουσα λέγειν, ὡς πείθοι Μαριάμμη φίλτρον αὐτῇ συγκατασκευάσαι τῷ βασιλεῖ.  				
224	UNREVIEWED	UNREVIEWED	UNPLACED	UNASSESSED	NO_CASE_YET					κἂν ταραχθῇ καὶ πυνθάνηται, τί ποτε τοῦτ᾽ ἦν, λέγειν ὅτι φάρμακον ἐκείνης μὲν ἐχούσης αὐτοῦ δὲ διακονῆσαι παρακαλουμένου, μὴ κινηθέντος δ᾽ ἐπὶ τῷ φίλτρῳ τὸν λόγον ἀργὸν ἐᾶν: οὐδένα γὰρ αὐτῷ κίνδυνον φέρειν. τοιαῦτα προδιδάξασα κατ᾽ ἐκεῖνον τὸν καιρὸν εἰσπέμπει διαλεξόμενον.  				
225	UNREVIEWED	UNREVIEWED	UNPLACED	UNASSESSED	NO_CASE_YET					ὁ δὲ πιθανῶς ἅμα καὶ μετὰ σπουδῆς εἰσῄει, δῶρα μὲν αὐτῷ τὴν Μαριάμμην παρεσχῆσθαι λέγων, ἀναπείθειν δὲ φίλτρον αὐτῷ διδόναι. πρὸς τοῦτο διακινηθέντος καὶ τί τὸ φίλτρον εἴη ἐρωτήσαντος, φάρμακον εἶπεν ὑπ᾽ ἐκείνης διδόμενον, οὗ τὴν δύναμιν αὐτὸς οὐκ εἰδέναι, διὸ καὶ προσαγγεῖλαι τοῦτ᾽ ἀσφαλέστερον αὐτῷ καὶ τῷ βασιλεῖ διειληφότα.  				
226	UNREVIEWED	UNREVIEWED	UNPLACED	UNASSESSED	NO_CASE_YET					τοιούτων ἀκούσας Ἡρώδης λόγων καὶ πρότερον κακῶς διακείμενος ἔτι μᾶλλον ἠρεθίσθη, τόν τ᾽ εὐνοῦχον, ὃς ἦν τῇ Μαριάμμῃ πιστότατος, ἐβασάνιζεν ὑπὲρ τοῦ φαρμάκου γινώσκων, ὡς οὐ χωρὶς ἐκείνου τι δυνατὸν ἦν οὔτε μεῖζον οὔτε ἔλαττόν τι πεπρᾶχθαι.  				
227	UNREVIEWED	UNREVIEWED	UNPLACED	UNASSESSED	NO_CASE_YET					γενόμενος δὲ ἐν ταῖς ἀνάγκαις ὁ ἄνθρωπος, οὐδὲν μὲν ὧν ἕνεκεν ἐβασανίζετο λέγειν εἶχεν, τὸ μέντοι τῆς γυναικὸς ἔχθος εἰς αὐτὸν ἔφη γενέσθαι διὰ τοὺς λόγους, οὓς ὁ Σόαιμος αὐτῇ φράσαι.  				
228	UNREVIEWED	UNREVIEWED	UNPLACED	UNASSESSED	NO_CASE_YET					ταῦτα δ᾽ ἔτι λέγοντος μέγα βοήσας ὁ βασιλεὺς οὐκ ἂν ἔφη Σόαιμον πιστότατον ὄντα τόν γε ἄλλον χρόνον αὐτῷ καὶ τῇ βασιλείᾳ καταπροδοῦναι τὰς ἐντολάς, εἰ μὴ καὶ περαιτέρω προεληλύθει τῆς πρὸς τὴν Μαριάμμην κοινωνίας.  				
229	UNREVIEWED	UNREVIEWED	UNPLACED	UNASSESSED	NO_CASE_YET					καὶ τὸν μὲν Σόαιμον εὐθὺς ἐκέλευσεν ἀποκτεῖναι συλλαβόντας: τῇ δὲ γυναικὶ κρίσιν ἀπεδίδου συναγαγὼν τοὺς οἰκειοτάτους αὐτῷ καὶ τὴν κατηγορίαν ἐσπουδασμένην ποιούμενος ὑπὲρ τῶν κατὰ τὰς διαβολὰς φίλτρων καὶ φαρμάκων. ἦν δὲ ἀκρατὴς ἐν τῷ λόγῳ καὶ κρίσεως ὀργιλαίτερος, καὶ τέλος οὕτως ἔχοντα γινώσκοντες αὐτὸν οἱ παρόντες θάνατον αὐτῆς κατεψηφίσαντο.  				
230	UNREVIEWED	UNREVIEWED	UNPLACED	UNASSESSED	NO_CASE_YET					διενεχθείσης δὲ τῆς γνώμης ὑπεγίνετο μέν τι καὶ τοιοῦτον αὐτῷ τε καί τισιν τῶν παρόντων μὴ προπετῶς οὕτως ἀναιρεῖν, καταθέσθαι δὲ εἰς ἕν τι τῶν ἐν τῇ βασιλείᾳ φρουρίων.  				
231	UNREVIEWED	UNREVIEWED	UNPLACED	UNASSESSED	NO_CASE_YET					ἐσπουδάσθη δὲ ταῖς περὶ τὴν Σαλώμην ἐκποδὼν ποιήσασθαι τὴν ἄνθρωπον καὶ μᾶλλον ἔπεισαν τὸν βασιλέα τὰς ταραχὰς τοῦ πλήθους, εἰ ζῶσα τύχοι, φυλάξασθαι συμβουλεύουσαι. Μαριάμμη μὲν οὖν οὕτως ἤγετο τὴν ἐπὶ θανάτῳ. 				
232	UNREVIEWED	UNREVIEWED	UNPLACED	UNASSESSED	NO_CASE_YET					Συνθεωρήσασα δὲ τὸν καιρὸν ἡ Ἀλεξάνδρα, καὶ διότι μικρὰς ἐλπίδας ἔχοι μὴ καὶ αὐτὴ τῶν ὁμοίων ἐξ Ἡρώδου τυχεῖν, ἐναντίως πρὸς τὸ πρῶτον θράσος καὶ λίαν ἀπρεπῶς μετεβάλετο:  				
233	UNREVIEWED	UNREVIEWED	UNPLACED	UNASSESSED	NO_CASE_YET					βουλομένη γὰρ ἐμφῆναι τὴν ἄγνοιαν ὧν ἐκείνη τὰς αἰτίας εἶχεν, ἐκπηδήσασα καὶ λοιδορουμένη τῇ θυγατρὶ πάντων ἀκουόντων ἐβόα κακὴν πρὸς τὸν ἄνδρα καὶ ἀχάριστον γενέσθαι καὶ δίκαια πάσχειν ἐπὶ τοῖς τοιούτοις τολμήσασαν: οὐ γὰρ ἀμείψασθαι δεόντως τὸν πάντων αὐτῶν εὐεργέτην.  				
234	UNREVIEWED	UNREVIEWED	UNPLACED	UNASSESSED	NO_CASE_YET					τοιαῦτα μεταξὺ καθυποκρινομένης ἀσχημόνως καὶ τολμώσης ἐφάπτεσθαι καὶ τῶν τριχῶν, πολλὴ μέν, ὡς εἰκός, καὶ παρὰ τῶν ἄλλων ἡ κατάγνωσις ἦν τῆς ἀπρεποῦς προσποιήσεως, μᾶλλον δὲ ἐνεφάνη παρ᾽ αὐτῆς τῆς ἀπολλυμένης:  				
235	UNREVIEWED	UNREVIEWED	UNPLACED	UNASSESSED	NO_CASE_YET					οὔτε γὰρ λόγον δοῦσα τὴν ἀρχὴν οὔτε ταραχθεῖσα πρὸς τὴν ἐκείνης δυσχέρειαν ἐπέβλεπεν ἀλλ᾽ ὡς ὑπὸ φρονήματος τὴν ἁμαρτίαν καὶ μᾶλλον ἄχθεσθαι περιφανῶς ἀσχημονούσης ἐνέφηνεν.  				
236	UNREVIEWED	UNREVIEWED	UNPLACED	UNASSESSED	NO_CASE_YET					αὐτή γε μὴν ἀτρεμαίῳ τῷ καταστήματι καὶ τῇ χρόᾳ τῆς σαρκὸς ἀμεταβλήτῳ πρὸς τὸν θάνατον ἀπῄει, τὴν εὐγένειαν οὐδ᾽ ἐν τοῖς ἐσχάτοις ἄδηλον τοῖς ἐπιθεωροῦσιν αὐτὴν ἐμφαίνουσα. 				
237	UNREVIEWED	UNREVIEWED	UNPLACED	UNASSESSED	NO_CASE_YET					Κἀκείνη μὲν οὕτως ἀπέθανεν γυνὴ καὶ πρὸς ἐγκράτειαν καὶ πρὸς μεγαλοψυχίαν ἄριστα γεγενημένη, τὸ δ᾽ ἐπιεικὲς ἔλιπεν αὐτῇ καὶ πλεῖον ἦν ἐν τῇ φύσει τὸ φιλόνεικον: κάλλει δὲ σώματος καὶ τῷ περὶ τὰς ἐντεύξεις ἀξιώματι μειζόνως φράσαι τὰς κατ᾽ αὐτὴν ὑπερῆγεν,  				
238	UNREVIEWED	UNREVIEWED	UNPLACED	UNASSESSED	NO_CASE_YET					ἥ τε πλείων ἀφορμὴ τοῦ μὴ κεχαρισμένως τῷ βασιλεῖ μηδὲ πρὸς ἡδονὴν ζῆν ἐντεῦθεν ἐγεγόνει: θεραπευομένη γὰρ διὰ τὸν ἔρωτα καὶ δυσχερὲς οὐδὲν ἐξ ἐκείνου προσδοκῶσα τὴν παρρησίαν ἀσύμμετρον εἶχεν.  				
239	UNREVIEWED	UNREVIEWED	UNPLACED	UNASSESSED	NO_CASE_YET					ἠνία δ᾽ αὐτὴν καὶ τὰ περὶ τοὺς οἰκείους καὶ ταῦτα πάντα πρὸς ἐκεῖνον ὡς ἐπεπόνθει λέγειν ἠξίου, καὶ πέρας ἐξενίκησεν ἐχθρὰς αὐτῇ γενέσθαι τήν τε μητέρα καὶ τὴν ἀδελφὴν τοῦ βασιλέως κἀκεῖνον αὐτόν, ᾧ μόνῳ τὸ μὴ παθεῖν τι δυσχερὲς ἀπεπίστευεν. 				
240	UNREVIEWED	UNREVIEWED	UNPLACED	UNASSESSED	NO_CASE_YET					Ἀναιρεθείσης δ᾽ αὐτῆς τότε καὶ μᾶλλον ἐξήφθη τὰ περὶ τὴν ἐπιθυμίαν τοῦ βασιλέως ἔχοντος μὲν οὕτως, ὡς καὶ πρότερον ἐδηλώσαμεν: οὐ γὰρ ἀπαθὴς οὐδ᾽ οἷος ἂν ἐκ συνηθείας ἦν ὁ πρὸς αὐτὴν ἔρως, ἀλλὰ καὶ πρότερον ἦρξεν ἐνθουσιαστικῶς καὶ τῇ παρρησίᾳ τῆς συμβιώσεως οὐκ ἀπενικήθη μὴ πλείων ἀεὶ γίνεσθαι:  				
241	UNREVIEWED	UNREVIEWED	UNPLACED	UNASSESSED	NO_CASE_YET					τότε μέντοι καὶ μᾶλλον ἐδόκει κατὰ νέμεσίν τινα τῆς κατὰ τὴν Μαριάμμην ἀπωλείας ἐπιθέσθαι, καὶ πολλάκις μὲν ἀνακλήσεις ἦσαν αὐτῆς, πολλάκις δὲ καὶ θρῆνος ἀσχήμων, ἐπενόει δὲ πᾶν εἴ τι δυνατὸν εἰς ψυχαγωγίαν πότους καὶ συνουσίας αὐτῷ πραγματευόμενος, καὶ τούτων οὐδὲν ἤρκει.  				
242	UNREVIEWED	UNREVIEWED	UNPLACED	UNASSESSED	NO_CASE_YET					τὰς οὖν διοικήσεις τῶν κατὰ τὴν βασιλείαν παρῃτεῖτο καὶ τοσοῦτον ἥττητο τοῦ πάθους, ὥστ᾽ αὐτὸν ἤδη καὶ καλεῖν τὴν Μαριάμμην προστάξαι τοῖς ὑπηρέταις ὡς ζῶσαν ἔτι καὶ δυναμένην ὑπακούειν.  				
243	UNREVIEWED	UNREVIEWED	UNPLACED	UNASSESSED	NO_CASE_YET					οὕτως δὲ ἔχοντος ἐπιγίνεται λοιμώδης νόσος, ἣ καὶ τῶν ὄχλων τοὺς πλείους καὶ τῶν φίλων αὐτοῦ τοὺς ἐντιμοτάτους διέφθειρεν καὶ παρέσχεν ἅπασιν ἐξυπονοῆσαι κατὰ μῆνιν τοῦτο συνενεχθῆναι τῶν κατὰ τὴν γενομένην παρανομίαν ἐπὶ τῇ Μαριάμμῃ.  				
244	UNREVIEWED	UNREVIEWED	UNPLACED	UNASSESSED	NO_CASE_YET					χεῖρον οὖν διετίθει καὶ τοῦτ᾽ αὐτὸ τὸν βασιλέα, καὶ τέλος εἰς τὰς ἐρημίας αὑτὸν διδοὺς καὶ προφάσει κυνηγεσίων ταύταις ἐναδημονῶν οὐκ ἔφθη πλείους διενεγκεῖν ἡμέρας καὶ περιπίπτει νόσῳ δυσχερεστάτῃ:  				
245	UNREVIEWED	UNREVIEWED	UNPLACED	UNASSESSED	NO_CASE_YET					φλόγωσις γὰρ ἦν καὶ πεῖσις ἰνίου καὶ τῆς διανοίας παραλλαγή: τῶν τε θεραπευμάτων οὐδὲν ὅ τι καὶ πρὸς ὠφέλειαν ἐξήνυεν, ἀλλ᾽ ἐναντιούμενα τέως εἰς ἀπόγνωσιν ἦγεν.  				
246	UNREVIEWED	UNREVIEWED	UNPLACED	UNASSESSED	NO_CASE_YET					ὅσοι τε περὶ αὐτὸν ἦσαν ἰατροὶ τὰ μὲν οἷς αὐτοὶ προσέφερον βοηθήμασιν οὐδὲν ὑπεικούσης τῆς νόσου, τὰ δὲ καὶ τοῦ βασιλέως οὐκ ἔχοντος ἄλλως ἢ κατὰ τὸ βιαζόμενον τῆς ἀρρωστίας διαιτᾶσθαι, πάνθ᾽ οἷς ἐκεῖνος ἐπενεχθείη παρέχειν ἠξίουν, τὸ δύσελπι τῆς σωτηρίας ἐν ἐξουσίᾳ τῆς διαίτης ἀνατιθέντες τῇ τύχῃ. κἀκεῖνος μὲν ἐν Σαμαρείᾳ τῇ κληθείσῃ Σεβαστῇ τοῦτον τὸν τρόπον ἐνοσηλεύετο. 				
247	UNREVIEWED	UNREVIEWED	UNPLACED	UNASSESSED	NO_CASE_YET					Διατρίβουσα δὲ ἐν τοῖς Ἱεροσολύμοις Ἀλεξάνδρα καὶ πυνθανομένη τὰ κατ᾽ αὐτὸν ἐσπουδάκει τῶν περὶ τὴν πόλιν φρουρίων ἐγκρατὴς γενέσθαι.  				
248	UNREVIEWED	UNREVIEWED	UNPLACED	UNASSESSED	NO_CASE_YET					δύο δ᾽ ἦν, ἓν μὲν αὐτῆς τῆς πόλεως, ἕτερον δὲ τοῦ ἱεροῦ, καὶ τούτων οἱ κρατοῦντες ὑποχείριον τὸ πᾶν ἔθνος ἐσχήκασιν: τὰς μὲν γὰρ θυσίας οὐκ ἄνευ τούτων οἷόν τε γενέσθαι, τὸ δὲ μὴ ταύτας συντελεῖν οὐδενὶ Ἰουδαίων δυνατὸν τοῦ ζῆν ἑτοιμότερον ἂν παραχωρησάντων ἢ τῆς θρησκείας, ἣν εἰς τὸν θεὸν εἰώθασιν συντελεῖν.  				
249	UNREVIEWED	UNREVIEWED	UNPLACED	UNASSESSED	NO_CASE_YET					τοῖς οὖν ἐπὶ τούτων τῶν φυλακτηρίων Ἀλεξάνδρα προσήνεγκεν τοὺς λόγους, ὡς δέον αὐτῇ καὶ τοῖς ἐξ Ἡρώδου παιδίοις παραδοῦναι, μὴ καὶ φθῇ τις ἐκείνου μεταλλάξαντος ἕτερος ἀντιλαμβάνεσθαι τῶν πραγμάτων: ῥωσθέντι μὲν γὰρ οὐδεὶς ἀσφαλέστερον τῶν οἰκειοτάτων διατηρήσει.  				
250	UNREVIEWED	UNREVIEWED	UNPLACED	UNASSESSED	NO_CASE_YET					τούτους τοὺς λόγους αὐτῆς οὐκ ἐπιεικῶς ἤνεγκαν, ἀλλὰ πιστοὶ καὶ τὸν ἔμπροσθεν χρόνον ὄντες ἔτι μᾶλλον ἐν τῷ τότε διέμειναν μίσει τε τῆς Ἀλεξάνδρας καὶ τῷ μηδ᾽ ὅσιον ὑπολαμβάνειν ζῶντα τὸν Ἡρώδην ἀπεγνωκέναι: φίλοι γὰρ ἄνωθεν ἦσαν, εἷς δ᾽ αὐτῶν καὶ ἀνεψιὸς τοῦ βασιλέως Ἀχίαβος.  				
251	UNREVIEWED	UNREVIEWED	UNPLACED	UNASSESSED	NO_CASE_YET					εὐθὺς οὖν ἐξήγγειλαν πέμψαντες ἐκείνῳ τὴν γνώμην τῆς Ἀλεξάνδρας. ὁ δὲ τὴν μὲν οὐδὲν ἀναβαλλόμενος ἀποκτεῖναι προσέταξεν, αὐτὸς δὲ μόλις καὶ σὺν κακοπαθείᾳ διαφυγὼν τὴν νόσον χαλεπὸς ἦν ψυχῇ καὶ σώματι κεκακωμένος ὁμοῦ πρὸς τὸ δυσάρεστον καὶ πάσαις ταῖς αἰτίαις ἑτοιμοτέρως εἰς τιμωρίαν τῶν ὑποπεσόντων ἐχρῆτο.  				
252	UNREVIEWED	UNREVIEWED	UNPLACED	UNASSESSED	NO_CASE_YET					φονεύει δὲ καὶ τοὺς ἀναγκαιοτάτους αὐτῷ φίλους Κοστόβαρον καὶ Λυσίμαχον καὶ τὸν Γαδία καλούμενον Ἀντίπατρον ἔτι δὲ Δοσίθεον ἐξ αἰτίας τοιαύτης: 				
253	UNREVIEWED	UNREVIEWED	UNPLACED	UNASSESSED	NO_CASE_YET					Κοστόβαρος ἦν γένει μὲν Ἰδουμαῖος, ἀξιώματος τῶν πρώτων παρ᾽ αὐτοῖς καὶ προγόνων ἱερατευσάντων τῷ Κωζαι: θεὸν δὲ τοῦτον Ἰδουμαῖοι νομίζουσιν.  				
254	UNREVIEWED	UNREVIEWED	UNPLACED	UNASSESSED	NO_CASE_YET					Ὑρκανοῦ δὲ τὴν πολιτείαν αὐτῶν εἰς τὰ Ἰουδαίων ἔθη καὶ νόμιμα μεταστήσαντος Ἡρώδης παραλαβὼν τὴν βασιλείαν ἄρχοντα τῆς Ἰδουμαίας καὶ Γάζης ἀποδείκνυσιν τὸν Κοστόβαρον καὶ δίδωσιν αὐτῷ τὴν ἀδελφὴν Σαλώμην Ἰώσηπον ἀνελὼν τὸν εἰληφότα πρότερον αὐτήν, ὡς ἐδηλώσαμεν.  				
255	UNREVIEWED	UNREVIEWED	UNPLACED	UNASSESSED	NO_CASE_YET					Κοστόβαρος δὲ τούτων τυχὼν ἀσμένως καὶ παρὰ δόξαν ἤρθη μᾶλλον ὑπὸ τῆς εὐτυχίας καὶ κατὰ μικρὸν ἐξέβαινεν, οὔθ᾽ αὑτῷ καλὸν ἡγούμενος ἄρχοντος Ἡρώδου τὸ προσταττόμενον ποιεῖν οὔτε τοῖς Ἰδουμαίοις τὰ Ἰουδαίων μεταλαβοῦσιν ὑπ᾽ ἐκείνοις εἶναι.  				
256	UNREVIEWED	UNREVIEWED	UNPLACED	UNASSESSED	NO_CASE_YET					καὶ διαπέμπεται πρὸς Κλεοπάτραν τὴν Ἰδουμαίαν φάμενος ἀεὶ τῶν ἐκείνης προγόνων γεγενῆσθαι, καὶ διὰ τοῦτ᾽ εἶναι δίκαιον αἰτεῖσθαι παρ᾽ Ἀντωνίου τὴν χώραν: αὐτὸς γὰρ ἕτοιμος εἶναι μεταφέρειν τὴν εὔνοιαν εἰς ἐκείνην.  				
257	UNREVIEWED	UNREVIEWED	UNPLACED	UNASSESSED	NO_CASE_YET					ἔπραττεν δὲ ταῦτα τῇ Κλεοπάτρᾳ μὲν οὐδέν τι μᾶλλον εἰς τὴν ἀρχὴν ἀρεσκόμενος, εἰ δὲ παραιρεθείη τῶν πλειόνων Ἡρώδης, εὐεπιχείρητον ἤδη νομίζων καὶ κατ᾽ αὐτὸν ἄρξαι τοῦ τῶν Ἰδουμαίων γένους καὶ μεῖζον πράξειν: ἐπιδιέβαινεν γὰρ ταῖς ἐλπίσιν οὐκ ὀλίγας ἀφορμὰς ἔχων γένους καὶ χρημάτων, ἃ μετὰ διηνεκοῦς αἰσχροκερδείας ἐπεπόριστο, καὶ μικρὸν οὐδὲν ἐπενόει.  				
258	UNREVIEWED	UNREVIEWED	UNPLACED	UNASSESSED	NO_CASE_YET					Κλεοπάτρα μὲν οὖν Ἀντωνίου δεηθεῖσα περὶ τῆς χώρας ταύτης ἀποτυγχάνει. λέγονται δὲ πρὸς Ἡρώδην οἱ λόγοι κἀκεῖνος ἕτοιμος ὢν ἀποκτεῖναι τὸν Κοστόβαρον ὅμως τῆς ἀδελφῆς αὐτοῦ δεηθείσης καὶ τῆς μητρὸς ἀφίησιν καὶ συγγνώμης ἠξίωσεν, οὐκ ἀνύποπτον αὐτὸν εἰς τὸ λοιπὸν ἔχων τῆς ἐπιχειρήσεως τῆς τότε. 				
259	UNREVIEWED	UNREVIEWED	UNPLACED	UNASSESSED	NO_CASE_YET					Χρόνου δὲ διελθόντος ἐπισυνέβη τὴν Σαλώμην στασιάσαι πρὸς τὸν Κοστόβαρον, καὶ πέμπει μὲν εὐθὺς αὐτῷ γραμμάτιον ἀπολυομένη τὸν γάμον οὐ κατὰ τοὺς Ἰουδαίων νόμους: ἀνδρὶ μὲν γὰρ ἔξεστιν παρ᾽ ἡμῖν τοῦτο ποιεῖν, γυναικὶ δὲ οὐδὲ διαχωρισθείσῃ καθ᾽ αὑτὴν γαμηθῆναι μὴ τοῦ πρότερον ἀνδρὸς ἐφιέντος.  				
260	UNREVIEWED	UNREVIEWED	UNPLACED	UNASSESSED	NO_CASE_YET					οὐ μὴν ἡ Σαλώμη τὸν ἐγγενῆ νόμον, ἀλλὰ τὸν ἀπ᾽ ἐξουσίας ἑλομένη τήν τε συμβίωσιν προαπηγόρευσεν καὶ πρὸς τὸν ἀδελφὸν Ἡρώδην ἔλεγεν ὑπὸ τῆς εἰς ἐκεῖνον εὐνοίας ἀποστῆναι τἀνδρός: ἐγνωκέναι γὰρ αὐτὸν μετ᾽ Ἀντιπάτρου καὶ Λυσιμάχου καὶ Δοσιθέου νεωτέρων ἐφιέμενον. καὶ πίστιν παρεῖχεν τοῦ λόγου τοὺς Σάββα παῖδας, ὅτι διασώζοιντο παρ᾽ αὐτῷ χρόνον ἐνιαυτῶν ἤδη δεκαδύο.  				
261	UNREVIEWED	UNREVIEWED	UNPLACED	UNASSESSED	NO_CASE_YET					τοῦτο δὲ εἶχεν οὕτως καὶ πολλὴν ἔκπληξιν ἐνεποίησεν τῷ βασιλεῖ παρ᾽ ἐλπίδας ἀκουσθέν, ἐκεκίνητό τε μᾶλλον ἐπὶ τῷ παραδόξῳ τοῦ λόγου: τὰ γὰρ περὶ τοὺς Σάββα παῖδας ἐσπουδάσθη μὲν αὐτῷ πρότερον ἐπεξελθεῖν αὐτοὺς δυσμενεῖς γενομένους τῇ διαθέσει, τότε δὲ διὰ τὸ μῆκος τοῦ χρόνου καὶ τῆς μνήμης ἐξεληλύθεσαν.  				
262	UNREVIEWED	UNREVIEWED	UNPLACED	UNASSESSED	NO_CASE_YET					ἡ δὲ ἔχθρα πρὸς αὐτοὺς καὶ τὸ μῖσος ἀπὸ τοιούτων ἦν: Ἀντιγόνου τὴν βασιλείαν ἔχοντος Ἡρώδης μὲν ἐπολιόρκει δυνάμει τὴν τῶν Ἱεροσολυμιτῶν πόλιν, ὑπὸ δὲ χρείας κακῶν, ὅσα τοῖς πολιορκουμένοις παρίσταται, πλείους ἦσαν οἱ τὸν Ἡρώδην ἐπικαλούμενοι καὶ πρὸς ἐκεῖνον ἀπονεύοντες ἤδη ταῖς ἐλπίσιν.  				
263	UNREVIEWED	UNREVIEWED	UNPLACED	UNASSESSED	NO_CASE_YET					ὄντες δὲ ἐπ᾽ ἀξιώματος οἱ τοῦ Σάββα παῖδες καὶ παρὰ τῷ πλήθει δυνατοί, πιστοὶ διετέλουν Ἀντιγόνῳ τόν τε Ἡρώδην διέβαλλον ἀεὶ καὶ συμφυλάττειν τοῖς βασιλεῦσιν τὴν ἐκ γένους ἀρχὴν προύτρεπον. ἐκεῖνοι μὲν οὖν ἅμα καὶ συμφέρειν αὐτὰ νομίζοντες ἐπὶ τοιούτων ἐπολιτεύοντο.  				
264	UNREVIEWED	UNREVIEWED	UNPLACED	UNASSESSED	NO_CASE_YET					τῆς δὲ πόλεως ἁλισκομένης καὶ κρατοῦντος τῶν πραγμάτων Ἡρώδου Κοστόβαρος ἀποδειχθεὶς τὰς διεκβολὰς ἀναφράττειν καὶ φρουρεῖν τὴν πόλιν, ὡς μὴ διαπίπτειν ἐξ αὐτῆς τοὺς ὑπόχρεως τῶν πολιτῶν ἢ τἀναντία τῷ βασιλεῖ πολιτευομένους, εἰδὼς ἐν ὑπολήψει καὶ τιμῇ τοὺς Σάββα τῷ παντὶ πλήθει καὶ νομίζων μέγα μέρος αὐτῷ γενήσεσθαι πρὸς τὰς μεταβολὰς τῶν πραγμάτων τὴν ἐκείνων σωτηρίαν ὑπεξέθετο καὶ κατέκρυψεν ἐν οἰκείοις χωρίοις.  				
265	UNREVIEWED	UNREVIEWED	UNPLACED	UNASSESSED	NO_CASE_YET					καὶ τότε μὲν Ἡρώδην, διεληλύθει γὰρ ἡ τῆς ἀληθείας ὑποψία, πιστωσάμενος ὅρκοις ἦ μὴν οὐδὲν εἰδέναι τῶν κατ᾽ ἐκείνους ἀφεῖτο τῆς ὑπονοίας. αὖθις δὲ κηρύγματα καὶ μήνυτρα τοῦ βασιλέως ἐκτιθέντος καὶ πάντα τρόπον ἐρεύνης ἐπινοοῦντος οὐκ ἦλθεν εἰς ὁμολογίαν, ἀλλὰ τῷ τὸ πρῶτον ἔξαρνος γενέσθαι τὸ φωραθῆναι τοὺς ἄνδρας οὐκ ἀνυποτίμητον αὐτῷ πεπεισμένος οὐ μόνον ἐκ τῆς εὐνοίας, ἀλλὰ καὶ τῆς ἀνάγκης ἤδη τοῦ λανθάνειν αὐτοὺς περιείχετο.  				
266	UNREVIEWED	UNREVIEWED	UNPLACED	UNASSESSED	NO_CASE_YET					περὶ τούτων ἐξαγγελθέντων αὐτῷ διὰ τῆς ἀδελφῆς ὁ βασιλεὺς πέμψας εἰς τοὺς τόπους, ἐν οἷς διατρίβειν ἐμηνύθησαν, ἐκείνους τε καὶ τοὺς συγκαταιτιαθέντας ἀπέκτεινεν, ὥστ᾽ εἶναι μηδὲν ὑπόλοιπον ἐκ τῆς Ὑρκανοῦ συγγενείας, ἀλλὰ τὴν βασιλείαν αὐτεξούσιον αὐτῷ μηδενὸς ὄντος ἐπ᾽ ἀξιώματος ἐμποδὼν ἵστασθαι τοῖς παρανομουμένοις. 				
267	UNREVIEWED	UNREVIEWED	UNPLACED	UNASSESSED	NO_CASE_YET					Διὰ τοῦτο καὶ μᾶλλον ἐξέβαινεν τῶν πατρίων ἐθῶν καὶ ξενικοῖς ἐπιτηδεύμασιν ὑποδιέφθειρεν τὴν πάλαι κατάστασιν ἀπαρεγχείρητον οὖσαν, ἐξ ὧν οὐ μικρὰ καὶ πρὸς τὸν αὖθις χρόνον ἠδικήθημεν ἀμεληθέντων ὅσα πρότερον ἐπὶ τὴν εὐσέβειαν ἦγεν τοὺς ὄχλους:  				
268	UNREVIEWED	UNREVIEWED	UNPLACED	UNASSESSED	NO_CASE_YET					πρῶτον μὲν γὰρ ἀγῶνα πενταετηρικὸν ἀθλημάτων κατεστήσατο Καίσαρι καὶ θέατρον ἐν Ἱεροσολύμοις ᾠκοδόμησεν, αὖθίς τ᾽ ἐν τῷ πεδίῳ μέγιστον ἀμφιθέατρον, περίοπτα μὲν ἄμφω τῇ πολυτελείᾳ, τοῦ δὲ κατὰ τοὺς Ἰουδαίους ἔθους ἀλλότρια: χρῆσίς τε γὰρ αὐτῶν καὶ θεαμάτων τοιούτων ἐπίδειξις οὐ παραδίδοται.  				
269	UNREVIEWED	UNREVIEWED	UNPLACED	UNASSESSED	NO_CASE_YET					τὴν μέντοι πανήγυριν ἐκεῖνος ἐπιφανεστάτην τὴν τῆς πενταετηρίδος συνετέλει καταγγείλας τε τοῖς πέριξ καὶ συγκαλῶν ἀπὸ τοῦ παντὸς ἔθνους. οἱ δ᾽ ἀθληταὶ καὶ τὰ λοιπὰ τῶν ἀγωνισμάτων ἀπὸ πάσης γῆς ἐκαλοῦντο κατ᾽ ἐλπίδα τῶν προκειμένων καὶ τῆς νίκης εὐδοξίᾳ, συνελέγησάν τε οἱ κορυφαιότατοι τῶν ἐν τοῖς ἐπιτηδεύμασιν:  				
270	UNREVIEWED	UNREVIEWED	UNPLACED	UNASSESSED	NO_CASE_YET					οὐ γὰρ μόνον τοῖς περὶ τὰς γυμνικὰς ἀσκήσεις, ἀλλὰ καὶ τοῖς ἐν τῇ μουσικῇ διαγινομένοις καὶ θυμελικοῖς καλουμένοις προυτίθει μέγιστα νικητήρια: καὶ διεσπούδαστο πάντας τοὺς ἐπισημοτάτους ἐλθεῖν ἐπὶ τὴν ἅμιλλαν.  				
271	UNREVIEWED	UNREVIEWED	UNPLACED	UNASSESSED	NO_CASE_YET					προύθηκεν δὲ καὶ τεθρίπποις καὶ συνωρίσιν καὶ κέλησιν οὐ μικρὰς δωρεάς, καὶ πάνθ᾽, ὅσα κατὰ πολυτέλειαν ἢ σεμνοπρέπειαν παρ᾽ ἑκάστοις ἐσπούδαστο φιλοτιμίᾳ τοῦ διάσημον αὐτῷ γενέσθαι τὴν ἐπίδειξιν ἐξεμιμήσατο.  				
272	UNREVIEWED	UNREVIEWED	UNPLACED	UNASSESSED	NO_CASE_YET					τό γε μὴν θέατρον ἐπιγραφαὶ κύκλῳ περιεῖχον Καίσαρος καὶ τρόπαια τῶν ἐθνῶν, ἃ πολεμήσας ἐκεῖνος ἐκτήσατο, χρυσοῦ τε ἀπέφθου καὶ ἀργύρου πάντων αὐτῷ πεποιημένων.  				
273	UNREVIEWED	UNREVIEWED	UNPLACED	UNASSESSED	NO_CASE_YET					τὰ δ᾽ εἰς ὑπηρεσίαν οὐδὲν οὕτως ἦν οὔτ᾽ ἐσθῆτος τίμιον οὔτε σκευῆς λίθων, ὃ μὴ τοῖς ὁρωμένοις ἀγωνίσμασιν συνεπεδείκνυτο. παρασκευὴ δὲ καὶ θηρίων ἐγένετο λεόντων τε πλείστων αὐτῷ συναχθέντων καὶ τῶν ἄλλων, ὅσα καὶ τὰς ἀλκὰς ὑπερβαλλούσας ἔχει καὶ τὴν φύσιν ἐστὶν σπανιώτερα:  				
274	UNREVIEWED	UNREVIEWED	UNPLACED	UNASSESSED	NO_CASE_YET					τούτων αὐτῶν τε πρὸς ἄλληλα συμπλοκαὶ καὶ μάχαι πρὸς αὐτὰ τῶν κατεγνωσμένων ἀνθρώπων ἐπετηδεύοντο, τοῖς μὲν ξένοις ἔκπληξις ὁμοῦ τῆς δαπάνης καὶ ψυχαγωγία τῶν περὶ τὴν θέαν κινδύνων, τοῖς δ᾽ ἐπιχωρίοις φανερὰ κατάλυσις τῶν τιμωμένων παρ᾽ αὐτοῖς ἐθῶν:  				
275	UNREVIEWED	UNREVIEWED	UNPLACED	UNASSESSED	NO_CASE_YET					ἀσεβὲς μὲν γὰρ ἐκ προδήλου κατεφαίνετο θηρίοις ἀνθρώπους ὑπορρίπτειν ἐπὶ τέρψει τῆς ἀνθρώπων θέας, ἀσεβὲς δὲ ξενικοῖς ἐπιτηδεύμασιν ἐξαλλάττειν τοὺς ἐθισμούς.  				
276	UNREVIEWED	UNREVIEWED	UNPLACED	UNASSESSED	NO_CASE_YET					πάντων δὲ μᾶλλον ἐλύπει τὰ τρόπαια: δοκοῦντες γὰρ εἰκόνας εἶναι τὰς τοῖς ὅπλοις περιειλημμένας, ὅτι μὴ πάτριον ἦν αὐτοῖς τὰ τοιαῦτα σέβειν, οὐ μετρίως ἐδυσχέραινον. 				
277	UNREVIEWED	UNREVIEWED	UNPLACED	UNASSESSED	NO_CASE_YET					Ἐλάνθανον δ᾽ οὐδὲ τὸν Ἡρώδην ἐκταραττόμενοι: καὶ βίαν μὲν ἐπάγειν ἄκαιρον ᾤετο, καθωμίλει δ᾽ ἐνίους καὶ παρηγόρει τῆς δεισιδαιμονίας ἀφαιρούμενος. οὐ μὴν ἔπειθεν, ἀλλ᾽ ὑπὸ δυσχερείας ὧν ἐδόκουν ἐκεῖνον πλημμελεῖν ὁμοθυμαδὸν ἐξεβόων, εἰ καὶ πάντα δοκοῖεν οἰστά, μὴ φέρειν εἰκόνας ἀνθρώπων ἐν τῇ πόλει, τὰ τρόπαια λέγοντες: οὐ γὰρ εἶναι πάτριον αὐτοῖς.  				
278	UNREVIEWED	UNREVIEWED	UNPLACED	UNASSESSED	NO_CASE_YET					Ἡρώδης δὲ τεταραγμένους ὁρῶν καὶ μὴ ῥᾳδίως ἂν μεταπεσόντας, εἰ μὴ τύχοιεν παρηγορίας, καλέσας αὐτῶν τοὺς ἐπιφανεστάτους εἰς τὸ θέατρον παρήγαγεν καὶ δείξας τὰ τρόπαια, τί ποτ᾽ ἔστιν ὃ δοκεῖ ταῦτα αὐτοῖς ἐπύθετο.  				
279	UNREVIEWED	UNREVIEWED	UNPLACED	UNASSESSED	NO_CASE_YET					τῶν δὲ ἐκβοησάντων ἀνθρώπων εἰκόνες, ἐπιτάξας ἀφαιρεθῆναι τὸν περιθέσιμον κόσμον ἐπιδείκνυσιν αὐτοῖς γυμνὰ τὰ ξύλα. τὰ δ᾽ εὐθὺς ἦν ἀποσυληθέντα γέλως καὶ πλεῖστον εἰς διάχυσιν ἐδυνήθη τὸ καὶ πρότερον αὐτοὺς ἐν εἰρωνείᾳ τίθεσθαι τὰς κατασκευὰς τῶν ἀγαλμάτων. 				
280	UNREVIEWED	UNREVIEWED	UNPLACED	UNASSESSED	NO_CASE_YET					Τοῦτον δὲ τὸν τρόπον αὐτοῦ παρακρουσαμένου τὸ πλῆθος καὶ τὴν ὁρμὴν ἣν ἐπεπόνθεισαν ἐξ ὀργῆς διαχέαντος, οἱ μὲν πλείους εἶχον ὡς μεταβεβλῆσθαι καὶ μὴ χαλεπαίνειν ἔτι,  				
281	UNREVIEWED	UNREVIEWED	UNPLACED	UNASSESSED	NO_CASE_YET					τινὲς δ᾽ αὐτῶν ἐπέμενον τῇ δυσχερείᾳ τῶν οὐκ ἐξ ἔθους ἐπιτηδευμάτων, καὶ τὸ καταλύεσθαι τὰ πάτρια μεγάλων ἡγούμενοι ἀρχὴν κακῶν ὅσιον ᾠήθησαν ἀποκινδυνεῦσαι μᾶλλον ἢ δοκεῖν ἐξαλλαττομένης αὐτοῖς τῆς πολιτείας περιορᾶν Ἡρώδην πρὸς βίαν ἐπεισάγοντα τὰ μὴ δι᾽ ἔθους ὄντα, καὶ λόγῳ μὲν βασιλέα, τῷ δ᾽ ἔργῳ πολέμιον φαινόμενον τοῦ παντὸς ἔθνους.  				
282	UNREVIEWED	UNREVIEWED	UNPLACED	UNASSESSED	NO_CASE_YET					ἐκ δὲ τούτου συνομοσάμενοι πάντα κίνδυνον ὑποδύεσθαι δέκα τῶν πολιτῶν ἄνδρες, ξιφίδια τοῖς ἱματίοις ὑποβαλόντες,  				
283	UNREVIEWED	UNREVIEWED	UNPLACED	UNASSESSED	NO_CASE_YET					ἦν δ᾽ αὐτοῖς δι᾽ ἀναξιοπάθειαν ὧν ἤκουεν καὶ τῶν διεφθορότων τις τοὺς ὀφθαλμοὺς συνομωμοσμένος, οὐχ ὡς ἐνεργῆσαί τι καὶ δρᾶν εἰς τὴν ἐπιχείρησιν ἱκανός, ἀλλ᾽ ἐν ἑτοίμῳ κατατιθεὶς αὑτὸν παθεῖν εἴ τι κἀκείνοις συμβαίνοι δυσχερές, ὥστε μὴ μετρίαν τὴν ὁρμὴν τοῖς ἐπιχειροῦσι δι᾽ αὐτὸν γενέσθαι,  				
284	UNREVIEWED	UNREVIEWED	UNPLACED	UNASSESSED	NO_CASE_YET					ταῦτα γνόντες ἀπὸ συνθήματος εἰς τὸ θέατρον ἐχώρουν, ἐλπίσαντες μὲν οὐδ᾽ αὐτὸν Ἡρώδην διαφευξεῖσθαι προσπεσόντων ἐξ ἀφανοῦς, πολλοὺς δ᾽, εἰ καὶ μὴ τυγχάνοιεν ἐκείνου, τῶν περὶ αὐτὸν ἀναιρήσειν οἰόμενοι: καὶ ταῦτ᾽ αὐτοῖς ἀρκέσειν, εἰ καὶ θνήσκοιεν, εἰς ἔννοιαν ὧν ὁ βασιλεὺς ἐξυβρίζειν ἐδόκει τὸ πλῆθος καὶ αὐτὸν ἐκεῖνον ἀγαγεῖν.  				
285	UNREVIEWED	UNREVIEWED	UNPLACED	UNASSESSED	NO_CASE_YET					ἐκεῖνοι μὲν οὖν προκαταστάντες ἐπὶ τοιαύτης ἦσαν προθυμίας: εἷς δὲ τῶν ὑφ᾽ Ἡρώδου πολυπραγμονεῖν καὶ διαγγέλλειν τὰ τοιαῦτα τεταγμένων ἐξευρηκὼς ὅλην τὴν ἐπίθεσιν εἰς τὸ θέατρον εἰσιέναι μέλλοντι τῷ βασιλεῖ κατεμήνυσεν.  				
286	UNREVIEWED	UNREVIEWED	UNPLACED	UNASSESSED	NO_CASE_YET					ὁ δ᾽, οὐ γὰρ ἀνοίκειον ᾠήθη τὸν λόγον εἴς τε τὸ μῖσος ἀφορῶν, ὃ συνῄδει παρὰ τῶν πλειόνων αὐτῷ, καὶ τὰς ταραχὰς τὰς ἐπὶ τοῖς καθ᾽ ἕκαστα γινομένοις παρυφισταμένας, ἀναχωρήσας εἰς τὸ βασίλειον ὀνομαστὶ τοὺς ἐν ταῖς αἰτίαις ἐκάλει.  				
287	UNREVIEWED	UNREVIEWED	UNPLACED	UNASSESSED	NO_CASE_YET					προσπιπτόντων δ᾽ αὐτοῖς τῶν ὑπηρετῶν αὐτόφωροι λαμβανόμενοι τὸ μὲν ὡς οὐκ ἂν διαφύγοιεν ᾔδεσαν, ἐπεκόσμησαν δὲ τὴν ἀναγκαίαν καταστροφὴν τοῦ τέλους τῷ μηδὲν ὑφιέναι τοῦ φρονήματος:  				
288	UNREVIEWED	UNREVIEWED	UNPLACED	UNASSESSED	NO_CASE_YET					οὐ γὰρ ἐντραπέντες οὐδ᾽ ἀρνησάμενοι τὴν πρᾶξιν ἀνέδειξαν μὲν ἤδη κρατούμενα τὰ ξίφη, διωμολογήσαντο δὲ καλῶς καὶ σὺν εὐσεβείᾳ τὴν συνωμοσίαν αὐτοῖς γενέσθαι, κέρδους μὲν οὐδενὸς οὐδ᾽ οἰκείων ἕνεκεν παθῶν, τὸ δὲ πλέον ὑπὲρ τῶν κοινῶν ἐθῶν, ἃ καὶ πᾶσιν ἢ φυλάττειν ἢ θνήσκειν πρὸ αὐτῶν ἄξιον.  				
289	UNREVIEWED	UNREVIEWED	UNPLACED	UNASSESSED	NO_CASE_YET					τοιαῦτα μὲν ἐκεῖνοι τῇ προαιρέσει τῆς ἐπιβουλῆς ἐμπαρρησιασάμενοι περιστάντων αὐτοῖς τῶν βασιλικῶν ἤγοντο καὶ πᾶσαν αἰκίαν ὑπομείναντες διεφθάρησαν. μετ᾽ οὐ πολὺ δὲ καὶ τὸν ταῦτα μηνύσαντα κατὰ μῖσος ἁρπασάμενοί τινες οὐκ ἀπέκτειναν μόνον, ἀλλὰ καὶ μελιστὶ διελόντες προύθεσαν κυσίν.  				
290	UNREVIEWED	UNREVIEWED	UNPLACED	UNASSESSED	NO_CASE_YET					ἑωρᾶτο δὲ πολλοῖς τῶν πολιτῶν τὰ γινόμενα καὶ κατεμήνυσεν οὐδείς, ἕως Ἡρώδου πικροτέραν καὶ φιλόνεικον ποιουμένου τὴν ἔρευναν ἐκβασανισθεῖσαι γυναῖκές τινες ὡμολόγησαν ἃ πραχθέντα εἶδον. καὶ τῶν μὲν ἐνεργησάντων ἐγένετο τιμωρία πανοικὶ τὴν προπέτειαν αὐτῶν ἐπεξιόντος,  				
291	UNREVIEWED	UNREVIEWED	UNPLACED	UNASSESSED	NO_CASE_YET					ἡ δ᾽ ἐπιμονὴ τοῦ πάθους καὶ τὸ τῆς ὑπὲρ τῶν νόμων πίστεως ἀκατάπληκτον οὐ ῥᾴδιον ἐποίει τὸν Ἡρώδην, εἰ μὴ μετὰ πάσης ἀσφαλείας κρατοίη, καὶ διέγνω πάντοθεν περιειληφέναι τὸ πλῆθος, ὡς μὴ νεωτεριζόντων φανερὰν γενέσθαι τὴν ἀπόστασιν. 				
292	UNREVIEWED	UNREVIEWED	UNPLACED	UNASSESSED	NO_CASE_YET					Ἐξωχυρωμένης οὖν αὐτῷ τῆς πόλεως μὲν ὑπὸ τῆς αὐλῆς, ἐν ᾗ διῃτᾶτο, τοῦ δὲ ἱεροῦ τῇ περὶ τὸ φρούριον ὀχυρότητι τὸ καλούμενον Ἀντωνίαν κατασκευασθὲν δι᾽ αὐτοῦ, τρίτον παντὶ τῷ λαῷ τὴν Σαμάρειαν ἐνόησεν ἐπιτείχισμα, καλέσας μὲν αὐτὴν Σεβαστήν,  				
293	UNREVIEWED	UNREVIEWED	UNPLACED	UNASSESSED	NO_CASE_YET					οἰόμενος δὲ κατὰ τῆς χώρας οὐδὲν ἔλαττον ἰσχυροποιεῖν τὸν τόπον, ἀπέχοντα μὲν Ἱεροσολύμων μιᾶς ὁδὸν ἡμέρας, εὔχρηστον δ᾽ ὄντα καὶ κοινὸν ἐπί τε τοῖς ἐν τῇ πόλει καὶ τῇ χώρᾳ γενησόμενον. τῷ δὲ ἔθνει παντὶ φρούριον ἐνῳκοδόμησεν τὸ πάλαι μὲν καλούμενον Στράτωνος πύργον, Καισάρειαν δ᾽ ὑπ᾽ αὐτοῦ προσαγορευθέν.  				
294	UNREVIEWED	UNREVIEWED	UNPLACED	UNASSESSED	NO_CASE_YET					ἔν τε τῷ μεγάλῳ πεδίῳ τῶν ἐπιλέκτων ἱππέων περὶ αὐτὸν ἀποκληρώσας χωρίον συνέκτισεν ἐπί τε τῇ Γαλιλαίᾳ Γάβα καλούμενον καὶ τῇ Περαίᾳ τὴν Ἐσεβωνῖτιν.  				
295	UNREVIEWED	UNREVIEWED	UNPLACED	UNASSESSED	NO_CASE_YET					ταῦτα μὲν οὖν ἐν τοῖς κατὰ μέρος αἰεί τι πρὸς ἀσφάλειαν ἐπεξευρίσκων καὶ διαλαμβάνων φυλακαῖς τὸ πᾶν ἔθνος, ὡς ἥκιστα μὲν ἀπ᾽ ἐξουσίας εἰς ταραχὰς προπίπτειν, αἷς καὶ μικροῦ κινήματος ἐγγενομένου συνεχὲς ἐχρῶντο, λανθάνειν δὲ μηδ᾽ εἰ παρακινοῖεν ἐφεστηκότων αἰεί τινων πλησίον, οἳ καὶ γινώσκειν καὶ κωλύειν ἐδύναντο.  				
296	UNREVIEWED	UNREVIEWED	UNPLACED	UNASSESSED	NO_CASE_YET					τότε δὲ τὴν Σαμάρειαν ὡρμημένος τειχίζειν πολλοὺς μὲν τῶν συμμαχησάντων αὐτῷ κατὰ τοὺς πολέμους, πολλοὺς δὲ τῶν ὁμόρων συμπολίζειν ἐπετήδευεν, ὑπό τε φιλοτιμίας τοῦ νέον ἐγείρειν καὶ δι᾽ αὐτοῦ πρότερον οὐκ ἐν ταῖς ἐπισήμοις οὖσαν, καὶ μᾶλλον ὅτι πρὸς ἀσφάλειαν αὐτῷ τὸ φιλότιμον ἐπετηδεύετο, τήν τε προσηγορίαν ὑπήλλαττε Σεβαστὴν καλῶν καὶ τῆς χώρας ἀρίστην οὖσαν τὴν πλησίον κατεμέριζεν τοῖς οἰκήτορσιν, ὡς εὐθὺς ἐν εὐδαιμονίᾳ συνιόντας οἰκεῖν,  				
297	UNREVIEWED	UNREVIEWED	UNPLACED	UNASSESSED	NO_CASE_YET					καὶ τείχει καρτερῷ τὴν πόλιν περιέβαλεν τό τε τοῦ χωρίου πρόσαντες εἰς ἐρυμνότητα κατασκευαζόμενος καὶ μέγεθος οὐχ ὡς τὸ πρῶτον ἀλλ᾽ ὥστε μηδὲν ἀποδεῖν τῶν ἐλλογιμωτάτων πόλεων περιλαμβάνων: στάδιοι γὰρ ἦσαν εἴκοσιν.  				
298	UNREVIEWED	UNREVIEWED	UNPLACED	UNASSESSED	NO_CASE_YET					ἐντὸς δὲ καὶ κατὰ μέσην τριῶν ἡμισταδίων τέμενος ἀνῆκεν παντοίως κεκοσμημένον καὶ ναὸν ἐν αὐτῷ μεγέθει καὶ κάλλει τῶν ἐλλογιμωτάτων ἤγειρεν, ἔν τε τοῖς κατὰ μέρος διὰ πάντων ἐκόσμει τὴν πόλιν, τὸ μὲν ἀναγκαῖον τῆς ἀσφαλείας ὁρῶν καὶ τῇ τῶν περιβόλων ἐρυμνότητι φρούριον αὐτὴν ποιούμενος ἐπὶ τῇ μείζονι, τὸ δ᾽ εὐπρεπὲς ὡς ἂν ἐκ τοῦ φιλοκαλεῖν καὶ μνημεῖα φιλανθρωπίας ἀπολιπεῖν ἐν ὑστέρῳ. 				
299	UNREVIEWED	UNREVIEWED	UNPLACED	UNASSESSED	NO_CASE_YET					Κατὰ τοῦτον μὲν οὖν τὸν ἐνιαυτὸν τρισκαιδέκατον ὄντα τῆς Ἡρώδου βασιλείας πάθη μέγιστα τὴν χώραν ἐπέλαβεν, εἴτε δὴ τοῦ θεοῦ μηνίσαντος ἢ καὶ κατὰ περιόδους οὕτως ἀπαντήσαντος τοῦ κακοῦ:  				
300	UNREVIEWED	UNREVIEWED	UNPLACED	UNASSESSED	NO_CASE_YET					πρῶτον μὲν γὰρ αὐχμοὶ διηνεκεῖς ἐγένοντο, καὶ διὰ τὸ τοιοῦτον ἄκαρπος ἡ γῆ μηδ᾽ ὅσα κατ᾽ αὐτὴν ἀναβλαστάνειν, ἔπειτα καὶ τῆς διαίτης κατὰ τὴν ἔνδειαν τῶν σιτίων ἐξαλλαττομένης νόσοι τῶν σωμάτων καὶ πάθος ἤδη λοιμικὸν ἐκράτει, διηνεκῶς ἀντεφοδιαζομένων αὐτοῖς τῶν κακῶν.  				
301	UNREVIEWED	UNREVIEWED	UNPLACED	UNASSESSED	NO_CASE_YET					τό τε γὰρ ἠπορῆσθαι θεραπείας καὶ τροφῆς ἐπέτεινεν εἰς πλέον ἀρξαμένην ἰσχυρῶς τὴν λοιμώδη νόσον ἥ τε φθορὰ τῶν οὕτως ἀπολλυμένων ἀφῃρεῖτο καὶ τοὺς περιόντας εὐθυμίας, ἐπεὶ προσαρκεῖν ταῖς ἀπορίαις ἐξ ἐπιμελείας οὐκ ἐδύναντο.  				
302	UNREVIEWED	UNREVIEWED	UNPLACED	UNASSESSED	NO_CASE_YET					φθαρέντων γε μὴν τῶν ἐπ᾽ ἔτος καρπῶν καὶ τῶν ὅσοι πρότερον ἀπέκειντο δεδαπανημένων, οὐδὲν εἰς ἐλπίδα χρηστὴν ὑπελείπετο μᾶλλον ἢ κατὰ προσδοκίαν ἐπιτείνοντος τοῦ κακοῦ καὶ οὐδὲ κατ᾽ ἐκεῖνον τὸν ἐνιαυτὸν μόνον, ὥστ᾽ αὐτοῖς εἶναι μὲν οὐδὲν ὑπόλοιπον, ἀπολωλέναι δὲ καὶ τῶν περιόντων τὰ σπέρματα μηδὲ τὸ δεύτερον ἀνείσης τῆς γῆς.  				
303	UNREVIEWED	UNREVIEWED	UNPLACED	UNASSESSED	NO_CASE_YET					ἥ τε ἀνάγκη πολλὰ διὰ τὰς χρείας ἐκαινούργει. καὶ τὰς ἀπορίας οὐκ ἐλάττους εἶναι συνέβαινεν αὐτῷ τῷ βασιλεῖ, τῶν τε φόρων, οὓς ἐλάμβανεν ἀπὸ τῆς γῆς, ἀφῃρημένῳ καὶ τὰ χρήματα δεδαπανηκότι πρὸς φιλοτιμίαν ὧν τὰς πόλεις ἐπεσκεύαζεν.  				
304	UNREVIEWED	UNREVIEWED	UNPLACED	UNASSESSED	NO_CASE_YET					ἦν δὲ οὐδὲν ὅ τι καὶ βοηθείας ἄξιον ἐδόκει προκατειληφότος τοῦ κακοῦ καὶ μῖσος εἰς αὐτὸν ἐκ τῶν ἀρχομένων: τὸ γὰρ οὐκ εὖ πράττειν φιλαίτιον αἰεὶ κατὰ τῶν προεστηκότων. 				
305	UNREVIEWED	UNREVIEWED	UNPLACED	UNASSESSED	NO_CASE_YET					Ἐν τοιούτοις διενοεῖτο βοηθεῖν τῷ καιρῷ: χαλεπὸν δ᾽ ἦν οὔτε τῶν πλησίον ἐχόντων ἀποδόσθαι σιτία τῷ μηδ᾽ αὐτοὺς ἐλάττω πεπονθέναι, χρημάτων τε οὐκ ὄντων, εἰ καὶ δυνατὸν ὀλίγων ἐπὶ πολλοῖς εὐπορηθῆναι.  				
306	UNREVIEWED	UNREVIEWED	UNPLACED	UNASSESSED	NO_CASE_YET					καλῶς μέντοι νομίζων ἔχειν πάντως εἰς τὴν βοήθειαν μὴ ἀμελεῖν, τὸν ὄντα κόσμον ἐν τοῖς βασιλείοις αὐτοῦ συνέκοψεν ἀργύρου καὶ χρυσοῦ, μήτε τῆς ἐν ταῖς κατασκευαῖς ἐπιμελείας μήτ᾽ εἴ τι τέχνῃ τίμιον ἦν τούτου φεισάμενος.  				
307	UNREVIEWED	UNREVIEWED	UNPLACED	UNASSESSED	NO_CASE_YET					ἔπεμπε δ᾽ ἐπ᾽ Αἰγύπτου τὰ χρήματα Πετρωνίου τὴν ἐπαρχίαν ἀπὸ Καίσαρος εἰληφότος. οὗτος οὐκ ὀλίγων ἐπ᾽ αὐτὸν καταπεφευγότων διὰ τὰς αὐτὰς χρείας, ἰδίᾳ τε φίλος ὢν Ἡρώδῃ καὶ διασώσασθαι θέλων τοὺς ὑπ᾽ αὐτῷ, πρώτοις μὲν ἔδωκεν ἐξάγειν τὸν σῖτον, εἰς ἅπαντα δὲ κατὰ τὴν ὠνὴν καὶ τὸν ἔκπλουν συνήργησεν, ὡς μέγα μέρος ἢ τὸ πᾶν γενέσθαι ταύτης τῆς βοηθείας.  				
308	UNREVIEWED	UNREVIEWED	UNPLACED	UNASSESSED	NO_CASE_YET					ὁ γὰρ Ἡρώδης, τούτων ἀφικομένων ἐν ἀφορμῇ τὴν ἐπιμέλειαν τὴν αὐτοῦ προστιθεὶς οὐ μόνον ἀντιμετέστησεν τὰς γνώμας τῶν πρότερον χαλεπῶς ἐχόντων, ἀλλὰ καὶ μεγίστην ἐποιήσατο τὴν ἐπίδειξιν τῆς εὐνοίας καὶ τῆς προστασίας.  				
309	UNREVIEWED	UNREVIEWED	UNPLACED	UNASSESSED	NO_CASE_YET					πρῶτον μὲν γὰρ ὅσοις οἷόν τε δι᾽ αὐτῶν τὰ περὶ τὰς τροφὰς ἐκπονεῖν ἔνειμε τοῦ σίτου τὴν ἔκταξιν ἀκριβεστάτην ποιούμενος, ἔπειτα πολλῶν ὄντων, οἳ κατὰ γῆρας ἤ τινα προσοῦσαν ἄλλην ἀσθένειαν οὐχ ἱκανῶς εἶχον αὐτοῖς παρασκευάζειν τὰ σιτία, προυνόει καταστήσας ἀρτοποιοὺς καὶ παρέχων ἑτοίμας τὰς τροφάς.  				
310	UNREVIEWED	UNREVIEWED	UNPLACED	UNASSESSED	NO_CASE_YET					ἐπιμέλειαν δὲ καὶ τοῦ μὴ διαχειμάσαι μετὰ κινδύνων αὐτοὺς ἐποιήσατο συγκατειληφυίας καὶ τῆς περὶ τὰς ἐσθῆτας ἀπορίας, ἐφθαρμένων καὶ παντάπασιν ἐξαναλωθέντων τῶν βοσκημάτων, ὡς οὔτε ἐρίων εἶναι χρῆσιν οὔτε τῶν ἄλλων σκεπασμάτων.  				
311	UNREVIEWED	UNREVIEWED	UNPLACED	UNASSESSED	NO_CASE_YET					ἐκπορισθέντων δὲ αὐτῷ καὶ τούτων ταῖς πλησίον ἤδη πόλεσιν ἐπεβάλλετο τὰς ὠφελείας παρέχειν σπέρματα τοῖς ἐν Συρίᾳ διαδούς. καὶ τοῦτ᾽ ὤνησεν οὐχ ἧττον αὐτὸν εὐστοχηθείσης εἰς εὐφορίαν τῆς χάριτος, ὡς ἅπασιν ἱκανὰ τὰ περὶ τὰς τροφὰς γενέσθαι.  				
312	UNREVIEWED	UNREVIEWED	UNPLACED	UNASSESSED	NO_CASE_YET					τὸ δὲ σύμπαν ἀμήτου περὶ τὴν γῆν ὑποφανέντος οὐκ ἔλαττον ἢ πέντε μυριάδας ἀνθρώπων, οὓς αὐτὸς ἔθρεψεν καὶ περιεποίησεν, εἰς τὴν χώραν διέπεμψεν, καὶ τοῦτον τὸν τρόπον κακωθεῖσαν αὐτῷ τὴν βασιλείαν ὑπὸ πάσης φιλοτιμίας καὶ σπουδῆς ἀναλαβὼν οὐχ ἥκιστα καὶ τοὺς πέριξ ἐν ταῖς αὐταῖς κακοπαθείαις ὄντας ἐπεκούφισεν.  				
313	UNREVIEWED	UNREVIEWED	UNPLACED	UNASSESSED	NO_CASE_YET					οὐ γὰρ ἔσθ᾽ ὅστις ὑπὸ χρείας ἐντυχὼν ἀπελείφθη μὴ βοήθειαν εὕρασθαι κατὰ τὴν ἀξίαν. ἀλλὰ καὶ δῆμοι καὶ πόλεις καὶ τῶν ἰδιωτῶν ὅσοις ἀπορία διὰ τὸ πλειόνων προΐστασθαι συνετύγχανεν, ἐπ᾽ αὐτὸν καταφεύγοντες ἔσχον ὧν ἐδεήθησαν,  				
314	UNREVIEWED	UNREVIEWED	UNPLACED	UNASSESSED	NO_CASE_YET					ὥστε γενέσθαι λογιζομένων τοὺς μὲν ἔξω τῆς ἀρχῆς δοθέντας σίτου κόρους μυρίους, ὁ δὲ κόρος δύναται μεδίμνους Ἀττικοὺς δέκα, τοὺς δ᾽ εἰς αὐτὴν τὴν βασιλείαν περὶ ὀκτάκις μυρίους.  				
315	UNREVIEWED	UNREVIEWED	UNPLACED	UNASSESSED	NO_CASE_YET					ταύτην δ᾽ αὐτοῦ τὴν ἐπιμέλειαν καὶ τὴν τῆς χάριτος εὐκαιρίαν οὕτως ἐν αὐτοῖς τε τοῖς Ἰουδαίοις ἰσχῦσαι συνέβη καὶ διαβοηθῆναι παρὰ τοῖς ἄλλοις, ὥστε τὰ μὲν πάλαι μίση κινηθέντα διὰ τὸ παραχαράττειν ἔνια τῶν ἐθῶν καὶ τῆς βασιλείας ἐξαιρεθῆναι καὶ τοῦ παντὸς ἔθνους, ἀντικατάλλαγμα δὲ φαίνεσθαι τὴν ἐν τῇ βοηθείᾳ τῶν δεινοτάτων φιλοτιμίαν.  				
316	UNREVIEWED	UNREVIEWED	UNPLACED	UNASSESSED	NO_CASE_YET					εὔκλεια δὲ καὶ παρὰ τῶν ἔξωθεν ἦν, καὶ δοκεῖ τὰ δυσχερῆ συμβῆναι μὲν αὐτῷ μείζω λόγου, κακώσαντα δὲ τὴν βασιλείαν οὐχ ἥκιστα πρὸς εὐδοξίαν ὠφελῆσαι: τὸ γὰρ ἐν ταῖς ἀπορίαις μεγαλόψυχον παρὰ δόξαν ἐπιδειξάμενος ἀντιμετέστησε τοὺς πολλούς, ὡς ἐξ ὑπαρχῆς δοκεῖν οὐχ οἷον ἡ πεῖρα τῶν πάλαι γεγενημένων, ἀλλ᾽ οἷον ἡ μετὰ τῆς χρείας ἐπιμέλεια παρεστήσατο. 				
317	UNREVIEWED	UNREVIEWED	UNPLACED	UNASSESSED	NO_CASE_YET					Περὶ δὲ τὸν χρόνον ἐκεῖνον καὶ συμμαχικὸν ἔπεμψεν Καίσαρι πεντακοσίους ἐπιλέκτους τῶν σωματοφυλάκων, οὓς Γάλλος Αἴλιος ἐπὶ τὴν Ἐρυθρὰν θάλασσαν ἦγεν εἰς πολλὰ χρησίμους αὐτῷ γενομένους.  				
318	UNREVIEWED	UNREVIEWED	UNPLACED	UNASSESSED	NO_CASE_YET					πάλιν οὖν αὐτῷ τῶν πραγμάτων πρὸς ἐπίδοσιν εὐθηνουμένων βασίλειον ἐξῳκοδόμει περὶ τὴν ἄνω πόλιν ὑπερμεγέθεις οἴκους ἐγείρων καὶ κόσμῳ κατασκευάζων πολυτελεστάτῳ χρυσοῦ καὶ λίθων καὶ περιαλειμμάτων * ὡς ἕκαστον αὐτῶν κλισίας μὲν ἔχειν παμπόλλους ἄνδρας ὑποδέχεσθαι * κατὰ μέτρα δὲ καὶ τὰς προσηγορίας: ὁ μὲν γὰρ Καίσαρος, ὁ δὲ Ἀγρίππα κέκλητο.  				
319	UNREVIEWED	UNREVIEWED	UNPLACED	UNASSESSED	NO_CASE_YET					προσέλαβεν δὲ καὶ γάμον αὐτῷ κινηθεὶς ἐξ ἐρωτικῆς ἐπιθυμίας μηδένα τοῦ κατὰ τὴν οἰκείαν ἡδονὴν ζῆν ὑπολογισμὸν ποιούμενος. ἀρχὴ δ᾽ αὐτῷ τῶν γάμων ἐγένετο τοιάδε:  				
320	UNREVIEWED	UNREVIEWED	UNPLACED	UNASSESSED	NO_CASE_YET					Σίμων ἦν Ἱεροσολυμίτης υἱὸς Βοηθοῦ τινος Ἀλεξανδρέως, ἱερεὺς ἐν τοῖς γνωρίμοις, εἶχεν δὲ θυγατέρα καλλίστην τῶν τότε νομιζομένην.  				
321	UNREVIEWED	UNREVIEWED	UNPLACED	UNASSESSED	NO_CASE_YET					ὄντος οὖν λόγου παρὰ τοῖς Ἱεροσολυμίταις αὐτῆς τὸ μὲν πρῶτον ὑπὸ τῆς ἀκοῆς τὸν Ἡρώδη κεκινῆσθαι συνέβαινεν, ὡς δὲ καὶ θεασάμενον ἡ τῆς παιδὸς ἐξέπληξεν ὥρα, τὸ μὲν ἀπ᾽ ἐξουσίας χρώμενον διατελεῖν ἅπαν ἀπεδοκίμαζεν ὑποπτεύων ὅπερ ἦν, εἰς βίαν καὶ τυραννίδα διαβληθήσεσθαι, βέλτιον δ᾽ ᾤετο γάμῳ τὴν κόρην λαβεῖν.  				
322	UNREVIEWED	UNREVIEWED	UNPLACED	UNASSESSED	NO_CASE_YET					καὶ τοῦ Σίμωνος ὄντος ἀδοξοτέρου μὲν ἢ πρὸς οἰκειότητα, μείζονος δὲ ἢ καταφρονεῖσθαι, τὸν ἐπιεικέστερον τρόπον μετῄει τὴν ἐπιθυμίαν αὔξων αὐτοὺς καὶ τιμιωτέρους ἀποφαίνων: αὐτίκα γοῦν Ἰησοῦν μὲν τὸν τοῦ Φοαβιτος ἀφαιρεῖται τὴν ἀρχιερωσύνην, Σίμωνα δὲ καθίστησιν ἐπὶ τῆς τιμῆς καὶ τὸ κῆδος πρὸς αὐτὸν συνάπτεται. 				
323	UNREVIEWED	UNREVIEWED	UNPLACED	UNASSESSED	NO_CASE_YET					Τελεσθέντος δ᾽ αὐτῷ τοῦ γάμου προσκατεσκευάσατο φρούριον ἐπὶ τῶν τόπων, ἐν οἷς ἐνίκα Ἰουδαίους, ὅτε τῆς ἀρχῆς ἐκπεσόντος Ἀντίγονος ἐπὶ τῶν πραγμάτων ἦν.  				
324	UNREVIEWED	UNREVIEWED	UNPLACED	UNASSESSED	NO_CASE_YET					τοῦτο δὲ τὸ φρούριον ἀπέχει μὲν Ἱεροσολύμων περὶ ἑξήκοντα σταδίους, φύσει δὲ ἐχυρὸν καὶ πρὸς κατασκευὴν ἐπιτηδειότατόν ἐστιν * ἐγγὺς ἐπιεικῶς κολωνὸς εἰς ὕψος ἀνιὼν χειροποίητον, ὡς εἶναι μαστοειδὴς τὴν περιφοράν, διείληπται δὲ κυκλοτερέσι πύργοις ὀρθίαν ἔχων ἄνοδον ξεσταῖς βαθμίσιν ἐξῳκοδομημένην εἰς διακοσίους. ἐντὸς δ᾽ αὐτοῦ καταγωγαὶ βασίλειοι πολυτελεῖς εἰς ἀσφάλειαν ὁμοῦ καὶ κόσμον πεποιημέναι:  				
325	UNREVIEWED	UNREVIEWED	UNPLACED	UNASSESSED	NO_CASE_YET					περὶ δὲ τὴν βάσιν τοῦ λόφου διατριβαὶ κατασκευῆς ἀξιοθεάτου τά τε ἄλλα καὶ τῆς εἰσαγωγῆς τῶν ὑδάτων, οὐ γὰρ οὗτος ὁ τόπος ἔσχηκεν, ἐκ μακροῦ καὶ διὰ πλειόνων ἀναλωμάτων πεποιημένης. τὰ δ᾽ ἐπίπεδα περιῳκοδόμηται πόλις οὐδεμιᾶς ἐλάσσων τὸν λόφον ἀκρόπολιν ἔχουσα τῆς ἄλλης οἰκήσεως. 				
326	UNREVIEWED	UNREVIEWED	UNPLACED	UNASSESSED	NO_CASE_YET					Πάντων δ᾽ αὐτῷ προκεχωρηκότων εἰς δέον ὧν ἠλπίκει τὰς μὲν ἐν αὐτῇ τῇ βασιλείᾳ ταραχὰς οὐδ᾽ ὁπωσοῦν δι᾽ ὑποψίας εἶχεν ἑκατέρωθεν ὑπηκόους παραστησάμενος, φόβῳ μὲν ὧν ἀπαραίτητος εἰς τὰς τιμωρίας, τὴν ἐπιμέλειαν δὲ ὧν μεγαλόψυχος ἐν ταῖς περιπετείαις εὑρίσκετο.  				
327	UNREVIEWED	UNREVIEWED	UNPLACED	UNASSESSED	NO_CASE_YET					περιεβάλλετο δὲ τὴν ἔξωθεν ἀσφάλειαν ὥσπερ ἐπιτείχισμα καὶ τοῦτο τοῖς ἀρχομένοις ποιούμενος: πόλεσίν τε γὰρ ὡμίλει δεξιῶς καὶ φιλανθρώπως καὶ τοὺς δυνάστας ἐθεράπευεν εὐκαιρίαις ὧν ἑκάστους ἐδωρεῖτο μείζους τὰς χάριτας ἐμποιῶν καὶ τὸ μεγαλόψυχον φύσει πρὸς τὴν βασιλείαν εὐπρεπὲς ἔχων, ὥστ᾽ αὐτῷ πάντα διὰ πάντων αὔξεσθαι πρὸς τὸ πλεῖον ἀεὶ προχωρούντων.  				
328	UNREVIEWED	UNREVIEWED	UNPLACED	UNASSESSED	NO_CASE_YET					ὑπὸ δὲ τῆς εἰς τοῦτο φιλοτιμίας καὶ τῆς θεραπείας, ἣν ἐθεράπευεν Καίσαρα καὶ Ῥωμαίων τοὺς πλεῖστον δυναμένους, ἐκβαίνειν τῶν ἐθῶν ἠναγκάζετο καὶ πολλὰ τῶν νομίμων παραχαράττειν, πόλεις τε κτίζων ὑπὸ φιλοτιμίας καὶ ναοὺς ἐγείρων, οὐκ ἐν τῇ τῶν Ἰουδαίων,  				
329	UNREVIEWED	UNREVIEWED	UNPLACED	UNASSESSED	NO_CASE_YET					οὐδὲ γὰρ ἂν ἠνέσχοντο τῶν τοιούτων ἀπηγορευμένων ἡμῖν ὡς ἀγάλματα καὶ τύπους μεμορφωμένους τιμᾶν πρὸς τὸν Ἑλληνικὸν τρόπον, τὴν δ᾽ ἔξω χώραν καὶ τὰ πέριξ οὕτως κατεσκευάζετο,  				
330	UNREVIEWED	UNREVIEWED	UNPLACED	UNASSESSED	NO_CASE_YET					Ἰουδαίοις μὲν ἀπολογούμενος μὴ καθ᾽ αὑτὸν, ἀλλ᾽ ἐξ ἐντολῆς καὶ προσταγμάτων αὐτὰ ποιεῖν, Καίσαρι δὲ καὶ Ῥωμαίοις τὸ μηδὲ τῶν οἰκείων ἐθῶν ὅσον τῆς ἐκείνων τιμῆς ἐστοχάσθαι χαριζόμενος, αὐτὸς μέντοι τὸ σύμπαν αὐτοῦ στοχαζόμενος ἢ καὶ φιλοτιμούμενος μείζω τὰ μνημεῖα τῆς ἀρχῆς τοῖς αὖθις ὑπολιπέσθαι. ὅθεν καὶ περὶ τὰς ἐπισκευὰς τῶν πόλεων ἐκεκίνητο καὶ πλείστας εἰς τοῦτο τὰς δαπάνας ἐποιεῖτο. 				
331	UNREVIEWED	UNREVIEWED	UNPLACED	UNASSESSED	NO_CASE_YET					Κατιδὼν δὲ καὶ πρὸς τῇ θαλάττῃ χωρίον ἐπιτηδειότατον δέξασθαι πόλιν, ὃ πάλαι Στράτωνος ἐκαλεῖτο πύργος, τῇ τε διαγραφῇ μεγαλοπρεπῶς ἐπεβάλλετο καὶ τοῖς οἰκοδομήμασιν ἀνιστὰς ἅπασαν οὐ παρέργως, ἀλλ᾽ ἐκ λευκῆς πέτρας, καὶ διακοσμῶν καὶ βασιλείοις πολυτελεστάτοις καὶ διαίταις πολιτικαῖς,  				
332	UNREVIEWED	UNREVIEWED	UNPLACED	UNASSESSED	NO_CASE_YET					τὸ δὲ μέγιστον καὶ πλείστην ἐργασίαν παρασχόν, ἀκλύστῳ λιμένι, μέγεθος μὲν κατὰ τὸν Πειραιᾶ, καταγωγὰς δ᾽ ἔνδον ἔχοντι καὶ δευτέρους ὑφόρμους, τῇ δὲ δομήσει περίβλεπτον, ὅτι μηδ᾽ ἐκ τοῦ τόπου τὴν ἐπιτηδειότητα τῆς μεγαλουργίας εἶχεν, ἀλλ᾽ ἐπεισάκτοις καὶ πολλαῖς ἐξετελειώθη ταῖς δαπάναις.  				
333	UNREVIEWED	UNREVIEWED	UNPLACED	UNASSESSED	NO_CASE_YET					κεῖται μὲν γὰρ ἡ πόλις ἐν τῇ Φοινίκῃ κατὰ τὸν εἰς Αἴγυπτον παράπλουν Ἰόππης μεταξὺ καὶ Δώρων, πολισμάτια ταῦτ᾽ ἐστὶν παράλια δύσορμα διὰ τὰς κατὰ λίβα προσβολάς, αἳ ἀεὶ τὰς ἐκ τοῦ πόντου θῖνας ἐπὶ τὴν ᾐόνα σύρουσαι καταγωγὴν οὐ διδόασιν, ἀλλ᾽ ἔστιν ἀναγκαῖον ἀποσαλεύειν τὰ πολλὰ τοὺς ἐμπόρους ἐπ᾽ ἀγκύρας.  				
334	UNREVIEWED	UNREVIEWED	UNPLACED	UNASSESSED	NO_CASE_YET					τοῦτο τὸ δυσδιάθετον τῆς χώρας διορθούμενος καὶ περιγράψας τὸν κύκλον τοῦ λιμένος ἐφ᾽ ὅσον ἦν αὔταρκες πρὸς τῇ χέρσῳ μεγάλοις στόλοις ἐνορμεῖσθαι λίθους ὑπερμεγέθεις καθίει εἰς τὸ βάθος εἰς ὀργυιὰς εἴκοσι. πεντήκοντα ποδῶν ἦσαν οἱ πλείους τὸ μῆκος καὶ πλάτος οὐκ ἔλαττον δεκαοκτώ, βάθος δὲ ἐννέα, τούτων δὲ οἱ μὲν μείζους οἱ δὲ ἐλάττους.  				
335	UNREVIEWED	UNREVIEWED	UNPLACED	UNASSESSED	NO_CASE_YET					ἡ δὲ ἐνδόμησις ὅσον ἦν † ἐβάλλετο κατὰ τῆς θαλάσσης διακοσίους πόδας. τούτων τὸ μὲν ἥμισυ προβέβλητο κυματωγαῖς, ὡς ἀπομάχεσθαι περικλώμενον ἐκεῖ τὸν κλύδωνα: προκυμία γοῦν ἐκαλεῖτο: τὸ δὲ λοιπὸν περιεῖχεν λίθινον τεῖχος πύργοις διειλημμένον,  				
336	UNREVIEWED	UNREVIEWED	UNPLACED	UNASSESSED	NO_CASE_YET					ὧν ὁ μέγιστος Δρούσιον ὀνομάζεται, πάνυ καλόν τι χρῆμα, τὴν προσηγορίαν εἰληφὼς ἀπὸ Δρούσου τοῦ Καίσαρος προγόνου τελευτήσαντος νέου.  				
337	UNREVIEWED	UNREVIEWED	UNPLACED	UNASSESSED	NO_CASE_YET					ψαλίδες δὲ ἐμπεποίηνται συνεχεῖς καταγωγαὶ τοῖς ναυτίλοις, τὸ δὲ πρὸ αὐτῶν ἀπόβασις πλατεῖα κύκλῳ περιεστεφάνωκεν τὸν πάντα λιμένα, περίπατος τοῖς ἐθέλουσιν ἥδιστος. ὁ δ᾽ εἴσπλους καὶ τὸ στόμα πεποίηται πρὸς βορέαν ἀνέμων αἰθριώτατον.  				
338	UNREVIEWED	UNREVIEWED	UNPLACED	UNASSESSED	NO_CASE_YET					βάσις δὲ τοῦ περιβόλου παντὸς ἐν ἀριστερᾷ μὲν εἰσπλεόντων πύργος νενασμένος ἐπὶ πολὺ στερρῶς ἀντέχειν, κατὰ δεξιὰν δὲ δύο λίθοι μεγάλοι καὶ τοῦ κατὰ θάτερα πύργου μείζους, ὀρθοὶ καὶ συνεζευγμένοι.  				
339	UNREVIEWED	UNREVIEWED	UNPLACED	UNASSESSED	NO_CASE_YET					περίκεινται δὲ ἐν κύκλῳ τὸν λιμένα λειοτάτου λίθου κατασκευὴ συνεχεῖς οἰκήσεις κἀν τῷ μέσῳ κολωνός τις, ἐφ᾽ οὗ νεὼς Καίσαρος ἄποπτος τοῖς εἰσπλέουσιν ἄγαλμά τε τὸ μὲν Ῥώμης, τὸ δὲ Καίσαρος: ἥ τε πόλις αὐτὴ Καισάρεια καλεῖται καλλίστης καὶ τῆς ὕλης καὶ τῆς κατασκευῆς τετυχηκυῖα.  				
340	UNREVIEWED	UNREVIEWED	UNPLACED	UNASSESSED	NO_CASE_YET					τὰ δ᾽ ὑπ᾽ αὐτὴν ὑπόνομοί τε καὶ λαῦραι πραγματείαν οὐκ ἐλάττω τῶν ὑπερῳκοδομημένων ἔχουσαι. τούτων αἱ μὲν κατὰ σύμμετρα διαστήματα φέρουσιν εἰς τὸν λιμένα καὶ τὴν θάλατταν, μία δ᾽ ἐγκαρσία πάσας ὑπέζωκεν, ὡς τούς τε ὄμβρους εὐμαρῶς καὶ τὰ λύματα τῶν οἰκητόρων συνεκδίδοσθαι τήν τε θάλατταν, ὅταν ἔξωθεν ἐπείγηται, διαρρεῖν καὶ τὴν σύμπασαν ὑποκλύζειν πόλιν.  				
341	UNREVIEWED	UNREVIEWED	UNPLACED	UNASSESSED	NO_CASE_YET					κατεσκεύαζεν δ᾽ ἐν αὐτῇ καὶ θέατρον καὶ πρὸς τῷ νοτίῳ τοῦ λιμένος ὄπισθεν ἀμφιθέατρον πολὺν ὄχλον ἀνθρώπων δέχεσθαι δυνάμενον καὶ κείμενον ἐπιτηδείως ἀποπτεύειν εἰς τὴν θάλασσαν. ἡ μὲν δὴ πόλις οὕτως ἐξετελέσθη δωδεκαετεῖ χρόνῳ καὶ ταῖς ἐργασίαις οὐκ ἐγκαμόντος καὶ ταῖς δαπάναις ἐπαρκέσαντος τοῦ βασιλέως. 				
342	UNREVIEWED	UNREVIEWED	UNPLACED	UNASSESSED	NO_CASE_YET					Ἐπὶ τοιούτοις δὲ ὢν καὶ τῆς Σεβαστῆς ἤδη πεπολισμένης ἔγνω τοὺς παῖδας αὐτοῦ πέμπειν εἰς Ῥώμην Ἀλέξανδρον καὶ Ἀριστόβουλον, συντευξομένους Καίσαρι.  				
343	UNREVIEWED	UNREVIEWED	UNPLACED	UNASSESSED	NO_CASE_YET					τούτοις ἀνελθοῦσιν καταγωγὴ μὲν ἦν Πολλίωνος οἶκος ἀνδρὸς τῶν μάλιστα σπουδασάντων περὶ τὴν Ἡρώδου φιλίαν, ἐφεῖτο δὲ κἀν τοῖς Καίσαρος κατάγεσθαι: καὶ γὰρ ἐξεδέξατο μετὰ πάσης φιλανθρωπίας τοὺς παῖδας: καὶ δίδωσιν Ἡρώδῃ τὴν βασιλείαν ὅτῳ βούλεται βεβαιοῦν τῶν ἐξ αὐτοῦ γεγονότων, καὶ χώραν ἔτι τόν τε Τράχωνα καὶ Βαταναίαν καὶ Αὐρανῖτιν: ἔδωκεν δὲ διὰ τοιαύτην αἰτίαν παραλαβών.  				
344	UNREVIEWED	UNREVIEWED	UNPLACED	UNASSESSED	NO_CASE_YET					Ζηνόδωρός τις ἐμεμίσθωτο τὸν οἶκον τὸν Λυσανίου. τούτῳ τὰ μὲν κατὰ τὰς προσόδους οὐκ ἤρκει, τὰ λῃστήρια δὲ ἔχων ἐν τῷ Τράχωνι πλείω τὴν πρόσοδον ἔφερεν: οἰκοῦσι γὰρ ἄνδρες ἐξ ἀπονοίας ζῶντες τοὺς τόπους, οἳ τὰ Δαμασκηνῶν ἐλῄζοντο, καὶ Ζηνόδωρος οὔτ᾽ εἶργεν αὐτός τε τῶν ὠφελειῶν ἐκοινώνει.  				
345	UNREVIEWED	UNREVIEWED	UNPLACED	UNASSESSED	NO_CASE_YET					κακῶς δὲ πάσχοντες οἱ πλησιόχωροι Οὐάρρωνος κατεβόων τοῦ τότε ἡγεμονεύοντος καὶ γράφειν ἠξίουν Καίσαρι τοῦ Ζηνοδώρου τὴν ἀδικίαν. Καῖσαρ δὲ ἀνενεχθέντων τούτων ἀντέγραφεν ἐξελεῖν τὰ λῃστήρια τήν τε χώραν Ἡρώδῃ προσένειμεν, ὡς διὰ τῆς ἐπιμελείας τῆς ἐκείνου μηκέτ᾽ ἂν ὀχληρῶν τῶν περὶ τὸν Τράχωνα γενησομένων τοῖς πλησίον:  				
346	UNREVIEWED	UNREVIEWED	UNPLACED	UNASSESSED	NO_CASE_YET					οὐδὲ γὰρ ῥᾴδιον ἦν ἐπισχεῖν αὐτοὺς ἐν ἔθει τὸ λῃστεύειν πεποιημένους καὶ βίον οὐκ ἄλλοθεν ἔχοντας: οὔτε γὰρ πόλεις αὐτοῖς οὔτε κτήσεις ἀγρῶν, ὑποφυγαὶ δὲ κατὰ τῆς γῆς καὶ σπήλαια καὶ κοινὴ μετὰ τῶν βοσκημάτων δίαιτα. μεμηχάνηνται δὲ καὶ συναγωγὰς ὑδάτων καὶ προπαρασκευὰς σιτίων αἳ δύνανται πλεῖστον ἐξ ἀφανοῦς ἀντέχειν.  				
347	UNREVIEWED	UNREVIEWED	UNPLACED	UNASSESSED	NO_CASE_YET					αἵ γε μὴν εἴσοδοι στεναὶ καὶ καθ᾽ ἕνα παρερχομένων, τὰ δ᾽ ἔνδον ἀπίστως μεγάλα πρὸς εὐρυχωρίαν ἐξειργασμένων: τὸ δ᾽ ὑπὲρ τὰς οἰκήσεις ἔδαφος οὐχ ὑψηλόν, ἀλλ᾽ οἷον ἐξ ἐπιπέδου. πέτρα δὲ τὸ σύμπαν σκληρὰ καὶ δύσοδος, εἰ μὴ τρίβῳ χρῷτό τις ἐξ ὁδηγίας:  				
348	UNREVIEWED	UNREVIEWED	UNPLACED	UNASSESSED	NO_CASE_YET					οὐδὲ γὰρ αὗται κατ᾽ ὀρθὸν ἀλλὰ πολλὰς ἕλικας ἐξελίττονται. τούτοις ἐπειδὴ τῶν εἰς τοὺς πλησίον κακουργημάτων ἐκωλύοντο, καὶ κατ᾽ ἀλλήλων ἦν ὁ τῆς λῃστείας τρόπος, ὡς μηδὲν ἀνομίας ἐν τούτῳ λελεῖφθαι. λαβὼν δὲ τὴν χάριν Ἡρώδης παρὰ Καίσαρος καὶ παρελθὼν εἰς τὴν χώραν ὁδηγῶν ἐμπειρίᾳ τούς τε πονηρευομένους αὐτῶν κατέπαυσεν καὶ τοῖς πέριξ ἀδεῆ τὴν εἰρήνην παρέσχεν. 				
349	UNREVIEWED	UNREVIEWED	UNPLACED	UNASSESSED	NO_CASE_YET					Ὁ δὲ Ζηνόδωρος ἀχθόμενος πρῶτον μὲν ἐπὶ τῇ τῆς ἐπαρχίας ἀφαιρέσει, μᾶλλον δὲ καὶ φθόνῳ τὴν ἀρχὴν Ἡρώδου μετειληφότος, ἀνῆλθεν εἰς Ῥώμην κατηγορήσων αὐτοῦ. κἀκεῖνος μὲν ἄπρακτος ἀναστρέφει.  				
350	UNREVIEWED	UNREVIEWED	UNPLACED	UNASSESSED	NO_CASE_YET					πέμπεται δ᾽ Ἀγρίππας τῶν πέραν Ἰονίου διάδοχος Καίσαρι: καὶ τούτῳ περὶ Μιτυλήνην χειμάζοντι συντυχὼν Ἡρώδης, ἦν γὰρ εἰς τὰ μάλιστα φίλος καὶ συνήθης, πάλιν εἰς τὴν Ἰουδαίαν ἀνέστρεφεν.  				
351	UNREVIEWED	UNREVIEWED	UNPLACED	UNASSESSED	NO_CASE_YET					Γαδαρέων δέ τινες ἐπ᾽ Ἀγρίππαν ἦλθον κατηγοροῦντες αὐτοῦ, καὶ τούτους ἐκεῖνος οὐδὲ λόγον αὐτοῖς δοὺς ἀναπέμπει τῷ βασιλεῖ δεσμίους. οἵ τε Ἄραβες καὶ πάλαι δυσμενῶς ἔχοντες πρὸς τὴν ἀρχὴν τὴν Ἡρώδου διεκεκίνηντο καὶ στασιάζειν ἐπεχείρουν αὐτῷ τὰ πράγματα τότε καὶ μετ᾽ αἰτίας, ὡς ἐδόκουν, εὐλογωτέρας:  				
352	UNREVIEWED	UNREVIEWED	UNPLACED	UNASSESSED	NO_CASE_YET					ὁ γὰρ Ζηνόδωρος ἀπογινώσκων ἤδη τῶν καθ᾽ αὑτὸν ἔφθη τῆς ἐπαρχίας μέρος τι τὴν Αὐρανῖτιν αὐτοῖς ἀποδόσθαι ταλάντων πεντήκοντα. ταύτης ἐμπεριεχομένης τῇ δωρεᾷ Καίσαρος ὡς μὴ δικαίως ἀφαιρούμενοι διημφισβήτουν, πολλάκις μὲν ταῖς καταδρομαῖς καὶ τῷ βιάζεσθαι θέλειν, ἄλλοτε δὲ καὶ πρὸς δικαιολογίαν ἰόντες.  				
353	UNREVIEWED	UNREVIEWED	UNPLACED	UNASSESSED	NO_CASE_YET					ἀνέπειθον δὲ καὶ τοὺς ἀπόρους τῶν στρατιωτῶν καὶ δυσμενεῖς, ἦσαν δ᾽ ἐπελπίζοντες ἀεὶ καὶ πρὸς τὸν νεωτερισμὸν ἐνδιδόντες, ᾧ μάλιστα χαίρουσιν οἱ κακῶς πράττοντες τῷ βίῳ. ταῦτα δὲ ἐκ μακροῦ πραττόμενα γινώσκων Ἡρώδης ὅμως οὐκ εἰς τὸ δυσμενές, ἀλλ᾽ ἐξ ἐπιλογισμοῦ παρηγόρει ταῖς ταραχαῖς οὐκ ἀξιῶν ἀφορμὰς ἐνδιδόναι. 				
354	UNREVIEWED	UNREVIEWED	UNPLACED	UNASSESSED	NO_CASE_YET					Ἤδη δ᾽ αὐτοῦ τῆς βασιλείας ἑπτακαιδεκάτου προελθόντος ἔτους Καῖσαρ εἰς Συρίαν ἀφίκετο. καὶ τότε τῶν Γάδαρα κατοικούντων οἱ πλεῖστοι κατεβόων Ἡρώδου βαρὺν αὐτὸν ἐν τοῖς ἐπιτάγμασιν καὶ τυραννικὸν εἶναι.  				
355	UNREVIEWED	UNREVIEWED	UNPLACED	UNASSESSED	NO_CASE_YET					ταῦτα δὲ ἀπετόλμων μάλιστα μὲν ἐγκειμένου καὶ διαβάλλοντος αὐτὸν Ζηνοδώρου καὶ παρασχόντος ὅρκους, ὡς οὐκ ἐγκαταλείψει μὴ πάντα τρόπον ἀφελέσθαι μὲν τῆς Ἡρώδου βασιλείας, προσθήσειν δὲ τῇ διοικήσει τῇ Καίσαρος.  				
356	UNREVIEWED	UNREVIEWED	UNPLACED	UNASSESSED	NO_CASE_YET					τούτοις ἀναπεισθέντες οἱ Γαδαρεῖς οὐ μικρὰν καταβοὴν ἐποιήσαντο θράσει τοῦ μηδὲ τοὺς ὑπὸ Ἀγρίππα παραδοθέντας ἐν τιμωρίᾳ γενέσθαι διιέντος Ἡρώδου καὶ μηδὲν κακὸν εἰργασμένου: καὶ γὰρ εἴ τις καὶ ἄλλος ἐδόκει δυσπαραίτητος μὲν ἐπὶ τοῖς οἰκείοις, μεγαλόψυχος δὲ ἐπὶ τοῖς ἀλλοτρίοις ἁμαρτόντας ἀφιέναι.  				
357	UNREVIEWED	UNREVIEWED	UNPLACED	UNASSESSED	NO_CASE_YET					κατηγορούντων οὖν ὕβρεις καὶ ἁρπαγὰς καὶ κατασκαφὰς ἱερῶν ὁ μὲν Ἡρώδης ἀταρακτήσας ἕτοιμος ἦν εἰς τὴν ἀπολογίαν, ἐδεξιοῦτο δὲ Καῖσαρ αὐτὸν οὐδὲν ὑπὸ τῆς ταραχῆς τοῦ πλήθους μεταβαλὼν τῆς εὐνοίας.  				
358	UNREVIEWED	UNREVIEWED	UNPLACED	UNASSESSED	NO_CASE_YET					καὶ κατὰ μὲν τὴν πρώτην ἡμέραν οἱ περὶ τούτων ἐρρέθησαν λόγοι, ταῖς δ᾽ ἑξῆς οὐ προῆλθεν ἡ διάγνωσις: οἱ γὰρ Γαδαρεῖς ὁρῶντες τὴν ῥοπὴν αὐτοῦ τε Καίσαρος καὶ τοῦ συνεδρίου καὶ προσδοκήσαντες ὅπερ ἦν εἰκὸς ἐκδοθήσεσθαι τῷ βασιλεῖ, κατὰ φόβον αἰκίας οἱ μὲν ἀπέσφαττον αὑτοὺς ἐν τῇ νυκτί, τινὲς δὲ καθ᾽ ὕψους ἠφίεσαν, ἄλλοι δ᾽ εἰς τὸν ποταμὸν ἐμπίπτοντες ἑκοντὶ διεφθείροντο.  				
359	UNREVIEWED	UNREVIEWED	UNPLACED	UNASSESSED	NO_CASE_YET					ταῦτα δὲ ἐδόκει κατάγνωσις τῆς προπετείας καὶ ἁμαρτίας, ἔνθεν οὐδὲ μελλήσας ὁ Καῖσαρ ἀπέλυεν τῶν αἰτιῶν Ἡρώδην. ἐπισυμπίπτει δὲ οὐ μέτριον εὐτύχημα τοῖς ἤδη γεγονόσιν: ὁ γὰρ Ζηνόδωρος ῥαγέντος αὐτῷ τοῦ σπλάγχνου καὶ πολλοῦ κατὰ τὴν ἀσθένειαν ὑποχωροῦντος αἵματος ἐν Ἀντιοχείᾳ τῆς Συρίας ἐκλείπει τὸν βίον.  				
360	UNREVIEWED	UNREVIEWED	UNPLACED	UNASSESSED	NO_CASE_YET					Καῖσαρ δὲ καὶ τὴν τούτου μοῖραν οὐκ ὀλίγην οὖσαν Ἡρώδῃ δίδωσιν, ἣ μεταξὺ τοῦ Τράχωνος ἦν καὶ τῆς Γαλιλαίας, Οὐλάθαν καὶ Πανιάδα καὶ τὴν πέριξ χώραν. ἐγκαταμίγνυσιν δ᾽ αὐτὴν τοῖς ἐπιτροπεύουσιν τῆς Συρίας ἐντειλάμενος μετὰ τῆς ἐκείνου γνώμης τὰ πάντα ποιεῖν.  				
361	UNREVIEWED	UNREVIEWED	UNPLACED	UNASSESSED	NO_CASE_YET					τό τε σύνολον εἰς τοῦτο προῆλθεν εὐτυχίας, ὥστε δύο τούτων τὴν ἀρχὴν Ῥωμαίων διεπόντων τοσήνδε τὸ μέγεθος οὖσαν, Καίσαρος καὶ μετ᾽ αὐτὸν Ἀγρίππου, κατὰ τὴν πρὸς αὐτὸν εὔνοιαν Καῖσαρ μὲν οὐδένα μετὰ Ἀγρίππαν Ἡρώδου προετίμησεν, Ἀγρίππας δὲ μετὰ Καίσαρα πρῶτον ἀπεδίδου φιλίας τόπον Ἡρώδῃ.  				
362	UNREVIEWED	UNREVIEWED	UNPLACED	UNASSESSED	NO_CASE_YET					τοσαύτης δὲ ἐχόμενος παρρησίας τῷ μὲν ἀδελφῷ Φερώρᾳ παρὰ Καίσαρος ᾐτήσατο τετραρχίαν αὐτὸς ἀπονείμας ἐκ τῆς βασιλείας πρόσοδον ἑκατὸν ταλάντων, ὡς εἰ καί τι πάσχοι, τὰ κατ᾽ ἐκεῖνον ἀσφαλῶς ἔχειν καὶ μὴ τοὺς υἱεῖς αὐτῆς κρατεῖν.  				
363	UNREVIEWED	UNREVIEWED	UNPLACED	UNASSESSED	NO_CASE_YET					Καίσαρα δ᾽ ἐπὶ θάλατταν προπέμψας ὡς ἐπανῆκεν, ἐν τῇ Ζηνοδώρου περικαλλέστατον αὐτῷ ναὸν ἐγείρει πέτρας λευκῆς πλησίον τοῦ Πανίου καλουμένου.  				
364	UNREVIEWED	UNREVIEWED	UNPLACED	UNASSESSED	NO_CASE_YET					σπήλαιον ἐν ὄρει περικαλλές ἐστιν, ὑπ᾽ αὐτὸ δὲ γῆς ὀλίσθημα καὶ βάθος ἀπερρωγὸς ἄβατον ὕδατος ἀκινήτου πλέον, καθύπερθε δ᾽ ὄρος παμμέγεθες, ὑπὸ δὲ τὸ σπήλαιον ἀνατέλλουσιν αἱ πηγαὶ τοῦ Ἰορδάνου ποταμοῦ. τοῦτον ἐπισημότατον ὄντα τὸν τόπον καὶ τῷ ναῷ προσεκόσμησεν, ὃν ἀφιέρου Καίσαρι. 				
365	UNREVIEWED	UNREVIEWED	UNPLACED	UNASSESSED	NO_CASE_YET					Τότε καὶ τὸ τρίτον μέρος ἀφῆκε τῶν φόρων τοῖς ἐν τῇ βασιλείᾳ, πρόφασιν μὲν ὡς ἀναλάβοιεν ἐκ τῆς ἀφορίας, τὸ δὲ πλέον ἀνακτώμενος ἔχοντας δυσμενῶς: κατὰ γὰρ τὴν ἐξεργασίαν τῶν τοιούτων ἐπιτηδευμάτων ὡς ἂν λυομένης αὐτοῖς τῆς εὐσεβείας καὶ μεταπιπτόντων τῶν ἐθῶν χαλεπῶς ἔφερον, καὶ λόγοι δὲ πόντων ἐγίνοντο παροξυνομένων ἀεὶ καὶ ταραττομένων.  				
366	UNREVIEWED	UNREVIEWED	UNPLACED	UNASSESSED	NO_CASE_YET					ὁ δὲ καὶ πρὸς τὸ τοιοῦτον πολλὴν τὴν ἐπιμέλειαν ἐπῆγεν, ἀφαιρούμενος μὲν τὰς εὐκαιρίας, ἐπιτάττων δ᾽ ἀεὶ γίνεσθαι πρὸς τοῖς πόνοις, ἦν δ᾽ οὔτε σύνοδος ἐφειμένη τοῖς περὶ τὴν πόλιν οὔτε κοινωνία περιπάτου καὶ διαίτης, ἀλλ᾽ ἐτετήρητο τὰ πάντα. καὶ χαλεπαὶ τῶν φωραθέντων ἦσαν αἱ κολάσεις, πολλοί τε καὶ φανερῶς καὶ λεληθότως εἰς τὸ φρούριον ἀναγόμενοι τὴν Ὑρκανίαν ἐκεῖ διεφθείροντο, κἀν τῇ πόλει κἀν ταῖς ὁδοιπορίαις ἦσαν οἱ τοὺς συνιόντας εἰς ταὐτὸν ἐπισκοποῦντες.  				
367	UNREVIEWED	UNREVIEWED	UNPLACED	UNASSESSED	NO_CASE_YET					ἤδη δέ φασιν οὐδ᾽ αὐτὸν ἀμελεῖν τοῦ τοιούτου μέρους, ἀλλὰ πολλάκις ἰδιώτου σχῆμα λαμβάνοντα καταμίγνυσθαι νύκτωρ εἰς τοὺς ὄχλους, καὶ πεῖραν αὐτῶν, ἣν ἔχουσιν ὑπὲρ τῆς ἀρχῆς, λαμβάνειν.  				
368	UNREVIEWED	UNREVIEWED	UNPLACED	UNASSESSED	NO_CASE_YET					τοὺς μὲν οὖν παντάπασιν ἐξαυθαδιζομένους πρὸς τὸ μὴ συμπεριφέρεσθαι τοῖς ἐπιτηδεύμασιν πάντας ἐπεξῄει τοὺς τρόπους, τὸ δ᾽ ἄλλο πλῆθος ὅρκοις ἠξίου πρὸς τὴν πίστιν ὑπάγεσθαι καὶ συνηνάγκαζεν ἐνώμοτον αὐτῷ τὴν εὔνοιαν ἦ μὴν διαφυλάξειν ἐπὶ τῆς ἀρχῆς ὁμολογεῖν.  				
369	UNREVIEWED	UNREVIEWED	UNPLACED	UNASSESSED	NO_CASE_YET					οἱ μὲν οὖν πολλοὶ κατὰ θεραπείαν καὶ δέος εἶκον οἷς ἠξίου, τοὺς δὲ φρονήματος μεταποιουμένους καὶ δυσχεραίνοντας ἐπὶ τῷ καταναγκάζεσθαι πάντα τρόπον ἐκποδὼν ἐποιεῖτο.  				
370	UNREVIEWED	UNREVIEWED	UNPLACED	UNASSESSED	NO_CASE_YET					συνέπειθεν δὲ καὶ τοὺς περὶ Πολλίωνα τὸν Φαρισαῖον καὶ Σαμαίαν καὶ τῶν ἐκείνοις συνδιατριβόντων τοὺς πλείστους ὀμνύειν: οἱ δ᾽ οὔτε συνεχώρησαν οὔθ᾽ ὁμοίως τοῖς ἀρνησαμένοις ἐκολάσθησαν ἐντροπῆς διὰ τὸν Πολλίωνα τυχόντες.  				
371	UNREVIEWED	UNREVIEWED	UNPLACED	UNASSESSED	NO_CASE_YET					ἀφείθησαν δὲ ταύτης τῆς ἀνάγκης καὶ οἱ παρ᾽ ἡμῖν Ἐσσαῖοι καλούμενοι: γένος δὲ τοῦτ᾽ ἔστιν διαίτῃ χρώμενον τῇ παρ᾽ Ἕλλησιν ὑπὸ Πυθαγόρου καταδεδειγμένῃ.  				
372	UNREVIEWED	UNREVIEWED	UNPLACED	UNASSESSED	NO_CASE_YET					περὶ τούτων μὲν οὖν ἐν ἄλλοις σαφέστερον διέξειμι. τοὺς δὲ Ἐσσηνοὺς ἀφ᾽ οἵας αἰτίας ἐτίμα μεῖζόν τι φρονῶν ἐπ᾽ αὐτοῖς ἢ κατὰ τὴν θνητὴν φύσιν, εἰπεῖν ἄξιον: οὐ γὰρ ἀπρεπὴς ὁ λόγος φανεῖται τῷ τῆς ἱστορίας γένει παραδηλῶν καὶ τὴν ὑπὲρ τούτων ὑπόληψιν. 				
373	UNREVIEWED	UNREVIEWED	UNPLACED	UNASSESSED	NO_CASE_YET					Ἦν τις τῶν Ἐσσηνῶν Μανάημος ὄνομα καὶ τἆλλα κατὰ τὴν προαίρεσιν τοῦ βίου καλοκαγαθίαν μαρτυρούμενος καὶ πρόγνωσιν ἐκ θεοῦ τῶν μελλόντων ἔχων. οὗτος ἔτι παῖδα τὸν Ἡρώδην εἰς διδασκάλου φοιτῶντα κατιδὼν βασιλέα Ἰουδαίων προσηγόρευσεν.  				
374	UNREVIEWED	UNREVIEWED	UNPLACED	UNASSESSED	NO_CASE_YET					ὁ δ᾽ ἀγνοεῖν ἢ κατειρωνεύεσθαι νομίζων αὐτὸν ἀνεμίμνησκεν ἰδιώτης ὤν. Μανάημος δὲ μειδιάσας ἠρέμα καὶ τύπτων τῇ χειρὶ κατὰ τῶν γλουτῶν ‘ἀλλά τοι καὶ βασιλεύσεις, ἔφη, καὶ τὴν ἀρχὴν εὐδαιμόνως ἀπάξεις: ἠξίωσαι γὰρ ἐκ θεοῦ. καὶ μέμνησο τῶν Μαναήμου πληγῶν, ὥστε σοι καὶ τοῦτο σύμβολον εἶναι τῶν κατὰ τὴν τύχην μεταπτώσεων.  				
375	UNREVIEWED	UNREVIEWED	UNPLACED	UNASSESSED	NO_CASE_YET					ἄριστος γὰρ ὁ τοιοῦτος λογισμός, εἰ καὶ δικαιοσύνην ἀγαπήσειας καὶ πρὸς τὸν θεὸν εὐσέβειαν ἐπιείκειαν δὲ πρὸς τοὺς πολίτας: ἀλλ᾽ οὐ γὰρ οἶδά σε τοιοῦτον ἔσεσθαι τὸ πᾶν ἐπιστάμενος.  				
376	UNREVIEWED	UNREVIEWED	UNPLACED	UNASSESSED	NO_CASE_YET					εὐτυχίᾳ μὲν γὰρ ὅσον οὐκ ἄλλος διοίσεις καὶ τεύξῃ δόξης αἰωνίου, λήθην δ᾽ εὐσεβείας ἕξεις καὶ τοῦ δικαίου. ταῦτα δ᾽ οὐκ ἂν λάθοι τὸν θεὸν ἐπὶ τῇ καταστροφῇ τοῦ βίου τῆς ἀντ᾽ αὐτῶν ὀργῆς ἀπομνημονευομένης.’  				
377	UNREVIEWED	UNREVIEWED	UNPLACED	UNASSESSED	NO_CASE_YET					τούτοις αὐτίκα μὲν ἥκιστα τὸν νοῦν προσεῖχεν ἐλπίδι λειπόμενος αὐτῶν Ἡρώδης, κατὰ μικρὸν δὲ ἀρθεὶς ἕως καὶ τοῦ βασιλεύειν καὶ εὐτυχεῖν ἐν τῷ μεγέθει τῆς ἀρχῆς μεταπέμπεται τὸν Μανάημον καὶ περὶ τοῦ χρόνου πόσον ἄρξει διεπυνθάνετο.  				
378	UNREVIEWED	UNREVIEWED	UNPLACED	UNASSESSED	NO_CASE_YET					Μανάημος δὲ τὸ μὲν σύμπαν οὐκ εἶπεν: ὡς δὲ σιωπῶντος αὐτοῦ, μόνον εἰ δέκα γενήσονται βασιλείας ἐνιαυτοὶ προσεπύθετο καὶ εἴκοσι καὶ τριάκοντα εἰπὼν τὸν ὅρον οὐκ ἐπέθηκε τῷ τέλει τῆς προθεσμίας, Ἡρώδης δὲ καὶ τούτοις ἀρκεσθεὶς τόν τε Μανάημον ἀφῆκεν δεξιωσάμενος καὶ πάντας ἀπ᾽ ἐκείνου τοὺς Ἐσσηνοὺς τιμῶν διετέλει.  				
379	UNREVIEWED	UNREVIEWED	UNPLACED	UNASSESSED	NO_CASE_YET					ταῦτα μὲν οὖν εἰ καὶ παράδοξα δηλῶσαι τοῖς ἐντυγχάνουσιν ἠξιώσαμεν καὶ περὶ τῶν παρ᾽ ἡμῖν ἐμφῆναι, διότι πολλοὶ διὰ τοιούτων ὑπὸ καλοκαγαθίας καὶ τῆς τῶν θείων ἐμπειρίας ἀξιοῦνται. 				
380	UNREVIEWED	UNREVIEWED	UNPLACED	UNASSESSED	NO_CASE_YET					Τότε δ᾽ οὖν ὀκτωκαιδεκάτου τῆς Ἡρώδου βασιλείας γεγονότος ἐνιαυτοῦ μετὰ τὰς προειρημένας πράξεις ἔργον οὐ τὸ τυχὸν ἐπεβάλετο, τὸν νεὼν τοῦ θεοῦ δι᾽ αὐτοῦ κατασκευάσασθαι μείζω τε τὸν περίβολον καὶ πρὸς ὕψος ἀξιοπρεπέστερον ἐγείρειν, ἡγούμενος ἁπάντων αὐτῷ τῶν πεπραγμένων περισημότερον, ὥσπερ ἦν, ἐκτελεσθήσεσθαι τοῦτο καὶ πρὸς αἰώνιον μνήμην ἀρκέσειν.  				
381	UNREVIEWED	UNREVIEWED	UNPLACED	UNASSESSED	NO_CASE_YET					οὐχ ἕτοιμον δὲ τὸ πλῆθος ἐπιστάμενος οὐδὲ ῥᾴδιον ἔσεσθαι πρὸς τὸ μέγεθος τῆς ἐπιχειρήσεως ἠξίου λόγῳ προκαταστησάμενος ἐγχειρῆσαι τῷ παντί, καὶ συγκαλέσας αὐτοὺς ἔλεγε τοιάδε:  				
382	UNREVIEWED	UNREVIEWED	UNPLACED	UNASSESSED	NO_CASE_YET					‘τὰ μὲν ἄλλα μοι τῶν κατὰ τὴν βασιλείαν πεπραγμένων, ἄνδρες ὁμόφυλοι, περισσὸν ὑπολαμβάνω λέγειν. καίτοι τοῦτον ἐγένετο τὸν τρόπον, ὡς ἐλάττω μὲν ἐμοὶ τὸν ἀπ᾽ αὐτῶν κόσμον, πλείω δὲ ὑμῖν τὴν ἀσφάλειαν φέρειν.  				
383	UNREVIEWED	UNREVIEWED	UNPLACED	UNASSESSED	NO_CASE_YET					οὔτε γὰρ ἐν τοῖς δυσχερεστάτοις ἀμελήσας τῶν εἰς τὰς ὑμετέρας χρείας διαφερόντων οὔτε ἐν τοῖς κατασκευάσμασιν ἐπιτηδεύσας ἐμαυτῷ μᾶλλον ἢ καὶ πᾶσιν ὑμῖν τὸ ἀνεπηρέαστον, οἶμαι σὺν τῇ τοῦ θεοῦ βουλήσει πρὸς εὐδαιμονίαν ὅσον οὐ πρότερον ἀγηοχέναι τὸ Ἰουδαίων ἔθνος.  				
384	UNREVIEWED	UNREVIEWED	UNPLACED	UNASSESSED	NO_CASE_YET					τὰ μὲν οὖν κατὰ μέρος ἐξεργασθέντα περὶ τὴν χώραν καὶ πόλεις ὅσας ἐν αὐτῇ καὶ τοῖς ἐπικτήτοις ἐγείραντες κόσμῳ τῷ καλλίστῳ τὸ γένος ἡμῶν ηὐξήσαμεν, περίεργά μοι δοκεῖ λέγειν εἰδόσιν. τὸ δὲ τῆς ἐπιχειρήσεως, ᾗ νῦν ἐπιχειρεῖν ἐπιβάλλομαι, παντὸς εὐσεβέστατον καὶ κάλλιστον ἐφ᾽ ἡμῶν γενέσθαι νῦν ἐκφανῶ:  				
385	UNREVIEWED	UNREVIEWED	UNPLACED	UNASSESSED	NO_CASE_YET					τὸν γὰρ ναὸν τοῦτον ᾠκοδόμησαν μὲν τῷ μεγίστῳ θεῷ πατέρες ἡμέτεροι μετὰ τὴν ἐκ Βαβυλῶνος ἐπάνοδον, ἐνδεῖ δ᾽ αὐτῷ πρὸς τὸ μέγεθος εἰς ὕψος ἑξήκοντα πήχεις: τοσοῦτον γὰρ ὑπερεῖχεν ὁ πρῶτος ἐκεῖνος, ὃν Σολομῶν ἀνῳκοδόμησεν.  				
386	UNREVIEWED	UNREVIEWED	UNPLACED	UNASSESSED	NO_CASE_YET					καὶ μηδεὶς ἀμέλειαν εὐσεβείας τῶν πατέρων καταγνώτω: γέγονεν γὰρ οὐ παρ᾽ ἐκείνους ἐλάττων ὁ ναός, ἀλλὰ ταῦτα καὶ Κῦρος καὶ Δαρεῖος ὁ Ὑστάσπου τὰ μέτρα τῆς δομήσεως ἔδοσαν, οἷς ἐκεῖνοι καὶ τοῖς ἀπογόνοις δουλεύσαντες καὶ μετ᾽ ἐκείνους Μακεδόσιν οὐκ ἔσχον εὐκαιρίαν τὸ πρῶτον τῆς εὐσεβείας ἀρχέτυπον εἰς ταὐτὸν ἀναγαγεῖν μέγεθος.  				
387	UNREVIEWED	UNREVIEWED	UNPLACED	UNASSESSED	NO_CASE_YET					ἐπειδὴ δὲ νῦν ἐγὼ μὲν ἄρχω θεοῦ βουλήσει, περίεστιν δὲ καὶ μῆκος εἰρήνης καὶ κτῆσις χρημάτων καὶ μέγεθος προσόδων, τὸ δὲ μέγιστον φίλοι καὶ δι᾽ εὐνοίας οἱ πάντων ὡς ἔπος εἰπεῖν κρατοῦντες Ῥωμαῖοι, πειράσομαι τὸ παρημελημένον ἀνάγκῃ καὶ δουλείᾳ τοῦ πρότερον χρόνου διορθούμενος τελείαν ἀποδοῦναι τῷ θεῷ τὴν ἀνθ᾽ ὧν ἔτυχον τῆσδε τῆς βασιλείας εὐσέβειαν.’ 				
388	UNREVIEWED	UNREVIEWED	UNPLACED	UNASSESSED	NO_CASE_YET					Ὁ μὲν Ἡρώδης ταῦτ᾽ εἶπεν, ἐξέπληξε δὲ τοὺς πολλοὺς ὁ λόγος παρὰ δόξαν ἐμπεσών. καὶ τὸ μὲν τῆς ἐλπίδος ἄπιστον οὐκ ἐπήγειρεν αὐτούς, ἠδημόνουν δέ, μὴ φθάσας καταλῦσαι τὸ πᾶν ἔργον οὐκ ἐξαρκέσει πρὸς τέλος ἀγαγεῖν τὴν προαίρεσιν: ὅ τε κίνδυνος αὐτοῖς μείζων ἐφαίνετο καὶ δυσεγχείρητον ἐδόκει τὸ μέγεθος τῆς ἐπιβολῆς.  				
389	UNREVIEWED	UNREVIEWED	UNPLACED	UNASSESSED	NO_CASE_YET					οὕτως δ᾽ αὐτῶν διακειμένων παρεθάρρυνεν ὁ βασιλεύς, οὐ πρότερον καθαιρήσειν φάμενος τὸν ναὸν μὴ πάντων αὐτῷ τῶν εἰς συντέλειαν παρεσκευασμένων. καὶ ταῦτα προειπὼν οὐκ ἐψεύσατο:  				
390	UNREVIEWED	UNREVIEWED	UNPLACED	UNASSESSED	NO_CASE_YET					χιλίας γὰρ εὐτρεπίσας ἁμάξας, αἳ βαστάσουσι τοὺς λίθους, ἐργάτας δὲ μυρίους τοὺς ἐμπειροτάτους ἐπιλεξάμενος καὶ ἱερεῦσιν τὸν ἀριθμὸν χιλίοις ἱερατικὰς ὠνησάμενος στολάς, καὶ τοὺς μὲν διδάξας οἰκοδόμους, ἑτέρους δὲ τέκτονας, ἥπτετο τῆς κατασκευῆς ἁπάντων αὐτῷ προθύμως προευτρεπισμένων. 				
391	UNREVIEWED	UNREVIEWED	UNPLACED	UNASSESSED	NO_CASE_YET					Ἀνελὼν δὲ τοὺς ἀρχαίους θεμελίους καὶ καταβαλόμενος ἑτέρους ἐπ᾽ αὐτῶν ναὸν ἤγειρεν μήκει μὲν ἑκατὸν ὄντα πηχῶν, τὸ δ᾽ ὕψος εἴκοσι περιττοῖς, οὓς τῷ χρόνῳ συνιζησάντων τῶν θεμελίων ὑπέβη. καὶ τοῦτο μὲν κατὰ τοὺς Νέρωνος καιροὺς ἐπεγείρειν ἐγνώκειμεν.  				
392	UNREVIEWED	UNREVIEWED	UNPLACED	UNASSESSED	NO_CASE_YET					ᾠκοδομήθη δὲ ὁ ναὸς ἐκ λίθων λευκῶν τε καὶ κραταιῶν τὸ μέγεθος ἑκάστων περὶ πέντε καὶ εἴκοσι πήχεις ἐπὶ μῆκος, ὀκτὼ δὲ ὕψος, εὖρος δὲ περὶ δώδεκα.  				
393	UNREVIEWED	UNREVIEWED	UNPLACED	UNASSESSED	NO_CASE_YET					καὶ παντὸς αὐτοῦ καθότι καὶ τῆς βασιλείου στοᾶς τὸ μὲν ἔνθεν καὶ ἔνθεν ταπεινότατον, ὑψηλότατον δὲ τὸ μεσαίτατον, ὡς περίοπτον ἐκ πολλῶν σταδίων εἶναι τοῖς τὴν χώραν νεμομένοις, μᾶλλον δ᾽ εἴ τινες κατ᾽ ἐναντίον οἰκοῦντες ἢ προσιόντες τύχοιεν.  				
394	UNREVIEWED	UNREVIEWED	UNPLACED	UNASSESSED	NO_CASE_YET					θύρας δὲ ἐπὶ τῆς εἰσόδου σὺν τοῖς ὑπερθυρίοις ἴσον ἐχούσας τῷ ναῷ ποικίλοις ἐμπετάσμασιν κεκόσμητο, τὰ μὲν ἄνθη ἁλουργέσιν, κίονας δὲ ἐνυφασμένους.  				
395	UNREVIEWED	UNREVIEWED	UNPLACED	UNASSESSED	NO_CASE_YET					καθύπερθε δ᾽ αὐτῶν ὑπὸ τοῖς τριχώμασιν ἄμπελος διετέτατο χρυσῆ τοὺς βότρυας ἀπαιωρουμένους ἔχουσα, θαῦμα καὶ τοῦ μεγέθους καὶ τῆς τέχνης τοῖς ἰδοῦσιν, οἷον ἐν πολυτελείᾳ τῆς ὕλης τὸ κατασκευασθὲν ἦν.  				
396	UNREVIEWED	UNREVIEWED	UNPLACED	UNASSESSED	NO_CASE_YET					περιελάμβανεν δὲ καὶ στοαῖς μεγίσταις τὸν ναὸν ἅπαντα πρὸς τὴν ἀναλογίαν ἐπιτηδεύων καὶ τὰς δαπάνας τῶν πρὶν ὑπερβαλλόμενος, ὡς οὐκ ἄλλος τις δοκεῖ ἐπικεκοσμηκέναι τὸν ναόν. ἄμφω δ᾽ ἦσαν μετὰ τοῦ τείχους, αὐτὸ δὲ τὸ τεῖχος ἔργον μέγιστον ἀνθρώποις ἀκουσθῆναι.  				
397	UNREVIEWED	UNREVIEWED	UNPLACED	UNASSESSED	NO_CASE_YET					λόφος ἦν πετρώδης ἀνάντης ἠρέμα πρὸς τοῖς ἑῴοις μέρεσιν τῆς πόλεως ὑπτιούμενος ἐπὶ τὴν κορυφὴν ἄκραν.  				
398	UNREVIEWED	UNREVIEWED	UNPLACED	UNASSESSED	NO_CASE_YET					τοῦτον ὁ πρῶτος ἡμῶν βασιλεὺς Σολομῶν κατ᾽ ἐπιφροσύνην μεγάλαις ἐργασίαις ἀπετείχιζεν τὰ περὶ τὴν ἄκραν ἄνωθεν, ἀπετείχιζεν δὲ κάτωθεν ἀπὸ τῆς ῥίζης ἀρχόμενος, ἣν βαθεῖα περιθεῖ φάραγξ ἠλιβάτοις πέτραις μολίβδῳ δεδεμέναις πρὸς ἀλλήλας, ἀπολαμβάνων αἰεί τι τῆς ἔσω χώρας καὶ προβαίνων εἰς βάθος,  				
399	UNREVIEWED	UNREVIEWED	UNPLACED	UNASSESSED	NO_CASE_YET					ὥστ᾽ ἄπειρον εἶναι τό τε μέγεθος τῆς δομῆς καὶ τὸ ὕψος τετραγώνου γεγενημένης, ὡς τὰ μὲν μεγέθη τῶν λίθων ἀπὸ μετώπου κατὰ τὴν ἐπιφάνειαν ὁρᾶσθαι, τὰ δ᾽ ἐντὸς σιδήρῳ διησφαλισμένα συνέχειν τὰς ἁρμογὰς ἀκινήτους τῷ παντὶ χρόνῳ.  				
400	UNREVIEWED	UNREVIEWED	UNPLACED	UNASSESSED	NO_CASE_YET					τῆς δ᾽ ἐργασίας οὕτω συναπτούσης εἰς ἄκρον τὸν λόφον ἀπεργασάμενος αὐτοῦ τὴν κορυφὴν καὶ τὰ κοῖλα τῶν περὶ τὸ τεῖχος ἐμπλήσας ἰσόπεδον τοῖς κατὰ τὴν ἐπιφάνειαν τὴν ἄνω καὶ λεῖον ἐποίησεν. τοῦτ᾽ ἦν τὸ πᾶν περίβολος τεττάρων σταδίων τὸν κύκλον ἔχων, ἑκάστης γωνίας στάδιον μῆκος ἀπολαμβανούσης.  				
401	UNREVIEWED	UNREVIEWED	UNPLACED	UNASSESSED	NO_CASE_YET					ἐνδοτέρω δὲ τούτου καὶ παρ᾽ αὐτὴν τὴν ἄκραν ἄλλο τεῖχος ἄνω λίθινον περιθεῖ, κατὰ μὲν ἑῴαν ῥάχιν ἰσομήκη τῷ τείχει στοὰν ἔχον διπλῆν, ἐν μέσῳ τοῦ νεὼ τετυχηκότος ἀφορῶσαν εἰς τὰς θύρας αὐτοῦ.  				
402	UNREVIEWED	UNREVIEWED	UNPLACED	UNASSESSED	NO_CASE_YET					ταύτην πολλοὶ βασιλεῖς οἱ πρόσθεν κατεσκεύασαν. τοῦ δ᾽ ἱεροῦ παντὸς ἦν ἐν κύκλῳ πεπηγμένα σκῦλα βαρβαρικά, καὶ ταῦτα πάντα βασιλεὺς Ἡρώδης ἀνέθηκεν προσθεὶς ὅσα καὶ τῶν Ἀράβων ἔλαβεν. 				
403	UNREVIEWED	UNREVIEWED	UNPLACED	UNASSESSED	NO_CASE_YET					Κατὰ δὲ τὴν βόρειον πλευρὰν ἀκρόπολις ἐγγώνιος εὐερκὴς ἐτετείχιστο διάφορος ἐχυρότητι. ταύτην οἱ πρὸ Ἡρώδου τοῦ Ἀσαμωναίων γένους βασιλεῖς καὶ ἀρχιερεῖς ᾠκοδόμησαν καὶ βᾶριν ἐκάλεσαν, ὡς ἐκεῖ τὴν ἱερατικὴν αὐτοῖς ἀποκεῖσθαι στολήν, ἣν ὅταν δέῃ θύειν τότε μόνον ὁ ἀρχιερεὺς ἀμφιέννυται.  				
404	UNREVIEWED	UNREVIEWED	UNPLACED	UNASSESSED	NO_CASE_YET					ταύτην Ἡρώδης ὁ βασιλεὺς ἐφύλαξεν ἐν τῷ τόπῳ καὶ μετὰ τὴν ἐκείνου τελευτὴν ὑπὸ Ῥωμαίοις ἦν μέχρι τῶν Τιβερίου Καίσαρος χρόνων.  				
405	UNREVIEWED	UNREVIEWED	UNPLACED	UNASSESSED	NO_CASE_YET					ἐπὶ τούτου δὲ Οὐιτέλλιος ὁ τῆς Συρίας ἡγεμὼν ἐπιδημήσας τοῖς Ἱεροσολύμοις, δεξαμένου τοῦ πλήθους αὐτὸν λαμπρότατα πάνυ θέλων αὐτοὺς τῆς εὐποιίας ἀμείψασθαι, ἐπεὶ παρεκάλεσαν τὴν ἱερὰν στολὴν ὑπὸ τὴν αὐτῶν ἐξουσίαν ἔχειν, ἔγραψεν περὶ τούτων Τιβερίῳ Καίσαρι κἀκεῖνος ἐπέτρεψεν, καὶ παρέμεινεν ἡ ἐξουσία τῆς στολῆς τοῖς Ἰουδαίοις μέχρις ἐτελεύτησεν ὁ βασιλεὺς Ἀγρίππας.  				
406	UNREVIEWED	UNREVIEWED	UNPLACED	UNASSESSED	NO_CASE_YET					μετὰ τοῦτον δὲ Κάσσιος Λογγῖνος ὁ τὴν Συρίαν τότε διοικῶν καὶ Κούσπιος Φᾶδος ὁ τῆς Ἰουδαίας ἐπίτροπος κελεύουσιν τοὺς Ἰουδαίους εἰς τὴν Ἀντωνίαν καταθέσθαι τὴν στολήν: Ῥωμαίους γὰρ αὐτῆς εἶναι δεῖν κυρίους, καθὼς καὶ πρότερον ἦσαν.  				
407	UNREVIEWED	UNREVIEWED	UNPLACED	UNASSESSED	NO_CASE_YET					πέμπουσιν οὖν Ἰουδαῖοι πρέσβεις πρὸς Κλαύδιον Καίσαρα περὶ τούτων παρακαλέσοντας. ὧν ἀναβάντων ὁ νεώτερος βασιλεὺς Ἀγρίππας ἐν Ῥώμῃ τυγχάνων αἰτησάμενος παρὰ τοῦ αὐτοκράτορος τὴν ἐξουσίαν ἔλαβεν ἐντειλαμένου Οὐιτελλίῳ τῷ τῆς Συρίας ἀντιστρατήγῳ.  				
408	UNREVIEWED	UNREVIEWED	UNPLACED	UNASSESSED	NO_CASE_YET					πρότερον δ᾽ ἦν ὑπὸ σφραγῖδα τοῦ ἀρχιερέως καὶ τῶν γαζοφυλάκων, καὶ πρὸ μιᾶς ἡμέρας τῆς ἑορτῆς ἐπὶ τὸν Ῥωμαίων φρούραρχον ἀναβαίνοντες οἱ γαζοφύλακες καὶ καταμανθάνοντες τὴν ἑαυτῶν σφραγῖδα τὴν στολὴν ἐλάμβανον. εἶτ᾽ αὖθις τῆς ἑορτῆς παρελθούσης εἰς τὸν αὐτὸν κομίσαντες τόπον καὶ τῷ φρουράρχῳ δείξαντες σύμφωνον τὴν σφραγῖδα κατετίθεντο.  				
409	UNREVIEWED	UNREVIEWED	UNPLACED	UNASSESSED	NO_CASE_YET					ταῦτα μὲν οὖν ὑπὸ τοῦ πάθους τῶν ἐπισυμβεβηκότων παρεδηλώθη. τότε δ᾽ οὖν ὁ τῶν Ἰουδαίων βασιλεὺς Ἡρώδης καὶ ταύτην τὴν βᾶριν ὀχυρωτέραν κατασκευάσας ἐπ᾽ ἀσφαλείᾳ καὶ φυλακῇ τοῦ ἱεροῦ, χαριζόμενος Ἀντωνίῳ φίλῳ μὲν αὐτοῦ Ῥωμαίων δὲ ἄρχοντι προσηγόρευσεν Ἀντωνίαν. 				
410	UNREVIEWED	UNREVIEWED	UNPLACED	UNASSESSED	NO_CASE_YET					Ἐν δὲ τοῖς ἑσπερίοις μέρεσιν τοῦ περιβόλου πύλαι τέτταρες ἐφέστασαν, ἡ μὲν εἰς τὰ βασίλεια τείνουσα τῆς ἐν μέσῳ φάραγγος εἰς δίοδον ἀπειλημμένης, αἱ δύο δὲ εἰς τὸ προάστειον, ἡ λοιπὴ δ᾽ εἰς τὴν ἄλλην πόλιν βαθμίσιν πολλαῖς κάτω τε εἰς τὴν φάραγγα διειλημμένη καὶ ἀπὸ ταύτης ἄνω πάλιν ἐπὶ τὴν πρόσβασιν: ἄντικρυς γὰρ ἡ πόλις ἔκειτο τοῦ ἱεροῦ θεατροειδὴς οὖσα περιεχομένη βαθείᾳ φάραγγι κατὰ πᾶν τὸ νότιον κλίμα.  				
411	UNREVIEWED	UNREVIEWED	UNPLACED	UNASSESSED	NO_CASE_YET					τὸ δὲ τέταρτον αὐτοῦ μέτωπον τὸ πρὸς μεσημβρίαν εἶχε μὲν καὶ αὐτὸ πύλας κατὰ μέσον, ἐπ᾽ αὐτοῦ δὲ τὴν βασίλειον στοὰν τριπλῆν κατὰ μῆκος διιοῦσαν ἀπὸ τῆς ἑῴας φάραγγος ἐπὶ τὴν ἑσπέριον: οὐ γὰρ ἦν ἐκτεῖναι προσωτέρω δυνατόν.  				
412	UNREVIEWED	UNREVIEWED	UNPLACED	UNASSESSED	NO_CASE_YET					ἔργον δ᾽ ἦν ἀξιαφηγητότατον τῶν ὑφ᾽ ἡλίῳ: μεγάλου γὰρ ὄντος τοῦ τῆς φάραγγος ἀναλήμματος καὶ οὐδ᾽ ἀνεκτοῦ κατιδεῖν, εἴ τις ἄνωθεν εἰς τὸν βυθὸν εἰσκύπτοι, παμμέγεθες ὕψος ἐν αὐτῷ τὸ τῆς στοᾶς ἀνέστηκεν, ὡς εἴ τις ἀπ᾽ ἄκρου τοῦ ταύτης τέγους ἄμφω συντιθεὶς τὰ βάθη διοπτεύοι, σκοτοδινιᾶν οὐκ ἐξικνουμένης τῆς ὄψεως εἰς ἀμέτρητον τὸν βυθόν.  				
413	UNREVIEWED	UNREVIEWED	UNPLACED	UNASSESSED	NO_CASE_YET					κίονες δ᾽ ἐφέστασαν κατ᾽ ἀντίστοιχον ἀλλήλοις ἐπὶ μῆκος τέτραχα, συνεδέδετο γὰρ ὁ τέταρτος στοῖχος λιθοδομήτῳ τείχει, καὶ πάχος ἦν ἑκάστου κίονος εἰς τρεῖς ἐπισυναπτόντων ἀλλήλοις τὰς ὀργυιὰς περιλαβεῖν, μῆκος δὲ ποδῶν ἑπτὰ καὶ εἴκοσι διπλῆς σπείρας ὑπειλημένης.  				
414	UNREVIEWED	UNREVIEWED	UNPLACED	UNASSESSED	NO_CASE_YET					πλῆθος δὲ συμπάντων δύο καὶ ἑξήκοντα καὶ ἑκατὸν κιονοκράνων αὐτοῖς κατὰ τὸν Κορίνθιον τρόπον ἐπεξειργασμένων γλυφαῖς ἔκπληξιν ἐμποιούσαις διὰ τὴν τοῦ παντὸς μεγαλουργίαν.  				
415	UNREVIEWED	UNREVIEWED	UNPLACED	UNASSESSED	NO_CASE_YET					τεττάρων δὲ στίχων ὄντων τρεῖς ἀπολαμβάνουσι τὰς διὰ μέσου χώρας ταῖς στοαῖς. τῶν δὲ αἱ μὲν δύο παράλληλοι τὸν αὐτὸν γεγόνασι τρόπον, εὖρος ἑκατέρας πόδες τριάκοντα, μῆκος δὲ στάδιον, ὕψος δὲ πόδες ὑπὲρ πεντήκοντα: τῆς δὲ μέσης εὖρος μὲν ἡμιόλιον, ὕψος δὲ διπλάσιον: ἀνεῖχεν γὰρ πλεῖστον παρὰ τὰς ἑκατέρωθεν.  				
416	UNREVIEWED	UNREVIEWED	UNPLACED	UNASSESSED	NO_CASE_YET					αἱ δ᾽ ὀροφαὶ ξύλοις ἐξήσκηντο γλυφαῖς πολυτρόποις σχημάτων ἰδέαις, καὶ τὸ τῆς μέσης βάθος ἐπὶ μεῖζον ἠγείρετο περιδεδομημένου τοῖς ἐπιστυλίοις προμετωπιδίου τοίχου κίονας ἔχοντος ἐνδεδομημένους καὶ ξεστοῦ παντὸς ὄντος, ὡς ἄπιστα τοῖς οὐκ εἰδόσιν καὶ σὺν ἐκπλήξει θεατὰ τοῖς ἐντυγχάνουσιν εἶναι.  				
417	UNREVIEWED	UNREVIEWED	UNPLACED	UNASSESSED	NO_CASE_YET					τοιοῦτος μὲν ὁ πρῶτος περίβολος ἦν. ἐν μέσῳ δὲ ἀπέχων οὐ πολὺ δεύτερος, προσβατὸς βαθμίσιν ὀλίγαις, ὃν περιεῖχεν ἑρκίον λιθίνου δρυφάκτου γραφῇ κωλῦον εἰσιέναι τὸν ἀλλοεθνῆ θανατικῆς ἀπειλουμένης τῆς ζημίας.  				
418	UNREVIEWED	UNREVIEWED	UNPLACED	UNASSESSED	NO_CASE_YET					εἶχεν δ᾽ ὁ μὲν ἐντὸς περίβολος κατὰ μὲν τὸ νότιον καὶ βόρειον κλίμα τριστοίχους πυλῶνας ἀλλήλων διεστῶτας, κατὰ δὲ ἡλίου βολὰς ἕνα τὸν μέγαν, δι᾽ οὗ παρῄειμεν ἁγνοὶ μετὰ γυναικῶν.  				
419	UNREVIEWED	UNREVIEWED	UNPLACED	UNASSESSED	NO_CASE_YET					ἐσωτέρω δὲ κἀκείνου γυναιξὶν ἄβατον ἦν τὸ ἱερόν. ἐκείνου δ᾽ ἐνδοτέρω τρίτον, ὅπου τοῖς ἱερεῦσιν εἰσελθεῖν ἐξὸν ἦν μόνοις. ὁ ναὸς ἐν τούτῳ καὶ πρὸ αὐτοῦ βωμὸς ἦν, ἐφ᾽ οὗ τὰς θυσίας ὡλοκαυτοῦμεν τῷ θεῷ.  				
420	UNREVIEWED	UNREVIEWED	UNPLACED	UNASSESSED	NO_CASE_YET					τούτων εἰς οὐδένα τῶν τριῶν ὁ βασιλεὺς Ἡρώδης παρῆλθεν: ἐκεκώλυτο γὰρ οὐκ ὢν ἱερεύς. ἀλλὰ κἀν τοῖς ἔργοις τὰ περὶ τὰς στοὰς καὶ τοὺς ἔξω περιβόλους ἐπραγματεύετο καὶ ταῦτ᾽ ᾠκοδόμησεν ἔτεσιν ὀκτώ. 				
421	UNREVIEWED	UNREVIEWED	UNPLACED	UNASSESSED	NO_CASE_YET					Τοῦ δὲ ναοῦ διὰ τῶν ἱερέων οἰκοδομηθέντος ἐνιαυτῷ καὶ μησὶν πέντε ἅπας ὁ λαὸς ἐπληρώθη χαρᾶς καὶ τοῦ τάχους πρῶτον μὲν τῷ θεῷ τὰς εὐχαριστηρίους ἐποιοῦντο, μετὰ δὲ καὶ τῆς προθυμίας τοῦ βασιλέως ἑορτάζοντες καὶ κατευφημοῦντες τὴν ἀνάκτισιν.  				
422	UNREVIEWED	UNREVIEWED	UNPLACED	UNASSESSED	NO_CASE_YET					ὁ δὲ βασιλεὺς τριακοσίους ἔθυσε τῷ θεῷ βοῦς καὶ τῶν ἄλλων οἱ κατὰ δύναμιν, ὧν οὐχ οἷόν τε τὸν ἀριθμὸν εἰπεῖν: ἐκφεύγει γὰρ τὸ δύνασθαι πρὸς ἀλήθειαν εἰπεῖν:  				
423	UNREVIEWED	UNREVIEWED	UNPLACED	UNASSESSED	NO_CASE_YET					συνεπεπτώκει γὰρ τῇ προθεσμίᾳ τοῦ περὶ τὸν ναὸν ἔργου καὶ τὴν ἡμέραν τῷ βασιλεῖ τῆς ἀρχῆς, ἣν ἐξ ἔθους ἑώρταζον, ἐς ταὐτὸν ἐλθεῖν, καὶ περισημοτάτην ἐξ ἀμφοῖν τὴν ἑορτὴν γενέσθαι. 				
424	UNREVIEWED	UNREVIEWED	UNPLACED	UNASSESSED	NO_CASE_YET					Κατεσκευάσθη δὲ καὶ κρυπτὴ διώρυξ τῷ βασιλεῖ, φέρουσα μὲν ἀπὸ τῆς Ἀντωνίας μέχρι τοῦ ἔσωθεν ἱεροῦ πρὸς τὴν ἀνατολικὴν θύραν, ἐφ᾽ ἧς αὐτῷ καὶ πύργον κατεσκεύασεν, ἵν᾽ ἔχῃ διὰ τῶν ὑπογέων εἰς αὐτὸν ἀνιέναι, τὸν ἐκ τοῦ δήμου νεωτερισμὸν ἐπὶ τοῖς βασιλεῦσι φυλαττόμενος.  				
425	VISUALLY_REVIEWED_TERMINAL_IDENTITY_AND_NARRATIVE_END	UNREVIEWED	UNPLACED	UNASSESSED	NO_CASE_YET					λέγεται δὲ κατ᾽ ἐκεῖνον τὸν καιρὸν οἰκοδομουμένου τοῦ ναοῦ τὰς μὲν ἡμέρας οὐχ ὕειν, ἐν δὲ ταῖς νυξὶ γίνεσθαι τοὺς ὄμβρους, ὡς μὴ κωλυσιεργεῖν. καὶ τοῦτον τὸν λόγον οἱ πατέρες ἡμῖν παρέδωκαν, οὐδ᾽ ἐστὶν ἄπιστον, εἰ καὶ πρὸς τὰς ἄλλας ἀπίδοι τις ἐμφανείας τοῦ θεοῦ. τὰ μὲν οὖν περὶ τὸν ναὸν ἐξῳκοδομήθη τοῦτον τὸν τρόπον.				evidence/Niese-III-PDF481.jpg
