section	Greek print	Latin review	placement	correspondence	editorial	paragraph	text/tail path	Unicode node offset	raw UTF8 byte	Greek text	Latin left context	Latin right context	reason	image
1	VISUALLY_REVIEWED_IDENTITY_AND_CLAUSE_CONTEXT	INDIVIDUALLY_REVIEWED	RETAIN_EXISTING_NUM	PRESENT	ROUTINE_SOURCE_SUPPORTED	latin-book14-num1	/TEI[1]/text[1]/body[1]/div1[1]/argument[1]/floatingText[1]/body[1]/div1[1]/div2[1]/p[1]/cb[1]/tail()	1	10611	Τῶν δὲ περὶ Ἀλεξάνδραν τὴν βασίλισσαν καὶ τὸν θάνατον αὐτῆς ἐν τῇ πρὸ ταύτης ἡμῖν βίβλῳ δεδηλωμένων τὰ τούτοις ἀκόλουθα καὶ προσεχῆ νῦν ἐροῦμεν, οὐκ ἄλλου τινὸς ἢ τοῦ μηδὲν παραλιπεῖν τῶν πραγμάτων ἢ δι᾽ ἄγνοιαν ἢ διὰ κάματον τῆς μνήμης προμηθούμενοι.  	  	Alexandrae reginae morte in superiore uolumine demonstrata sequentia referamus, nihil aliud festinantes, nisi minime quicquam digestis rebus memoriae prouidendo praeterire, nam qui conscribunt historias et res ueteres indicant, oportet eos 	Opening account refers back to Alexandra's death, then promises the succeeding events; the chronological contents conclusion is outside the Greek narrative.	evidence/Niese-III-detail-PDF311.jpg
2	VISUALLY_REVIEWED_IDENTITY_AND_CLAUSE_CONTEXT	INDIVIDUALLY_REVIEWED	ADD_INTERNAL_NIESE_MILESTONE	PRESENT	ROUTINE_SOURCE_SUPPORTED	latin-book14-num1	/TEI[1]/text[1]/body[1]/div1[1]/argument[1]/floatingText[1]/body[1]/div1[1]/div2[1]/p[1]/cb[1]/tail()	174	10784	τὴν γὰρ ἱστορίαν καὶ τὴν μήνυσιν τῶν ἀγνοουμένων τοῖς πολλοῖς πραγμάτων διὰ τὴν ἀρχαιότητα δεῖ μὲν καὶ τὸ τῆς ἀπαγγελίας κάλλος, ὅσον δὴ τοῦτ᾽ ἔστιν ἔκ τε τῶν ὀνομάτων καὶ τῆς τούτων ἁρμονίας καὶ ὅσα πρὸς τούτοις συμβάλλεται κόσμον τῷ λόγῳ,  	ine demonstrata sequentia referamus, nihil aliud festinantes, nisi minime quicquam digestis rebus memoriae prouidendo praeterire, 	nam qui conscribunt historias et res ueteres indicant, oportet eos propter antiquitatem narrationi decus inponere, uel explanationi rerum studere propter legentes, quatinus cum aliqua gratia uel delectatione experientiam possint rerum conci	The Greek explanation of historical writing begins here; Latin compresses the discussion of diction and arrangement.	evidence/Niese-III-detail-PDF311.jpg
3	VISUALLY_REVIEWED_IDENTITY_AND_CLAUSE_CONTEXT	INDIVIDUALLY_REVIEWED	ADD_INTERNAL_NIESE_MILESTONE	PRESENT	ROUTINE_SOURCE_SUPPORTED	latin-book14-num1	/TEI[1]/text[1]/body[1]/div1[1]/argument[1]/floatingText[1]/body[1]/div1[1]/div2[1]/p[1]/cb[1]/tail()	320	10930	τοῖς ἀναγνωσομένοις ἔχειν, ὡς ἂν μετὰ χάριτός τινος καὶ ἡδονῆς τὴν ἐμπειρίαν παραλαμβάνοιεν, πάντων δὲ μᾶλλον τῆς ἀκριβείας τοὺς συγγραφεῖς στοχάζεσθαι μηδὲν τοῦ τἀληθῆ λέγειν τοῖς περὶ ὧν οὐκ ἴσασιν αὐτοὶ πιστεύειν αὐτοῖς μέλλουσιν προτιμῶντας. 	unt historias et res ueteres indicant, oportet eos propter antiquitatem narrationi decus inponere, uel explanationi rerum studere 	propter legentes, quatinus cum aliqua gratia uel delectatione experientiam possint rerum concipere. Super omnia uero certius conscriptores debent et ueritate dicere, ut rerum ignari possint credere electioni. Centesima octogesima tertia oli	The reader clause corresponds to τοῖς ἀναγνωσομένοις and continues through the injunction to truth. Cutting at quatinus would leave the explicit reader counterpart in 2.	evidence/Niese-III-detail-PDF311.jpg
4	VISUALLY_REVIEWED_IDENTITY_AND_CLAUSE_CONTEXT	INDIVIDUALLY_REVIEWED	RETAIN_EXISTING_NUM	PRESENT	ROUTINE_SOURCE_SUPPORTED	latin-book14-num4	/TEI[1]/text[1]/body[1]/div1[1]/argument[1]/floatingText[1]/body[1]/div1[1]/div2[1]/p[2]/num[1]/tail()	1	11202	Παραλαβόντος γὰρ τὴν βασιλείαν Ὑρκανοῦ τῷ τρίτῳ ἔτει τῆς ἑβδόμης καὶ ἑβδομηκοστῆς πρὸς ταῖς ἑκατὸν ὀλυμπιάδος, ὑπατεύοντος Ῥωμαίων Κυίντου Ὁρτησίου καὶ Κυίντου Μετέλλου, ὃς δὴ καὶ Κρητικὸς ἐπεκαλεῖτο, πόλεμον εὐθὺς ἐκφέρει πρὸς αὐτὸν Ἀριστόβουλος, καὶ τῆς μάχης αὐτῷ γενομένης πρὸς Ἱεριχοῦντι πολλοὶ τῶν στρατιωτῶν αὐτοῦ πρὸς τὸν ἀδελφὸν αὐτομολοῦσιν.  	int rerum concipere. Super omnia uero certius conscriptores debent et ueritate dicere, ut rerum ignari possint credere electioni. 	Centesima octogesima tertia olimpiade, quinto ortensio, et quinto metello cretico consulibus, bellum contra hyrcanum aristobolus praeparauit, pugnaque facta propre hiericuntem multi milites hyrcani ad fratrem eius transfugerit. Quo facto hy	The date/consulship and civil-war narrative begin the section; divergent dating is preserved without correction.	evidence/Niese-III-detail-PDF311.jpg
5	VISUALLY_REVIEWED_IDENTITY_AND_CLAUSE_CONTEXT	INDIVIDUALLY_REVIEWED	ADD_INTERNAL_NIESE_MILESTONE	PRESENT_WITH_LOCAL_COMPRESSION	ROUTINE_SOURCE_SUPPORTED	latin-book14-num4	/TEI[1]/text[1]/body[1]/div1[1]/argument[1]/floatingText[1]/body[1]/div1[1]/div2[1]/p[2]/num[1]/tail()	229	11430	οὗ γενομένου φεύγει πρὸς τὴν ἀκρόπολιν Ὑρκανός, ἔνθα συνέβαινεν κατεῖρχθαι τὴν Ἀριστοβούλου γυναῖκα καὶ τοὺς παῖδας αὐτοῦ ὑπὸ τῆς μητρός, καθὼς προειρήκαμεν, καὶ τοὺς ἀντιστασιώτας δὲ καταφυγόντας εἰς τὸν τοῦ ἱεροῦ περίβολον αἱρεῖ προσβαλών.  	um contra hyrcanum aristobolus praeparauit, pugnaque facta propre hiericuntem multi milites hyrcani ad fratrem eius transfugerit. 	Quo facto hyrcanus ad arcem ubi aristoboli uxor et filii a matre eius erant conclusi confugit. Cui aristobolus de reconciliatione uerba faciens inimicitias deposuit, ut ipse quidem regnum teneret, frater autem priuatus uiueret in sua posses	Hyrcanus' retreat to the citadel and detention of Aristobulus' family correspond; the Greek temple-precinct assault is not explicitly expressed in this Latin extent.	evidence/Niese-III-detail-PDF312.jpg
6	VISUALLY_REVIEWED_IDENTITY_AND_CLAUSE_CONTEXT	INDIVIDUALLY_REVIEWED	ADD_INTERNAL_NIESE_MILESTONE	PRESENT	ROUTINE_SOURCE_SUPPORTED	latin-book14-num4	/TEI[1]/text[1]/body[1]/div1[1]/argument[1]/floatingText[1]/body[1]/div1[1]/div2[1]/p[2]/num[1]/tail()	324	11525	καὶ λόγους ποιησάμενος πρὸς τὸν ἀδελφὸν περὶ συμβάσεως καταλύεται τὴν ἔχθραν ἐπὶ τῷ βασιλεύειν μὲν Ἀριστόβουλον, αὐτὸν δὲ ζῆν ἀπραγμόνως καρπούμενον ἀδεῶς τὴν ὑπάρχουσαν αὐτῷ κτῆσιν.  	cani ad fratrem eius transfugerit. Quo facto hyrcanus ad arcem ubi aristoboli uxor et filii a matre eius erant conclusi confugit. 	Cui aristobolus de reconciliatione uerba faciens inimicitias deposuit, ut ipse quidem regnum teneret, frater autem priuatus uiueret in sua possessione contentus. Cumque haec disposuissent in templo et ius uirandum et dextras dedissent omni 	Aristobulus opens negotiations and the brothers settle terms; the Latin rewrites the participial Greek syntax.	evidence/Niese-III-detail-PDF312.jpg
7	VISUALLY_REVIEWED_IDENTITY_AND_CLAUSE_CONTEXT	INDIVIDUALLY_REVIEWED	ADD_INTERNAL_NIESE_MILESTONE	PRESENT	ROUTINE_SOURCE_SUPPORTED	latin-book14-num4	/TEI[1]/text[1]/body[1]/div1[1]/argument[1]/floatingText[1]/body[1]/div1[1]/div2[1]/p[2]/num[1]/tail()	486	11687	ταῦτα ἐπὶ τοῖς ἐν τῷ ἱερῷ συνθέμενοι καὶ ὅρκοις καὶ δεξιαῖς πιστωσάμενοι τὰς ὁμολογίας καὶ κατασπασάμενοι τοῦ πλήθους παντὸς ὁρῶντος ἀλλήλους ἀνεχώρησαν, ὁ μὲν εἰς τὰ βασίλεια, Ὑρκανὸς δ᾽ ὡς ἰδιώτης τυγχάνων εἰς τὴν οἰκίαν τὴν Ἀριστοβούλου. 	ne uerba faciens inimicitias deposuit, ut ipse quidem regnum teneret, frater autem priuatus uiueret in sua possessione contentus. 	Cumque haec disposuissent in templo et ius uirandum et dextras dedissent omni populo uidente, discesserunt, ille quidem in aulam regiam, hyrcanus uero ut priuatus in aristoboli domum.  Amicus igitur quidem hyrcani genere idumeus antipater d	The temple agreement, oaths and departure correspond, followed by separate destinations.	evidence/Niese-III-detail-PDF312.jpg
8	VISUALLY_REVIEWED_IDENTITY_AND_CLAUSE_CONTEXT	INDIVIDUALLY_REVIEWED	RETAIN_EXISTING_NUM	PRESENT	ROUTINE_SOURCE_SUPPORTED	latin-book14-num8	/TEI[1]/text[1]/body[1]/div1[1]/argument[1]/floatingText[1]/body[1]/div1[1]/div2[1]/p[3]/add[1]/tail()	1	11981	Φίλος δέ τις Ὑρκανοῦ Ἰδουμαῖος Ἀντίπατρος λεγόμενος, πολλῶν μὲν εὐπόρει χρημάτων, δραστήριος δὲ ὢν τὴν φύσιν καὶ στασιαστὴς ἀλλοτρίως εἶχεν πρὸς τὸν Ἀριστόβουλον καὶ διαφόρως διὰ τὴν πρὸς τὸν Ὑρκανὸν εὔνοιαν.  	dextras dedissent omni populo uidente, discesserunt, ille quidem in aulam regiam, hyrcanus uero ut priuatus in aristoboli domum.  	Amicus igitur quidem hyrcani genere idumeus antipater dictus, multas possidens pecunias et uir efficax aristobolo suspectus habebatur propter hyrcanum. Nicolaus tamen damascenus ait hunc genere nobilis simum iudaeum fuisse ex illis qui ad i	The introduction of Antipater corresponds; retain the existing composite label and marginal II before the semantic incipit.	evidence/Niese-III-detail-PDF312.jpg
9	VISUALLY_REVIEWED_IDENTITY_AND_CLAUSE_CONTEXT	INDIVIDUALLY_REVIEWED	ADD_INTERNAL_NIESE_MILESTONE	PRESENT	ROUTINE_SOURCE_SUPPORTED	latin-book14-num8	/TEI[1]/text[1]/body[1]/div1[1]/argument[1]/floatingText[1]/body[1]/div1[1]/div2[1]/p[3]/add[1]/tail()	153	12133	Νικόλαος μέντοι φησὶν ὁ Δαμασκηνὸς τοῦτον εἶναι γένος ἐκ τῶν πρώτων Ἰουδαίων τῶν ἐκ Βαβυλῶνος εἰς τὴν Ἰουδαίαν ἀφικομένων. ταῦτα δὲ λέγει χαριζόμενος Ἡρώδῃ τῷ παιδὶ αὐτοῦ βασιλεῖ τῶν Ἰουδαίων ἐκ τύχης τινὸς γενομένῳ, περὶ οὗ κατὰ καιρὸν δηλώσομεν.  	yrcani genere idumeus antipater dictus, multas possidens pecunias et uir efficax aristobolo suspectus habebatur propter hyrcanum. 	Nicolaus tamen damascenus ait hunc genere nobilis simum iudaeum fuisse ex illis qui ad iudaeam a babylone reuersi sunt, haec autem refert ad gratiam herodis filii eius quem regem iudaeorum contigit postea fieri, de quo apto tempore dicemus,	Nicolaus' genealogical claim and its flattering motive form this extent; no cut is made at the internal promised future account of Herod.	evidence/Niese-III-detail-PDF312.jpg
10	VISUALLY_REVIEWED_IDENTITY_AND_CLAUSE_CONTEXT	INDIVIDUALLY_REVIEWED	ADD_INTERNAL_NIESE_MILESTONE	PRESENT	ROUTINE_SOURCE_SUPPORTED	latin-book14-num8	/TEI[1]/text[1]/body[1]/div1[1]/argument[1]/floatingText[1]/body[1]/div1[1]/div2[1]/p[3]/add[1]/tail()	394	12374	οὗτος τοίνυν ὁ Ἀντίπατρος Ἀντίπας τὸ πρῶτον ἐκαλεῖτο καὶ τῷ πατρὶ αὐτοῦ τοῦτο γὰρ ἦν τὸ ὄνομα, ὃν Ἀλεξάνδρου τοῦ βασιλέως καὶ τῆς γυναικὸς αὐτοῦ στρατηγὸν ἀποδειξάντων ὅλης τῆς Ἰδουμαίας ποιήσασθαι φιλίαν πρὸς τοὺς ὁμοροῦντας αὐτῷ Ἄραβας καὶ Γαζαίους καὶ Ἀσκαλωνίτας λέγουσιν πολλαῖς αὐτοὺς καὶ μεγάλαις ἐξιδιωσάμενον δωρεαῖς.  	si sunt, haec autem refert ad gratiam herodis filii eius quem regem iudaeorum contigit postea fieri, de quo apto tempore dicemus, 	hic ergo antipater qui prius antipas appellabatur et eodem patris nomine uocabatur. Cum eum alexander rex et uxor eius ducem totius  idumeae ordinassent, amicitias inisse cum finitimis arabis et gazeis et ascalonitis perhibetur, multis et m	Antipater's former name introduces the account of his father, appointment and alliances. The father-name ambiguity and cross-markup idumeae are preserved.	evidence/Niese-III-detail-PDF312.jpg
11	VISUALLY_REVIEWED_IDENTITY_AND_CLAUSE_CONTEXT	INDIVIDUALLY_REVIEWED	ADD_INTERNAL_NIESE_MILESTONE	PRESENT	ROUTINE_SOURCE_SUPPORTED	latin-book14-num8	/TEI[1]/text[1]/body[1]/div1[1]/argument[1]/floatingText[1]/body[1]/div1[1]/div2[1]/p[3]/cb[1]/tail()	144	12715	τὴν οὖν Ἀριστοβούλου δυναστείαν ὁ νεώτερος Ἀντίπατρος ὑφορώμενος καὶ δεδιώς, μή τι πάθῃ διὰ τὸ πρὸς αὐτὸν μῖσος, ἐπισυνιστᾷ κατ᾽ αὐτοῦ κρύφα διαλεγόμενος τῶν Ἰουδαίων τοὺς δυναστεύοντας, ἄδικον εἶναι λέγων περιορᾶν Ἀριστόβουλον ἀδίκως ἔχοντα τὴν ἀρχήν, καὶ τὸν μὲν ἀδελφὸν ταύτης ἐκβεβληκότα πρεσβύτερον ὄντα, κατέχοντα δ᾽ αὐτὴν οὖσαν ἐκείνου διὰ τὸ πρεσβεῖον.  	assent, amicitias inisse cum finitimis arabis et gazeis et ascalonitis perhibetur, multis et maximis donis illos sibi coniungens, 	et cum aristoboli paenitentiam iunior antipater formidaret, timens ne quid abeo pateretur propter inimicitias latenter excitat contra eum iudaeorum ualidissimos uiros, iniustum esse dicens neglegere, dum uiderent aristobolum inique principa	The younger Antipater's fear and secret agitation correspond; the altered Latin paenitentiam is preserved.	evidence/Niese-III-PDF313.jpg
12	VISUALLY_REVIEWED_IDENTITY_AND_CLAUSE_CONTEXT	INDIVIDUALLY_REVIEWED	ADD_INTERNAL_NIESE_MILESTONE	PRESENT	ROUTINE_SOURCE_SUPPORTED	latin-book14-num8	/TEI[1]/text[1]/body[1]/div1[1]/argument[1]/floatingText[1]/body[1]/div1[1]/div2[1]/p[3]/expan[1]/tail()	12	13062	τούτους τε συνεχῶς πρὸς τὸν Ὑρκανὸν ποιούμενος διετέλει τοὺς λόγους, καὶ ὅτι κινδυνεύσει τῷ ζῆν, εἰ μὴ φυλάξαιτο ποιήσας αὑτὸν ἐκποδών: τοὺς γὰρ φίλους τοὺς Ἀριστοβούλου μηδένα παραλείπειν καιρὸν ἔλεγεν συμβουλεύοντας αὐτὸν ἀνελεῖν ὡς τότε βεβαίως ἕξοντα τὴν ἀρχήν.  	m uiderent aristobolum inique principatum habere fratremque eius priorem eiectum, cui magis propter aetatem im peruiam debebatur, 	et cum haec ad hyrcanum uerba frequenter faceret et diceret periclitari uitam suam nisi prouideret, fecit eum discedere. Nam indicabat aristoboli amicos, nullum tempus praeter mittere in quo non persuaderent eum interfici, quatinus firmum s	Repeated warnings to Hyrcanus begin here and extend through the threat of assassination.	evidence/Niese-III-PDF313.jpg
13	VISUALLY_REVIEWED_IDENTITY_AND_CLAUSE_CONTEXT	INDIVIDUALLY_REVIEWED	ADD_INTERNAL_NIESE_MILESTONE	PRESENT	ROUTINE_SOURCE_SUPPORTED	latin-book14-num8	/TEI[1]/text[1]/body[1]/div1[1]/argument[1]/floatingText[1]/body[1]/div1[1]/div2[1]/p[3]/expan[1]/tail()	277	13327	τούτοις Ὑρκανὸς ἠπίστει τοῖς λόγοις φύσει χρηστὸς ὢν καὶ διαβολὴν δι᾽ ἐπιείκειαν οὐ προσιέμενος ῥᾳδίως. ἐποίει δ᾽ αὐτὸν τὸ ἄπραγμον καὶ τὸ παρειμένον τῆς διανοίας τοῖς ὁρῶσιν ἀγεννῆ καὶ ἄνανδρον δοκεῖν: τῆς δ᾽ ἐναντίας φύσεως ἦν Ἀριστόβουλος, δραστήριος καὶ διεγηγερμένος τὸ φρόνημα. 	aristoboli amicos, nullum tempus praeter mittere in quo non persuaderent eum interfici, quatinus firmum sibi gereret principatum, 	his hyrcanus uerbis minime credebat, dum natura bonus esset, et accusationem facile non admitteret, faciebat autem eum innocentia et mentis remissio, ut debilis et inualidus putaretur cum contrariae naturae aristobolus esset, nam facinorosu	Hyrcanus' disbelief and character contrast with Aristobulus correspond; adjoining repeated warning remains in 12.	evidence/Niese-III-PDF313.jpg
14	VISUALLY_REVIEWED_IDENTITY_AND_CLAUSE_CONTEXT	INDIVIDUALLY_REVIEWED	RETAIN_EXISTING_NUM	PRESENT	ROUTINE_SOURCE_SUPPORTED	latin-book14-num14	/TEI[1]/text[1]/body[1]/div1[1]/argument[1]/floatingText[1]/body[1]/div1[1]/div2[1]/p[4]/num[1]/tail()	1	13652	Ἐπειδὴ τοίνυν ὁ Ἀντίπατρος οὐ προσέχοντα ἑώρα τοῖς λόγοις τὸν Ὑρκανόν, οὐ διέλιπεν ἑκάστης ἡμέρας πλαττόμενος καὶ διαβάλλων πρὸς αὐτὸν τὸν Ἀριστόβουλον ὡς ἀποκτεῖναι θέλοντα, καὶ μόλις ἐγκείμενος πείθει πρὸς Ἀρέταν αὐτῷ συμβουλεύσας φυγεῖν τὸν Ἀράβων βασιλέα: πεισθέντι γὰρ ἔσεσθαι καὶ αὐτὸς σύμμαχος ὑπισχνεῖτο.  	et mentis remissio, ut debilis et inualidus putaretur cum contrariae naturae aristobolus esset, nam facinorosus et arrogans erat. 	Sed cum antipater uidisset hyrcanum non ad tendere uerba sua, nullatenus parcebat singulis diebus accusationes factas de aristobolo illi inserere, tamquam eum interficere festinaret. Quem uix impulit ad aretam arabum regem confugere, nam pr	Antipater persists and persuades escape to Aretas; retain the existing physical start.	evidence/Niese-III-PDF313.jpg
15	VISUALLY_REVIEWED_IDENTITY_AND_CLAUSE_CONTEXT	INDIVIDUALLY_REVIEWED	ADD_INTERNAL_NIESE_MILESTONE	PRESENT	ROUTINE_SOURCE_SUPPORTED	latin-book14-num14	/TEI[1]/text[1]/body[1]/div1[1]/argument[1]/floatingText[1]/body[1]/div1[1]/div2[1]/p[4]/num[1]/tail()	289	13940	ὁ δὲ ταῦτ᾽ ἀκούων συμφέρειν ἦν ἐπὶ τῷ πρὸς τὸν Ἀρέταν ἀποδρᾶναι, ἔστιν δὲ ὅμορος τῇ Ἰουδαίᾳ Ἀραβία, καὶ δὴ πέμπει πρῶτον Ὑρκανὸς πρὸς τὸν τῶν Ἀράβων βασιλέα τὸν Ἀντίπατρον ληψόμενον πίστεις, ὡς οὐκ ἐκδώσει τοῖς ἐχθροῖς ἱκέτην αὐτοῦ γενόμενον.  	 interficere festinaret. Quem uix impulit ad aretam arabum regem confugere, nam promittebat ei auxiliatorem illum quoque futurum. 	Igitur cum haec audisset hyrcanus arbitratus prodesse sibi ad finitimam iudeae arabiam discedere, praemittit antipatrum ad arabum regem fidem ab eo accepturum, quod refugientem ad se non traderet inimicis. Cumque accepisset fidem antipater,	Hyrcanus agrees and sends Antipater for assurances; the preceding persuasion stays in 14.	evidence/Niese-III-PDF313.jpg
16	VISUALLY_REVIEWED_IDENTITY_AND_CLAUSE_CONTEXT	INDIVIDUALLY_REVIEWED	ADD_INTERNAL_NIESE_MILESTONE	PRESENT	ROUTINE_SOURCE_SUPPORTED	latin-book14-num14	/TEI[1]/text[1]/body[1]/div1[1]/argument[1]/floatingText[1]/body[1]/div1[1]/div2[1]/p[4]/num[1]/tail()	495	14146	λαβὼν δὲ τὰς πίστεις ὁ Ἀντίπατρος ὑπέστρεψε πρὸς Ὑρκανὸν εἰς Ἱεροσόλυμα, καὶ μετ᾽ οὐ πολὺ παραλαβὼν αὐτὸν καὶ τῆς πόλεως ὑπεξελθὼν νύκτωρ καὶ πολλὴν ἀνύσας ὁδὸν ἧκεν ἄγων εἰς τὴν καλουμένην Πέτραν, ὅπου τὰ βασίλεια ἦν τῷ Ἀρέτᾳ.  	ae arabiam discedere, praemittit antipatrum ad arabum regem fidem ab eo accepturum, quod refugientem ad se non traderet inimicis. 	Cumque accepisset fidem antipater, ad hyrcanum ierosolimam remeauit. Cum quo pauco post noctu de ciuitate egreditur. Cumque multam fecissent uiam ad petram ciuitatem perueniunt ubi palatium a retę erat. Antipater autem dum multum amicus reg	Obtaining assurances, returning and the night journey to Petra correspond.	evidence/Niese-III-PDF314.jpg
17	VISUALLY_REVIEWED_IDENTITY_AND_CLAUSE_CONTEXT	INDIVIDUALLY_REVIEWED	ADD_INTERNAL_NIESE_MILESTONE	PRESENT	ROUTINE_SOURCE_SUPPORTED	latin-book14-num14	/TEI[1]/text[1]/body[1]/div1[1]/argument[1]/floatingText[1]/body[1]/div1[1]/div2[1]/p[4]/anchor[1]/tail()	0	14465	μάλιστα δὲ ὢν φίλος τῷ βασιλεῖ κατάγειν τὸν Ὑρκανὸν εἰς τὴν Ἰουδαίαν παρεκάλει: καὶ τοῦθ᾽ ἑκάστης ἡμέρας ποιῶν καὶ οὐκ ἀνιείς, ἀλλὰ καὶ δωρεὰς προϊέμενος, πείθει τὸν Ἀρέταν.  	quo pauco post noctu de ciuitate egreditur. Cumque multam fecissent uiam ad petram ciuitatem perueniunt ubi palatium a retę erat. 	Antipater autem dum multum amicus regis esset et rogaret eum ut hyrcanum ad iudaeam deduceret, et hoc singulis diebus sine ulla  intermissione faceret sed etiam dona promitteret, flectit aretam. Nec non etiam hyrcanus pollicitus est si rest	Antipater's friendship, daily urging and gifts persuade Aretas; the Bamberg boundary anchor immediately before Antipater is preserved.	evidence/Niese-III-PDF314.jpg
18	VISUALLY_REVIEWED_IDENTITY_AND_CLAUSE_CONTEXT	INDIVIDUALLY_REVIEWED	ADD_INTERNAL_NIESE_MILESTONE	PRESENT	ROUTINE_SOURCE_SUPPORTED	latin-book14-num14	/TEI[1]/text[1]/body[1]/div1[1]/argument[1]/floatingText[1]/body[1]/div1[1]/div2[1]/p[4]/cb[1]/tail()	67	14673	οὐ μὴν ἀλλὰ καὶ Ὑρκανὸς ὑπέσχετο αὐτῷ καταχθεὶς καὶ τὴν βασιλείαν κομισάμενος ἀποδώσειν τήν τε χώραν καὶ τὰς δώδεκα πόλεις, ἃς Ἀλέξανδρος ὁ πατὴρ αὐτοῦ τῶν Ἀράβων ἀφείλετο. ἦσαν δ᾽ αὗται Μήδαβα, Λιββα, Ναβαλώθ, Ἀραβαθα, Γαλανθώνη, Ζωϊρα, Ὠρωναιδιγωβασιλισσαρυδδα, Αλουσα, Ωρυβδα. 	yrcanum ad iudaeam deduceret, et hoc singulis diebus sine ulla  intermissione faceret sed etiam dona promitteret, flectit aretam. 	Nec non etiam hyrcanus pollicitus est si restitueretur partriae regnumque susciperet, omnem terram et decem ciuitates quas suus pater alexander ab arabis ceperat reddere, fuerunt autem midaba, libias, nabalota, arabata, galathone, iazoara, 	Hyrcanus promises restoration of territory and cities; ten versus Greek twelve and the divergent list are preserved, with no starts invented at city names.	evidence/Niese-III-PDF314.jpg
19	VISUALLY_REVIEWED_IDENTITY_AND_CLAUSE_CONTEXT	INDIVIDUALLY_REVIEWED	RETAIN_EXISTING_NUM	PRESENT	ROUTINE_SOURCE_SUPPORTED	latin-book14-num19	/TEI[1]/text[1]/body[1]/div1[1]/argument[1]/floatingText[1]/body[1]/div1[1]/div2[1]/p[5]/num[1]/tail()	1	15017	Τούτων αὐτῷ τῶν ὑποσχέσεων γενομένων ὁ Ἀρέτας ἐστράτευσεν ἐπὶ τὸν Ἀριστόβουλον μετὰ πέντε μυριάδων ἱππέων ἅμα καὶ πεζῆς στρατιᾶς, καὶ νικᾷ τῇ μάχῃ. πολλῶν δὲ μετὰ τὴν νίκην πρὸς Ὑρκανὸν αὐτομολησάντων μονωθεὶς ὁ Ἀριστόβουλος ἔφυγεν εἰς Ἱεροσόλυμα.  	abis ceperat reddere, fuerunt autem midaba, libias, nabalota, arabata, galathone, iazoara, mons limgon edissa, rybdalusa, oriblo. 	Cum has promissiones  audisset contra aristobolum exercitum quinquaginta milia equitum et peditum produxit. Sed cum in proelium uicisset, et multi post uictoriam ad hyrcanum refugissent, desolatus aristobolus ad ierosolimam secessit, arabum	Aretas' campaign, victory and Aristobulus' retreat correspond; retain the inherited label before the marginal points.	evidence/Niese-III-PDF314.jpg
20	VISUALLY_REVIEWED_IDENTITY_AND_CLAUSE_CONTEXT	INDIVIDUALLY_REVIEWED	ADD_INTERNAL_NIESE_MILESTONE	PRESENT	ROUTINE_SOURCE_SUPPORTED	latin-book14-num19	/TEI[1]/text[1]/body[1]/div1[1]/argument[1]/floatingText[1]/body[1]/div1[1]/div2[1]/p[5]/add[1]/tail()	213	15296	ὁ δὲ τῶν Ἀράβων βασιλεὺς πᾶσαν τὴν στρατιὰν ἀγαγὼν καὶ προσβαλὼν τῷ ἱερῷ τὸν Ἀριστόβουλον ἐπολιόρκει προστιθεμένου καὶ τοῦ δήμου τῷ Ὑρκανῷ καὶ συμπολιορκοῦντος αὐτῷ, μόνων δὲ τῶν ἱερέων τῷ Ἀριστοβούλῳ προσμενόντων.  	it. Sed cum in proelium uicisset, et multi post uictoriam ad hyrcanum refugissent, desolatus aristobolus ad ierosolimam secessit, 	arabum autem rex omnem agens exercitum et adplicans ad templum aristobolum obsidebat, et adiecto populo iudaorum hyrcano et pariter obsidente, soli sacerdotes cum aristobolo permansere. Igitur aretas cum exercitu arabum ut iudaeorum circumd	The Arab king's temple siege, popular support and priestly allegiance correspond.	evidence/Niese-III-detail-PDF315.jpg
21	VISUALLY_REVIEWED_IDENTITY_AND_CLAUSE_CONTEXT	INDIVIDUALLY_REVIEWED	ADD_INTERNAL_NIESE_MILESTONE	PRESENT	ROUTINE_SOURCE_SUPPORTED	latin-book14-num19	/TEI[1]/text[1]/body[1]/div1[1]/argument[1]/floatingText[1]/body[1]/div1[1]/div2[1]/p[5]/add[1]/tail()	399	15482	ὁ μὲν οὖν Ἀρέτας ἑξῆς βαλόμενος στρατόπεδα τῶν Ἀράβων καὶ τῶν Ἰουδαίων ἰσχυρῶς ἐνέκειτο τῇ πολιορκίᾳ. τούτων δὲ γινομένων κατὰ τὸν καιρὸν τῆς τῶν ἀζύμων ἑορτῆς, ἣν πάσχα λέγομεν, οἱ δοκιμώτατοι τῶν Ἰουδαίων ἐκλιπόντες τὴν χώραν εἰς Αἴγυπτον ἔφυγον.  	emplum aristobolum obsidebat, et adiecto populo iudaorum hyrcano et pariter obsidente, soli sacerdotes cum aristobolo permansere. 	Igitur aretas cum exercitu arabum ut iudaeorum circumdans, fortiter obsidioni inminebat. Quae cum fierent tempora celebrationis azimorum quae pascha dicitur, probatissimi iudaeorum prouinciam relinquentes in aegyptum recesserunt. Onias uero	The siege disposition and Passover-time flight of leading Jews correspond; the calendrical clause does not make an extra cut.	evidence/Niese-III-detail-PDF315.jpg
22	VISUALLY_REVIEWED_IDENTITY_AND_CLAUSE_CONTEXT	INDIVIDUALLY_REVIEWED	ADD_INTERNAL_NIESE_MILESTONE	PRESENT	ROUTINE_SOURCE_SUPPORTED	latin-book14-num19	/TEI[1]/text[1]/body[1]/div1[1]/argument[1]/floatingText[1]/body[1]/div1[1]/div2[1]/p[5]/add[1]/tail()	629	15712	Ὀνίαν δέ τινα ὄνομα δίκαιον ὄντα καὶ θεοφιλῆ, ὃς ἀνομβρίας ποτὲ οὔσης ηὔξατο τῷ θεῷ λῦσαι τὸν αὐχμὸν καὶ γενόμενος ἐπήκοος ὁ θεὸς ὗσεν, κρύψαντα ἑαυτὸν διὰ τὸ τὴν στάσιν ὁρᾶν ἰσχυρὰν ἐπιμένουσαν, ἀναχθέντα εἰς τὸ στρατόπεδον τῶν Ἰουδαίων ἠξίουν, ὡς ἔπαυσε τὴν ἀνομβρίαν εὐξάμενος, ἵν᾽ οὕτως ἀρὰς θῇ κατὰ Ἀριστοβούλου καὶ τῶν συστασιαστῶν αὐτοῦ.  	erent tempora celebrationis azimorum quae pascha dicitur, probatissimi iudaeorum prouinciam relinquentes in aegyptum recesserunt. 	Onias uero quidam uir iustus deoque amabilis, qui dum non plueret, orauit deum quatinus solueret siccitatem, et audiens deus pluit, dum tunc celatum eum haberent, propter seditionem abstraxerunt et in exercitum iudaeorum produxerunt, petent	Introduction and former rain prayer of Onias lead to the demand for a curse; surviving Latin context supports the complete candidate interval.	evidence/Niese-III-detail-PDF315.jpg
23	VISUALLY_REVIEWED_IDENTITY_AND_CLAUSE_CONTEXT	INDIVIDUALLY_REVIEWED	ADD_INTERNAL_NIESE_MILESTONE	PRESENT	ROUTINE_SOURCE_SUPPORTED	latin-book14-num19	/TEI[1]/text[1]/body[1]/div1[1]/argument[1]/floatingText[1]/body[1]/div1[1]/div2[1]/p[5]/add[1]/tail()	958	16041	ἐπεὶ δὲ ἀντιλέγων καὶ παραιτούμενος ἐβιάσθη ὑπὸ τοῦ πλήθους, στὰς μέσος αὐτῶν εἶπεν:  	n exercitum iudaeorum produxerunt, petentes ut similiter oraret contra aristoboli milites ut soluerentur sicut soluta est pluuia. 	Cumque diu resisteret recusans, a multitudine compulsus, in medio stetit, ita orando dicens. Deus omnium rex, quem hi qui mecum consistunt tuus existit populus, et qui obsiduntur tui sacerdotes sunt. Peto ut neque istos exaudias contra illo	Refusal, compulsion and the introduction of the prayer correspond; the quotation starts in the following section.	evidence/Niese-III-detail-PDF315.jpg
24	VISUALLY_REVIEWED_IDENTITY_AND_CLAUSE_CONTEXT	INDIVIDUALLY_REVIEWED	ADD_INTERNAL_NIESE_MILESTONE	PRESENT	ROUTINE_SOURCE_SUPPORTED	latin-book14-num19	/TEI[1]/text[1]/body[1]/div1[1]/argument[1]/floatingText[1]/body[1]/div1[1]/div2[1]/p[5]/add[1]/tail()	1051	16134	‘ὦ θεὲ βασιλεῦ τῶν ὅλων, ἐπεὶ οἱ μετ᾽ ἐμοῦ συνεστῶτες σὸς δῆμός ἐστιν καὶ οἱ πολιορκούμενοι δὲ ἱερεῖς σοί, δέομαι μήτε κατὰ τούτων ἐκείνοις ὑπακοῦσαι μήτε κατ᾽ ἐκείνων ἃ οὗτοι παρακαλοῦσιν εἰς τέλος ἀγαγεῖν.’ καὶ τὸν μὲν ταῦτ᾽ εὐξάμενον περιστάντες οἱ πονηροὶ τῶν Ἰουδαίων κατέλευσαν. 	soluerentur sicut soluta est pluuia. Cumque diu resisteret recusans, a multitudine compulsus, in medio stetit, ita orando dicens. 	Deus omnium rex, quem hi qui mecum consistunt tuus existit populus, et qui obsiduntur tui sacerdotes sunt. Peto ut neque istos exaudias contra illos petentes, neque illos contra hos orantes. Cumque haec orasset maliuoli iudaei adorti interf	The direct prayer opens here and ends with Onias' killing. The Latin heading-like divine address is supported by the Greek start, not merely by quotation status.	evidence/Niese-III-detail-PDF315.jpg
25	VISUALLY_REVIEWED_IDENTITY_AND_CLAUSE_CONTEXT	INDIVIDUALLY_REVIEWED	ADD_INTERNAL_NIESE_MILESTONE	PRESENT	ROUTINE_SOURCE_SUPPORTED	latin-book14-num25	/TEI[1]/text[1]/body[1]/div1[1]/argument[1]/floatingText[1]/body[1]/div1[1]/div2[1]/p[6]/num[1]/tail()	1	16453	Ὁ δὲ θεὸς ταύτης αὐτοὺς παραχρῆμα ἐτιμωρήσατο τῆς ὠμότητος καὶ δίκην εἰσεπράξατο τοῦ Ὀνίου φόνου τούτῳ τῷ τρόπῳ: πολιορκουμένων τῶν ἱερέων καὶ τοῦ Ἀριστοβούλου συνέβη τὴν ἑορτὴν ἐπιστῆναι τὴν καλουμένην φάσκα, καθ᾽ ἣν ἔθος ἐστὶν ἡμῖν πολλὰ θύειν τῷ θεῷ.  	tos exaudias contra illos petentes, neque illos contra hos orantes. Cumque haec orasset maliuoli iudaei adorti interfecerunt eum. 	Deus autem statim ab eis ultionem crudelitatis exegit. Nam pecuniam exegit pro morte oniae, hoc modo obsessis sacerdotibus et aristobolo, celebratio paschae prouenit, in qua solemus militantes deo immolationes offerre. Cumque indigerent uic	Divine retaliation and the Passover/sacrifice frame correspond. The visible [II.ii.26] claims 26 at the actual 25 start and must be suppressed only as an executable identity.	evidence/Niese-III-detail-PDF315.jpg
26	VISUALLY_REVIEWED_IDENTITY_AND_CLAUSE_CONTEXT	INDIVIDUALLY_REVIEWED	ADD_INTERNAL_NIESE_MILESTONE	PRESENT	ROUTINE_SOURCE_SUPPORTED	latin-book14-num25	/TEI[1]/text[1]/body[1]/div1[1]/argument[1]/floatingText[1]/body[1]/div1[1]/div2[1]/p[6]/num[1]/tail()	220	16672	ἀποροῦντες δὲ θυμάτων οἱ περὶ τὸν Ἀριστόβουλον ἠξίωσαν αὐτοῖς τοὺς ὁμοφύλους παρασχεῖν χρήματα λαβόντας ἀντὶ τῶν θυμάτων ὅσα θέλουσιν. τῶν δέ, εἰ βούλονται λαβεῖν, χιλίας δραχμὰς ὑπὲρ ἑκάστης κεφαλῆς καταβαλεῖν κελευόντων, προθύμως ὅ τε Ἀριστόβουλος καὶ οἱ ἱερεῖς ὑπέστησαν καὶ διὰ τῶν τειχῶν καθιμήσαντες ἔδωκαν αὐτοῖς τὰ χρήματα.  	e, hoc modo obsessis sacerdotibus et aristobolo, celebratio paschae prouenit, in qua solemus militantes deo immolationes offerre. 	Cumque indigerent uictimis aristoboli socii et  petissent iudaeos ut pro uictimis acciperent quantas uellent pecunias, tunc illi mille dragmas dari pro singulo capite dixerunt. Cumque libenter aristobolus et sacerdotes promisissent per muro	The need for victims, request, price and money lowered from the wall begin here. The existing paragraph's false label is not evidence for this internal cut.	evidence/Niese-III-PDF316.jpg
27	VISUALLY_REVIEWED_IDENTITY_AND_CLAUSE_CONTEXT	INDIVIDUALLY_REVIEWED	ADD_INTERNAL_NIESE_MILESTONE	PRESENT	ROUTINE_SOURCE_SUPPORTED	latin-book14-num25	/TEI[1]/text[1]/body[1]/div1[1]/argument[1]/floatingText[1]/body[1]/div1[1]/div2[1]/p[6]/add[1]/tail()	217	17044	κἀκεῖνοι λαβόντες οὐκ ἀπέδωκαν τὰ θύματα, ἀλλ᾽ εἰς τοῦτο πονηρίας ἦλθον, ὥστε παραβῆναι τὰς πίστεις καὶ ἀσεβῆσαι τὸν θεὸν τὰ πρὸς τὰς θυσίας μὴ παρασχόντες τοῖς δεομένοις.  	 dragmas dari pro singulo capite dixerunt. Cumque libenter aristobolus et sacerdotes promisissent per muros pecunias deposuerunt, 	quas illi cum coepissent, ne quaquam uictimas  reddiderunt, sed maliuolentia tracti fidei transgressores et impii coram deo pro fraudatione hostiarum extiterunt. Sacerdotes autem orauerunt ad deum quatinus hoc illis inpune  non cederet, qui	Receiving the money but refusing the victims begins the betrayal extent; the relative pronoun resumes pecunias from 26 and is retained with this clause.	evidence/Niese-III-PDF316.jpg
28	VISUALLY_REVIEWED_IDENTITY_AND_CLAUSE_CONTEXT	INDIVIDUALLY_REVIEWED	ADD_INTERNAL_NIESE_MILESTONE	PRESENT	ROUTINE_SOURCE_SUPPORTED	latin-book14-num25	/TEI[1]/text[1]/body[1]/div1[1]/argument[1]/floatingText[1]/body[1]/div1[1]/div2[1]/p[6]/add[2]/tail()	116	17249	παρασπονδηθέντες δὲ οἱ ἱερεῖς ηὔξαντο τὸν θεὸν δίκην αὐτῶν εἰσπράξασθαι παρὰ τῶν ὁμοφύλων, ὁ δὲ οὐκ ἀνεβάλετο τὴν τιμωρίαν, ἀλλὰ πνεῦμα πολὺ καὶ βίαιον ἐπιπέμψας τὸν καρπὸν ἁπάσης τῆς χώρας διέφθειρεν, ὡς τὸν μόδιον τοῦ σίτου τότε αὐτοὺς ἐξωνεῖσθαι δραχμῶν ἕνδεκα. 	quam uictimas  reddiderunt, sed maliuolentia tracti fidei transgressores et impii coram deo pro fraudatione hostiarum extiterunt. 	Sacerdotes autem orauerunt ad deum quatinus hoc illis inpune  non cederet, qui non remoratus poenam procellam uehementem acerrimamque in fructus totius prouinciae mittens, consumpsit eos, ita ut modius tritici dragmis undecim emeretur.  Int	The priests' prayer and crop-destroying wind correspond through the grain price; no claim about physical loss is made.	evidence/Niese-III-PDF316.jpg
29	VISUALLY_REVIEWED_IDENTITY_AND_CLAUSE_CONTEXT	INDIVIDUALLY_REVIEWED	RETAIN_EXISTING_NUM	PRESENT	ROUTINE_SOURCE_SUPPORTED	latin-book14-num29	/TEI[1]/text[1]/body[1]/div1[1]/argument[1]/floatingText[1]/body[1]/div1[1]/div2[1]/p[7]/add[1]/tail()	1	17643	Ἐν τούτῳ πέμπει Σκαῦρον εἰς Συρίαν Πομπήιος αὐτὸς ὢν ἐν Ἀρμενίᾳ καὶ πολεμῶν ἔτι Τιγράνῃ. ὁ δὲ ἀφικόμενος εἰς Δαμασκὸν Λόλλιον καὶ Μέτελλον νεωστὶ τὴν πόλιν ᾑρηκότας εὑρὼν αὐτὸς εἰς τὴν Ἰουδαίαν ἠπείγετο.  	am uehementem acerrimamque in fructus totius prouinciae mittens, consumpsit eos, ita ut modius tritici dragmis undecim emeretur.  	Interea scaurum pompeius, dum in armoena adhuc tygranem ipse debellaret ad syriam destinauit. Qui cum ad damascum uenisset, et lolium, et metellum nuper coepisset, ne hos tam ciuitatem inuenisset et in iudaeam perrexerunt. Ubi dum uenisset 	Pompey's dispatch of Scaurus and arrival in Judaea correspond; retain the composite label and marginal IIII.	evidence/Niese-III-PDF316.jpg
30	VISUALLY_REVIEWED_IDENTITY_AND_CLAUSE_CONTEXT	INDIVIDUALLY_REVIEWED	ADD_INTERNAL_NIESE_MILESTONE	PRESENT	ROUTINE_SOURCE_SUPPORTED	latin-book14-num29	/TEI[1]/text[1]/body[1]/div1[1]/argument[1]/floatingText[1]/body[1]/div1[1]/div2[1]/p[7]/add[1]/tail()	224	17866	παραγενομένου δὲ πρέσβεις ἧκον πρὸς αὐτὸν παρά τε Ἀριστοβούλου καὶ Ὑρκανοῦ συμμαχεῖν ἀξιούντων ἑκατέροις. ὑπισχνουμένου δὲ Ἀριστοβούλου τετρακόσια δώσειν τάλαντα, τοῦ δὲ Ὑρκανοῦ τούτων οὐκ ἐλάττονα παρέξειν, προσδέχεται τὴν Ἀριστοβούλου ὑπόσχεσιν:  	 Qui cum ad damascum uenisset, et lolium, et metellum nuper coepisset, ne hos tam ciuitatem inuenisset et in iudaeam perrexerunt. 	Ubi dum uenisset ad eum legati aristoboli uel hyrcani ingrediuntur petentes auxilia. Sed dum aristobolus promitteret quadrigenta se dare talenta, et nihil ominus haec etiam eadem hyrcanus offerret, scaurus magis  aristoboli promissa suscepi	Embassies and rival offers begin here; the confused preceding Latin account of Lollius and Metellus stays in 29.	evidence/Niese-III-PDF316.jpg
31	VISUALLY_REVIEWED_IDENTITY_AND_CLAUSE_CONTEXT	INDIVIDUALLY_REVIEWED	ADD_INTERNAL_NIESE_MILESTONE	PRESENT	ROUTINE_SOURCE_SUPPORTED	latin-book14-num29	/TEI[1]/text[1]/body[1]/div1[1]/argument[1]/floatingText[1]/body[1]/div1[1]/div2[1]/p[7]/add[2]/tail()	31	18152	καὶ γὰρ εὔπορος χρημάτων καὶ μεγαλόψυχος ἦν καὶ μετριωτέρων ἠξίου τυγχάνειν, ὁ δὲ πένης ἦν καὶ γλίσχρος καὶ περὶ μειζόνων τὴν ἄπιστον προύτεινεν ἐπαγγελίαν. οὐ γὰρ ἴσον ἦν βίᾳ πόλιν ἑλεῖν ἐν ταῖς μάλιστα ὀχυρὰν καὶ δυνατήν, ἢ φυγάδας ἐκβαλεῖν μετὰ τοῦ Ναβαταίων πλήθους οὐκ εὖ πρὸς πόλεμον διακειμένων.  	ret quadrigenta se dare talenta, et nihil ominus haec etiam eadem hyrcanus offerret, scaurus magis  aristoboli promissa suscepit. 	Nam et diues magnanimus aristobolus erat, et omnino paruum ei erat quod dari postulabat. Alter uero et pauper et tenax et de maioribus, perfidam promissionem protendebat. Nam et simile non erat quod petebant, id est uirtute ciuitatem nimis 	Reasons for favouring Aristobulus and the contrast in requested operations correspond, despite reordered Latin nouns.	evidence/Niese-III-PDF316.jpg
32	VISUALLY_REVIEWED_IDENTITY_AND_CLAUSE_CONTEXT	INDIVIDUALLY_REVIEWED	ADD_INTERNAL_NIESE_MILESTONE	PRESENT	ROUTINE_SOURCE_SUPPORTED	latin-book14-num29	/TEI[1]/text[1]/body[1]/div1[1]/argument[1]/floatingText[1]/body[1]/div1[1]/div2[1]/p[7]/add[3]/tail()	18	18532	τούτῳ τοίνυν προσθέμενος διὰ τὰς προειρημένας αἰτίας λαβὼν τὰ χρήματα λύει τὴν πολιορκίαν, κελεύσας ἀναχωρεῖν τὸν Ἀρέταν ἢ πολέμιον αὐτὸν Ῥωμαίων ἀποδειχθήσεσθαι.  	t, id est uirtute ciuitatem nimis munitissimam et potentissimam capere, et transfugas cum multitudine natheorum  bello depellere. 	Praedictis ergo causis flexus scaurus cum pecunias accepisset, soluit obsidionem, praecipiens aretam recedere, ne romanis hostis appareret. Igitur scaurus ad damascum iterum discessit. Aristobolus autem cum multis uiribus contra aretam et h	Scaurus' acceptance, payment and lifting the siege correspond; Aretas' threat is inside the extent.	evidence/Niese-III-PDF317.jpg
33	VISUALLY_REVIEWED_IDENTITY_AND_CLAUSE_CONTEXT	INDIVIDUALLY_REVIEWED	ADD_INTERNAL_NIESE_MILESTONE	PRESENT	ROUTINE_SOURCE_SUPPORTED	latin-book14-num29	/TEI[1]/text[1]/body[1]/div1[1]/argument[1]/floatingText[1]/body[1]/div1[1]/div2[1]/p[7]/add[3]/tail()	158	18672	καὶ Σκαῦρος μὲν εἰς Δαμασκὸν πάλιν ἀνεχώρησεν, Ἀριστόβουλος δὲ μετὰ πολλῆς δυνάμεως ἐπί τε Ἀρέταν καὶ Ὑρκανὸν ἐστράτευσεν καὶ συμβαλὼν αὐτοῖς περὶ τὸν καλούμενον Παπυρῶνα νικᾷ τῇ μάχῃ καὶ κτείνει περὶ ἑξακισχιλίους τῶν πολεμίων, μεθ᾽ ὧν ἔπεσεν καὶ Φαλλίων ὁ Ἀντιπάτρου ἀδελφός. 	 ergo causis flexus scaurus cum pecunias accepisset, soluit obsidionem, praecipiens aretam recedere, ne romanis hostis appareret. 	Igitur scaurus ad damascum iterum discessit. Aristobolus autem cum multis uiribus contra aretam et hyrcanum parauit exercitum. Quibus confligens circa locum qui capiron dicitur uincit eos, sed  milia hostium prosternens, inter quos etiam et	Scaurus departs and Aristobulus defeats Aretas/Hyrcanus; names and the damaged casualty count remain unchanged.	evidence/Niese-III-PDF317.jpg
34	VISUALLY_REVIEWED_IDENTITY_AND_CLAUSE_CONTEXT	INDIVIDUALLY_REVIEWED	RETAIN_EXISTING_NUM	PRESENT	ROUTINE_SOURCE_SUPPORTED	latin-book14-num34	/TEI[1]/text[1]/body[1]/div1[1]/argument[1]/floatingText[1]/body[1]/div1[1]/div2[1]/p[8]/num[1]/tail()	1	19056	Μετ᾽ οὐ πολὺ δὲ Πομπηίου εἰς Δαμασκὸν ἀφικομένου καὶ κοίλην Συρίαν ἐπιόντος ἧκον παρ᾽ αὐτὸν πρέσβεις ἐξ ὅλης Συρίας καὶ Αἰγύπτου καὶ ἐκ τῆς Ἰουδαίας: ἔπεμψε γὰρ αὐτῷ μέγα δῶρον Ἀριστόβουλος ἄμπελον χρυσῆν ἐκ πεντακοσίων ταλάντων.  	circa locum qui capiron dicitur uincit eos, sed  milia hostium prosternens, inter quos etiam et cefalon frater antipatri cecidit. 	Sed non multo post, cum pompeius in damascum  peruenisset et inferiorem syriam percucurrisset uenerunt, legati ab aegypto et ab omni syria uel iudaea, per quos miserat ei donum maximum. Aristobolus autem auream quingentorum talentorum, cuiu	Pompey's arrival and embassies introduce Aristobulus' golden gift; retain the independently corresponding physical label.	evidence/Niese-III-PDF317.jpg
35	VISUALLY_REVIEWED_IDENTITY_AND_CLAUSE_CONTEXT	INDIVIDUALLY_REVIEWED	ADD_INTERNAL_NIESE_MILESTONE	PRESENT	ROUTINE_SOURCE_SUPPORTED	latin-book14-num34	/TEI[1]/text[1]/body[1]/div1[1]/argument[1]/floatingText[1]/body[1]/div1[1]/div2[1]/p[8]/cb[1]/tail()	191	19305	μέμνηται δὲ τοῦ δώρου καὶ Στράβων ὁ Καππάδοξ λέγων οὕτως: ‘ἦλθεν δὲ καὶ ἐξ Αἰγύπτου πρεσβεία καὶ στέφανος ἀπὸ χρυσῶν τετρακισχιλίων καὶ ἐκ τῆς Ἰουδαίας εἴτε ἄμπελος εἴτε κῆπος: τερπωλὴν ὠνόμαζον τὸ δημιούργημα.  	gati ab aegypto et ab omni syria uel iudaea, per quos miserat ei donum maximum. Aristobolus autem auream quingentorum talentorum, 	cuius mentionem fecti etiam strabon cappadox ita referens. Uenerunt uero ex aegypto legati cum corona aurea quattuor milia solidorum, et a iudaea auitis uel ortus aureus quem nominabat tepnon, id delectabile. Hoc uero donum nos quoque uidim	Strabo's mention introduces the quotation and belongs to 35. Starting only at Uenerunt would strand the framing sentence in 34.	evidence/Niese-III-PDF317.jpg
36	VISUALLY_REVIEWED_IDENTITY_AND_CLAUSE_CONTEXT	INDIVIDUALLY_REVIEWED	ADD_INTERNAL_NIESE_MILESTONE	PRESENT	ROUTINE_SOURCE_SUPPORTED	latin-book14-num34	/TEI[1]/text[1]/body[1]/div1[1]/argument[1]/floatingText[1]/body[1]/div1[1]/div2[1]/p[8]/add[1]/tail()	0	19558	τοῦτο μέντοι τὸ δῶρον ἱστορήκαμεν καὶ ἡμεῖς ἀνακείμενον ἐν Ῥώμῃ ἐν τῷ ἱερῷ τοῦ Διὸς τοῦ Καπετωλίου ἐπιγραφὴν ἔχον Ἀλεξάνδρου τοῦ τῶν Ἰουδαίων βασιλέως. ἐτιμήθη δὲ εἶναι πεντακοσίων ταλάντων’ Ἀριστόβουλον μὲν οὖν τοῦτο λέγεται πέμψαι τὸν Ἰουδαίων δυνάστην. 	ypto legati cum corona aurea quattuor milia solidorum, et a iudaea auitis uel ortus aureus quem nominabat tepnon, id delectabile. 	Hoc uero donum nos quoque uidimus in templo romae capitolini iouis sacratum fuisse. Titulum habens aristoboli filii alexandri regis iudaeorum, quod aestimatum est quingentis talentis. Igitur aristobolus iudaeorum potentis simus hoc donum di	The direct sight of the gift in Rome, inscription and valuation correspond; the narrator resumes within the same section.	evidence/Niese-III-PDF317.jpg
37	VISUALLY_REVIEWED_IDENTITY_AND_CLAUSE_CONTEXT	INDIVIDUALLY_REVIEWED	RETAIN_EXISTING_NUM	PRESENT	ROUTINE_SOURCE_SUPPORTED	latin-book14-num37	/TEI[1]/text[1]/body[1]/div1[1]/argument[1]/floatingText[1]/body[1]/div1[1]/div2[1]/p[9]/num[1]/tail()	1	19880	Μετ᾽ οὐ πολὺ δὲ ἧκον πάλιν πρέσβεις πρὸς αὐτὸν Ἀντίπατρος μὲν ὑπὲρ Ὑρκανοῦ, Νικόδημος δὲ ὑπὲρ Ἀριστοβούλου, ὃς δὴ καὶ κατηγόρει τῶν λαβόντων χρήματα Γαβινίου μὲν πρότερον Σκαύρου δὲ ὕστερον, τοῦ μὲν τριακόσια τοῦ δὲ τετρακόσια τάλαντα, πρὸς τοῖς ἄλλοις καὶ τούτους ἐχθροὺς αὐτῷ κατασκευάζων.  	 regis iudaeorum, quod aestimatum est quingentis talentis. Igitur aristobolus iudaeorum potentis simus hoc donum dicitur misisse, 	interiecto uero tempore rursus legati ad eum uenerunt, id est antipater pro hyrcano, nicomedis pro aristobolo, qui etiam accusabat gauinium et scaurium quod pecunias accepissent ille trecenta talenta alter  quadringenta.  Cumque iussisset p	Renewed embassies and charges concerning Gabinius/Scaurus correspond; inherited label is physically retained.	evidence/Niese-III-PDF317.jpg
38	VISUALLY_REVIEWED_IDENTITY_AND_CLAUSE_CONTEXT	INDIVIDUALLY_REVIEWED	ADD_INTERNAL_NIESE_MILESTONE	PRESENT	ROUTINE_SOURCE_SUPPORTED	latin-book14-num37	/TEI[1]/text[1]/body[1]/div1[1]/argument[1]/floatingText[1]/body[1]/div1[1]/div2[1]/p[9]/add[2]/tail()	1	20225	κελεύσας δὲ ἥκειν τοὺς διαμφισβητοῦντας ἐνισταμένου τοῦ ἔαρος ἀναλαβὼν τὴν δύναμιν ἐκ τῶν χειμαδίων ὥρμησεν ἐπὶ τῆς Δαμασκηνῆς. καὶ τήν τε ἄκραν ἐν παρόδῳ τὴν ἐν Ἀπαμείᾳ κατέσκαψεν, ἣν ὁ Κυζικηνὸς ἐτείχισεν Ἀντίοχος,  	is pro aristobolo, qui etiam accusabat gauinium et scaurium quod pecunias accepissent ille trecenta talenta alter  quadringenta.  	Cumque iussisset pompeius certantes ad damascum uenire instante tempore ueris. Congregans pompeius apamenum exercitum de locis hiemalibus ad damascum properauit. Qui intransitu suo mox apamenam arcem euertit quam antiochus muniuerat cizicen	Pompey's order, spring departure and demolition at Apamea correspond. The existing marginal V remains in its source markup.	evidence/Niese-III-PDF318.jpg
39	VISUALLY_REVIEWED_IDENTITY_AND_CLAUSE_CONTEXT	INDIVIDUALLY_REVIEWED	ADD_INTERNAL_NIESE_MILESTONE	PRESENT	ROUTINE_SOURCE_SUPPORTED	latin-book14-num37	/TEI[1]/text[1]/body[1]/div1[1]/argument[1]/floatingText[1]/body[1]/div1[1]/div2[1]/p[9]/add[2]/tail()	245	20469	καὶ τὴν Πτολεμαίου τοῦ Μενναίου χώραν κατενόησεν, ἀνδρὸς πονηροῦ καὶ οὐδὲν ἐλάσσονος Διονυσίου τοῦ Τριπολίτου τοῦ πελεκισθέντος, ᾧπερ καὶ κηδεύων ἐτύγχανεν, χιλίοις μέντοι ταλάντοις ἐξωνησαμένου τὴν ὑπὲρ τῶν ἁμαρτημάτων τιμωρίαν, οἷς Πομπήιος τοὺς στρατιώτας ἐμισθοδότησεν.  	tum de locis hiemalibus ad damascum properauit. Qui intransitu suo mox apamenam arcem euertit quam antiochus muniuerat cizicenus, 	et ptolomei minmei prouinciam considerauit uiri maliuoli et paene dionisio tripolitano deterioris qui securi fuerat percussus. Et dum eum morte, dignum inuenisset, acceptis ab eo mille talentis ex quibus stipendium militibus suis donauit, a	Ptolemy's country, comparison with Dionysius and payment correspond; distorted names and syntax are retained.	evidence/Niese-III-PDF318.jpg
40	VISUALLY_REVIEWED_IDENTITY_AND_CLAUSE_CONTEXT	INDIVIDUALLY_REVIEWED	ADD_INTERNAL_NIESE_MILESTONE	PRESENT	ROUTINE_SOURCE_SUPPORTED	latin-book14-num37	/TEI[1]/text[1]/body[1]/div1[1]/argument[1]/floatingText[1]/body[1]/div1[1]/div2[1]/p[9]/add[2]/tail()	498	20722	ἐξεῖλεν δὲ καὶ Λυσιάδα χωρίον, οὗ τύραννος ἦν Σίλας ὁ Ἰουδαῖος. διελθὼν δὲ τὰς πόλεις τήν τε Ἡλιούπολιν καὶ τὴν Χαλκίδα καὶ τὸ διεῖργον ὄρος ὑπερβαλὼν τὴν κοίλην προσαγορευομένην Συρίαν ἀπὸ τῆς ἄλλης εἰς Δαμασκὸν ἧκεν.  	us. Et dum eum morte, dignum inuenisset, acceptis ab eo mille talentis ex quibus stipendium militibus suis donauit, absoluit eum, 	nec non et listadem oppidum coepit ubi tyrannus silas iudaeus erat. Cumque ciuitates eliopolim et calcidem transisset, in medio positum montem ascendit, et ad inferiorem  syriam damascumque peruenit. Ubi et comperit quod iudaei cum suis pri	The capture of Lysias and journey through Heliopolis/Chalcis to Damascus correspond.	evidence/Niese-III-PDF318.jpg
41	VISUALLY_REVIEWED_IDENTITY_AND_CLAUSE_CONTEXT	INDIVIDUALLY_REVIEWED	ADD_INTERNAL_NIESE_MILESTONE	PRESENT	ROUTINE_SOURCE_SUPPORTED	latin-book14-num37	/TEI[1]/text[1]/body[1]/div1[1]/argument[1]/floatingText[1]/body[1]/div1[1]/div2[1]/p[9]/add[3]/tail()	30	20966	ἔνθα δὴ καὶ τῶν Ἰουδαίων διήκουσεν καὶ τῶν ἡγουμένων αὐτῶν, οἳ πρός τε ἀλλήλους διεφέροντο Ὑρκανὸς καὶ Ἀριστόβουλος καὶ τὸ ἔθνος πρὸς ἀμφοτέρους, τὸ μὲν οὐκ ἀξιοῦν βασιλεύεσθαι: πάτριον γὰρ εἶναι τοῖς ἱερεῦσι τοῦ τιμωμένου παρ᾽ αὐτοῖς θεοῦ πειθαρχεῖν, ὄντας δὲ τούτους ἀπογόνους τῶν ἱερέων εἰς ἄλλην μετάγειν ἀρχὴν τὸ ἔθνος ζητῆσαι, ὅπως καὶ δοῦλον γένοιτο.  	mque ciuitates eliopolim et calcidem transisset, in medio positum montem ascendit, et ad inferiorem  syriam damascumque peruenit. 	Ubi et comperit quod iudaei cum suis principibus hyrcano et aristobolo haberent discordiam, totamque audiuit gentem contra utrosque dicentem non debere subiurgali ditione esse, sed patrio ritu sacerdotibus oboedire quos deus uenerari praece	Pompey hears the disputes and national objection to kingship; the Latin rewrites the introductory syntax.	evidence/Niese-III-PDF318.jpg
42	VISUALLY_REVIEWED_IDENTITY_AND_CLAUSE_CONTEXT	INDIVIDUALLY_REVIEWED	ADD_INTERNAL_NIESE_MILESTONE	PRESENT	ROUTINE_SOURCE_SUPPORTED	latin-book14-num37	/TEI[1]/text[1]/body[1]/div1[1]/argument[1]/floatingText[1]/body[1]/div1[1]/div2[1]/p[9]/cb[1]/tail()	120	21429	Ὑρκανὸς δὲ κατηγόρει, ὅτι πρεσβύτερος ὢν ἀφαιρεθείη τὸ πρεσβεῖον ὑπὸ Ἀριστοβούλου καὶ μικρὸν ἔχοι μέρος τῆς χώρας ὑφ᾽ αὑτῷ, τὴν δὲ ἄλλην βίᾳ λαβὼν Ἀριστόβουλος:  	xisterent  sacerdotibus non contenti eo honore ad alium magistratum cupiebant gentem transducere et seruitutis uinculis obligare. 	Hyrcanus autem accusabat quod maior fratrem esset, et ab aristobolo partem paruam prouinciae datam teneret. Aliam uero aristobolum uiolentia coepisse confirmans, nec non etiam incursione contra finitimos et latrocinia illum perpetrare crimi	Hyrcanus alleges dispossession of the elder brother and seizure of territory; narrative subject resets here.	evidence/Niese-III-PDF318.jpg
43	VISUALLY_REVIEWED_IDENTITY_AND_CLAUSE_CONTEXT	INDIVIDUALLY_REVIEWED	ADD_INTERNAL_NIESE_MILESTONE	PRESENT	ROUTINE_SOURCE_SUPPORTED	latin-book14-num37	/TEI[1]/text[1]/body[1]/div1[1]/argument[1]/floatingText[1]/body[1]/div1[1]/div2[1]/p[9]/cb[1]/tail()	282	21591	τάς τε καταδρομὰς τὰς ἐπὶ τοὺς ὁμόρους καὶ τὰ πειρατήρια τὰ ἐν τῇ θαλάττῃ τοῦτον εἶναι τὸν συστήσαντα διέβαλεν, οὐκ ἂν οὐδ᾽ ἀποστῆναι λέγων τὸ ἔθνος αὐτοῦ, εἰ μὴ βίαιός τις καὶ ταραχώδης ὑπῆρχεν. συνηγόρουν δὲ αὐτῷ ταῦτα λέγοντι πλείους ἢ χίλιοι τῶν δοκιμωτάτων Ἰουδαίων Ἀντιπάτρου παρασκευάσαντος.  	ior fratrem esset, et ab aristobolo partem paruam prouinciae datam teneret. Aliam uero aristobolum uiolentia coepisse confirmans, 	nec non etiam incursione contra finitimos et latrocinia illum perpetrare criminabatur, neque gentem iudaeorum a se, nisi per illius uiolentiam ad seditionem descendisset. Cui etiam haec alleganti testimonium plus mille optimates iudaei prae	Raids, brigandage and supporting testimony correspond after the territorial complaint of 42.	evidence/Niese-III-PDF318.jpg
44	VISUALLY_REVIEWED_IDENTITY_AND_CLAUSE_CONTEXT	INDIVIDUALLY_REVIEWED	ADD_INTERNAL_NIESE_MILESTONE	PRESENT	ROUTINE_SOURCE_SUPPORTED	latin-book14-num37	/TEI[1]/text[1]/body[1]/div1[1]/argument[1]/floatingText[1]/body[1]/div1[1]/div2[1]/p[9]/add[4]/tail()	11	21902	ὁ δὲ τοῦ μὲν ἐκπεσεῖν αὐτὸν τῆς ἀρχῆς τὴν ἐκείνου φύσιν ᾐτιᾶτο ἄπρακτον οὖσαν καὶ διὰ τοῦτ᾽ εὐκαταφρόνητον, αὐτὸν δ᾽ ἔλεγεν φόβῳ τοῦ μὴ πρὸς ἄλλους μεταστῆναι τὴν ἀρχὴν ἐν ἀνάγκης αὐτὴν ὑπελθεῖν, προσαγορεύεσθαι δὲ αὐτὸν τοῦτο ὅπερ καὶ Ἀλέξανδρον τὸν πατέρα.  	tiam ad seditionem descendisset. Cui etiam haec alleganti testimonium plus mille optimates iudaei praebebant antipatro  suadente, 	aristobolus autem principatu dicebat eum cecidisse propter suam naturalem et efficacem segnitiem pro qua contemptibilis uidebatur, se quoque agebat non tantum pro regni ambitione sumpsisse principatum, quantum metu, ne forte ad alios migrar	Aristobulus blames his brother's incapacity and explains his own assumption of power.	evidence/Niese-III-PDF319.jpg
45	VISUALLY_REVIEWED_IDENTITY_AND_CLAUSE_CONTEXT	INDIVIDUALLY_REVIEWED	ADD_INTERNAL_NIESE_MILESTONE	PRESENT	ROUTINE_SOURCE_SUPPORTED	latin-book14-num37	/TEI[1]/text[1]/body[1]/div1[1]/argument[1]/floatingText[1]/body[1]/div1[1]/div2[1]/p[9]/add[4]/tail()	305	22196	καὶ δὴ μάρτυρας τούτων ἐκάλει τοὺς νέους καὶ σοβαρωτέρους, ὧν ἐβδελύττοντο τὰς πορφυρίδας καὶ τὰς κόμας καὶ τὰ φάλαρα καὶ τὸν ἄλλον κόσμον, ὃν ὥσπερ οὐ δίκην ὑφέξοντες, ἀλλ᾽ ὡς εἰς πομπὴν προϊόντες περιέκειντο. 	egni ambitione sumpsisse principatum, quantum metu, ne forte ad alios migraretur. Appelari autem se regem patris sui nuncupatione 	et testes conuocabat iuuenes promptissimos, quorum cultus purpurae uel comae nec non et fallere aliusque ornatus sic stupebatur non ad iudicium intrare sed ad pompam procedere  putarentur. Pompeius tamen cum haec dixisset aristobolum de uio	The young witnesses and their ostentatious appearance correspond; their clothes do not produce extra list starts.	evidence/Niese-III-PDF319.jpg
46	VISUALLY_REVIEWED_IDENTITY_AND_CLAUSE_CONTEXT	INDIVIDUALLY_REVIEWED	RETAIN_EXISTING_NUM	PRESENT	ROUTINE_SOURCE_SUPPORTED	latin-book14-num46	/TEI[1]/text[1]/body[1]/div1[1]/argument[1]/floatingText[1]/body[1]/div1[1]/div2[1]/p[10]/num[1]/tail()	1	22497	Πομπήιος δὲ τούτων ἀκούσας καὶ καταγνοὺς Ἀριστοβούλου βίαν, τότε μὲν αὐτοὺς ἀπέπεμψεν διαλεχθεὶς πρᾴως, ἐλθὼν δ᾽ εἰς τὴν χώραν αὐτῶν ἔλεγεν διατάξειν ἕκαστα, ἐπειδὰν τὰ τῶν Ναβαταίων πρῶτον ἴδῃ. τέως δὲ ἐκέλευσεν ἡσυχίαν ἄγειν θεραπεύων ἅμα τὸν Ἀριστόβουλον, μὴ τὴν χώραν ἀποστήσῃ καὶ διακλεισθείη τῶν παρόδων.  	urpurae uel comae nec non et fallere aliusque ornatus sic stupebatur non ad iudicium intrare sed ad pompam procedere  putarentur. 	Pompeius tamen cum haec dixisset aristobolum de uiolentia culpans, dimisit eos lenitera adlocutus. Nam dixerat ad prouinciam eorum sese uenturum quo certius singula posset agnoscere cum nathabeorum primum prouinciam peruideret, et interim e	Pompey's response, proposed visit and conciliatory treatment correspond; retain the physical label.	evidence/Niese-III-PDF319.jpg
47	VISUALLY_REVIEWED_IDENTITY_AND_CLAUSE_CONTEXT	INDIVIDUALLY_REVIEWED	ADD_INTERNAL_NIESE_MILESTONE	PRESENT	ROUTINE_SOURCE_SUPPORTED	latin-book14-num46	/TEI[1]/text[1]/body[1]/div1[1]/argument[1]/floatingText[1]/body[1]/div1[1]/div2[1]/p[10]/num[1]/tail()	357	22853	ἔτυχεν μέντοι τοῦτο ἐξ Ἀριστοβούλου γενόμενον: οὐ γὰρ ἀναμείνας οὐδὲν ὧν διελέχθη πρὸς αὐτὸν ὁ Πομπήιος εἰς Δειλον πόλιν ἦλθεν κἀκεῖθεν εἰς τὴν Ἰουδαίαν ἀπῆρεν. 	, et interim eos pacem habere praecepit, aristobolo autem blandiebatur ne prouinciam faceret rebellare aditusque uiae concluderet 	quod euenit. Aristobolus enim a pompeio regressus nec aliquid eorum quae ille monuerat curans in delon ciuitatem peruenit, ex inde iudaeam perrexit. Qua propter iratus pompeius expeditionem quam contra nabatheos parauerat in damasco et a sy	The Greek opening 'this did happen through Aristobulus' has its Latin counterpart at the end of paragraph num46. The next anonymous paragraph continues Aristobulus' departure; cutting there would lose the surviving opening from 47.	evidence/Niese-III-PDF319.jpg
48	VISUALLY_REVIEWED_IDENTITY_AND_CLAUSE_CONTEXT	INDIVIDUALLY_REVIEWED	RETAIN_EXISTING_NUM	PRESENT	ROUTINE_SOURCE_SUPPORTED	latin-book14-num48	/TEI[1]/text[1]/body[1]/div1[1]/argument[1]/floatingText[1]/body[1]/div1[1]/div2[1]/p[12]/num[1]/tail()	1	23130	Ὀργίζεται δ᾽ ἐπὶ τούτοις ὁ Πομπήιος, καὶ τὴν ἐπὶ τοὺς Ναβαταίους ἀναλαβὼν στρατιὰν ἔκ τε Δαμασκοῦ καὶ τῆς ἄλλης Συρίας ἐπικουρικὰ σὺν τοῖς ὑπάρχουσιν αὐτῷ Ῥωμαίων τάγμασιν ἐστράτευσεν ἐπὶ τὸν Ἀριστόβουλον.  	bolus enim a pompeio regressus nec aliquid eorum quae ille monuerat curans in delon ciuitatem peruenit, ex inde iudaeam perrexit. 	Qua propter iratus pompeius expeditionem quam contra nabatheos parauerat in damasco et a syria legionesque romanorum contra aristobolum produxit. Cumque pellam et scytopolim transisset in coreas peruenit, quae initium est iudeae mediterrane	Pompey's anger and mobilization correspond; retain the existing physical start.	evidence/Niese-III-PDF319.jpg
49	VISUALLY_REVIEWED_IDENTITY_AND_CLAUSE_CONTEXT	INDIVIDUALLY_REVIEWED	ADD_INTERNAL_NIESE_MILESTONE	PRESENT	ROUTINE_SOURCE_SUPPORTED	latin-book14-num48	/TEI[1]/text[1]/body[1]/div1[1]/argument[1]/floatingText[1]/body[1]/div1[1]/div2[1]/p[12]/num[1]/tail()	147	23276	ὡς δὲ παραμειψάμενος Πέλλαν καὶ Σκυθόπολιν εἰς Κορέας ἧκεν, ἥτις ἐστὶν ἀρχὴ τῆς Ἰουδαίας διεξιόντι τὴν μεσόγειον, ἐνταῦθα εἴς τι περικαλλὲς ἔρυμα ἐπ᾽ ἄκρου τοῦ ὄρους ἱδρυμένον Ἀλεξάνδρειον Ἀριστοβούλου συμπεφευγότος, πέμψας ἐκέλευσεν ἥκειν πρὸς αὐτόν.  	us pompeius expeditionem quam contra nabatheos parauerat in damasco et a syria legionesque romanorum contra aristobolum produxit. 	Cumque pellam et scytopolim transisset in coreas peruenit, quae initium est iudeae mediterraneae, unde munitis simum oppidum super montem positum uidetur alexandrium nomine, quo aristobolis confugerat. Tunc pompeius destinans ad eum iussit 	The route through Pella/Scythopolis, fortress and summons correspond.	evidence/Niese-III-PDF320.jpg
50	VISUALLY_REVIEWED_IDENTITY_AND_CLAUSE_CONTEXT	INDIVIDUALLY_REVIEWED	ADD_INTERNAL_NIESE_MILESTONE	PRESENT	ROUTINE_SOURCE_SUPPORTED	latin-book14-num48	/TEI[1]/text[1]/body[1]/div1[1]/argument[1]/floatingText[1]/body[1]/div1[1]/div2[1]/p[12]/cb[1]/tail()	1	23541	ὁ δὲ παραινούντων πολλῶν μὴ πολεμεῖν Ῥωμαίοις κάτεισιν καὶ δικαιολογησάμενος πρὸς τὸν ἀδελφὸν περὶ τῆς ἀρχῆς πάλιν εἰς τὴν ἀκρόπολιν ἀναβαίνει Πομπηίου συγχωρήσαντος.  	um super montem positum uidetur alexandrium nomine, quo aristobolis confugerat. Tunc pompeius destinans ad eum iussit descendere  	multisque suadentibus romanis debellare descen  dit. Cumque disputasset contra fratrem de principatu, rursus in oppidum pompeio concedente discessit, et hoc bis et tertio fecit, sperans regnum obtinere ad omnia quae pompeius praeceperat obo	Others urge Aristobulus to avoid war and he descends, negotiates and returns. The Latin injunction Tunc pompeius precedes this counterpart and remains in 49.	evidence/Niese-III-PDF320.jpg
51	VISUALLY_REVIEWED_IDENTITY_AND_CLAUSE_CONTEXT	INDIVIDUALLY_REVIEWED	ADD_INTERNAL_NIESE_MILESTONE	PRESENT	ROUTINE_SOURCE_SUPPORTED	latin-book14-num48	/TEI[1]/text[1]/body[1]/div1[1]/argument[1]/floatingText[1]/body[1]/div1[1]/div2[1]/p[12]/add[1]/tail()	103	23735	καὶ τοῦτ᾽ ἐποίησεν δὶς καὶ τρίς, ἅμα μὲν κολακεύων τὴν ἀπ᾽ αὐτοῦ περὶ τῆς βασιλείας ἐλπίδα καὶ πρὸς ἕκαστον ὧν κελεύσειεν Πομπήιος ὑπακούειν ὑποκρινόμενος, ἅμα δὲ ἀναχωρῶν εἰς τὸ ἔρυμα ὑπὲρ τοῦ μὴ καταλύειν αὑτὸν καὶ πρὸς τὸ πολεμεῖν ἀφορμὴν αὑτῷ παρασκευαζόμενος, δεδιὼς μὴ τὴν ἀρχὴν εἰς Ὑρκανὸν περιστήσῃ.  	s romanis debellare descen  dit. Cumque disputasset contra fratrem de principatu, rursus in oppidum pompeio concedente discessit, 	et hoc bis et tertio fecit, sperans regnum obtinere ad omnia quae pompeius praeceperat oboedire se simulans donec recederet ad munimina sua, timens ne regno spoliaretur, et hyrcano principatus traderetur. Pompeius autem cum iussisset ei ut 	Repeated descents, hope of kingship and fear of transfer to Hyrcanus correspond; repetition is preserved.	evidence/Niese-III-PDF320.jpg
52	VISUALLY_REVIEWED_IDENTITY_AND_CLAUSE_CONTEXT	INDIVIDUALLY_REVIEWED	ADD_INTERNAL_NIESE_MILESTONE	PRESENT	ROUTINE_SOURCE_SUPPORTED	latin-book14-num48	/TEI[1]/text[1]/body[1]/div1[1]/argument[1]/floatingText[1]/body[1]/div1[1]/div2[1]/p[12]/add[1]/tail()	308	23940	κελεύοντος δὲ Πομπηίου παραδιδόναι τὰ ἐρύματα καὶ τοῖς φρουράρχοις ἐπιστέλλειν τῇ ἑαυτοῦ χειρί, παραδέχεσθαι δὲ ἄλλως ἀπείρητο, πείθεται μέν, δυσανασχετῶν δ᾽ ἀνεχώρησεν εἰς Ἱεροσόλυμα καὶ ἐν παρασκευῇ τοῦ πολεμεῖν ἐγίνετο.  	praeceperat oboedire se simulans donec recederet ad munimina sua, timens ne regno spoliaretur, et hyrcano principatus traderetur. 	Pompeius autem cum iussisset ei ut castella traderet et custodibus propria scriberet manu quatinus eum susciperent, oboedire hęc scribere. Discedens autem ad ierosolimam bellum parauit. Interiecto uero tempore pompeio exercitum contra eum d	Surrender orders and Aristobulus' preparations at Jerusalem correspond; the Bamberg boundary before Discedens remains unchanged.	evidence/Niese-III-PDF320.jpg
53	VISUALLY_REVIEWED_IDENTITY_AND_CLAUSE_CONTEXT	INDIVIDUALLY_REVIEWED	ADD_INTERNAL_NIESE_MILESTONE	PRESENT	ROUTINE_SOURCE_SUPPORTED	latin-book14-num48	/TEI[1]/text[1]/body[1]/div1[1]/argument[1]/floatingText[1]/body[1]/div1[1]/div2[1]/p[12]/anchor[1]/tail()	47	24242	καὶ μετ᾽ οὐ πολὺ Πομπηίῳ στρατιὰν ἐπ᾽ αὐτὸν ἄγοντι καθ᾽ ὁδὸν ἀφικόμενοί τινες ἐκ πόντου τὴν Μιθριδάτου τελευτὴν ἐμήνυον τὴν ἐκ Φαρνάκου τοῦ παιδὸς αὐτῷ γενομένην. 	custodibus propria scriberet manu quatinus eum susciperent, oboedire hęc scribere. Discedens autem ad ierosolimam bellum parauit. 	Interiecto uero tempore pompeio exercitum contra eum ducente quidam ex ponto ueniens nuntiauit mitridatem hausto ueneno defunctum, quo illi filius suus farnaces confecerat. Cumque in hiericho castra posuisset ubi maxime nascitur opobalsamum	News of Mithridates' death on the march corresponds, after the castle instructions.	evidence/Niese-III-PDF320.jpg
54	VISUALLY_REVIEWED_IDENTITY_AND_CLAUSE_CONTEXT	INDIVIDUALLY_REVIEWED	RETAIN_EXISTING_NUM	PRESENT	ROUTINE_SOURCE_SUPPORTED	latin-book14-num54	/TEI[1]/text[1]/body[1]/div1[1]/argument[1]/floatingText[1]/body[1]/div1[1]/div2[1]/p[13]/num[1]/tail()	1	24480	Στρατοπεδευσάμενος δὲ περὶ Ἱεριχοῦντα, οὗ τὸν φοίνικα συμβέβηκε τρέφεσθαι καὶ τὸ ὀποβάλσαμον μύρων ἀκρότατον, ὃ τῶν θάμνων τεμνομένων ὀξεῖ λίθῳ ἀναπιδύει ὥσπερ ὀπός, ἕωθεν ἐπὶ Ἱεροσολύμων ἐχώρει.  	ontra eum ducente quidam ex ponto ueniens nuntiauit mitridatem hausto ueneno defunctum, quo illi filius suus farnaces confecerat. 	Cumque in hiericho castra posuisset ubi maxime nascitur opobalsamum cuius cum flos acuto lapide incisus fuerit destillat, mane ierosolimis ascendit, tunc aristobolus paenitens ad pompeium descendit, pecunias offerens et in ierosolimis eum s	Jericho and balsam frame the march to Jerusalem; retain the inherited label.	evidence/Niese-III-PDF320.jpg
55	VISUALLY_REVIEWED_IDENTITY_AND_CLAUSE_CONTEXT	INDIVIDUALLY_REVIEWED	ADD_INTERNAL_NIESE_MILESTONE	PRESENT	ROUTINE_SOURCE_SUPPORTED	latin-book14-num54	/TEI[1]/text[1]/body[1]/div1[1]/argument[1]/floatingText[1]/body[1]/div1[1]/div2[1]/p[13]/num[1]/tail()	150	24629	καὶ μετανοήσας Ἀριστόβουλος ἀφικνεῖται πρὸς Πομπήιον, καὶ χρήματά τε διδοὺς καὶ τοῖς Ἱεροσολύμοις αὐτὸν εἰσδεχόμενος παρεκάλει παύσασθαι τοῦ πολέμου καὶ πράττειν μετ᾽ εἰρήνης ὅ τι βούλεται. συγγνοὺς δὲ ὁ Πομπήιος αὐτῷ δεομένῳ πέμπει Γαβίνιον καὶ στρατιώτας ἐπί τε τὰ χρήματα καὶ τὴν πόλιν.  	castra posuisset ubi maxime nascitur opobalsamum cuius cum flos acuto lapide incisus fuerit destillat, mane ierosolimis ascendit, 	tunc aristobolus paenitens ad pompeium descendit, pecunias offerens et in ierosolimis eum suscepit, rogabatque bello desinere et quae uellet cum pace disponeret. Pompeius autem ueniam ei petenti prestitit, et mittit gauinium cum militibus c	Aristobulus offers money and entry; Pompey sends Gabinius. The earlier dawn march remains in 54.	evidence/Niese-III-PDF320.jpg
56	VISUALLY_REVIEWED_IDENTITY_AND_CLAUSE_CONTEXT	INDIVIDUALLY_REVIEWED	ADD_INTERNAL_NIESE_MILESTONE	PRESENT	ROUTINE_SOURCE_SUPPORTED	latin-book14-num54	/TEI[1]/text[1]/body[1]/div1[1]/argument[1]/floatingText[1]/body[1]/div1[1]/div2[1]/p[13]/num[1]/tail()	422	24901	οὐ μὴν ἐπράχθη τι τούτων, ἀλλ᾽ ἐπανῆλθεν ὁ Γαβίνιος τῆς τε πόλεως ἀποκλεισθεὶς καὶ τὰ χρήματα μὴ λαβών, τῶν Ἀριστοβούλου στρατιωτῶν οὐκ ἐπιτρεψάντων τὰ συγκείμενα γενέσθαι.  	um pace disponeret. Pompeius autem ueniam ei petenti prestitit, et mittit gauinium cum militibus ciuitatem eum pecunias obtinere. 	Sed cum nihil horum penitus egisset gauinius rediit, negatisque pecuniis de ciuitate exclusus est. Nam aristoboli milites pactis minime consenserunt. Qua propter pompeius iratus, aristobolum reclusit in carcerem, et ad ciuitatem peruenit un	Gabinius' failed mission and exclusion correspond; the refusal of Aristobulus' soldiers completes this extent.	evidence/Niese-III-PDF321.jpg
57	VISUALLY_REVIEWED_IDENTITY_AND_CLAUSE_CONTEXT	INDIVIDUALLY_REVIEWED	ADD_INTERNAL_NIESE_MILESTONE	PRESENT	ROUTINE_SOURCE_SUPPORTED	latin-book14-num54	/TEI[1]/text[1]/body[1]/div1[1]/argument[1]/floatingText[1]/body[1]/div1[1]/div2[1]/p[13]/anchor[1]/tail()	0	25166	ὀργὴ δ᾽ ἐπὶ τούτοις Πομπήιον λαμβάνει, καὶ τὸν Ἀριστόβουλον ἐν φυλακῇ καταστήσας αὐτὸς ἐπὶ τὴν πόλιν ἔρχεται τὰ μὲν ἄλλα πάντα οὖσαν ὀχυράν, μόνῳ δὲ τῷ βορείῳ μέρει φαύλως ἔχουσαν: περιέρχεται γὰρ αὐτὴν φάραγξ εὐρεῖά τε καὶ βαθεῖα ἐντὸς ἀπολαμβάνουσα τὸ ἱερὸν λιθίνῳ περιβόλῳ καρτερῶς πάνυ τετειχισμένον. 	penitus egisset gauinius rediit, negatisque pecuniis de ciuitate exclusus est. Nam aristoboli milites pactis minime consenserunt. 	Qua propter pompeius iratus, aristobolum reclusit in carcerem, et ad ciuitatem peruenit undique munitissimam praeter septentrionalem partem. Circuit enim eam uallis latissima uel altissima intus templum concludens lapideo muro fortissime co	Pompey's anger, imprisonment and city fortifications correspond; the existing Bamberg anchor before Qua propter is preserved.	evidence/Niese-III-PDF321.jpg
58	VISUALLY_REVIEWED_IDENTITY_AND_CLAUSE_CONTEXT	INDIVIDUALLY_REVIEWED	RETAIN_EXISTING_NUM	PRESENT	ROUTINE_SOURCE_SUPPORTED	latin-book14-num58	/TEI[1]/text[1]/body[1]/div1[1]/argument[1]/floatingText[1]/body[1]/div1[1]/div2[1]/p[14]/num[1]/tail()	1	25483	Ἦν δὲ τῶν ἀνθρώπων ἔνδον στάσις οὐχ ὁμονοούντων περὶ τῶν ἐνεστώτων, ἀλλὰ τοῖς μὲν ἐδόκει παραδιδόναι Πομπηίῳ τὴν πόλιν, οἱ δὲ τὰ Ἀριστοβούλου φρονοῦντες ἀποκλείειν τε καὶ πολεμεῖν παρῄνουν τῷ κἀκεῖνον ἔχεσθαι δεδεμένον. φθάσαντες δὲ οὗτοι τὸ ἱερὸν καταλαμβάνουσι καὶ τὴν τείνουσαν ἀπ᾽ αὐτοῦ γέφυραν εἰς τὴν πόλιν εἰς πολιορκίαν εὐτρεπιζόμενοι.  	entrionalem partem. Circuit enim eam uallis latissima uel altissima intus templum concludens lapideo muro fortissime constructum, 	seditio tamen hominum intus de praesentibus rebus erat quibusdam dicentibus pompeio tradi ciuitatem. Aristoboli uero socii excludere cum et repugnare persuadebant, et illum haberi uinctum. Qui cum in templo refugerent pontem ab eo in ciuita	Internal division, retreat to the temple and bridge preparations correspond; retain the physical label.	evidence/Niese-III-PDF321.jpg
59	VISUALLY_REVIEWED_IDENTITY_AND_CLAUSE_CONTEXT	INDIVIDUALLY_REVIEWED	ADD_INTERNAL_NIESE_MILESTONE	PRESENT	ROUTINE_SOURCE_SUPPORTED	latin-book14-num58	/TEI[1]/text[1]/body[1]/div1[1]/argument[1]/floatingText[1]/body[1]/div1[1]/div2[1]/p[14]/num[1]/tail()	290	25772	οἱ δὲ ἕτεροι δεξάμενοι τὴν στρατιὰν ἐνεχείρισαν Πομπηίῳ τήν τε πόλιν καὶ τὰ βασίλεια. Πομπήιος δὲ Πείσωνα τὸν ὑποστράτηγον πέμψας σὺν στρατιᾷ τήν τε πόλιν καὶ τὰ βασίλεια ἐφρούρει καὶ τὰς οἰκίας τὰς πρὸς τῷ ἱερῷ καὶ ὅσα ἦν ἔξω περὶ τὸ ἱερὸν ὠχύρου.  	ant, et illum haberi uinctum. Qui cum in templo refugerent pontem ab eo in ciuitatem transpositum ob obsidionem legatum parabant. 	Alii autem exercitum pompei susceperunt, et aulam ei tradireunt.  Pompeius autem pisonem legatum cum exercitu destinauit palatium custodire et domus uel templum obseruare, qui prius quidem uerba pacifica in templo conclusis offerebat. Sed h	The opposing faction receives Pompey, and Piso secures palace/city; the original manuscript page milestone inside the extent remains intact.	evidence/Niese-III-PDF321.jpg
60	VISUALLY_REVIEWED_IDENTITY_AND_CLAUSE_CONTEXT	INDIVIDUALLY_REVIEWED	ADD_INTERNAL_NIESE_MILESTONE	PRESENT	ROUTINE_SOURCE_SUPPORTED	latin-book14-num58	/TEI[1]/text[1]/body[1]/div1[1]/argument[1]/floatingText[1]/body[1]/div1[1]/div2[1]/p[14]/cb[1]/tail()	107	26009	καὶ τὸ μὲν πρῶτον λόγους συμβατηρίους τοῖς ἐντὸς προσέφερεν, οὐχ ὑπακουόντων δὲ εἰς ἃ προεκαλεῖτο τὰ πέριξ ἐτείχιζε χωρία πρὸς ἅπαντα Ὑρκανοῦ προθύμως ὑπηρετοῦντος. Πομπήιος δὲ ἕωθεν στρατοπεδεύεται κατὰ τὸ βόρειον τοῦ ἱεροῦ μέρος, ὅθεν ἦν ἐπίμαχον.  	t aulam ei tradireunt.  Pompeius autem pisonem legatum cum exercitu destinauit palatium custodire et domus uel templum obseruare, 	qui prius quidem uerba pacifica in templo conclusis offerebat. Sed hi dum non oboedissent, loca iuxta templum posita muris circumdedit, ad omnia hyrcano ministrante. Pompeius autem mane circa templum a parte aquilonis unde eos expugnare pot	The conciliatory offer, surrounding works and north-side camp correspond. The relative qui continues the previous Latin syntax; it still opens the first counterpart of 60.	evidence/Niese-III-PDF321.jpg
61	VISUALLY_REVIEWED_IDENTITY_AND_CLAUSE_CONTEXT	INDIVIDUALLY_REVIEWED	ADD_INTERNAL_NIESE_MILESTONE	PRESENT	ROUTINE_SOURCE_SUPPORTED	latin-book14-num58	/TEI[1]/text[1]/body[1]/div1[1]/argument[1]/floatingText[1]/body[1]/div1[1]/div2[1]/p[14]/cb[1]/tail()	374	26276	ἀνεστήκεσαν δὲ καὶ ἐνταῦθα μεγάλοι πύργοι καὶ τάφρος τε ὀρώρυκτο καὶ βαθείᾳ περιείχετο φάραγγι: ἀπερρώγει γὰρ καὶ τὰ πρὸς τὴν πόλιν τῆς γεφύρας ἀνατετραμμένης ἐφ᾽ οὗ δὴ Πομπήιος καὶ τὸ χῶμα ὁσημέραι ταλαιπωρούμενος ἐγήγερτο τεμνόντων τὴν πέριξ ὕλην Ῥωμαίων.  	d omnia hyrcano ministrante. Pompeius autem mane circa templum a parte aquilonis unde eos expugnare potuisset milites collocauit, 	fuerunt namque per illam partem turres altissime, et fossae altissimae, quae ualle circumdabantur. Ponte namque deciso muni cior extiterat, in qua ualle pompeius cum aggerem in circuitu siluam incidentibus romanis inponeret, et uideret sati	Towers, ditch, valley, bridge and construction of the mound correspond; no paragraph split is needed.	evidence/Niese-III-PDF322.jpg
62	VISUALLY_REVIEWED_IDENTITY_AND_CLAUSE_CONTEXT	INDIVIDUALLY_REVIEWED	ADD_INTERNAL_NIESE_MILESTONE	PRESENT	ROUTINE_SOURCE_SUPPORTED	latin-book14-num58	/TEI[1]/text[1]/body[1]/div1[1]/argument[1]/floatingText[1]/body[1]/div1[1]/div2[1]/p[14]/cb[1]/tail()	599	26501	καὶ ἐπειδὴ τοῦτ᾽ εἶχεν ἱκανῶς μόλις πλησθείσης τῆς τάφρου διὰ βάθος ἄπειρον προσβαλὼν μηχανὰς καὶ ὄργανα ἐκ Τύρου κομισθέντα ἐπιστήσας κατήρασσε τὸ ἱερὸν τοῖς πετροβόλοις.  	ur. Ponte namque deciso muni cior extiterat, in qua ualle pompeius cum aggerem in circuitu siluam incidentibus romanis inponeret, 	et uideret satis fossam coaequatam, machinamenta uel instrumenta bellica tyro deportata super inposuit. Sed si nobis patrium non fuisset, septimi die uacare, nullatenus aggerem construere iudaeis repugnantibus potuissent. Nam bellantibus et	Completion of filling and deployment of the Tyrian engines correspond. The machines are introduced later in the same Latin sentence.	evidence/Niese-III-PDF322.jpg
63	VISUALLY_REVIEWED_IDENTITY_AND_CLAUSE_CONTEXT	INDIVIDUALLY_REVIEWED	ADD_INTERNAL_NIESE_MILESTONE	PRESENT	ROUTINE_SOURCE_SUPPORTED	latin-book14-num58	/TEI[1]/text[1]/body[1]/div1[1]/argument[1]/floatingText[1]/body[1]/div1[1]/div2[1]/p[14]/cb[1]/tail()	703	26605	εἰ δὲ μὴ πάτριον ἦν ἡμῖν ἀργεῖν τὰς ἑβδομάδας ἡμέρας, οὐκ ἂν ἠνύσθη τὸ χῶμα κωλυόντων ἐκείνων: ἄρχοντας μὲν γὰρ μάχης καὶ τύπτοντας ἀμύνασθαι δίδωσιν ὁ νόμος, ἄλλο δέ τι δρῶντας τοὺς πολεμίους οὐκ ἐᾷ. 	ntibus romanis inponeret, et uideret satis fossam coaequatam, machinamenta uel instrumenta bellica tyro deportata super inposuit. 	Sed si nobis patrium non fuisset, septimi die uacare, nullatenus aggerem construere iudaeis repugnantibus potuissent. Nam bellantibus et occidentibus resistere lex concedit. Si quid uero aliud aduersaru uelint facere, nulla nobis  datur lic	The Sabbath restriction and distinction between combat and other hostile work correspond.	evidence/Niese-III-PDF322.jpg
64	VISUALLY_REVIEWED_IDENTITY_AND_CLAUSE_CONTEXT	INDIVIDUALLY_REVIEWED	RETAIN_EXISTING_NUM	PRESENT	ROUTINE_SOURCE_SUPPORTED	latin-book14-num64	/TEI[1]/text[1]/body[1]/div1[1]/argument[1]/floatingText[1]/body[1]/div1[1]/div2[1]/p[15]/num[1]/tail()	1	26985	Ὃ δὴ καὶ Ῥωμαῖοι συνιδόντες κατ᾽ ἐκείνας τὰς ἡμέρας, ἃ δὴ σάββατα καλοῦμεν, οὔτ᾽ ἔβαλλον τοὺς Ἰουδαίους οὔτε εἰς χεῖρας αὐτοῖς ὑπήντων, χοῦν δὲ καὶ πύργους ἀνίστασαν καὶ τὰ μηχανήματα προσῆγον, ὥστ᾽ αὐτοῖς εἰς τὴν ἐπιοῦσαν ἐνεργὰ ταῦτ᾽ εἶναι.  	identibus resistere lex concedit. Si quid uero aliud aduersaru uelint facere, nulla nobis  datur licentia sabbatis eos prohibere. 	Qua propter non certantibus iudaeis nec manus armantibus turres erigere uel machinamenta romanis licuit fabricare quibus postero die utebantur. Unde potest nostrae erga deum pietas legisque custodia cognosci, quod nihilo timore obsidionis  	Roman construction without Sabbath fighting corresponds, with compressed specification of the calendar; retain the physical label.	evidence/Niese-III-PDF322.jpg
65	VISUALLY_REVIEWED_IDENTITY_AND_CLAUSE_CONTEXT	INDIVIDUALLY_REVIEWED	ADD_INTERNAL_NIESE_MILESTONE	PRESENT	ROUTINE_SOURCE_SUPPORTED	latin-book14-num64	/TEI[1]/text[1]/body[1]/div1[1]/argument[1]/floatingText[1]/body[1]/div1[1]/div2[1]/p[15]/num[1]/tail()	145	27129	μάθοι δ᾽ ἄν τις ἐντεῦθεν τὴν ὑπερβολὴν ἧς ἔχομεν περὶ τὸν θεὸν εὐσεβείας καὶ τὴν φυλακὴν τῶν νόμων, μηδὲν ὑπὸ τῆς πολιορκίας διὰ φόβον ἐμποδιζομένων πρὸς τὰς ἱερουργίας, ἀλλὰ δὶς τῆς ἡμέρας πρωΐ τε καὶ περὶ ἐνάτην ὥραν ἱερουργούντων ἐπὶ τοῦ βωμοῦ, καὶ μηδὲ εἴ τι περὶ τὰς προσβολὰς δύσκολον εἴη τὰς θυσίας παυόντων.  	n certantibus iudaeis nec manus armantibus turres erigere uel machinamenta romanis licuit fabricare quibus postero die utebantur. 	Unde potest nostrae erga deum pietas legisque custodia cognosci, quod nihilo timore obsidionis  ad immolandum inpediti fuissent. Sed secundo in die mane et circa nonam super aram immolabant, et neque inflictione belli sacrificium remitteban	The demonstration of piety and twice-daily sacrifice correspond; manuscript annotation dots are excluded from coordinates and preserved.	evidence/Niese-III-PDF322.jpg
66	VISUALLY_REVIEWED_IDENTITY_AND_CLAUSE_CONTEXT	INDIVIDUALLY_REVIEWED	ADD_INTERNAL_NIESE_MILESTONE	PRESENT	ROUTINE_SOURCE_SUPPORTED	latin-book14-num64	/TEI[1]/text[1]/body[1]/div1[1]/argument[1]/floatingText[1]/body[1]/div1[1]/div2[1]/p[15]/add[1]/tail()	148	27416	καὶ γὰρ ἁλούσης τῆς πόλεως περὶ τρίτον μῆνα τῇ τῆς νηστείας ἡμέρᾳ κατὰ ἐνάτην καὶ ἑβδομηκοστὴν καὶ ἑκατοστὴν ὀλυμπιάδα ὑπατευόντων Γαΐου Ἀντωνίου καὶ Μάρκου Τυλλίου Κικέρωνος οἱ πολέμιοι μὲν εἰσπεσόντες ἔσφαττον τοὺς ἐν τῷ ἱερῷ,  	editi fuissent. Sed secundo in die mane et circa nonam super aram immolabant, et neque inflictione belli sacrificium remittebant. 	Nam cum capta ciuitas fuisset tertio mense ieiuniorum centesima septuagesima nona olimpiade, gaio, antonio, et marco tullio cicerone consulibus, hostes templum ingressi cunctos peremerunt, qui sacrificus occu  pati nullatenus sacra ruperunt	Capture date, consulship and killing in the temple correspond; the numerically divergent date is preserved.	evidence/Niese-III-PDF322.jpg
67	VISUALLY_REVIEWED_IDENTITY_AND_CLAUSE_CONTEXT	INDIVIDUALLY_REVIEWED	ADD_INTERNAL_NIESE_MILESTONE	PRESENT	ROUTINE_SOURCE_SUPPORTED	latin-book14-num64	/TEI[1]/text[1]/body[1]/div1[1]/argument[1]/floatingText[1]/body[1]/div1[1]/div2[1]/p[15]/add[1]/tail()	337	27605	οἱ δὲ πρὸς ταῖς θυσίαις οὐδὲν ἧττον ἱερουργοῦντες διετέλουν, οὔτε ὑπὸ τοῦ φόβου τοῦ περὶ τῆς ψυχῆς οὔθ᾽ ὑπὸ τοῦ πλήθους τῶν ἤδη φονευομένων ἀναγκασθέντες ἀποδρᾶναι πᾶν θ᾽ ὅ τι δέοι παθεῖν τοῦτο παρ᾽ αὐτοῖς ὑπομεῖναι τοῖς βωμοῖς κρεῖττον εἶναι νομίζοντες ἢ παρελθεῖν τι τῶν νομίμων.  	sima septuagesima nona olimpiade, gaio, antonio, et marco tullio cicerone consulibus, hostes templum ingressi cunctos peremerunt, 	qui sacrificus occu  pati nullatenus sacra ruperunt, haud timore animae conturbati, haud dolore morientium sunt explusi. Sed omnia uoluerunt circa ipsas aras pati putarent melius esse  mori quam sacrificia inperfecta relinqui, et hanc non e	The continuing sacrifices and choice to suffer at the altars correspond. The relative clause and interrupted occupati are preserved.	evidence/Niese-III-PDF323.jpg
68	VISUALLY_REVIEWED_IDENTITY_AND_CLAUSE_CONTEXT	INDIVIDUALLY_REVIEWED	ADD_INTERNAL_NIESE_MILESTONE	PRESENT	ROUTINE_SOURCE_SUPPORTED	latin-book14-num64	/TEI[1]/text[1]/body[1]/div1[1]/argument[1]/floatingText[1]/body[1]/div1[1]/div2[1]/p[15]/cb[1]/tail()	43	27888	ὅτι δὲ οὐ λόγος ταῦτα μόνον ἐστὶν ἐγκώμιον ψευδοῦς εὐσεβείας ἐμφανίζων, ἀλλ᾽ ἀλήθεια, μαρτυροῦσι πάντες οἱ τὰς κατὰ Πομπήιον πράξεις ἀναγράψαντες, ἐν οἷς καὶ Στράβων καὶ Νικόλαος καὶ πρὸς αὐτοῖς Τίτος Λίβιος ὁ τῆς Ῥωμαϊκῆς ἱστορίας συγγραφεύς. 	orientium sunt explusi. Sed omnia uoluerunt circa ipsas aras pati putarent melius esse  mori quam sacrificia inperfecta relinqui, 	et hanc non esse laudem mendacem per quam nostram  pietas apparet. Uere extitisse cuncti testantur qui pompei gesta conscripserunt. Inter quos et trabon et nicolaus, nec non et titus libius romanae conscriptor historiae. At cum machinamentu	The assertion of truth and historians' testimony correspond; the named historians form an internal list.	evidence/Niese-III-PDF323.jpg
69	VISUALLY_REVIEWED_IDENTITY_AND_CLAUSE_CONTEXT	INDIVIDUALLY_REVIEWED	RETAIN_EXISTING_NUM	PRESENT	ROUTINE_SOURCE_SUPPORTED	latin-book14-num69	/TEI[1]/text[1]/body[1]/div1[1]/argument[1]/floatingText[1]/body[1]/div1[1]/div2[1]/p[16]/num[1]/tail()	1	28219	Ἐπεὶ δὲ τοῦ μηχανήματος προσαχθέντος σεισθεὶς ὁ μέγιστος τῶν πύργων κατηνέχθη καὶ παρέρρηξέν τι χωρίον, εἰσεχέοντο μὲν οἱ πολέμιοι, πρῶτος δὲ αὐτῶν Κορνήλιος Φαῦστος Σύλλα παῖς σὺν τοῖς ἑαυτοῦ στρατιώταις ἐπέβη τοῦ τείχους, μετὰ δὲ αὐτὸν Φούριος ἑκατοντάρχης ἅμα τοῖς ἑπομένοις κατὰ θάτερον μέρος, διὰ μέσων δὲ Φάβιος καὶ αὐτὸς ἑκατοντάρχης σὺν στίφει καρτερῷ.  	stantur qui pompei gesta conscripserunt. Inter quos et trabon et nicolaus, nec non et titus libius romanae conscriptor historiae. 	At cum machinamentum primum inlatum fuisset, turris maxima commota cecidit et aperuit partem templi per quam hostes inruperunt, quorum primus cornelius faustus sylle filius cum suis militibus super murum ascendit. Post eum etiam per alteram	The falling tower, assault and first entrants correspond; retain the physical label.	evidence/Niese-III-PDF323.jpg
70	VISUALLY_REVIEWED_IDENTITY_AND_CLAUSE_CONTEXT	INDIVIDUALLY_REVIEWED	ADD_INTERNAL_NIESE_MILESTONE	PRESENT	ROUTINE_SOURCE_SUPPORTED	latin-book14-num69	/TEI[1]/text[1]/body[1]/div1[1]/argument[1]/floatingText[1]/body[1]/div1[1]/div2[1]/p[16]/num[1]/tail()	341	28559	φόνου δὲ ἦν τὰ πάντα ἀνάπλεα. καὶ τῶν Ἰουδαίων οἱ μὲν ὑπὸ Ῥωμαίων, οἱ δ᾽ ὑπὸ ἀλλήλων ἀνῃροῦντο, εἰσὶν δ᾽ οἳ καὶ κατὰ κρημνῶν ἑαυτοὺς ἐρρίπτουν καὶ πῦρ ἐνιέντες εἰς τὰς οἰκίας ἐνεπίμπραντο τὰ γινόμενα καρτερεῖν οὐχ ὑπομένοντες.  	it. Post eum etiam per alteram partem furius centurio cum suis, in medio autem uero fauius et ipse centurio cum turba fortissima. 	Tunc omnia iudaeorum cede complebantur, quidam enim a romanis, alii uero semetipsos occidebant, erant  etiam qui et praecipites sese flammis inter domos inicerent minime ualentes uiolentiam sustinere. Cumque prostrati uiginti duo milia iuda	Bloodshed and deaths at others' or their own hands correspond; all altered wording remains unchanged.	evidence/Niese-III-PDF323.jpg
71	VISUALLY_REVIEWED_IDENTITY_AND_CLAUSE_CONTEXT	INDIVIDUALLY_REVIEWED	ADD_INTERNAL_NIESE_MILESTONE	PRESENT	ROUTINE_SOURCE_SUPPORTED	latin-book14-num69	/TEI[1]/text[1]/body[1]/div1[1]/argument[1]/floatingText[1]/body[1]/div1[1]/div2[1]/p[16]/add[1]/tail()	99	28804	ἔπεσον δὲ τῶν μὲν Ἰουδαίων εἰς μυρίους καὶ δισχιλίους, Ῥωμαίων δὲ πάνυ ὀλίγοι. ἐλήφθη δὲ αἰχμάλωτος καὶ Ἀψάλωμος, θεῖος ἅμα καὶ πενθερὸς Ἀριστοβούλου. παρηνομήθη δὲ οὐ σμικρὰ περὶ τὸν ναὸν ἄβατόν τε ὄντα ἐν τῷ πρὶν χρόνῳ καὶ ἀόρατον:  	o semetipsos occidebant, erant  etiam qui et praecipites sese flammis inter domos inicerent minime ualentes uiolentiam sustinere. 	Cumque prostrati uiginti duo milia iudaeorum romanorum uero pauci defuncti fuissent, capitur etiam abscoloni patruus simul et socer aristoboli. Non parua in templo commissa sunt, dum ea quae priori tempore inuisibilia uel inaccessibilia era	Casualties, capture of Absalom and unlawful temple intrusion correspond; the Latin casualty count differs and is retained.	evidence/Niese-III-PDF323.jpg
72	VISUALLY_REVIEWED_IDENTITY_AND_CLAUSE_CONTEXT	INDIVIDUALLY_REVIEWED	ADD_INTERNAL_NIESE_MILESTONE	PRESENT	ROUTINE_SOURCE_SUPPORTED	latin-book14-num69	/TEI[1]/text[1]/body[1]/div1[1]/argument[1]/floatingText[1]/body[1]/div1[1]/div2[1]/p[16]/add[1]/tail()	278	28983	παρῆλθεν γὰρ εἰς τὸ ἐντὸς ὁ Πομπήιος καὶ τῶν περὶ αὐτὸν οὐκ ὀλίγοι καὶ εἶδον ὅσα μὴ θεμιτὸν ἦν τοῖς ἄλλοις ἀνθρώποις ἢ μόνοις τοῖς ἀρχιερεῦσιν. ὄντων δὲ τραπέζης τε χρυσῆς καὶ λυχνίας ἱερᾶς καὶ σπονδείων καὶ πλήθους ἀρωμάτων, χωρὶς δὲ τούτων ἐν τοῖς θησαυροῖς ἱερῶν χρημάτων εἰς δύο χιλιάδας ταλάντων, οὐδενὸς ἥψατο δι᾽ εὐσέβειαν, ἀλλὰ κἀν τούτῳ ἀξίως ἔπραξεν τῆς περὶ αὐτὸν ἀρετῆς.  	norum uero pauci defuncti fuissent, capitur etiam abscoloni patruus simul et socer aristoboli. Non parua in templo commissa sunt, 	dum ea quae priori tempore inuisibilia uel inaccessibilia erant adisset pompeius, et cum eo non pauci uidissent quae non liceret nisi sacerdotibus intueri. Inuenerunt autem mensam auream et circa eam candelabra uel libatoria non pauca nec n	Pompey's entry, sacred objects and refusal to touch them correspond across the next anonymous paragraph beginning Quas pompeius. An interval ending at the paragraph boundary would truncate the surviving tail.	evidence/Niese-III-PDF324.jpg
73	VISUALLY_REVIEWED_IDENTITY_AND_CLAUSE_CONTEXT	INDIVIDUALLY_REVIEWED	ADD_INTERNAL_NIESE_MILESTONE	PRESENT	ROUTINE_SOURCE_SUPPORTED		/TEI[1]/text[1]/body[1]/div1[1]/argument[1]/floatingText[1]/body[1]/div1[1]/div2[1]/p[17]/text()	94	29458	τῇ τε ὑστεραίᾳ καθαίρειν παραγγείλας τὸ ἱερὸν τοῖς ναοπόλοις καὶ τὰ νόμιμα ἐπιφέρειν τῷ θεῷ τὴν ἀρχιερωσύνην ἀπέδωκεν Ὑρκανῷ διά τε τἆλλα ὅσα χρήσιμος ὑπῆρξεν αὐτῷ, καὶ ὅτι τοὺς κατὰ τὴν χώραν Ἰουδαίους Ἀριστοβούλῳ συμπολεμεῖν ἐκώλυσεν, καὶ τοὺς αἰτίους τοῦ πολέμου τῷ πελέκει διεχρήσατο. τὸν δὲ Φαῦστον καὶ τοὺς ἄλλους ὅσοι τῷ τείχει προθύμως ἐπέβησαν τῶν πρεπόντων ἀριστείων ἠξίωσεν.  	 sacras pecunias duo milia talenta. Quas pompeius paenitus contingere noluit propter pietatem etiam hoc dignum sua uirtute fecit. 	Cumque in posterum ministris templi praecepisset eum purgare et legitima offere deo, hyrcano principatum sacerdotii donauit quod ei utilis apparuisset, et prouinciales prohibuisset aristobolo auxilium praestare, auctores quoque belli secure	Temple purification, Hyrcanus' restoration, punishment and rewards correspond in the anonymous paragraph. Stable context target is preceding num69; physical placement uses the independently validated paragraph index and node path.	evidence/Niese-III-PDF324.jpg
74	VISUALLY_REVIEWED_IDENTITY_AND_CLAUSE_CONTEXT	INDIVIDUALLY_REVIEWED	ADD_INTERNAL_NIESE_MILESTONE	PRESENT	ROUTINE_SOURCE_SUPPORTED		/TEI[1]/text[1]/body[1]/div1[1]/argument[1]/floatingText[1]/body[1]/div1[1]/div2[1]/p[17]/text()	428	29792	καὶ τὰ μὲν Ἱεροσόλυμα ὑποτελῆ φόρου Ῥωμαίοις ἐποίησεν, ἃς δὲ πρότερον οἱ ἔνοικοι πόλεις ἐχειρώσαντο τῆς κοίλης Συρίας ἀφελόμενος ὑπὸ τῷ σφετέρῳ στρατηγῷ ἔταξεν καὶ τὸ σύμπαν ἔθνος ἐπὶ μέγα πρότερον αἰρόμενον ἐντὸς τῶν ἰδίων ὅρων συνέστειλεν.  	estare, auctores quoque belli secure percussit, faustum uero cum aliis qui propensius murum ascenderat proemiis dignis honorauit, 	et in hierosolima sub  conditione fiscalium romanis exposuit. Ciuitates etiam quas prius iudari de inferiori syria ablatas subegerant, sub suo principatu esse constituit, et omnem gentem prius nimis extensam intra suos fines extrinxit,  Nec	Tribute, reassignment of Syrian cities and confinement to native boundaries correspond within the anonymous paragraph.	evidence/Niese-III-PDF324.jpg
75	VISUALLY_REVIEWED_IDENTITY_AND_CLAUSE_CONTEXT	INDIVIDUALLY_REVIEWED	ADD_INTERNAL_NIESE_MILESTONE	PRESENT	ROUTINE_SOURCE_SUPPORTED		/TEI[1]/text[1]/body[1]/div1[1]/argument[1]/floatingText[1]/body[1]/div1[1]/div2[1]/p[17]/add[1]/tail()	1	30137	καὶ Γάδαρα μὲν μικρὸν ἔμπροσθεν καταστραφεῖσαν ἀνέκτισεν Δημητρίῳ χαριζόμενος τῷ Γαδαρεῖ ἀπελευθέρῳ αὐτοῦ: τὰς δὲ λοιπὰς Ἵππον καὶ Σκυθόπολιν καὶ Πέλλαν καὶ Δῖον καὶ Σαμάρειαν ἔτι τε Μάρισαν καὶ Ἄζωτον καὶ Ἰάμνειαν καὶ Ἀρέθουσαν τοῖς οἰκήτορσιν ἀπέδωκεν.  	i syria ablatas subegerant, sub suo principatu esse constituit, et omnem gentem prius nimis extensam intra suos fines extrinxit,  	Nec non et gadaram paulo ante dirutam aedificauit demetrio donans gadarenos suo liberto, reliquas autem ioppen et scytopolim et pella uel dion et samariam, et insuper marissan et azotum, et iamniam et arethusam habitatoribus, reddidit quem 	Restoration of Gadara and inland cities corresponds; no cuts are invented within the city list.	evidence/Niese-III-PDF324.jpg
76	VISUALLY_REVIEWED_IDENTITY_AND_CLAUSE_CONTEXT	INDIVIDUALLY_REVIEWED	ADD_INTERNAL_NIESE_MILESTONE	PRESENT	ROUTINE_SOURCE_SUPPORTED		/TEI[1]/text[1]/body[1]/div1[1]/argument[1]/floatingText[1]/body[1]/div1[1]/div2[1]/p[17]/add[1]/tail()	236	30372	καὶ ταύτας μὲν ἐν τῇ μεσογείῳ χωρὶς τῶν κατεσκαμμένων, Γάζαν δὲ πρὸς τῇ θαλάττῃ καὶ Ἰόππην καὶ Δῶρα καὶ Στράτωνος πύργον, ἣ κτίσαντος αὐτὴν Ἡρώδου μεγαλοπρεπῶς καὶ λιμέσιν τε καὶ ναοῖς κοσμήσαντος, Καισάρεια μετωνομάσθη, πάσας ὁ Πομπήιος ἀφῆκεν ἐλευθέρας καὶ προσένειμεν τῇ ἐπαρχίᾳ. 	oppen et scytopolim et pella uel dion et samariam, et insuper marissan et azotum, et iamniam et arethusam habitatoribus, reddidit 	quem mediterraneae  fuerant praeter alias dirutas. Gazam uero maritimam et ioppen, et dora, et stratonis turrem quam postea herodes magnifice condidit, et cum portibus, uel templis eam ornasset, caesaream eam cognominauit, pompeius liberas 	The inland/seaside distinction and liberation of the remaining cities correspond, though relative syntax carries across the previous Latin sentence.	evidence/Niese-III-PDF325.jpg
77	VISUALLY_REVIEWED_IDENTITY_AND_CLAUSE_CONTEXT	INDIVIDUALLY_REVIEWED	RETAIN_EXISTING_NUM	PRESENT	ROUTINE_SOURCE_SUPPORTED	latin-book14-num77	/TEI[1]/text[1]/body[1]/div1[1]/argument[1]/floatingText[1]/body[1]/div1[1]/div2[1]/p[18]/num[1]/tail()	1	30759	Τούτου τοῦ πάθους τοῖς Ἱεροσολύμοις αἴτιοι κατέστησαν Ὑρκανὸς καὶ Ἀριστόβουλος πρὸς ἀλλήλους στασιάσαντες: τήν τε γὰρ ἐλευθερίαν ἀπεβάλομεν καὶ ὑπήκοοι Ῥωμαίοις κατέστημεν καὶ τὴν χώραν, ἣν τοῖς ὅπλοις ἐκτησάμεθα τοὺς Σύρους ἀφελόμενοι, ταύτην ἠναγκάσθημεν ἀποδοῦναι τοῖς Σύροις,  	it, et cum portibus, uel templis eam ornasset, caesaream eam cognominauit, pompeius liberas reliquit, et ad prouinciam discessit, 	horum malorum hierosolimis auctores hyrcanus et aristobolus extiterunt. Cum inuicem inter se bella gessissent, nam tunc et libertatem deposuimus et subiecti romanis sumus et prouinciam quam armis possidemus a syris ablatam hanc syris compul	Hyrcanus and Aristobulus are blamed for the loss of freedom and territory; retain the independently corresponding physical label.	evidence/Niese-III-PDF325.jpg
78	VISUALLY_REVIEWED_IDENTITY_AND_CLAUSE_CONTEXT	INDIVIDUALLY_REVIEWED	ADD_INTERNAL_NIESE_MILESTONE	PRESENT	ROUTINE_SOURCE_SUPPORTED	latin-book14-num77	/TEI[1]/text[1]/body[1]/div1[1]/argument[1]/floatingText[1]/body[1]/div1[1]/div2[1]/p[18]/num[1]/tail()	268	31026	καὶ προσέτι πλείω ἢ μύρια τάλαντα Ῥωμαῖοι ἐν βραχεῖ χρόνῳ παρ᾽ ἡμῶν εἰσεπράξαντο, καὶ ἡ βασιλεία πρότερον τοῖς κατὰ γένος ἀρχιερεῦσιν διδομένη, τιμὴ δημοτικῶν ἀνδρῶν ἐγένετο. καὶ περὶ μὲν τούτων κατὰ χώραν ἐροῦμεν.  	osuimus et subiecti romanis sumus et prouinciam quam armis possidemus a syris ablatam hanc syris compulsi sumus denuo restituere, 	et insuper plus decem milia talenta pauco tempore romani nos exigerunt, et regnum quod antiquitus secundum generationem principibus sacerdotum dabatur, populare  factum est de his quidem competenti loco  dicemus. Pompeius autem cum inferior	Roman exaction and the altered status of the priesthood follow the loss of territory. The closing promise of later discussion remains in 78.	evidence/Niese-III-PDF325.jpg
79	VISUALLY_REVIEWED_IDENTITY_AND_CLAUSE_CONTEXT	INDIVIDUALLY_REVIEWED	ADD_INTERNAL_NIESE_MILESTONE	PRESENT	ROUTINE_SOURCE_SUPPORTED	latin-book14-num77	/TEI[1]/text[1]/body[1]/div1[1]/argument[1]/floatingText[1]/body[1]/div1[1]/div2[1]/p[18]/add[2]/tail()	10	31326	Πομπήιος δὲ τήν τε κοίλην ἄλλην Συρίαν ἕως Εὐφράτου ποταμοῦ καὶ Αἰγύπτου Σκαύρῳ παραδοὺς καὶ δύο τάγματα Ῥωμαίων ἐπὶ Κιλικίας ᾤχετο ἐπειγόμενος εἰς Ῥώμην. ἐπήγετο δὲ μετὰ τῆς γενεᾶς καὶ Ἀριστόβουλον δεδεμένον: δύο γὰρ ἦσαν αὐτῷ θυγατέρες καὶ τοσοῦτοι υἱεῖς, ὧν Ἀλέξανδρος μὲν ἀπέδρα, ὁ δὲ νεώτερος Ἀντίγονος συναπεκομίζετο εἰς Ῥώμην ἅμα ταῖς ἀδελφαῖς. 	uod antiquitus secundum generationem principibus sacerdotum dabatur, populare  factum est de his quidem competenti loco  dicemus. 	Pompeius autem cum inferiorem syriam usque ad eufratem fluuium et aegyptum scaruo tradidisset, et duas legiones romanas per ciliciam romam perrexit. Ducebat etiam cum sua generatione aristobolum uinctum cui duae filiae uel totidem filii fue	Pompey's departure with Aristobulus's family follows the summary of consequences; retain Alexander's escape and Antigonus's transport together.	evidence/Niese-III-PDF325.jpg
80	VISUALLY_REVIEWED_IDENTITY_AND_CLAUSE_CONTEXT	INDIVIDUALLY_REVIEWED	RETAIN_EXISTING_NUM	PRESENT	ROUTINE_SOURCE_SUPPORTED	latin-book14-num80	/TEI[1]/text[1]/body[1]/div1[1]/argument[1]/floatingText[1]/body[1]/div1[1]/div2[1]/p[19]/num[1]/tail()	4	31739	Σκαύρου δ᾽ ἐπὶ Πέτραν τῆς Ἀραβίας στρατεύσαντος καὶ διὰ τὸ δυσάλωτον εἶναι τὰ ἐν κύκλῳ δῃοῦντος αὐτῆς καὶ τοῦ στρατεύματος λιμήναντος Ἀντίπατρος κατ᾽ ἐντολὴν Ὑρκανοῦ σῖτον ἐκ τῆς Ἰουδαίας καὶ τὰ ἄλλα, ὅσων ἐνέδει, παρεῖχεν.  	iae uel totidem filii fuerunt, quorum alexander euasit, nouissimus autem antigonus quicum patre uel sororibus romam deportatus est	Scaurus tamen contra petram arabiae cum exercitum produxisset, propter difficultatem ciuitatis, in circuitu terram deuastabat. Sed exercitui romano fame fatigato, anti parter oboediens praeceptis hyrcani a iudęa triticum uel quaecumque eran	Scaurus's Arabian expedition independently confirms the existing visible 80. Literal X. before Scaurus is a source chapter label excluded from narrative coordinates and preserved in bytes.	evidence/Niese-III-PDF325.jpg
81	VISUALLY_REVIEWED_IDENTITY_AND_CLAUSE_CONTEXT	INDIVIDUALLY_REVIEWED	ADD_INTERNAL_NIESE_MILESTONE	PRESENT	ROUTINE_SOURCE_SUPPORTED	latin-book14-num80	/TEI[1]/text[1]/body[1]/div1[1]/argument[1]/floatingText[1]/body[1]/div1[1]/div2[1]/p[19]/del[1]/tail()	245	32041	πεμφθεὶς δὲ πρὸς Ἀρέταν πρεσβευτὴς ὑπὸ Σκαύρου διὰ τὴν ὑπάρχουσαν ξενίαν πείθει αὐτὸν ἀργύριον ὑπὲρ τοῦ μὴ δῃωθῆναι τὴν χώραν δοῦναι, καὶ αὐτὸς ἐγγυητὴς τριακοσίων ταλάντων γίνεται. καὶ ἐπὶ τούτοις ἔλυσε τὸν πόλεμον Σκαῦρος οὐχ ἧττον αὐτὸς ἢ συνέβαινεν Ἀρέταν ἐπιθυμεῖν τοῦτο γενέσθαι βουλόμενος. 	citui romano fame fatigato, anti parter oboediens praeceptis hyrcani a iudęa triticum uel quaecumque erant necessaria destinabat. 	Cumque missus ab scauro legatus  antipater ad aretam perrexisset per amicitias quas cum eo habere debuerat flexit eum pecuniis, ne prouincia predaretur. Qui etiam fide iussor eius pro trecentis talentis extitit, et in his bellum scaurus sed	Antipater's embassy and guarantee of money introduce the settlement of Scaurus's war.	evidence/Niese-III-PDF326.jpg
82	VISUALLY_REVIEWED_IDENTITY_AND_CLAUSE_CONTEXT	INDIVIDUALLY_REVIEWED	RETAIN_EXISTING_NUM	PRESENT	ROUTINE_SOURCE_SUPPORTED	latin-book14-num82	/TEI[1]/text[1]/body[1]/div1[1]/argument[1]/floatingText[1]/body[1]/div1[1]/div2[1]/p[20]/add[1]/tail()	1	32471	Χρόνῳ δ᾽ ὕστερον Ἀλεξάνδρου τὴν Ἰουδαίαν κατατρέχοντος τοῦ Ἀριστοβούλου παιδὸς Γαβίνιος ἐκ Ῥώμης στρατηγὸς εἰς Συρίαν ἧκεν, ὃς ἄλλα τε λόγου ἄξια διεπράξατο καὶ ἐπ᾽ Ἀλέξανδρον ἐστράτευσεν, μηκέτι Ὑρκανοῦ πρὸς τὴν ἐκείνου ῥώμην ἀντέχειν δυναμένου, ἀλλ᾽ ἀνεγείρειν ἤδη καὶ τὸ τῶν Ἱεροσολύμων τεῖχος ἐπιχειροῦντος, ὅπερ καθεῖλεν Πομπήιος.  	us pro trecentis talentis extitit, et in his bellum scaurus sedauit. Siquidem non minus et ipse quam areta concupiuit idem fieri  	Interiecto uero tempore cum alexander aristoboli filius iudaeam inuasisset, dux exercitus cabinius de roma ad syriam usque peruenit. Qui inter alia quae miranda fecit, contra alexandrum produxit exercitum. Nullatenus ualente hyrcano uiribus	Alexander's invasion and Gabinius's arrival confirm this inherited start; the attempt to rebuild Jerusalem's wall closes 82.	evidence/Niese-III-PDF326.jpg
83	VISUALLY_REVIEWED_IDENTITY_AND_CLAUSE_CONTEXT	INDIVIDUALLY_REVIEWED	ADD_INTERNAL_NIESE_MILESTONE	PRESENT	ROUTINE_SOURCE_SUPPORTED	latin-book14-num82	/TEI[1]/text[1]/body[1]/div1[1]/argument[1]/floatingText[1]/body[1]/div1[1]/div2[1]/p[20]/add[1]/tail()	334	32804	ἀλλὰ τούτου μὲν αὐτὸν ἐπέσχον οἱ ἐνταῦθα Ῥωμαῖοι. περιιὼν δὲ ἐν κύκλῳ τὴν χώραν πολλοὺς ὥπλιζεν τῶν Ἰουδαίων καὶ συνέλεξεν ταχὺ μυρίους μὲν ὁπλίτας πεντακοσίους δὲ πρὸς τοῖς χιλίοις ἱππεῖς, Ἀλεξάνδρειόν τε ὠχύρου τὸ πρὸς ταῖς Κορέαις ἔρυμα καὶ Μαχαιροῦντα πρὸς τοῖς Ἀραβίοις ὄρεσιν.  	m. Nullatenus ualente hyrcano uiribus illius resistere, cum etiam erigere ierosolimorum murum festinaret quem pompeius deposuerat 	quod ne faceret prohibuerunt eum romani ibi constituti. Circuiens autem prouinciam multos iudaeorum armauit, et maturius quam sperabatur collegit decem milia pedites et mille quingentos equites, alexandrium etiam castellum ualde munitum et 	The Roman prohibition belongs to Greek 83 before Alexander's gathering and fortification of forces; do not start at Circuiens autem.	evidence/Niese-III-PDF326.jpg
84	VISUALLY_REVIEWED_IDENTITY_AND_CLAUSE_CONTEXT	INDIVIDUALLY_REVIEWED	ADD_INTERNAL_NIESE_MILESTONE	PRESENT	ROUTINE_SOURCE_SUPPORTED	latin-book14-num82	/TEI[1]/text[1]/body[1]/div1[1]/argument[1]/floatingText[1]/body[1]/div1[1]/div2[1]/p[20]/add[1]/tail()	607	33077	ἔρχεται οὖν ἐπ᾽ αὐτὸν Γαβίνιος Μᾶρκον Ἀντώνιον προπέμψας σὺν ἄλλοις ἡγεμόσιν: οἱ δὲ ὁπλίσαντες Ῥωμαίων τοὺς ἑπομένους καὶ σὺν τούτοις τοὺς ὑπηκόους Ἰουδαίους, ὧν Πειθόλαος ἡγεῖτο καὶ Μάλιχος, προσλαβόντες δὲ καὶ τὸ Ἀντιπάτρου ἑταιρικὸν ὑπήντων Ἀλεξάνδρῳ: ἠκολούθει δὲ καὶ Γαβίνιος σὺν τῇ φάλαγγι.  	it decem milia pedites et mille quingentos equites, alexandrium etiam castellum ualde munitum et machenunta iuxta montes arabiae. 	Igitur gauinus contra eum ueniebat, cum iam marcum antonium cum romanis aliosque duces praemisisset. Qui cum romanis militibus et subiectis iudaeis quos phytolaus et malchus ducebant, adunantes sibi et antipatri societatem, alexandro obuiam	Gabinius sends commanders ahead and the combined force meets Alexander; the joining of Antipater is within 84.	evidence/Niese-III-PDF326.jpg
85	VISUALLY_REVIEWED_IDENTITY_AND_CLAUSE_CONTEXT	INDIVIDUALLY_REVIEWED	ADD_INTERNAL_NIESE_MILESTONE	PRESENT_WITH_LOCAL_COMPRESSION	ROUTINE_SOURCE_SUPPORTED	latin-book14-num82	/TEI[1]/text[1]/body[1]/div1[1]/argument[1]/floatingText[1]/body[1]/div1[1]/div2[1]/p[20]/add[1]/tail()	902	33372	καὶ ἀναχωρεῖ μὲν ἐγγὺς Ἱεροσολύμων Ἀλέξανδρος, συμπεσόντων δὲ ἀλλήλοις ἐκεῖ καὶ μάχης γενομένης κτείνουσι μὲν οἱ Ῥωμαῖοι τῶν πολεμίων περὶ τρισχιλίους, ζωγροῦσι δὲ οὐκ ἔλαττον. 	 malchus ducebant, adunantes sibi et antipatri societatem, alexandro obuiam uenerunt, quos sequebatur etiam gauinius cum legione. 	Alexander autem prope ierosolimam accessit, ubi cum hostibus proelio facto perimerunt romani tria milia uirorum. Interim gauinus cum alexandrium peruenisset castrum. Inuitabat conclusos ad pacem ueniamque de prioribus suis delictis polliceb	Alexander's retreat and ensuing battle correspond to 85. The Latin retains three thousand killed, while the Greek additional captures have no explicit counterpart here.	evidence/Niese-III-PDF326.jpg
86	VISUALLY_REVIEWED_IDENTITY_AND_CLAUSE_CONTEXT	INDIVIDUALLY_REVIEWED	RETAIN_EXISTING_NUM	PRESENT	ROUTINE_SOURCE_SUPPORTED	latin-book14-num86	/TEI[1]/text[1]/body[1]/div1[1]/argument[1]/floatingText[1]/body[1]/div1[1]/div2[1]/p[21]/num[1]/tail()	1	33551	Ἐν τούτῳ Γαβίνιος ἐπ᾽ Ἀλεξάνδρειον ἐλθὼν προυκαλεῖτο τοὺς ἔνδον εἰς διαλύσεις συγγνώσεσθαι περὶ τῶν πρόσθεν αὐτοῖς ἡμαρτημένων ὁμολογῶν. στρατοπεδευομένων δὲ πολλῶν πρὸ τοῦ ἐρύματος πολεμίων, ἐφ᾽ οὓς ἀνῄεσαν οἱ Ῥωμαῖοι, Μᾶρκος Ἀντώνιος ἐπιφανῶς ἀγωνισάμενος καὶ πολλοὺς ἀποκτείνας ἔδοξεν ἠριστευκέναι.  	ius cum legione. Alexander autem prope ierosolimam accessit, ubi cum hostibus proelio facto perimerunt romani tria milia uirorum. 	Interim gauinus cum alexandrium peruenisset castrum. Inuitabat conclusos ad pacem ueniamque de prioribus suis delictis pollicebatur eis. Ubi cum plures hostium foras uallium starent marcus antonius fortiter decertans in congressione multos 	Arrival at Alexandrium, offer of pardon and Antony's fighting confirm the existing start.	evidence/Niese-III-PDF327.jpg
87	VISUALLY_REVIEWED_IDENTITY_AND_CLAUSE_CONTEXT	INDIVIDUALLY_REVIEWED	ADD_INTERNAL_NIESE_MILESTONE	PRESENT	ROUTINE_SOURCE_SUPPORTED	latin-book14-num86	/TEI[1]/text[1]/body[1]/div1[1]/argument[1]/floatingText[1]/body[1]/div1[1]/div2[1]/p[21]/num[1]/tail()	253	33803	Γαβίνιος μὲν οὖν μέρος τῆς στρατιᾶς ἐνταυθοῖ καταλιπών, ἕως ἂν ἐκπολιορκηθῇ τὸ χωρίον, αὐτὸς ἐπῄει τὴν ἄλλην Ἰουδαίαν, καὶ ὅσαις ἐπετύγχανεν καθῃρημέναις τῶν πόλεων κτίζειν παρεκελεύετο.  	licebatur eis. Ubi cum plures hostium foras uallium starent marcus antonius fortiter decertans in congressione multos prostrauit. 	Gauinius uero exercitus partem cum ibi reliquisset ut castellum uastaret, ipse reliquam iudaeam circuibat, quantasque inuenisset dirutas ciuitates renouari praecepit, et constructae sunt samaria uel azotus scytopolis et antidon, rafia, uel 	Leaving a force at the siege and touring the rest of Judaea begin 87; the command to restore cities belongs with this frame.	evidence/Niese-III-PDF327.jpg
88	VISUALLY_REVIEWED_IDENTITY_AND_CLAUSE_CONTEXT	INDIVIDUALLY_REVIEWED	ADD_INTERNAL_NIESE_MILESTONE	PRESENT	ROUTINE_SOURCE_SUPPORTED	latin-book14-num86	/TEI[1]/text[1]/body[1]/div1[1]/argument[1]/floatingText[1]/body[1]/div1[1]/div2[1]/p[21]/num[1]/tail()	420	33970	καὶ ἀνεκτίσθησαν Σαμάρεια καὶ Ἄζωτος καὶ Σκυθόπολις καὶ Ἀνθηδὼν καὶ Ῥάφεια καὶ Ἄδωρα Μάρισά τε καὶ Γάζα καὶ ἄλλαι οὐκ ὀλίγαι. τῶν δὲ ἀνθρώπων πειθομένων οἷς ὁ Γαβίνιος προσέταττεν βεβαίως οἰκηθῆναι τότε συνέβαινε τὰς πόλεις πολὺν χρόνον ἐρήμους γενομένας. 	i reliquisset ut castellum uastaret, ipse reliquam iudaeam circuibat, quantasque inuenisset dirutas ciuitates renouari praecepit, 	et constructae sunt samaria uel azotus scytopolis et antidon, rafia, uel dora, marisa, et gaba  et balienon pauce, cumque omnes gauini praeceptis oboedissent, ciuitates multo tempore desertae suos habitatores adquisierunt  Quaecumque pro pr	The city list begins here, followed by their resettlement. Source spellings and all entries remain unchanged; no individual city makes an extra section.	evidence/Niese-III-PDF327.jpg
89	VISUALLY_REVIEWED_IDENTITY_AND_CLAUSE_CONTEXT	INDIVIDUALLY_REVIEWED	RETAIN_EXISTING_NUM	PRESENT	ROUTINE_SOURCE_SUPPORTED	latin-book14-num89	/TEI[1]/text[1]/body[1]/div1[1]/argument[1]/floatingText[1]/body[1]/div1[1]/div2[1]/p[22]/add[1]/tail()	1	34369	Ταῦτα δὲ διαπραξάμενος κατὰ τὴν χώραν ἐπάνεισιν ἐπὶ τὸ Ἀλεξάνδρειον, καὶ τὴν πολιορκίαν αὐτοῦ κρατύνοντος διαπρεσβεύεται πρὸς αὐτὸν Ἀλέξανδρος συγγινώσκειν τε αὐτῷ τῶν ἡμαρτημένων δεόμενος καὶ παραδιδοὺς τῶν ἐρυμάτων Ὑρκανίαν τε καὶ Μαχαιροῦντα, ὕστερον δὲ καὶ Ἀλεξάνδρειον.  	a  et balienon pauce, cumque omnes gauini praeceptis oboedissent, ciuitates multo tempore desertae suos habitatores adquisierunt  	Quaecumque pro prouinciam rediit in alexandrium castellum, ubi dum obsidionem statueret, legationem ad eum alexander destinauit, ueniam sibi de prioribus commissis postulans, et tradere castella hyrcaniam uel macheruntam, post etiam alexand	Return to the siege and Alexander's surrender correspond to 89. Preserve the source's syntax; the demolition relative clause starts 90 within this same paragraph.	evidence/Niese-III-PDF327.jpg
90	VISUALLY_REVIEWED_IDENTITY_AND_CLAUSE_CONTEXT	INDIVIDUALLY_REVIEWED	ADD_INTERNAL_NIESE_MILESTONE	PRESENT	ROUTINE_SOURCE_SUPPORTED	latin-book14-num89	/TEI[1]/text[1]/body[1]/div1[1]/argument[1]/floatingText[1]/body[1]/div1[1]/div2[1]/p[22]/add[1]/tail()	258	34626	καὶ ταῦτα μὲν Γαβίνιος κατέσκαψεν. τῆς δ᾽ Ἀλεξάνδρου μητρὸς πρὸς αὐτὸν ἐλθούσης, ἣ ἐφρόνει τὰ Ῥωμαίων τοῦ τε ἀνδρὸς αὐτῆς καὶ τῶν ἄλλων τέκνων ἐν Ῥώμῃ ἐχομένων, συνεχώρησεν αὐτῇ ταῦτα ἅπερ ἠξίου, καὶ διοικησάμενος τὰ πρὸς αὐτὴν Ὑρκανὸν κατήγαγεν εἰς Ἱεροσόλυμα σχήσοντα τὴν τοῦ ἱεροῦ ἐπιμέλειαν.  	, ueniam sibi de prioribus commissis postulans, et tradere castella hyrcaniam uel macheruntam, post etiam alexandrium pollicetur, 	quae gauinius accepta euertit. Mater uero alexandri cum ad eum peruenisset nam fauebat romanis marito eius et aliis filiis romam abductis, concessit ei gauinius quae postulasset. Cumque disposuisset pacem cum ea, hyrcanum ad ierosolimam red	Greek 90 opens with Gabinius's demolition of the forts. Latin renders it as a relative clause before the mother's arrival; starting only at Mater uero would lose the surviving opening counterpart.	evidence/Niese-III-PDF327.jpg
91	VISUALLY_REVIEWED_IDENTITY_AND_CLAUSE_CONTEXT	INDIVIDUALLY_REVIEWED	ADD_INTERNAL_NIESE_MILESTONE	PRESENT	ROUTINE_SOURCE_SUPPORTED	latin-book14-num89	/TEI[1]/text[1]/body[1]/div1[1]/argument[1]/floatingText[1]/body[1]/div1[1]/div2[1]/p[22]/add[1]/tail()	534	34902	πέντε δὲ συνέδρια καταστήσας εἰς ἴσας μοίρας διένειμε τὸ ἔθνος, καὶ ἐπολιτεύοντο οἱ μὲν ἐν Ἱεροσολύμοις οἱ δὲ ἐν Γαδάροις οἱ δὲ ἐν Ἀμαθοῦντι, τέταρτοι δ᾽ ἦσαν ἐν Ἱεριχοῦντι, καὶ τὸ πέμπτον ἐν Σαπφώροις τῆς Γαλιλαίας. καὶ οἱ μὲν ἀπηλλαγμένοι δυναστείας ἐν ἀριστοκρατίᾳ διῆγον. 	it ei gauinius quae postulasset. Cumque disposuisset pacem cum ea, hyrcanum ad ierosolimam reduxit, habiturum templi diligentiam. 	Quinque tamen curias constituit, aequalibus turmis gentem diuisit, quarum una ierosolimis degebat, alia in gada ris, tertia in mathunte, quarta uero in hierichunte, quinta in sefforis galileae, qui regia potestate liberati sub optimatuum gu	The five administrative councils and new aristocratic government begin here after Hyrcanus's restoration. The list stays together.	evidence/Niese-III-PDF327.jpg
92	VISUALLY_REVIEWED_IDENTITY_AND_CLAUSE_CONTEXT	INDIVIDUALLY_REVIEWED	RETAIN_EXISTING_NUM	PRESENT	ROUTINE_SOURCE_SUPPORTED	latin-book14-num92	/TEI[1]/text[1]/body[1]/div1[1]/argument[1]/floatingText[1]/body[1]/div1[1]/div2[1]/p[23]/add[1]/tail()	1	35275	Ἀριστοβούλου δὲ διαδράντος ἐκ Ῥώμης εἰς τὴν Ἰουδαίαν καὶ τὸ Ἀλεξάνδρειον, ὅπερ ἦν νεωστὶ κατεσκαμμένον, ἀνακτίζειν προαιρουμένου, πέμπει Γαβίνιος ἐπ᾽ αὐτὸν στρατιώτας καὶ ἡγεμόνας Σισένναν τε καὶ Ἀντώνιον καὶ Σερουίλιον κωλύσοντάς τε τὸ χωρίον αὐτὸν κατασχεῖν καὶ συλληψομένους αὐτόν.  	unte, quarta uero in hierichunte, quinta in sefforis galileae, qui regia potestate liberati sub optimatuum gubernatione uiuebant  	Sed cum aristobolus roma ad iudaeam confugisset, et alexandrium quod nuper dirutum fuerat renouare desideraret. Gauinius, milites cum ducibus sisinnio et antonio, et seruilio mittit ut eum oppidum reconstrui prohiberent simul et caperent, m	Aristobulus's escape, rebuilding plan and the mission to stop him independently confirm the existing start.	evidence/Niese-III-PDF328.jpg
93	VISUALLY_REVIEWED_IDENTITY_AND_CLAUSE_CONTEXT	INDIVIDUALLY_REVIEWED	ADD_INTERNAL_NIESE_MILESTONE	PRESENT	ROUTINE_SOURCE_SUPPORTED	latin-book14-num92	/TEI[1]/text[1]/body[1]/div1[1]/argument[1]/floatingText[1]/body[1]/div1[1]/div2[1]/p[23]/add[1]/tail()	240	35514	πολλοὶ δ᾽ Ἀριστοβούλῳ τῶν Ἰουδαίων κατὰ τὴν παλαιὰν εὔκλειαν προσέρρεον καὶ δὴ καὶ νεωτέροις χαίροντες ἀεὶ πράγμασιν: Πειθόλαος γοῦν τις ὑποστράτηγος ἐν Ἱεροσολύμοις ὢν μετὰ χιλίων ηὐτομόλησεν πρὸς αὐτόν:  	t. Gauinius, milites cum ducibus sisinnio et antonio, et seruilio mittit ut eum oppidum reconstrui prohiberent simul et caperent, 	multi tamen iudaei ad aristobolum transiebant, propter ueterem eius gloriam nouis rebus studentes, nec non et pitholaus dux ierosolimorum cum mille ad eum conuenerunt. Inermes erant quos decreuit in macherunte ponere. Aristobolus ergo eos q	Followers attracted by old reputation and Peitholaus's defection form 93.	evidence/Niese-III-PDF328.jpg
94	VISUALLY_REVIEWED_IDENTITY_AND_CLAUSE_CONTEXT	INDIVIDUALLY_REVIEWED	ADD_INTERNAL_NIESE_MILESTONE	PRESENT	ROUTINE_SOURCE_SUPPORTED	latin-book14-num92	/TEI[1]/text[1]/body[1]/div1[1]/argument[1]/floatingText[1]/body[1]/div1[1]/div2[1]/p[23]/add[1]/tail()	408	35682	οἱ δὲ πολλοὶ τῶν προστιθεμένων ἦσαν ἄνοπλοι. διεγνώκει δ᾽ εἰς Μαχαιροῦντα ἀπανίστασθαι Ἀριστόβουλος: τούτους μὲν οὖν ἀπέλυσεν ἀπόρους ὄντας: οὐ γὰρ ἐγίνοντο αὐτῷ χρήσιμοι πρὸς τὰ ἔργα: τοὺς δ᾽ ὡπλισμένους περὶ ὀκτακισχιλίους ὄντας ἀναλαβὼν ᾤχετο.  	siebant, propter ueterem eius gloriam nouis rebus studentes, nec non et pitholaus dux ierosolimorum cum mille ad eum conuenerunt. 	Inermes erant quos decreuit in macherunte ponere. Aristobolus ergo eos qui armis inopes erant dimisit. Armatos autem octo milia existentes cum collegisset, perrexit ad bellum, quos romani fortiter fugam inuadentes proelio facto uincerunt. E	The unarmed followers and dismissal precede the march with eight thousand armed men; do not start at Aristobolus ergo after the first counterpart.	evidence/Niese-III-PDF328.jpg
95	VISUALLY_REVIEWED_IDENTITY_AND_CLAUSE_CONTEXT	INDIVIDUALLY_REVIEWED	ADD_INTERNAL_NIESE_MILESTONE	PRESENT	ROUTINE_SOURCE_SUPPORTED	latin-book14-num92	/TEI[1]/text[1]/body[1]/div1[1]/argument[1]/floatingText[1]/body[1]/div1[1]/div2[1]/p[23]/add[1]/tail()	584	35858	καὶ προσπεσόντων αὐτοῖς τῶν Ῥωμαίων καρτερῶς ἡττῶνται τῇ μάχῃ γενναίως οἱ Ἰουδαῖοι καὶ προθύμως ἀγωνισάμενοι, βιασαμένων τε τῶν πολεμίων εἰς φυγὴν τρέπονται. καὶ φονεύονται μὲν αὐτῶν εἰς πεντακισχιλίους, οἱ δὲ λοιποὶ σκεδασθέντες ὡς ἐδύναντο σώζειν αὑτοὺς ἐπειρῶντο.  	re. Aristobolus ergo eos qui armis inopes erant dimisit. Armatos autem octo milia existentes cum collegisset, perrexit ad bellum, 	quos romani fortiter fugam inuadentes proelio facto uincerunt. Et licet iudaei propensius decertarent, tamen atrocitate hostium ad fugam conuertuntur, quorum quinque milia prosternuntur. Reliqui uero dispersi ut unus quisque ualuit per fuga	The Romans' attack and defeat of the Jews begin in a relative clause after the march in 94; keep casualties and dispersal in 95.	evidence/Niese-III-PDF328.jpg
96	VISUALLY_REVIEWED_IDENTITY_AND_CLAUSE_CONTEXT	INDIVIDUALLY_REVIEWED	ADD_INTERNAL_NIESE_MILESTONE	PRESENT	ROUTINE_SOURCE_SUPPORTED	latin-book14-num92	/TEI[1]/text[1]/body[1]/div1[1]/argument[1]/floatingText[1]/body[1]/div1[1]/div2[1]/p[23]/del[1]/tail()	213	36163	χιλίων μέντοι πλείονας ἔχων Ἀριστόβουλος εἰς Μαχαιροῦντα διέφυγεν ὠχύρου τε τὸ χωρίον καὶ πράττων κακῶς οὐδὲν ἧττον ἐλπίδος ἀγαθῆς εἴχετο. δύο δ᾽ ἡμέρας ἀντισχὼν τῇ πολιορκίᾳ καὶ πολλὰ τραύματα λαβὼν αἰχμάλωτος μετ᾽ Ἀντιγόνου τοῦ παιδός, ὃς δὴ καὶ συνέφυγεν ἐκ Ῥώμης αὐτῷ, πρὸς Γαβίνιον ἄγεται.  	 conuertuntur, quorum quinque milia prosternuntur. Reliqui uero dispersi ut unus quisque ualuit per fugam sibi salutem quaesiuit. 	Tamen plus mille aristobolus habens in macherunte munitis simum oppidum recessit.  Cumque male perdidisset, nihil ominus spem sibi bonam promittebat, duos tamen dies obsidioni resistens, multis perfossus uulneribus cum antigono filio qui de	Aristobulus's retreat to Machaerus, continued resistance and capture begin here.	evidence/Niese-III-PDF329.jpg
97	VISUALLY_REVIEWED_IDENTITY_AND_CLAUSE_CONTEXT	INDIVIDUALLY_REVIEWED	ADD_INTERNAL_NIESE_MILESTONE	PRESENT	ROUTINE_SOURCE_SUPPORTED	latin-book14-num92	/TEI[1]/text[1]/body[1]/div1[1]/argument[1]/floatingText[1]/body[1]/div1[1]/div2[1]/p[23]/cb[1]/tail()	201	36459	καὶ τοιαύτῃ μὲν Ἀριστόβουλος χρησάμενος τύχῃ πάλιν εἰς Ῥώμην ἀναπέμπεται καὶ δεθεὶς αὐτόθι κατείχετο, βασιλεύσας μὲν καὶ ἀρχιερατεύσας ἔτη τρία καὶ μῆνας ἕξ, ἀνὴρ δὲ λαμπρὸς καὶ μεγαλόψυχος γενόμενος. τὰ μέντοι τέκνα αὐτοῦ ἀνῆκεν ἡ σύγκλητος Γαβινίου γράψαντος τοῦθ᾽ ὑπεσχῆσθαι τῇ μητρὶ παραδούσῃ τὰ ἐρύματα. καὶ ταῦτα μὲν εἰς τὴν Ἰουδαίαν ἐπανέρχεται. 	s tamen dies obsidioni resistens, multis perfossus uulneribus cum antigono filio qui de roma cum eo fugerat ad gauinium trahitur. 	Aristobolus quidem his casibus usus rursus ad romanam ciuitatem transmittitur, quo ligatus tenebatur cum regnum et principatum sacerdotii tribus annis et sex mensibus gessisset uir clarus et magnanimus, filios autem eius senatus matri remis	Return to Roman imprisonment, retrospective duration and release of the children form 97.	evidence/Niese-III-PDF329.jpg
98	VISUALLY_REVIEWED_IDENTITY_AND_CLAUSE_CONTEXT	INDIVIDUALLY_REVIEWED	RETAIN_EXISTING_NUM	PRESENT	ROUTINE_SOURCE_SUPPORTED	latin-book14-num98	/TEI[1]/text[1]/body[1]/div1[1]/argument[1]/floatingText[1]/body[1]/div1[1]/div2[1]/p[24]/num[1]/tail()	1	36960	Γαβινίῳ δὲ ἐπὶ Πάρθους στρατεύοντι καὶ τὸν Εὐφράτην ἤδη πεπεραιωμένῳ μετέδοξεν εἰς τὴν Αἴγυπτον ὑποστρέψαντι καταστῆσαι Πτολεμαῖον εἰς αὐτήν. καὶ ταῦτα μὲν καὶ ἐν ἄλλοις δεδήλωται.  	senatus matri remisit, gauinio scribente hoc ei promissum fuisse pro castellorum proditione. Sed hi quidem  in iudaeam remearunt. 	Gauinius autem cum contra parthos exercitum duxisset, et eufraten fluuium transisset, placuit ei ad aegyptum reuerti, quatinus ptolomeum ibi restitueret. Haec uero et per alios historiarum conscriptores demonstrata sunt. Gauginii deinde mil	Gabinius changes his Parthian expedition to restore Ptolemy in Egypt; the attribution to other historians closes 98.	evidence/Niese-III-PDF329.jpg
99	VISUALLY_REVIEWED_IDENTITY_AND_CLAUSE_CONTEXT	INDIVIDUALLY_REVIEWED	ADD_INTERNAL_NIESE_MILESTONE	PRESENT	ROUTINE_SOURCE_SUPPORTED	latin-book14-num98	/TEI[1]/text[1]/body[1]/div1[1]/argument[1]/floatingText[1]/body[1]/div1[1]/div2[1]/p[24]/num[1]/tail()	222	37181	Γαβινίῳ μέντοι κατὰ τὴν στρατείαν ἣν ἐφ᾽ Ὑρκανὸν ἐστείλατο Ἀντίπατρος ὑπηρέτησεν σῖτον καὶ ὅπλα καὶ χρήματα, καὶ τοὺς ὑπὲρ Πηλούσιον τῶν Ἰουδαίων οὗτος αὐτῷ προσηγάγετο καὶ συμμάχους ἐποίησεν φύλακας ὄντας τῶν εἰς τὴν Αἴγυπτον ἐμβολῶν.  	it ei ad aegyptum reuerti, quatinus ptolomeum ibi restitueret. Haec uero et per alios historiarum conscriptores demonstrata sunt. 	Gauginii deinde militibus antipater ministrauit triticum et arma et pecunias, et iudaeos prope pelusium auxiliatores effecit, qui custodes aegyptiorum adituum fuerant. Cumque ex aegypto remeasset, et ad syriam peruenisset, seditionibus et t	Antipater's provisioning and recruitment of the Pelusian Jews follow the Egyptian expedition frame.	evidence/Niese-III-PDF329.jpg
100	VISUALLY_REVIEWED_IDENTITY_AND_CLAUSE_CONTEXT	INDIVIDUALLY_REVIEWED	ADD_INTERNAL_NIESE_MILESTONE	PRESENT	ROUTINE_SOURCE_SUPPORTED	latin-book14-num98	/TEI[1]/text[1]/body[1]/div1[1]/argument[1]/floatingText[1]/body[1]/div1[1]/div2[1]/p[24]/add[1]/tail()	165	37392	ἐπανελθὼν δ᾽ ἐκ τῆς Αἰγύπτου καταλαμβάνει τὴν Συρίαν στάσει καὶ ταραχῇ νοσοῦσαν: ὁ γὰρ Ἀριστοβούλου παῖς Ἀλέξανδρος παρελθὼν ἐξ ὑστέρου πάλιν εἰς τὴν ἀρχὴν κατὰ βίαν πολλοὺς μὲν τῶν Ἰουδαίων ἀπέστησεν, στρατεύματι δὲ μεγάλῳ τὴν χώραν ἐπερχόμενος ἔκτεινε πάντας ὅσους ἐπιτύχοι τῶν Ῥωμαίων εἴς τε ὄρος τὸ καλούμενον Γαριζεὶν συμφυγόντας προσέκειτο πολιορκῶν. 	nistrauit triticum et arma et pecunias, et iudaeos prope pelusium auxiliatores effecit, qui custodes aegyptiorum adituum fuerant. 	Cumque ex aegypto remeasset, et ad syriam peruenisset, seditionibus et turbis eam inualescentem inuenit. Siquidem alexander aristoboli filius recipiens rursus per uiolentiam principatum, multos iudaeorum subtraxerat, magnosque cum exercitu 	The return to a disturbed Syria introduces Alexander's renewed revolt. Preserve the source's shortened wording concerning the refugees on Mount Garizim.	evidence/Niese-III-PDF329.jpg
101	VISUALLY_REVIEWED_IDENTITY_AND_CLAUSE_CONTEXT	INDIVIDUALLY_REVIEWED	RETAIN_EXISTING_NUM	PRESENT	ROUTINE_SOURCE_SUPPORTED	latin-book14-num101	/TEI[1]/text[1]/body[1]/div1[1]/argument[1]/floatingText[1]/body[1]/div1[1]/div2[1]/p[25]/num[1]/tail()	1	37796	Ὁ δὲ Γαβίνιος τοιαῦτα τὰ κατὰ τὴν Συρίαν καταλαβὼν Ἀντίπατρον, συνετὸς γὰρ ἦν, πέμπει πρὸς τοὺς νενοσηκότας, εἰ παῦσαι δυνηθείη τῆς παραφροσύνης αὐτοὺς καὶ πεῖσαι πρὸς τὸν ἀμείνω λογισμὸν ἐπανελθεῖν.  	ubtraxerat, magnosque cum exercitu prouinciam inuadens, omnes romanos quantos inueniret occidebat, refugientes ad montem garizin. 	Gauinius autem haec uidens antipatrum ut prudentem praemittit ad illos qui rebellabant, ut eorum sedaret amentiam, quatinus ad meliorem sensum redirent. Qui cum perrexisset multos quidem castigauit et ad conpetentia restituit. Uerum tamen a	Gabinius's dispatch of Antipater to the rebels independently confirms this inherited start.	evidence/Niese-III-PDF330.jpg
102	VISUALLY_REVIEWED_IDENTITY_AND_CLAUSE_CONTEXT	INDIVIDUALLY_REVIEWED	ADD_INTERNAL_NIESE_MILESTONE	PRESENT	ROUTINE_SOURCE_SUPPORTED	latin-book14-num101	/TEI[1]/text[1]/body[1]/div1[1]/argument[1]/floatingText[1]/body[1]/div1[1]/div2[1]/p[25]/num[1]/tail()	154	37949	ὁ δ᾽ ἐλθὼν πολλοὺς μὲν ἐσωφρόνισεν καὶ προσηγάγετο τῷ δέοντι, τὸν δὲ Ἀλέξανδρον οὐκ ἠδυνήθη κατασχεῖν: στρατοῦ γὰρ ἔχων οὗτος μυριάδας τρεῖς Ἰουδαίων ἀπήντησεν Γαβινίῳ καὶ συμβαλὼν ἡττᾶται πεσόντων αὐτῷ μυρίων περὶ τὸ Ἰταβύριον ὄρος. 	ens antipatrum ut prudentem praemittit ad illos qui rebellabant, ut eorum sedaret amentiam, quatinus ad meliorem sensum redirent. 	Qui cum perrexisset multos quidem castigauit et ad conpetentia restituit. Uerum tamen alexandrum conprehendere non potuit, dum exercitum haberet XXX milia iudaeorum, qui cum gauinio confligens uincitur, decem milibus suis prope ita birium m	The embassy's partial success and Alexander's defeat belong together, with the source's written troop figures unchanged.	evidence/Niese-III-PDF330.jpg
103	VISUALLY_REVIEWED_IDENTITY_AND_CLAUSE_CONTEXT	INDIVIDUALLY_REVIEWED	RETAIN_EXISTING_NUM	PRESENT	ROUTINE_SOURCE_SUPPORTED	latin-book14-num103	/TEI[1]/text[1]/body[1]/div1[1]/argument[1]/floatingText[1]/body[1]/div1[1]/div2[1]/p[26]/num[1]/tail()	1	38275	Καταστησάμενος δὲ Γαβίνιος τὰ κατὰ τὴν Ἱεροσολυμιτῶν πόλιν, ὡς ἦν Ἀντιπάτρῳ θέλοντι, ἐπὶ τὴν Ναβαταίων ἔρχεται, καὶ κρατεῖ μὲν τούτων τῇ μάχῃ, Πάρθων δὲ φυγάδας Μιθριδάτην καὶ Ὀρσάνην ἐλθόντας προύπεμψεν, τῷ δὲ λόγῳ ἀπέδρασαν αὐτόν.  	xercitum haberet XXX milia iudaeorum, qui cum gauinio confligens uincitur, decem milibus suis prope ita birium montem prostratis. 	Gauinius tamen cum disposuisset ierosolimorum ciuitatem antipatri uoluntati oboediens, contra nabatheos expeditionem produxit. Quos cum in pugna uicisset, parthorum transfugas  mitridatem et orsanem dimisit, qui fide non seruata ad proprios	Settlement of Jerusalem and the Nabataean campaign confirm the start; the Parthian fugitives remain in the section.	evidence/Niese-III-PDF330.jpg
104	VISUALLY_REVIEWED_IDENTITY_AND_CLAUSE_CONTEXT	INDIVIDUALLY_REVIEWED	ADD_INTERNAL_NIESE_MILESTONE	PRESENT	ROUTINE_SOURCE_SUPPORTED	latin-book14-num103	/TEI[1]/text[1]/body[1]/div1[1]/argument[1]/floatingText[1]/body[1]/div1[1]/div2[1]/p[26]/cb[1]/tail()	76	38592	καὶ Γαβίνιος μὲν ἔργα μεγάλα καὶ λαμπρὰ κατὰ τὴν στρατηγίαν δράσας ἀπῆρεν εἰς Ῥώμην Κράσσῳ παραδοὺς τὴν ἀρχήν. περὶ δὲ τῆς Πομπηίου καὶ Γαβινίου στρατείας ἐπὶ Ἰουδαίους γράφει Νικόλαος ὁ Δαμασκηνὸς καὶ Στράβων ὁ Καππάδοξ οὐδὲν ἕτερος ἑτέρου καινότερον λέγων. 	xit. Quos cum in pugna uicisset, parthorum transfugas  mitridatem et orsanem dimisit, qui fide non seruata ad proprios remearunt. 	Sed gauinius cum opera maxima uel clarissima in expeditione fecisset, romam rediit, crasso  tradens ducatum. De pompei et gauini contra iudaeos expeditione, conscribit nicolaus damascenus et trabo capadox, nihil unus altero amplius exponens	Gabinius's departure and the source attribution to Nicolaus and Strabo begin this section; preserve trabo rather than emend it.	evidence/Niese-III-PDF330.jpg
105	VISUALLY_REVIEWED_IDENTITY_AND_CLAUSE_CONTEXT	INDIVIDUALLY_REVIEWED	RETAIN_EXISTING_NUM	PRESENT	ROUTINE_SOURCE_SUPPORTED	latin-book14-num105	/TEI[1]/text[1]/body[1]/div1[1]/argument[1]/floatingText[1]/body[1]/div1[1]/div2[1]/p[27]/add[1]/tail()	1	38994	Κράσσος δὲ ἐπὶ Πάρθους μέλλων στρατεύειν ἧκεν εἰς τὴν Ἰουδαίαν καὶ τὰ ἐν τῷ ἱερῷ χρήματα, ἃ Πομπήιος καταλελοίπει, δισχίλια δ᾽ ἦν τάλαντα, βαστάσας οἷός τε ἦν καὶ τὸν χρυσὸν ἅπαντα, τάλαντα δ᾽ οὗτος ἦν ὀκτακισχίλια, περιδύειν τοῦ ναοῦ.  	ompei et gauini contra iudaeos expeditione, conscribit nicolaus damascenus et trabo capadox, nihil unus altero amplius exponens.  	Crassus autem cum contra parthorum militiam produceret ad iudaeam peruenit, et pecunias peruenit templi quas pompeius non tetigerat, duo milia talentorum abstulit, nec non et totum reliquum aurum usque ad octo milia talentorum, tulit etiam 	Crassus's arrival and removal of the temple money and gold confirm the existing start; preserve the repeated peruenit.	evidence/Niese-III-PDF330.jpg
106	VISUALLY_REVIEWED_IDENTITY_AND_CLAUSE_CONTEXT	INDIVIDUALLY_REVIEWED	ADD_INTERNAL_NIESE_MILESTONE	PRESENT	ROUTINE_SOURCE_SUPPORTED	latin-book14-num105	/TEI[1]/text[1]/body[1]/div1[1]/argument[1]/floatingText[1]/body[1]/div1[1]/div2[1]/p[27]/add[1]/tail()	229	39222	λαμβάνει δὲ καὶ δοκὸν ὁλοσφύρητον χρυσῆν ἐκ μνῶν τριακοσίων πεποιημένην: ἡ δὲ μνᾶ παρ᾽ ἡμῖν ἰσχύει λίτρας δύο ἥμισυ. παρέδωκε δ᾽ αὐτῷ ταύτην τὴν δοκὸν ὁ τῶν χρημάτων φύλαξ ἱερεὺς Ἐλεάζαρος ὄνομα, οὐ διὰ πονηρίαν,  	empli quas pompeius non tetigerat, duo milia talentorum abstulit, nec non et totum reliquum aurum usque ad octo milia talentorum, 	tulit etiam et trabem auream uersatilem trecentas mnas pensantem. Mna uero apud nos duae et semis librae existi mantur. Tradidit uero ei hanc trabem custos pecuniarum elezarus nomine sacerdos, non maliuolo animo nam iustus et bonus erat. Se	The golden beam and its weight begin 106, followed by Eleazar's delivery and the denial of malice.	evidence/Niese-III-PDF331.jpg
107	VISUALLY_REVIEWED_IDENTITY_AND_CLAUSE_CONTEXT	INDIVIDUALLY_REVIEWED	ADD_INTERNAL_NIESE_MILESTONE	PRESENT	ROUTINE_SOURCE_SUPPORTED	latin-book14-num105	/TEI[1]/text[1]/body[1]/div1[1]/argument[1]/floatingText[1]/body[1]/div1[1]/div2[1]/p[27]/add[1]/tail()	441	39434	ἀγαθὸς γὰρ ἦν καὶ δίκαιος, ἀλλὰ πεπιστευμένος τὴν τῶν καταπετασμάτων τοῦ ναοῦ φυλακὴν ὄντων θαυμασίων τὸ κάλλος καὶ πολυτελῶν τὴν κατασκευὴν ἐκ δὲ τῆς δοκοῦ ταύτης κρεμαμένων, ἐπεὶ τὸν Κράσσον ἑώρα περὶ τὴν τοῦ χρυσίου γινόμενον συλλογήν, δείσας περὶ τῷ παντὶ κόσμῳ καὶ τοῦ ναοῦ τὴν δοκὸν αὐτῷ τὴν χρυσῆν λύτρον ἀντὶ πάντων ἔδωκεν,  	s duae et semis librae existi mantur. Tradidit uero ei hanc trabem custos pecuniarum elezarus nomine sacerdos, non maliuolo animo 	nam iustus et bonus erat. Sed dum commissa fuisset et custodia uelorum templi, quae mira pulchritudine uel constructione praetiosissima resplendebant. In hac trabe pendentia, et crassum uidisset templi cunctum aurum uelle colligere ueritus 	Eleazar's good character is the opening Greek counterpart, before the explanation of the curtains and his fear for the temple.	evidence/Niese-III-PDF331.jpg
108	VISUALLY_REVIEWED_IDENTITY_AND_CLAUSE_CONTEXT	INDIVIDUALLY_REVIEWED	ADD_INTERNAL_NIESE_MILESTONE	PRESENT_WITH_LOCAL_COMPRESSION	ROUTINE_SOURCE_SUPPORTED	latin-book14-num105	/TEI[1]/text[1]/body[1]/div1[1]/argument[1]/floatingText[1]/body[1]/div1[1]/div2[1]/p[27]/add[1]/tail()	769	39762	ὅρκους παρ᾽ αὐτοῦ λαβὼν μηδὲν ἄλλο κινήσειν τῶν ἐκ τοῦ ναοῦ, μόνῳ δὲ ἀρκεσθήσεσθαι τῷ ὑπ᾽ αὐτοῦ δοθησομένῳ πολλῶν ὄντι μυριάδων ἀξίῳ. ἡ δὲ δοκὸς αὕτη ἦν ἐν ξυλίνῃ δοκῷ κενῇ, καὶ τοῦτο τοὺς μὲν ἄλλους ἐλάνθανεν ἅπαντας, ὁ δὲ Ἐλεάζαρος μόνος ἠπίστατο.  	pli cunctum aurum uelle colligere ueritus ne templi cunctum ornatum auferret, auream ei trabem pro redemptione omnium praestitit. 	Dum etius iurandum ab eo accepisset, nihil aliud a templo tollendum sed solo esse contentum auro ab eo tradito, quo multa milia pondo posset inuenire. Hanc uero trabem alia lignea circumdabat ideoque latebat. Crassus uero licet iurasset nih	The oath not to take other objects begins 108; the beam's concealment is retained after it. The source's compressed account has no explicit counterpart of Eleazar alone knowing the secret.	evidence/Niese-III-PDF331.jpg
109	VISUALLY_REVIEWED_IDENTITY_AND_CLAUSE_CONTEXT	INDIVIDUALLY_REVIEWED	ADD_INTERNAL_NIESE_MILESTONE	PRESENT	ROUTINE_SOURCE_SUPPORTED	latin-book14-num105	/TEI[1]/text[1]/body[1]/div1[1]/argument[1]/floatingText[1]/body[1]/div1[1]/div2[1]/p[27]/add[1]/tail()	978	39971	ὁ μέντοι Κράσσος καὶ ταύτην ὡς οὐδενὸς ἁψόμενος ἄλλου τῶν ἐν τῷ ἱερῷ λαμβάνει, καὶ παραβὰς τοὺς ὅρκους ἅπαντα τὸν ἐν τῷ ναῷ χρυσὸν ἐξεφόρησεν. 	se contentum auro ab eo tradito, quo multa milia pondo posset inuenire. Hanc uero trabem alia lignea circumdabat ideoque latebat. 	Crassus uero licet iurasset nihil aliud de templo tangere, post acceptam tamen trabem transgressus omnem templi aurum deposuit. Nemo tamen miretur si tantae diuitiae in nostro templo fuissent. Dum has omnes per diuersam terram iudaei deum c	Crassus's receipt of the beam and breach of the oath form 109.	evidence/Niese-III-PDF331.jpg
110	VISUALLY_REVIEWED_IDENTITY_AND_CLAUSE_CONTEXT	INDIVIDUALLY_REVIEWED	RETAIN_EXISTING_NUM	PRESENT	ROUTINE_SOURCE_SUPPORTED	latin-book14-num110	/TEI[1]/text[1]/body[1]/div1[1]/argument[1]/floatingText[1]/body[1]/div1[1]/div2[1]/p[28]/num[1]/tail()	1	40168	Θαυμάσῃ δὲ μηδείς, εἰ τοσοῦτος ἦν πλοῦτος ἐν τῷ ἡμετέρῳ ἱερῷ πάντων τῶν κατὰ τὴν οἰκουμένην Ἰουδαίων καὶ σεβομένων τὸν θεὸν ἔτι δὲ καὶ τῶν ἀπὸ τῆς Ἀσίας καὶ τῆς Εὐρώπης εἰς αὐτὸ συμφερόντων ἐκ πολλῶν πάνυ χρόνων.  	. Crassus uero licet iurasset nihil aliud de templo tangere, post acceptam tamen trabem transgressus omnem templi aurum deposuit. 	Nemo tamen miretur si tantae diuitiae in nostro templo fuissent. Dum has omnes per diuersam terram iudaei deum colentes, ibi ex antiquis temporibus obtulissent, nec magnitudo praedictarum pecuniarum testimonio caret, nec arrogantia nostra p	The narrator's explanation of worldwide Jewish donations begins 110. The final Latin extent awaits adoption of 111.	evidence/Niese-III-PDF331.jpg
111	VISUALLY_REVIEWED_IDENTITY_AND_CLAUSE_CONTEXT	INDIVIDUALLY_REVIEWED	ADD_INTERNAL_NIESE_MILESTONE	PRESENT	ROUTINE_SOURCE_SUPPORTED	latin-book14-num110	/TEI[1]/text[1]/body[1]/div1[1]/argument[1]/floatingText[1]/body[1]/div1[1]/div2[1]/p[28]/num[1]/tail()	162	40329	οὐκ ἔστι δὲ ἀμάρτυρον τὸ μέγεθος τῶν προειρημένων χρημάτων, οὐδ᾽ ὑπὸ ἀλαζονείας ἡμετέρας καὶ περιττολογίας ἐπὶ τοσοῦτον ἐξαίρεται πλῆθος, ἀλλὰ πολλοί τε ἄλλοι τῶν συγγραφέων ἡμῖν μαρτυροῦσιν καὶ Στράβων ὁ Καππάδοξ λέγων οὕτως:  	uitiae in nostro templo fuissent. Dum has omnes per diuersam terram iudaei deum colentes, ibi ex antiquis temporibus obtulissent, 	nec magnitudo praedictarum pecuniarum testimonio caret, nec arrogantia nostra per tantam magnitudinem diuitias extollit. Sed multi et alii conscriptores nobis testimonium ferunt,  nec non et strabon capadox ita dicens.  Transmittens autem m	The narrator's claim of independent testimony begins here; the Strabo citation frame is part of 111.	evidence/Niese-III-PDF331.jpg
112	VISUALLY_REVIEWED_IDENTITY_AND_CLAUSE_CONTEXT	INDIVIDUALLY_REVIEWED	ADD_INTERNAL_NIESE_MILESTONE	PRESENT	ROUTINE_SOURCE_SUPPORTED	latin-book14-num110	/TEI[1]/text[1]/body[1]/div1[1]/argument[1]/floatingText[1]/body[1]/div1[1]/div2[1]/p[28]/cb[1]/tail()	1	40606	‘πέμψας δὲ Μιθριδάτης εἰς Κῶ ἔλαβε τὰ χρήματα, ἃ παρέθετο ἐκεῖ Κλεοπάτρα βασίλισσα,  	agnitudinem diuitias extollit. Sed multi et alii conscriptores nobis testimonium ferunt,  nec non et strabon capadox ita dicens.  	Transmittens autem mitridatis inchoo tulit pecunias quas ibi cleopatra regina deposuerat, uerum etiam iudaeorum octingenta talenta, nobis itaque pecuniae publicae non sunt nisi ei tantum. Unde manifestum est iudaeos per asiam constitutos, u	The first Strabo quotation begins here with Mithridates and Cleopatra's deposited money; the later Jewish-money clause belongs to 113.	evidence/Niese-III-PDF331.jpg
113	VISUALLY_REVIEWED_IDENTITY_AND_CLAUSE_CONTEXT	INDIVIDUALLY_REVIEWED	ADD_INTERNAL_NIESE_MILESTONE	PRESENT_WITH_LOCAL_COMPRESSION	ROUTINE_SOURCE_SUPPORTED	latin-book14-num110	/TEI[1]/text[1]/body[1]/div1[1]/argument[1]/floatingText[1]/body[1]/div1[1]/div2[1]/p[28]/cb[1]/tail()	91	40696	καὶ τὰ τῶν Ἰουδαίων ὀκτακόσια τάλαντα.’ ἡμῖν δὲ δημόσια χρήματα οὐκ ἔστιν ἢ μόνα τὰ τοῦ θεοῦ, καὶ δῆλον, ὅτι ταῦτα μετήνεγκαν εἰς Κῶ τὰ χρήματα οἱ ἐν τῇ Ἀσίᾳ Ἰουδαῖοι διὰ τὸν Μιθριδάτου φόβον: οὐ γὰρ εἰκὸς τοὺς ἐν τῇ Ἰουδαίᾳ πόλιν τε ὀχυρὰν ἔχοντας καὶ τὸν ναὸν πέμπειν χρήματα εἰς Κῶ, ἀλλ᾽ οὐδὲ τοὺς ἐν Ἀλεξανδρείᾳ κατοικοῦντας Ἰουδαίους πιθανὸν τοῦτ᾽ ἐστὶ ποιῆσαι μηδὲν Μιθριδάτην δεδιότας.  	nec non et strabon capadox ita dicens.  Transmittens autem mitridatis inchoo tulit pecunias quas ibi cleopatra regina deposuerat, 	uerum etiam iudaeorum octingenta talenta, nobis itaque pecuniae publicae non sunt nisi ei tantum. Unde manifestum est iudaeos per asiam constitutos, ueritos mitridatim, has pecunias inchoo transmisisse, non enim ex iudaea fuerunt inchoo pec	The Jewish eight hundred talents open 113 within the quotation. Its conclusion and the narrator's inference remain with 113; preserve the Latin shortened account of sacred money.	evidence/Niese-III-PDF332.jpg
114	VISUALLY_REVIEWED_IDENTITY_AND_CLAUSE_CONTEXT	INDIVIDUALLY_REVIEWED	ADD_INTERNAL_NIESE_MILESTONE	PRESENT	ROUTINE_SOURCE_SUPPORTED	latin-book14-num110	/TEI[1]/text[1]/body[1]/div1[1]/argument[1]/floatingText[1]/body[1]/div1[1]/div2[1]/p[28]/cb[1]/tail()	488	41093	μαρτυρεῖ δὲ καὶ ἐν ἑτέρῳ τόπῳ ὁ αὐτὸς Στράβων, ὅτι καθ᾽ ὃν καιρὸν διέβη Σύλλας εἰς τὴν Ἑλλάδα πολεμήσων Μιθριδάτῃ καὶ Λεύκολλον πέμψας ἐπὶ τὴν ἐν Κυρήνῃ στάσιν * τοῦ ἔθνους ἡμῶν ἡ οἰκουμένη πεπλήρωτο, λέγων οὕτως:  	plum munitissimum haberent. Sed neque alexandriam habitantes iudaeos uerisimile est, hoc fecisse, dum nihilo mitridatem timerent. 	Testis nobis est idem strabon et alio loco, qui tempore quo transiit syllas in hellada pugnaturus mitridati, lucullum transmisisse fertur in cinerenam ciuitatem propter nostrae gentis seditionem quae totum orbem compleuit ita dicens, quattu	The second Strabo citation's framing account of Sulla and Lucullus begins here. The citation frame does not establish a new chapter.	evidence/Niese-III-PDF332.jpg
115	VISUALLY_REVIEWED_IDENTITY_AND_CLAUSE_CONTEXT	INDIVIDUALLY_REVIEWED	ADD_INTERNAL_NIESE_MILESTONE	PRESENT	ROUTINE_SOURCE_SUPPORTED	latin-book14-num110	/TEI[1]/text[1]/body[1]/div1[1]/argument[1]/floatingText[1]/body[1]/div1[1]/div2[1]/p[28]/cb[1]/tail()	722	41327	‘τέτταρες δ᾽ ἦσαν ἐν τῇ πόλει τῶν Κυρηναίων, ἥ τε τῶν πολιτῶν καὶ ἡ τῶν γεωργῶν τρίτη δ᾽ ἡ τῶν μετοίκων τετάρτη δ᾽ ἡ τῶν Ἰουδαίων. αὕτη δ᾽ εἰς πᾶσαν πόλιν ἤδη καὶ παρελήλυθεν καὶ τόπον οὐκ ἔστι ῥᾳδίως εὑρεῖν τῆς οἰκουμένης, ὃς οὐ παραδέδεκται τοῦτο τὸ φῦλον μηδ᾽ ἐπικρατεῖται ὑπ᾽ αὐτοῦ.  	ati, lucullum transmisisse fertur in cinerenam ciuitatem propter nostrae gentis seditionem quae totum orbem compleuit ita dicens, 	quattuor in ciuitate cyranaeorum partes existunt, ciuium, et agricolarum, tertia uero colonorum, et quarta iudaeorum. Haec per omnes ciuitates iam dispersa est, et nullus locus mundi facilius inuenitur, quo non hanc gentem uidemus. Nam aegy	The four classes in Cyrene begin the quoted section; the ensuing worldwide-distribution statement stays in 115.	evidence/Niese-III-PDF332.jpg
116	VISUALLY_REVIEWED_IDENTITY_AND_CLAUSE_CONTEXT	INDIVIDUALLY_REVIEWED	ADD_INTERNAL_NIESE_MILESTONE	PRESENT	ROUTINE_SOURCE_SUPPORTED	latin-book14-num110	/TEI[1]/text[1]/body[1]/div1[1]/argument[1]/floatingText[1]/body[1]/div1[1]/div2[1]/p[28]/cb[1]/tail()	954	41559	τήν τε Αἴγυπτον καὶ τὴν Κυρηναίων ἅτε τῶν αὐτῶν ἡγεμόνων τυχοῦσαν τῶν τε ἄλλων συχνὰ ζηλῶσαι συνέβη καὶ δὴ τὰ συντάγματα τῶν Ἰουδαίων θρέψαι διαφερόντως καὶ συναυξῆσαι χρώμενα τοῖς πατρίοις τῶν Ἰουδαίων νόμοις.  	arta iudaeorum. Haec per omnes ciuitates iam dispersa est, et nullus locus mundi facilius inuenitur, quo non hanc gentem uidemus. 	Nam aegyptus et sy renea dum sub unum regnum fuissent, omnem conuersationem horum aemulatae sunt, ita ut scripturis eorum uterentur, et praesertim pecunias secundum patrias leges iudaeorum congregarent. In aegypto ergo summam partem habitas	Egypt and Cyrene under common rulers introduce the account of adopted Jewish practices. Preserve sy renea across the source's spacing.	evidence/Niese-III-PDF332.jpg
117	VISUALLY_REVIEWED_IDENTITY_AND_CLAUSE_CONTEXT	INDIVIDUALLY_REVIEWED	ADD_INTERNAL_NIESE_MILESTONE	PRESENT_WITH_LOCAL_COMPRESSION	ROUTINE_SOURCE_SUPPORTED	latin-book14-num110	/TEI[1]/text[1]/body[1]/div1[1]/argument[1]/floatingText[1]/body[1]/div1[1]/div2[1]/p[28]/cb[1]/tail()	1157	41762	ἐν γοῦν Αἰγύπτῳ κατοικία τῶν Ἰουδαίων ἐστὶν ἀποδεδειγμένη χωρὶς καὶ τῆς Ἀλεξανδρέων πόλεως ἀφώρισται μέγα μέρος τῷ ἔθνει τούτῳ. καθίσταται δὲ καὶ ἐθνάρχης αὐτῶν, ὃς διοικεῖ τε τὸ ἔθνος καὶ διαιτᾷ κρίσεις καὶ συμβολαίων ἐπιμελεῖται καὶ προσταγμάτων, ὡς ἂν πολιτείας ἄρχων αὐτοτελοῦς.  	em horum aemulatae sunt, ita ut scripturis eorum uterentur, et praesertim pecunias secundum patrias leges iudaeorum congregarent. 	In aegypto ergo summam partem habitasse iudaeorum demonstratur, et alexandriae ciuitatis maxima pars, huic genti deputata est, ordinatur aero etiam princeps perfecte reipublicae in aegypto, tamen haec generatio conualuit eo quod initio iuda	The assigned Jewish residence and Alexandrian quarter begin 117, followed by the compressed ethnarch description.	evidence/Niese-III-PDF332.jpg
118	VISUALLY_REVIEWED_IDENTITY_AND_CLAUSE_CONTEXT	INDIVIDUALLY_REVIEWED	ADD_INTERNAL_NIESE_MILESTONE	PRESENT	ROUTINE_SOURCE_SUPPORTED	latin-book14-num110	/TEI[1]/text[1]/body[1]/div1[1]/argument[1]/floatingText[1]/body[1]/div1[1]/div2[1]/p[28]/cb[1]/tail()	1335	41940	ἐν Αἰγύπτῳ μὲν οὖν ἴσχυσε τὸ ἔθνος διὰ τὸ Αἰγυπτίους εἶναι τὸ ἐξ ἀρχῆς τοὺς Ἰουδαίους καὶ διὰ τὸ πλησίον ἔσεσθαι τὴν κατοικίαν τοὺς ἀπελθόντας ἐκεῖθεν, εἰς δὲ τὴν Κυρηναίαν μετέβη διὰ τὸ καὶ ταύτην ὅμορον εἶναι τῇ τῶν Αἰγυπτίων ἀρχῇ καθάπερ τὴν Ἰουδαίαν μᾶλλον δὲ τῆς ἀρχῆς ἐκείνης πρότερον.’ Στράβων μὲν δὴ ταῦτα λέγει. 	m demonstratur, et alexandriae ciuitatis maxima pars, huic genti deputata est, ordinatur aero etiam princeps perfecte reipublicae 	in aegypto, tamen haec generatio conualuit eo quod initio iudaei aegypti fuissent, et quia iuxta prouinciam iudaeam aegyptus iacet, nec non et propter illos qui exinde ad aegyptum peruenerunt. Ad cyreneam autem ideo transiit, eo quod ipsa f	The explanatory return to Egypt begins 118. Latin joins it to the preceding compressed administrator clause; preserve the comma and source wording, placing the cut before the Egyptian locative counterpart.	evidence/Niese-III-PDF333.jpg
119	VISUALLY_REVIEWED_IDENTITY_AND_CLAUSE_CONTEXT	INDIVIDUALLY_REVIEWED	RETAIN_EXISTING_NUM	PRESENT	ROUTINE_SOURCE_SUPPORTED	latin-book14-num119	/TEI[1]/text[1]/body[1]/div1[1]/argument[1]/floatingText[1]/body[1]/div1[1]/div2[1]/p[29]/num[1]/tail()	1	42415	Κράσσος δὲ πάντα διοικήσας ὃν αὐτὸς ἐβούλετο τρόπον ἐξώρμησεν ἐπὶ τὴν Παρθυαίαν: καὶ αὐτὸς μὲν σὺν ἅπαντι διεφθάρη τῷ στρατῷ, ὡς καὶ ἐν ἄλλοις δεδήλωται, Κάσσιος δὲ εἰς Συρίαν φυγὼν καὶ περιποιησάμενος αὐτὴν Πάρθοις ἐμποδὼν ἦν ἐκτρέχουσιν ἐπ᾽ αὐτὴν διὰ τὴν κατὰ Κράσσου νίκην.  	od ipsa finitima aegypto existeret, quem admodum et iudaea, et quod sub unum regnum prius fuissent. Strabon quidem haec retulit.  	Crassus autem cum omnia disposuisset quemadmodum uellet, contra parthos egreditur, ubi cum toto suo defecit exercitu s, sicut et alibi demonstratum est ss. Sed cassius dum ad syriam  fuisset et uindicasset eam ex incursionibus parthicis qui	Crassus's Parthian defeat and Cassius's defence of Syria confirm the existing start. Marginal s/ss signs are excluded from narrative coordinates and retained in bytes.	evidence/Niese-III-PDF333.jpg
120	VISUALLY_REVIEWED_IDENTITY_AND_CLAUSE_CONTEXT	INDIVIDUALLY_REVIEWED	ADD_INTERNAL_NIESE_MILESTONE	PRESENT	ROUTINE_SOURCE_SUPPORTED	latin-book14-num119	/TEI[1]/text[1]/body[1]/div1[1]/argument[1]/floatingText[1]/body[1]/div1[1]/div2[1]/p[29]/cb[1]/tail()	107	42855	αὖθις δ᾽ εἰς Τύρον ἀφικόμενος ἀνέβη καὶ εἰς τὴν Ἰουδαίαν. Ταριχέας μὲν οὖν εὐθὺς προσπεσὼν αἱρεῖ καὶ περὶ τρισμυρίους ἀνθρώπους ἀνδραποδίζει, Πειθόλαον δὲ τὸν τὴν Ἀριστοβούλου στάσιν διαδεδεγμένον κτείνει πρὸς τοῦτ᾽ αὐτὸν Ἀντιπάτρου παραστησαμένου,  	 cassius dum ad syriam  fuisset et uindicasset eam ex incursionibus parthicis qui nimis per crassi perditionem auditores fuerant, 	rursus ad tyrum peruenit, et exinde ad iudaeam ascendit. Tariche nam uero ciuitatem inuadens statim praedauit et XXX milia uirorum captiuauit. Ptitolaum etiam seditionis aristoboli successorem coepit, antipatro inuitante, qui etiam cum apud	Cassius's renewed arrival at Tyre begins 120 before the Judaean expedition, enslavement and Peitholaus episode.	evidence/Niese-III-PDF333.jpg
121	VISUALLY_REVIEWED_IDENTITY_AND_CLAUSE_CONTEXT	INDIVIDUALLY_REVIEWED	ADD_INTERNAL_NIESE_MILESTONE	PRESENT	ROUTINE_SOURCE_SUPPORTED	latin-book14-num119	/TEI[1]/text[1]/body[1]/div1[1]/argument[1]/floatingText[1]/body[1]/div1[1]/div2[1]/p[29]/cb[1]/tail()	329	43077	ᾧ πολύ τε καὶ παρ᾽ αὐτῷ συνέβαινε δύνασθαι καὶ πλείστου τότε ἄξιος ἦν καὶ παρὰ Ἰουδαίων οἷς παρὼν ἄγεται γυναῖκα τῶν ἐπισήμων ἐξ Ἀραβίας Κύπρον ὄνομα, ἐξ ἧς αὐτῷ τέσσαρες ἐγένοντο παῖδες, Φασάηλος καὶ Ἡρώδης, ὃς ὕστερον βασιλεὺς γίνεται, Ἰώσηπός τε καὶ Φερώρας, θυγάτηρ τε Σαλώμη.  	 statim praedauit et XXX milia uirorum captiuauit. Ptitolaum etiam seditionis aristoboli successorem coepit, antipatro inuitante, 	qui etiam cum apud eum multum ualuisset idumeis amicus erat, de quibus et uxorem nobilissimam nomine ciprin sibi coniunxit, ex qua quattuor liberos procreauit, fasaillum et herodem qui postea rex fuit, et iosippum et feroram, filiam uero sa	Antipater's influence and family background begin in the relative clause. All named children stay together.	evidence/Niese-III-PDF333.jpg
122	VISUALLY_REVIEWED_IDENTITY_AND_CLAUSE_CONTEXT	INDIVIDUALLY_REVIEWED	ADD_INTERNAL_NIESE_MILESTONE	PRESENT	ROUTINE_SOURCE_SUPPORTED	latin-book14-num119	/TEI[1]/text[1]/body[1]/div1[1]/argument[1]/floatingText[1]/body[1]/div1[1]/div2[1]/p[29]/cb[1]/tail()	576	43324	οὗτος ὁ Ἀντίπατρος ἐπεποίητο καὶ πρὸς τοὺς ἄλλους δυνάστας φιλίαν τε καὶ ξενίαν, μάλιστα δὲ πρὸς τὸν Ἀράβων, ᾧ καὶ τὰ τέκνα πολεμῶν πρὸς Ἀριστόβουλον παρέθετο. Κάσσιος μὲν οὖν ἀναστρατευσάμενος ἐπὶ τὸν Εὐφράτην ἠπείγετο ὑπαντιάσων τοῖς ἐκεῖθεν ἐπιοῦσιν, ὡς καὶ ὑπ᾽ ἄλλων δεδήλωται. 	unxit, ex qua quattuor liberos procreauit, fasaillum et herodem qui postea rex fuit, et iosippum et feroram, filiam uero salomin. 	Hic autem antipater dum cum aliis potentis simis amicitias et hospitium copulasset, arabo potius sociauit. Cui etiam filios suos dum bellaret commendauit. Igitur cassius cum expeditionem super eufratem duxisset, prohibuit illum deuastari pr	Antipater's alliances and custody of his children introduce 122; Cassius's later expedition closes it.	evidence/Niese-III-PDF334.jpg
123	VISUALLY_REVIEWED_IDENTITY_AND_CLAUSE_CONTEXT	INDIVIDUALLY_REVIEWED	RETAIN_EXISTING_NUM	PRESENT	ROUTINE_SOURCE_SUPPORTED	latin-book14-num123	/TEI[1]/text[1]/body[1]/div1[1]/argument[1]/floatingText[1]/body[1]/div1[1]/div2[1]/p[30]/add[1]/tail()	1	43719	Χρόνῳ δ᾽ ὕστερον Καῖσαρ κατασχὼν Ῥώμην μετὰ τὸ Πομπήιον καὶ τὴν σύγκλητον φυγεῖν πέραν τοῦ Ἰονίου παραλύσας τῶν δεσμῶν Ἀριστόβουλον εἰς Συρίαν πέμπειν διεγνώκει δύο παραδοὺς αὐτῷ τάγματα, ὡς ἂν εὐτρεπίζοι τὰ κατ᾽ αὐτὴν δυνατὸς ὤν.  	it. Igitur cassius cum expeditionem super eufratem duxisset, prohibuit illum deuastari prouinciam sicut et ab aliis relatum est.  	Interiecto uero tempore cum caesar romam teneret, post pomepi uel senatus fugam soluens a uinculis aristobolum ad syriam transmisit, duas ei tradens legiones, quatinus paratam illi ut potest faceret iudaeam. Aristobolus autem potentia a cae	Caesar's control of Rome and release of Aristobulus independently confirm this start.	evidence/Niese-III-PDF334.jpg
124	VISUALLY_REVIEWED_IDENTITY_AND_CLAUSE_CONTEXT	INDIVIDUALLY_REVIEWED	ADD_INTERNAL_NIESE_MILESTONE	PRESENT	ROUTINE_SOURCE_SUPPORTED	latin-book14-num123	/TEI[1]/text[1]/body[1]/div1[1]/argument[1]/floatingText[1]/body[1]/div1[1]/div2[1]/p[30]/add[1]/tail()	209	43927	Ἀριστόβουλος δ᾽ οὐκ ὤνατο τῶν ἐλπίδων, ἐφ᾽ αἷς ἔτυχε τῆς παρὰ Καίσαρος ἐξουσίας, ἀλλ᾽ αὐτὸν φθάσαντες οἱ τὰ Πομπηίου φρονοῦντες φαρμάκῳ διαφθείρουσιν, θάπτουσι δ᾽ αὐτὸν οἱ τὰ Καίσαρος θεραπεύοντες πράγματα, καὶ ὁ νεκρὸς ἔκειτο ἐν μέλιτι κεκηδευμένος ἐπὶ χρόνον πολὺν ἕως Ἀντώνιος αὐτὸν ὕστερον ἀποπέμψας εἰς τὴν Ἰουδαίαν ἐν ταῖς βασιλικαῖς θήκαις ἐποίησεν τεθῆναι.  	m soluens a uinculis aristobolum ad syriam transmisit, duas ei tradens legiones, quatinus paratam illi ut potest faceret iudaeam. 	Aristobolus autem potentia a caesare donata minime potitus est. Nam pompeiani praeoccupantes ueneno eum corruperunt, et sepeliunt eum caesaris socii, qui multo tempore iacuit usque quo antonius eum ad iudaeam remitteret, et in regiis monume	Aristobulus fails to benefit from the grant and is poisoned and buried; the delayed reburial remains in 124.	evidence/Niese-III-PDF334.jpg
125	VISUALLY_REVIEWED_IDENTITY_AND_CLAUSE_CONTEXT	INDIVIDUALLY_REVIEWED	ADD_INTERNAL_NIESE_MILESTONE	PRESENT	ROUTINE_SOURCE_SUPPORTED	latin-book14-num123	/TEI[1]/text[1]/body[1]/div1[1]/argument[1]/floatingText[1]/body[1]/div1[1]/div2[1]/p[30]/add[2]/tail()	1	44237	Σκιπίων δ᾽ ἐπιστείλαντος αὐτῷ Πομπηίου ἀποκτεῖναι Ἀλέξανδρον τὸν Ἀριστοβούλου αἰτιασάμενος τὸν νεανίσκον ἐπὶ τοῖς τὸ πρῶτον εἰς Ῥωμαίους ἐξημαρτημένοις τῷ πελέκει διεχρήσατο. καὶ ὁ μὲν οὕτως ἐν Ἀντιοχείᾳ τελευτᾷ.  	caesaris socii, qui multo tempore iacuit usque quo antonius eum ad iudaeam remitteret, et in regiis monumentis poni praeciperet.  	Scipio autem mandat pompeio alexandrum aristoboli filium occidendum, dum culparet eum de his quae prius contra romanos egisset, securi eum percussit. Quo in antiocia defuncto, fratris eius ptolomeus minne tyrannus calcidis prope libanum mon	Alexander's execution begins 125. Preserve the changed relationship of Pompey and Scipio in this transcription, without emendation.	evidence/Niese-III-PDF334.jpg
126	VISUALLY_REVIEWED_IDENTITY_AND_CLAUSE_CONTEXT	INDIVIDUALLY_REVIEWED	ADD_INTERNAL_NIESE_MILESTONE	PRESENT	ROUTINE_SOURCE_SUPPORTED	latin-book14-num123	/TEI[1]/text[1]/body[1]/div1[1]/argument[1]/floatingText[1]/body[1]/div1[1]/div2[1]/p[30]/add[2]/tail()	177	44413	τοὺς δ᾽ ἀδελφοὺς αὐτοῦ Πτολεμαῖος ὁ Μενναίου παρέλαβεν δυναστεύων Χαλκίδος τῆς ὑπὸ τῷ Λιβάνῳ ὄρει, καὶ πέμψας τὸν υἱὸν Φιλιππίωνα εἰς Ἀσκάλωνα παρὰ τὴν Ἀριστοβούλου γυναῖκα ἐκέλευσεν αὐτῇ συναποστέλλειν τὸν υἱὸν Ἀντίγονον καὶ τὰς θυγατέρας, ὧν τῆς ἑτέρας ἐρασθεὶς Ἀλεξάνδρας ὁ Φιλιππίων ἄγεται γυναῖκα. μετὰ δὲ ταῦτα ἀνελὼν αὐτὸν ὁ πατὴρ Πτολεμαῖος γαμεῖ τε τὴν Ἀλεξάνδραν καὶ τῶν ἀδελφῶν αὐτῆς πρόνοιαν ποιούμενος διετέλει. 	oli filium occidendum, dum culparet eum de his quae prius contra romanos egisset, securi eum percussit. Quo in antiocia defuncto, 	fratris eius ptolomeus minne tyrannus calcidis prope libanum montem constitutae detinuit. Qui cum filium suum philyppio nem in ascalon ad aristoboli uxorem direxisset, iussit eam destinare filium antigonum cum eius sororibus equibus alteram	The remaining siblings' protection by Ptolemy begins 126; the preceding Quo in antiocia defuncto concludes 125 despite its sentence connection.	evidence/Niese-III-PDF334.jpg
127	VISUALLY_REVIEWED_IDENTITY_AND_CLAUSE_CONTEXT	INDIVIDUALLY_REVIEWED	RETAIN_EXISTING_NUM	PRESENT	ROUTINE_SOURCE_SUPPORTED	latin-book14-num127	/TEI[1]/text[1]/body[1]/div1[1]/argument[1]/floatingText[1]/body[1]/div1[1]/div2[1]/p[31]/add[1]/tail()	1	44952	Μετὰ δὲ τὸν Πομπηίου θάνατον καὶ τὴν νίκην τὴν ἐπ᾽ αὐτῷ Καίσαρι πολεμοῦντι κατ᾽ Αἴγυπτον πολλὰ χρήσιμον αὑτὸν παρέσχεν Ἀντίπατρος ὁ τῶν Ἰουδαίων ἐπιμελητὴς ἐξ ἐντολῆς Ὑρκανοῦ.  	abuit  quem postea ptolomeus pater eius occidens, matrimoniali iure eam duxit uxorem, et prouidentiam fratribus eius inpendebat.  	Post mortem uero pompei, dum caesar contra aegyptum pugnaret, antipater iudaeorum potentis simus mandatis hyrcano obodiens, multum illi utilis apparuit. Nam mitridatis pergamenus dum per coricum transiret et minime potuisset per pelusium ui	Antipater's assistance during Caesar's Egyptian war confirms the paragraph start.	evidence/Niese-III-PDF335.jpg
128	VISUALLY_REVIEWED_IDENTITY_AND_CLAUSE_CONTEXT	INDIVIDUALLY_REVIEWED	ADD_INTERNAL_NIESE_MILESTONE	PRESENT	ROUTINE_SOURCE_SUPPORTED	latin-book14-num127	/TEI[1]/text[1]/body[1]/div1[1]/argument[1]/floatingText[1]/body[1]/div1[1]/div2[1]/p[31]/add[1]/tail()	154	45105	Μιθριδάτῃ τε γὰρ τῷ Περγαμηνῷ κομίζοντι ἐπικουρικὸν καὶ ἀδυνάτως ἔχοντι διὰ Πηλουσίου ποιήσασθαι τὴν πορείαν, περὶ δὲ Ἀσκάλωνα διατρίβοντι, ἧκεν Ἀντίπατρος ἄγων Ἰουδαίων ὁπλίτας τρισχιλίους ἐξ Ἀραβίας τε συμμάχους ἐλθεῖν ἐπραγματεύσατο τοὺς ἐν τέλει:  	, dum caesar contra aegyptum pugnaret, antipater iudaeorum potentis simus mandatis hyrcano obodiens, multum illi utilis apparuit. 	Nam mitridatis pergamenus dum per coricum transiret et minime potuisset per pelusium uiam conficere, sed in ascalone commomaretur, antipater ei tria milia iudaeos armatos adduxit, nec non et arabum nobilissimos auxiliatores illi parauit, et	Mithridates's difficulty entering Egypt and Antipater's troops and Arabian recruitment form 128.	evidence/Niese-III-PDF335.jpg
129	VISUALLY_REVIEWED_IDENTITY_AND_CLAUSE_CONTEXT	INDIVIDUALLY_REVIEWED	ADD_INTERNAL_NIESE_MILESTONE	PRESENT	ROUTINE_SOURCE_SUPPORTED	latin-book14-num127	/TEI[1]/text[1]/body[1]/div1[1]/argument[1]/floatingText[1]/body[1]/div1[1]/div2[1]/p[31]/add[1]/tail()	392	45343	καὶ δι᾽ αὐτὸν οἱ κατὰ τὴν Συρίαν ἅπαντες ἐπεκούρουν ἀπολείπεσθαι τῆς ὑπὲρ Καίσαρος προθυμίας οὐ θέλοντες, Ἰάμβλιχός τε ὁ δυνάστης καὶ Πτολεμαῖος ὁ Σοαίμου Λίβανον ὄρος οἰκῶν αἵ τε πόλεις σχεδὸν ἅπασαι.  	ascalone commomaretur, antipater ei tria milia iudaeos armatos adduxit, nec non et arabum nobilissimos auxiliatores illi parauit, 	et propter eum omnes syri propensius caesaris partes adiuuabant. Uerum etiam et amblicus potentis simus, et ptolomeus filius eius libanum montem habitantes, cum omnibus citatibus eandem pro caesare mentem habebant. Mitridatis autem surgens 	The wider Syrian support and named rulers begin 129; preserve the source's ptolomeus filius eius.	evidence/Niese-III-PDF335.jpg
130	VISUALLY_REVIEWED_IDENTITY_AND_CLAUSE_CONTEXT	INDIVIDUALLY_REVIEWED	ADD_INTERNAL_NIESE_MILESTONE	PRESENT	ROUTINE_SOURCE_SUPPORTED	latin-book14-num127	/TEI[1]/text[1]/body[1]/div1[1]/argument[1]/floatingText[1]/body[1]/div1[1]/div2[1]/p[31]/add[1]/tail()	607	45558	Μιθριδάτης δὲ ἄρας ἐκ Συρίας εἰς Πηλούσιον ἀφικνεῖται καὶ μὴ δεχομένων αὐτὸν τῶν ἀνθρώπων ἐπολιόρκει τὴν πόλιν. ἠρίστευσε δὲ Ἀντίπατρος κατασύρας τι τοῦ τείχους καὶ ὁδὸν εἰσπεσεῖν παρέσχετο τοῖς ἄλλοις εἰς τὴν πόλιν.  	cus potentis simus, et ptolomeus filius eius libanum montem habitantes, cum omnibus citatibus eandem pro caesare mentem habebant. 	Mitridatis autem surgens a syria cum ad pelusium peruenisset et eum non suscepissent, ciuitatem obsidebat, cuius maxima uirtute antipater primus partem muri deiecit, et reliquis uiam ingredi ciuitatem parauit, et pelusium quidem ita deuasta	Arrival and siege of Pelusium introduce Antipater's assault; the city's concluding summary is in 131.	evidence/Niese-III-PDF335.jpg
131	VISUALLY_REVIEWED_IDENTITY_AND_CLAUSE_CONTEXT	INDIVIDUALLY_REVIEWED	ADD_INTERNAL_NIESE_MILESTONE	PRESENT	ROUTINE_SOURCE_SUPPORTED	latin-book14-num127	/TEI[1]/text[1]/body[1]/div1[1]/argument[1]/floatingText[1]/body[1]/div1[1]/div2[1]/p[31]/add[1]/tail()	817	45768	καὶ τὸ μὲν Πηλούσιον οὕτως εἶχεν. τοὺς δὲ περὶ Ἀντίπατρον καὶ Μιθριδάτην ἀπιόντας πρὸς Καίσαρα διεκώλυον οἱ Ἰουδαῖοι οἱ τὴν Ὀνίου χώραν λεγομένην κατοικοῦντες. πείθει δὲ καὶ τούτους τὰ αὐτῶν φρονῆσαι κατὰ τὸ ὁμόφυλον Ἀντίπατρος καὶ μάλιστα ἐπιδείξας αὐτοῖς τὰς Ὑρκανοῦ τοῦ ἀρχιερέως ἐπιστολάς, ἐν αἷς αὐτοὺς φίλους εἶναι Καίσαρος παρεκάλει καὶ ξένια καὶ πάντα τὰ ἐπιτήδεια χορηγεῖν τῷ στρατῷ.  	sent, ciuitatem obsidebat, cuius maxima uirtute antipater primus partem muri deiecit, et reliquis uiam ingredi ciuitatem parauit, 	et pelusium quidem ita deuastatur. Antipatrum autem et mitridatim euntes ad caesarem, cum aegyptii iudaei transire prouinciam uetarent, quae oniae dicuntur, antipater eos flexit ad caesaris amicitiam. Principis sacerdotum litteras eis osten	Greek 131 begins with the summary of Pelusium before the Onias-district Jews. Retain that summary in 131 rather than cutting only at Antipatrum autem.	evidence/Niese-III-PDF335.jpg
132	VISUALLY_REVIEWED_IDENTITY_AND_CLAUSE_CONTEXT	INDIVIDUALLY_REVIEWED	ADD_INTERNAL_NIESE_MILESTONE	PRESENT_WITH_LOCAL_COMPRESSION	ROUTINE_SOURCE_SUPPORTED	latin-book14-num127	/TEI[1]/text[1]/body[1]/div1[1]/argument[1]/floatingText[1]/body[1]/div1[1]/div2[1]/p[31]/add[1]/tail()	1062	46013	καὶ οἱ μὲν ὡς ἑώρων Ἀντίπατρον καὶ τὸν ἀρχιερέα συνθέλοντας ὑπήκουον. τούτους δὲ προσθεμένους ἀκούσαντες οἱ περὶ Μέμφιν ἐκάλουν καὶ αὐτοὶ τὸν Μιθριδάτην πρὸς ἑαυτούς: κἀκεῖνος ἐλθὼν καὶ τούτους παραλαμβάνει. 	prouinciam uetarent, quae oniae dicuntur, antipater eos flexit ad caesaris amicitiam. Principis sacerdotum litteras eis ostendit. 	Quos cum audissent nemfitidem habitantes, simili modo mitridatem ad se inuitarunt. Ad quos cum profectus esset et ad locum qui dicitur delta peruenisset, confligit cum hostibus circa locum qui dicitur iudaeorum expeditio, habebat autem dext	The surviving Memphis response begins here after the high priest's letter. The separate statement of the prior Jews' obedience is compressed out. The extent continues into the next paragraph's Ad quos cum profectus esset.	evidence/Niese-III-PDF336.jpg
133	VISUALLY_REVIEWED_IDENTITY_AND_CLAUSE_CONTEXT	INDIVIDUALLY_REVIEWED	ADD_INTERNAL_NIESE_MILESTONE	PRESENT	ROUTINE_SOURCE_SUPPORTED	latin-book14-num133	/TEI[1]/text[1]/body[1]/div1[1]/argument[1]/floatingText[1]/body[1]/div1[1]/div2[1]/p[32]/num[1]/tail()	29	46194	Ἐπεὶ δὲ τὸ καλούμενον Δέλτα ἤδη περιεληλύθει, συμβάλλει τοῖς πολεμίοις περὶ τὸ καλούμενον Ἰουδαίων στρατόπεδον. εἶχε δὲ τὸ μὲν δεξιὸν κέρας Μιθριδάτης, τὸ δ᾽ εὐώνυμον Ἀντίπατρος.  	eras eis ostendit. Quos cum audissent nemfitidem habitantes, simili modo mitridatem ad se inuitarunt. Ad quos cum profectus esset 	et ad locum qui dicitur delta peruenisset, confligit cum hostibus circa locum qui dicitur iudaeorum expeditio, habebat autem dextrum cornu mitridatis, leuum autem antipater. Sed proelio commisso inclinatur cornu quo mitridatis pugnabat, qui	The existing visible 133 precedes Ad quos cum profectus esset, which answers Greek 132's visit and reception. Suppress that label's executable claim while preserving it, and add 133 at the arrival in the Delta; no paragraph split or new ID.	evidence/Niese-III-PDF336.jpg
134	VISUALLY_REVIEWED_IDENTITY_AND_CLAUSE_CONTEXT	INDIVIDUALLY_REVIEWED	ADD_INTERNAL_NIESE_MILESTONE	PRESENT	ROUTINE_SOURCE_SUPPORTED	latin-book14-num133	/TEI[1]/text[1]/body[1]/div1[1]/argument[1]/floatingText[1]/body[1]/div1[1]/div2[1]/p[32]/num[1]/tail()	203	46368	συμπεσόντων δὲ εἰς μάχην κλίνεται τὸ τοῦ Μιθριδάτου κέρας καὶ παθεῖν ἂν ἐκινδύνευσεν τὰ δεινότατα, εἰ μὴ παρὰ τὴν ᾐόνα τοῦ ποταμοῦ σὺν τοῖς οἰκείοις στρατιώταις Ἀντίπατρος παραθέων νενικηκὼς ἤδη τοὺς πολεμίους τὸν μὲν ῥύεται, προτρέπει δ᾽ εἰς φυγὴν τοὺς νενικηκότας Αἰγυπτίους.  	onfligit cum hostibus circa locum qui dicitur iudaeorum expeditio, habebat autem dextrum cornu mitridatis, leuum autem antipater. 	Sed proelio commisso inclinatur cornu quo mitridatis pugnabat, qui periclitatus esset nisi per ripam fluuii cum suis militibus antipater currens deuictis iam aduersariis mortis eum periculo liberasset.  Nam uictores aegyptios ad fugam conue	The collapse of Mithridates's wing and Antipater's rescue form 134; the routed Egyptians remain here.	evidence/Niese-III-PDF336.jpg
135	VISUALLY_REVIEWED_IDENTITY_AND_CLAUSE_CONTEXT	INDIVIDUALLY_REVIEWED	ADD_INTERNAL_NIESE_MILESTONE	PRESENT	ROUTINE_SOURCE_SUPPORTED	latin-book14-num133	/TEI[1]/text[1]/body[1]/div1[1]/argument[1]/floatingText[1]/body[1]/div1[1]/div2[1]/p[32]/cb[1]/tail()	45	46680	αἱρεῖ δ᾽ αὐτῶν καὶ τὸ στρατόπεδον ἐπιμείνας τῇ διώξει, τόν τε Μιθριδάτην ἐκάλει πλεῖστον ἐν τῇ τροπῇ διασχόντα. ἔπεσον δὲ τῶν μὲν περὶ τοῦτον ὀκτακόσιοι, τῶν δ᾽ Ἀντιπάτρου πεντήκοντα.  	militibus antipater currens deuictis iam aduersariis mortis eum periculo liberasset.  Nam uictores aegyptios ad fugam conuertens, 	et persecutus castra eorum deuastauit, mitridatimque fugientem retinuit, cuius ceciderunt milites octingenti antipatri uero XL.  Sed cum mitridatis caesari demandasset uictoriam simul et salutem qua per antipatrum meruisset, antipatrum quid	The pursuit and capture of the camp begin 135 within the preceding sentence. Preserve the divergent XL versus Greek fifty; the figures do not create cuts.	evidence/Niese-III-PDF336.jpg
136	VISUALLY_REVIEWED_IDENTITY_AND_CLAUSE_CONTEXT	INDIVIDUALLY_REVIEWED	ADD_INTERNAL_NIESE_MILESTONE	PRESENT	ROUTINE_SOURCE_SUPPORTED	latin-book14-num133	/TEI[1]/text[1]/body[1]/div1[1]/argument[1]/floatingText[1]/body[1]/div1[1]/div2[1]/p[32]/add[1]/tail()	1	46857	Μιθριδάτης δὲ περὶ τούτων ἐπιστέλλει Καίσαρι τῆς τε νίκης αὐτοῖς ἅμα καὶ τῆς σωτηρίας αἴτιον τὸν Ἀντίπατρον ἀποφαίνων, ὥστε τὸν Καίσαρα τότε μὲν ἐπαινεῖν αὐτόν, κεχρῆσθαι δὲ παρὰ πάντα τὸν πόλεμον εἰς τὰ κινδυνωδέστατα τῷ Ἀντιπάτρῳ: καὶ δὴ καὶ τρωθῆναι συνέβη παρὰ τοὺς ἀγῶνας αὐτῷ. 	 et persecutus castra eorum deuastauit, mitridatimque fugientem retinuit, cuius ceciderunt milites octingenti antipatri uero XL.  	Sed cum mitridatis caesari demandasset uictoriam simul et salutem qua per antipatrum meruisset, antipatrum quidem tantum dilexit ut etiam uterentur eo per omnia bellorum pericula. Qua propter euulnerari antipatrum seuissime contigit, ergo b	The victory report, Caesar's praise, continued service and Antipater's wounds begin 136.	evidence/Niese-III-PDF336.jpg
137	VISUALLY_REVIEWED_IDENTITY_AND_CLAUSE_CONTEXT	INDIVIDUALLY_REVIEWED	RETAIN_EXISTING_NUM	PRESENT	ROUTINE_SOURCE_SUPPORTED	latin-book14-num137	/TEI[1]/text[1]/body[1]/div1[1]/argument[1]/floatingText[1]/body[1]/div1[1]/div2[1]/p[33]/num[1]/tail()	1	47162	Καταλύσας μέντοι Καῖσαρ μετὰ χρόνον τὸν πόλεμον καὶ εἰς Συρίαν ἀποπλεύσας ἐτίμησεν μεγάλως, Ὑρκανῷ μὲν τὴν ἀρχιερωσύνην βεβαιώσας, Ἀντιπάτρῳ δὲ πολιτείαν ἐν Ῥώμῃ δοὺς καὶ ἀτέλειαν πανταχοῦ.  	um quidem tantum dilexit ut etiam uterentur eo per omnia bellorum pericula. Qua propter euulnerari antipatrum seuissime contigit, 	ergo bello finito caesar cum in syriam nauigasset, hyrcano quidem principatum sacerdotii firmum indulsit. Antipatrum uero uicem romanum et sine censum constituit. Dicitur tamen hyrcanus huic quoque militiae in aegypto socius extitisse. Sicu	After the war Caesar honours Hyrcanus and Antipater; this confirms the inherited start.	evidence/Niese-III-PDF336.jpg
138	VISUALLY_REVIEWED_IDENTITY_AND_CLAUSE_CONTEXT	INDIVIDUALLY_REVIEWED	ADD_INTERNAL_NIESE_MILESTONE	PRESENT	ROUTINE_SOURCE_SUPPORTED	latin-book14-num137	/TEI[1]/text[1]/body[1]/div1[1]/argument[1]/floatingText[1]/body[1]/div1[1]/div2[1]/p[33]/num[1]/tail()	164	47325	λέγεται δ᾽ ὑπὸ πολλῶν Ὑρκανὸν ταύτης κοινωνῆσαι τῆς στρατείας καὶ ἐλθεῖν εἰς Αἴγυπτον, μαρτυρεῖ δέ μου τῷ λόγῳ καὶ Στράβων ὁ Καππάδοξ λέγων ἐξ Ἀσινίου ὀνόματος οὕτως: ‘μετὰ τὸν Μιθριδάτην εἰσβαλεῖν εἰς τὴν Αἴγυπτον καὶ Ὑρκανὸν τὸν τῶν Ἰουδαίων ἀρχιερέα.’  	yriam nauigasset, hyrcano quidem principatum sacerdotii firmum indulsit. Antipatrum uero uicem romanum et sine censum constituit. 	Dicitur tamen hyrcanus huic quoque militiae in aegypto socius extitisse. Sicut testatur strabo capadox ex nomine asinii asinii ita referent. Post mitridatis et hyrcani principissa cerdotum in aegypto profectionem, id est strabo alibi ex nom	The report of Hyrcanus's Egyptian participation introduces the Asinius/Strabo testimony. Retain the repeated asinii.	evidence/Niese-III-PDF336.jpg
139	VISUALLY_REVIEWED_IDENTITY_AND_CLAUSE_CONTEXT	INDIVIDUALLY_REVIEWED	ADD_INTERNAL_NIESE_MILESTONE	PRESENT	ROUTINE_SOURCE_SUPPORTED	latin-book14-num137	/TEI[1]/text[1]/body[1]/div1[1]/argument[1]/floatingText[1]/body[1]/div1[1]/div2[1]/p[33]/num[1]/tail()	378	47539	ὁ δ᾽ αὐτὸς οὗτος Στράβων καὶ ἐν ἑτέροις πάλιν ἐξ Ὑψικράτους ὀνόματος λέγει οὕτως: ‘τὸν δὲ Μιθριδάτην ἐξελθεῖν μόνον, κληθέντα δ᾽ εἰς Ἀσκάλωνα Ἀντίπατρον ὑπ᾽ αὐτοῦ τὸν τῆς Ἰουδαίας ἐπιμελητὴν τρισχιλίους αὐτῷ στρατιώτας συμπαρασκευάσαι καὶ τοὺς ἄλλους δυνάστας προτρέψαι, κοινωνῆσαι δὲ τῆς στρατείας καὶ Ὑρκανὸν τὸν ἀρχιερέα.’ ταῦτα μὲν Στράβων φησίν. 	tur strabo capadox ex nomine asinii asinii ita referent. Post mitridatis et hyrcani principissa cerdotum in aegypto profectionem, 	id est strabo alibi ex nomine hypsicratis rursus ita retulit. Mitridatim solum exisse, uocatum autem secundo cui antipater iudeae tutor in ascalone tria milia militum illi praeparauit, et alios potentissimos inuitauit. Sociauit etiam hyrcan	The second Strabo citation begins with its attribution to Hypsicrates and includes the closing attribution. Preserve id est and the source's wording.	evidence/Niese-III-PDF337.jpg
140	VISUALLY_REVIEWED_IDENTITY_AND_CLAUSE_CONTEXT	INDIVIDUALLY_REVIEWED	RETAIN_EXISTING_NUM	PRESENT	ROUTINE_SOURCE_SUPPORTED	latin-book14-num140	/TEI[1]/text[1]/body[1]/div1[1]/argument[1]/floatingText[1]/body[1]/div1[1]/div2[1]/p[34]/num[1]/tail()	1	47960	Ἐλθὼν δὲ καὶ Ἀντίγονος ὁ Ἀριστοβούλου πρὸς Καίσαρα τήν τε τοῦ πατρὸς ἀπωδύρετο τύχην καὶ ὡς δι᾽ αὐτὸν ἀποθάνοι φαρμάκοις ἀναιρεθεὶς Ἀριστόβουλος καὶ ὁ ἀδελφὸς αὐτοῦ κτείναντος πελέκει Σκιπίωνος, ἐδεῖτό τε λαβεῖν οἶκτον αὐτοῦ τῆς ἀρχῆς ἐκβεβλημένου, Ὑρκανοῦ δὲ ἐπὶ τούτοις καὶ Ἀντιπάτρου κατηγόρει βιαίως ἐξηγουμένων τοῦ ἔθνους καὶ εἰς αὐτὸν παρανομησάντων.  	arauit, et alios potentissimos inuitauit. Sociauit etiam hyrcanum principem huic militiae dicens, haec qui  dem strabon exposuit. 	Sed cum uenisset antigonus aristoboli filius tunc ad caesarem, et patris sui calamitatem defleuisset, qualiter propter ipsum uenenti fuerit interemptus, fraterque suus secure ab scypione percussus, petebat miserari se a regno depulsum. Prae	Antigonus's appeal and accusations introduce 140. Its final extent awaits the reviewed answer in 141.	evidence/Niese-III-PDF337.jpg
141	VISUALLY_REVIEWED_IDENTITY_AND_CLAUSE_CONTEXT	INDIVIDUALLY_REVIEWED	ADD_INTERNAL_NIESE_MILESTONE	PRESENT	ROUTINE_SOURCE_SUPPORTED	latin-book14-num140	/TEI[1]/text[1]/body[1]/div1[1]/argument[1]/floatingText[1]/body[1]/div1[1]/div2[1]/p[34]/num[1]/tail()	337	48296	παρὼν δ᾽ Ἀντίπατρος ἀπελογεῖτο μὲν ὑπὲρ ὧν ἑώρα τὴν κατηγορίαν κατ᾽ αὐτοῦ γεγενημένην, νεωτεριστὰς δ᾽ ἀπέφαινε τοὺς περὶ τὸν Ἀντίγονον καὶ στασιώδεις, ὅσα τε πονήσειεν αὐτὸς καὶ συνεργήσειεν ὑπεμίμνησκεν ἐπὶ τοῖς στρατεύμασιν * ποιούμενος τοὺς λόγους ὧν αὐτὸς ἦν μάρτυς.  	miserari se a regno depulsum. Praeterea hyrcanum et antipatrum accusabat, quod male gentem regerent et in se crudeliter egissent. 	Antipater autem cum adfuisset satis faciebat de inlatis sibi criminibus, rebellem antigonum cum suis so cus disserens, et narrabat quanta ipse laborasset in expeditione coram ipso caesare, et dicebat iuste aristobolum  romae tractum, quod s	Antipater's answer and record of service begin here, following Antigonus's accusations.	evidence/Niese-III-PDF337.jpg
142	VISUALLY_REVIEWED_IDENTITY_AND_CLAUSE_CONTEXT	INDIVIDUALLY_REVIEWED	ADD_INTERNAL_NIESE_MILESTONE	PRESENT	ROUTINE_SOURCE_SUPPORTED	latin-book14-num140	/TEI[1]/text[1]/body[1]/div1[1]/argument[1]/floatingText[1]/body[1]/div1[1]/div2[1]/p[34]/num[1]/tail()	526	48485	δικαίως τε ἔλεγεν Ἀριστόβουλον μὲν εἰς Ῥώμην ἀνάσπαστον γεγονέναι πολέμιον ἀεὶ καὶ μηδέποτε εὔνουν ὑπάρξαντα Ῥωμαίοις, τὸν δ᾽ ἀδελφὸν αὐτοῦ κολασθέντα ἐπὶ λῃστείᾳ ὑπὸ Σκιπίωνος τυχεῖν ὧν ἄξιος ἦν, ἀλλ᾽ οὐ κατὰ βίαν καὶ ἀδικίαν τοῦτο παθεῖν τοῦ δράσαντος. 	i criminibus, rebellem antigonum cum suis so cus disserens, et narrabat quanta ipse laborasset in expeditione coram ipso caesare, 	et dicebat iuste aristobolum  romae tractum, quod semper romanis hostis extitisset, fratrem eius uero latrocinii causa poenam a scipione meritam sumpsisse.  Cum haec antipater uerba fecisset, caesar hyrcanum quidem principem sacerdotum ordi	His defence of the Roman treatment of Aristobulus and Alexander begins within the answer.	evidence/Niese-III-PDF337.jpg
143	VISUALLY_REVIEWED_IDENTITY_AND_CLAUSE_CONTEXT	INDIVIDUALLY_REVIEWED	RETAIN_EXISTING_NUM	PRESENT	ROUTINE_SOURCE_SUPPORTED	latin-book14-num143	/TEI[1]/text[1]/body[1]/div1[1]/argument[1]/floatingText[1]/body[1]/div1[1]/div2[1]/p[35]/add[1]/tail()	1	48773	Τούτους Ἀντιπάτρου ποιησαμένου τοὺς λόγους Καῖσαρ Ὑρκανὸν μὲν ἀποδείκνυσιν ἀρχιερέα, Ἀντιπάτρῳ δ᾽ ἐφίησιν δυναστείαν ἣν αὐτὸς προαιρεῖται. τούτου δὲ ἐπ᾽ αὐτῷ ποιησαμένου τὴν κρίσιν, ἐπίτροπον αὐτὸν ἀποδείκνυσιν τῆς Ἰουδαίας.  	m  romae tractum, quod semper romanis hostis extitisset, fratrem eius uero latrocinii causa poenam a scipione meritam sumpsisse.  	Cum haec antipater uerba fecisset, caesar hyrcanum quidem principem sacerdotum ordinauit. Antipatro uero potestatem donauit quam ipse eligeret, tutorem eum totius iudeae constituens, hyrcano quoque concessit patriae muros restituere cum han	Caesar's appointments after the answer confirm this inherited start.	evidence/Niese-III-PDF338.jpg
144	VISUALLY_REVIEWED_IDENTITY_AND_CLAUSE_CONTEXT	INDIVIDUALLY_REVIEWED	ADD_INTERNAL_NIESE_MILESTONE	PRESENT	ROUTINE_SOURCE_SUPPORTED	latin-book14-num143	/TEI[1]/text[1]/body[1]/div1[1]/argument[1]/floatingText[1]/body[1]/div1[1]/div2[1]/p[35]/add[1]/tail()	184	48956	ἐπιτρέπει δὲ καὶ Ὑρκανῷ τὰ τῆς πατρίδος ἀναστῆσαι τείχη ταύτην αἰτησαμένῳ τὴν χάριν: ἔτι γὰρ ἐρήριπτο Πομπηίου καταβαλόντος: καὶ ταῦτα ἐπιστέλλει τοῖς ὑπάτοις εἰς Ῥώμην ἀναγράψαι ἐν τῷ Καπετωλίῳ. καὶ τὸ γενόμενον ὑπὸ τῆς συγκλήτου δόγμα τοῦτον ἔχει τὸν τρόπον:  	idem principem sacerdotum ordinauit. Antipatro uero potestatem donauit quam ipse eligeret, tutorem eum totius iudeae constituens, 	hyrcano quoque concessit patriae muros restituere cum hanc ille gratiam ab eo petisset, nam adhuc diruti iacebant ex quo pompeius eos deposuerat. Unde a consulibus in capitolio senatus consultum hoc modo prolatum est. Lucius ualerius lucii 	Permission to rebuild the wall introduces the senatorial decree. Its reporting frame stays in 144.	evidence/Niese-III-PDF338.jpg
145	VISUALLY_REVIEWED_IDENTITY_AND_CLAUSE_CONTEXT	INDIVIDUALLY_REVIEWED	ADD_INTERNAL_NIESE_MILESTONE	PRESENT	ROUTINE_SOURCE_SUPPORTED	latin-book14-num143	/TEI[1]/text[1]/body[1]/div1[1]/argument[1]/floatingText[1]/body[1]/div1[1]/div2[1]/p[35]/add[1]/tail()	402	49174	‘Λεύκιος Οὐαλέριος Λευκίου υἱὸς στρατηγὸς συνεβουλεύσατο τῇ συγκλήτῳ εἴδοις Δεκεμβρίαις ἐν τῷ τῆς Ὁμονοίας ναῷ. γραφομένῳ τῷ δόγματι παρῆσαν Λούκιος Κωπώνιος Λευκίου υἱὸς Κολλίνα καὶ Παπείριος Κυρίνα.  	nam adhuc diruti iacebant ex quo pompeius eos deposuerat. Unde a consulibus in capitolio senatus consultum hoc modo prolatum est. 	Lucius ualerius lucii filius consul conueniente senatu idibus decembribus in templo concordiae praesente lucio copinio, lucu collinae filio et cepario squirini. De his quae alexander iasonis et nominius antiochi et alexander dorothei iudaeo	The quoted decree's named official and dating formula begin 145 after its narrative frame.	evidence/Niese-III-PDF338.jpg
146	VISUALLY_REVIEWED_IDENTITY_AND_CLAUSE_CONTEXT	INDIVIDUALLY_REVIEWED	ADD_INTERNAL_NIESE_MILESTONE	PRESENT	ROUTINE_SOURCE_SUPPORTED	latin-book14-num143	/TEI[1]/text[1]/body[1]/div1[1]/argument[1]/floatingText[1]/body[1]/div1[1]/div2[1]/p[35]/add[1]/tail()	563	49335	περὶ ὧν Ἀλέξανδρος Ἰάσονος καὶ Νουμήνιος Ἀντιόχου καὶ Ἀλέξανδρος Δωροθέου Ἰουδαίων πρεσβευταί, ἄνδρες ἀγαθοὶ καὶ σύμμαχοι διελέχθησαν ἀνανεούμενοι τὰς προϋπηργμένας πρὸς Ῥωμαίους χάριτας καὶ τὴν φιλίαν,  	nsul conueniente senatu idibus decembribus in templo concordiae praesente lucio copinio, lucu collinae filio et cepario squirini. 	De his quae alexander iasonis et nominius antiochi et alexander dorothei iudaeorum legati uiri optimi uel auxiliatores locuti sunt. Renouantes cum romanis gratias et amicitias praeexistentes clipeum aureum pro indicio auxiliorum deuouerunt 	The envoys' presentation and renewed friendship begin this internal decree section.	evidence/Niese-III-PDF338.jpg
147	VISUALLY_REVIEWED_IDENTITY_AND_CLAUSE_CONTEXT	INDIVIDUALLY_REVIEWED	ADD_INTERNAL_NIESE_MILESTONE	PRESENT	ROUTINE_SOURCE_SUPPORTED	latin-book14-num143	/TEI[1]/text[1]/body[1]/div1[1]/argument[1]/floatingText[1]/body[1]/div1[1]/div2[1]/p[35]/add[1]/tail()	754	49526	καὶ ἀσπίδα χρυσῆν σύμβολον τῆς συμμαχίας γενομένην ἀνήνεγκαν ἀπὸ χρυσῶν μυριάδων πέντε, καὶ γράμματ᾽ αὐτοῖς ἠξίωσαν δοθῆναι πρός τε τὰς αὐτονομουμένας πόλεις καὶ πρὸς βασιλεῖς ὑπὲρ τοῦ τὴν χώραν αὐτῶν καὶ τοὺς λιμένας ἀδείας τυγχάνειν καὶ μηδὲν ἀδικεῖσθαι,  	er dorothei iudaeorum legati uiri optimi uel auxiliatores locuti sunt. Renouantes cum romanis gratias et amicitias praeexistentes 	clipeum aureum pro indicio auxiliorum deuouerunt quinquaginta milium solidorum et petiuerunt litteras sibi dari ad omnes liberas ciuitates, quatinus prouinciae uel portus eorum, nullam uiolentiam paterentur. Placuit igitur amicitias et soci	The shield and request for letters form 147 within the decree; the preceding renewal of friendship belongs to 146.	evidence/Niese-III-PDF338.jpg
148	VISUALLY_REVIEWED_IDENTITY_AND_CLAUSE_CONTEXT	INDIVIDUALLY_REVIEWED	ADD_INTERNAL_NIESE_MILESTONE	PRESENT	ROUTINE_SOURCE_SUPPORTED	latin-book14-num143	/TEI[1]/text[1]/body[1]/div1[1]/argument[1]/floatingText[1]/body[1]/div1[1]/div2[1]/p[35]/add[1]/tail()	962	49734	ἔδοξεν συνθέσθαι φιλίαν καὶ χάριτας πρὸς αὐτούς, καὶ ὅσων ἐδεήθησαν τυχεῖν ταῦτ᾽ αὐτοῖς παρασχεῖν καὶ τὴν κομισθεῖσαν ἀσπίδα προσδέξασθαι.’ ταῦτα ἐγένετο ἐπὶ Ὑρκανοῦ ἀρχιερέως καὶ ἐθνάρχου ἔτους ἐνάτου μηνὸς Πανέμου.  	 et petiuerunt litteras sibi dari ad omnes liberas ciuitates, quatinus prouinciae uel portus eorum, nullam uiolentiam paterentur. 	Placuit igitur amicitias et societatem cum eis componere, et omnia quae supplicauerunt condere clipeumque suscipere.  Haec acta sunt sub hyrcano principe sacerdotum et rectore regentis, nono anno mense panemo. Hyrcanus autem etiam ab atheni	The decree's approval and the narrator's dating statement belong to 148.	evidence/Niese-III-PDF339.jpg
149	VISUALLY_REVIEWED_IDENTITY_AND_CLAUSE_CONTEXT	INDIVIDUALLY_REVIEWED	ADD_INTERNAL_NIESE_MILESTONE	PRESENT	ROUTINE_SOURCE_SUPPORTED	latin-book14-num143	/TEI[1]/text[1]/body[1]/div1[1]/argument[1]/floatingText[1]/body[1]/div1[1]/div2[1]/p[35]/add[2]/tail()	93	49988	Εὕρατο δὲ καὶ παρὰ τοῦ τῶν Ἀθηναίων δήμου τιμὰς Ὑρκανὸς πολλὰ καὶ αὐτὸς εἰς αὐτοὺς χρήσιμος γενόμενος, ἔπεμψάν τε αὐτῷ ψήφισμα τοῦτον περιέχον τὸν τρόπον: ‘ἐπὶ πρυτάνεως καὶ ἱερέως Διονυσίου τοῦ Ἀσκληπιάδου μηνὸς Πανέμου πέμπτῃ ἀπιόντος ἐπεδόθη τοῖς στρατηγοῖς ψήφισμα Ἀθηναίων.  	uerunt condere clipeumque suscipere.  Haec acta sunt sub hyrcano principe sacerdotum et rectore regentis, nono anno mense panemo. 	Hyrcanus autem etiam ab atheniensium populo laudatus est, cum multum ei apparuisset benignus, nam miserunt ei scriptum huiusmodi decretum, sub iudice uel sacerdote dionisio filio asclepiadis, mense panemo uicesimo quinto die datum est magis	Athenian honours and the second decree's framing and initial dating begin 149. Its source document heading alone does not determine the cut.	evidence/Niese-III-PDF339.jpg
150	VISUALLY_REVIEWED_IDENTITY_AND_CLAUSE_CONTEXT	INDIVIDUALLY_REVIEWED	ADD_INTERNAL_NIESE_MILESTONE	PRESENT	ROUTINE_SOURCE_SUPPORTED	latin-book14-num143	/TEI[1]/text[1]/body[1]/div1[1]/argument[1]/floatingText[1]/body[1]/div1[1]/div2[1]/p[35]/add[2]/tail()	365	50260	ἐπὶ Ἀγαθοκλέους ἄρχοντος Εὐκλῆς Μενάνδρου Ἀλιμούσιος ἐγραμμάτευε Μουνυχιῶνος ἑνδεκάτῃ τῆς πρυτανείας ἐκκλησίας ἀγομένης ἐν τῷ θεάτρῳ τῶν προέδρων ἐπεψήφισεν Δωρόθεος Ἐρχιεὺς καὶ οἱ συμπρόεδροι * τῷ δήμῳ, Διονύσιος Διονυσίου εἶπεν:  	 iudice uel sacerdote dionisio filio asclepiadis, mense panemo uicesimo quinto die datum est magistratibus, decretum atheniensium 	sub praeside athocle quod eucles menandri abimus ius scriba exposuit munichionis undecimo die concilio iudicum facto in theatro suffragio, tulit dorotheus princeps sacerdotum cum quo adsedens dio nisius dionisii dixit. Quem hyrcanus alexand	The archon and assembly formula form this internal section; preserve source names without emendation.	evidence/Niese-III-PDF339.jpg
151	VISUALLY_REVIEWED_IDENTITY_AND_CLAUSE_CONTEXT	INDIVIDUALLY_REVIEWED	ADD_INTERNAL_NIESE_MILESTONE	PRESENT	ROUTINE_SOURCE_SUPPORTED	latin-book14-num143	/TEI[1]/text[1]/body[1]/div1[1]/argument[1]/floatingText[1]/body[1]/div1[1]/div2[1]/p[35]/cb[1]/tail()	64	50544	ἐπειδὴ Ὑρκανὸς Ἀλεξάνδρου ἀρχιερεὺς καὶ ἐθνάρχης τῶν Ἰουδαίων διατελεῖ κοινῇ τε τῷ δήμῳ καὶ ἰδίᾳ τῶν πολιτῶν ἑκάστῳ εὔνους ὢν καὶ πάσῃ χρώμενος περὶ αὐτοὺς σπουδῇ καὶ τοὺς παραγινομένους Ἀθηναίων ἢ κατὰ πρεσβείαν ἢ κατ᾽ ἰδίαν πρὸς αὐτὸν ὑποδέχεται φιλοφρόνως καὶ προπέμπει τῆς ἀσφαλοῦς αὐτῶν ἐπανόδου προνοούμενος,  	 die concilio iudicum facto in theatro suffragio, tulit dorotheus princeps sacerdotum cum quo adsedens dio nisius dionisii dixit. 	Quem hyrcanus alexandri princeps sacerdotum et rector iudaeorum permanet cum populo nostro uel singulis uicibus fidelis existens, et omni circa eos utitur industria, ibique uenientes athenienses uel legationis causa seu priuatim munificente	The reasons citing Hyrcanus's services begin here after the speech attribution.	evidence/Niese-III-PDF339.jpg
152	VISUALLY_REVIEWED_IDENTITY_AND_CLAUSE_CONTEXT	INDIVIDUALLY_REVIEWED	ADD_INTERNAL_NIESE_MILESTONE	PRESENT	ROUTINE_SOURCE_SUPPORTED	latin-book14-num143	/TEI[1]/text[1]/body[1]/div1[1]/argument[1]/floatingText[1]/body[1]/div1[1]/div2[1]/p[35]/cb[1]/tail()	359	50839	ἐμαρτυρήθη μὲν καὶ πρότερον περὶ τούτων, δεδόχθαι δὲ καὶ νῦν Διονυσίου τοῦ Θεοδώρου Σουνιέως εἰσηγησαμένου καὶ περὶ τῆς τἀνδρὸς ἀρετῆς ὑπομνήσαντος τὸν δῆμον, καὶ ὅτι προαίρεσιν ἔχει ποιεῖν ἡμᾶς ὅ τι ποτ᾽ ἂν δύνηται ἀγαθόν,  	 ibique uenientes athenienses uel legationis causa seu priuatim munificenter ad se suscepit et prouidit quatinus inlesi redirent. 	Decretum quidem de his et prius factum est, nunc uero dionisio dorothei sunien sis suggerente, et de uiri uirtute populo ammonente quem uoluntatem habet bene nobis semper quod potuerit facere placet honorare uirum auream corona optima secun	Prior recognition and the renewed motion precede the honours themselves.	evidence/Niese-III-PDF339.jpg
153	VISUALLY_REVIEWED_IDENTITY_AND_CLAUSE_CONTEXT	INDIVIDUALLY_REVIEWED	ADD_INTERNAL_NIESE_MILESTONE	PRESENT	ROUTINE_SOURCE_SUPPORTED	latin-book14-num143	/TEI[1]/text[1]/body[1]/div1[1]/argument[1]/floatingText[1]/body[1]/div1[1]/div2[1]/p[35]/cb[1]/tail()	558	51038	τιμῆσαι τὸν ἄνδρα χρυσῷ στεφάνῳ ἀριστείῳ κατὰ τὸν νόμον, καὶ στῆσαι αὐτοῦ εἰκόνα χαλκῆν ἐν τῷ τεμένει τοῦ Δήμου καὶ τῶν Χαρίτων, ἀνειπεῖν δὲ τὸν στέφανον ἐν τῷ θεάτρῳ Διονυσίοις τραγῳδῶν τῶν καινῶν ἀγομένων καὶ Παναθηναίων καὶ Ἐλευσινίων καὶ ἐν τοῖς γυμνικοῖς ἀγῶσιν,  	ei sunien sis suggerente, et de uiri uirtute populo ammonente quem uoluntatem habet bene nobis semper quod potuerit facere placet 	honorare uirum auream corona optima secundum legem et dedicare ei imaginem auream in templo populi uel gratiarum, decernere uero coronam in theatro cum libero patri tragidiae sollemnia celebrantur, et in panathineis et eleuniis et in cimnic	The infinitive corresponding to τιμῆσαι opens the honours section after the decision frame; crown, statue and festivals stay together.	evidence/Niese-III-PDF340.jpg
154	VISUALLY_REVIEWED_IDENTITY_AND_CLAUSE_CONTEXT	INDIVIDUALLY_REVIEWED	ADD_INTERNAL_NIESE_MILESTONE	PRESENT	ROUTINE_SOURCE_SUPPORTED	latin-book14-num143	/TEI[1]/text[1]/body[1]/div1[1]/argument[1]/floatingText[1]/body[1]/div1[1]/div2[1]/p[35]/cb[1]/tail()	814	51294	ἐπιμεληθῆναι δὲ τοὺς στρατηγοὺς διαμένοντί τε αὐτῷ καὶ φυλάττοντι τὴν πρὸς ἡμᾶς εὔνοιαν εἶναι πᾶν ὅ τι ἂν ἐπινοήσωμεν εἰς τιμὴν καὶ χάριν τῆς τἀνδρὸς σπουδῆς καὶ φιλοτιμίας, ἵνα τούτων γινομένων φαίνηται ὁ δῆμος ἡμῶν ἀποδεχόμενος τοὺς ἀγαθοὺς καὶ τῆς προσηκούσης ἀμοιβῆς ἀξιῶν καὶ ζηλώσῃ τὴν περὶ ἡμᾶς σπουδὴν τῶν ἤδη τετιμημένων:  	ro coronam in theatro cum libero patri tragidiae sollemnia celebrantur, et in panathineis et eleuniis et in cimnicis certaminibus 	diligentiam uero magistratus habeant, ut si permanserit et seruauerit fauorem nostrem omne quod excogitemus pro gratia uel honore uiri munificenter compleatur, quatinus cum haec ita facta fuerint, appareat noster populus optimus eum amplect	The officers' obligation to provide future honours and the reason for reciprocity begin here.	evidence/Niese-III-PDF340.jpg
155	VISUALLY_REVIEWED_IDENTITY_AND_CLAUSE_CONTEXT	INDIVIDUALLY_REVIEWED	ADD_INTERNAL_NIESE_MILESTONE	PRESENT	ROUTINE_SOURCE_SUPPORTED	latin-book14-num143	/TEI[1]/text[1]/body[1]/div1[1]/argument[1]/floatingText[1]/body[1]/div1[1]/div2[1]/p[35]/cb[1]/tail()	1142	51622	ἑλέσθαι δὲ καὶ πρέσβεις ἐξ ἁπάντων Ἀθηναίων, οἵτινες τὸ ψήφισμά τε αὐτῷ κομιοῦσι καὶ παρακαλέσουσιν προσδεξάμενον τὰς τιμὰς πειρᾶσθαί τι ποιεῖν ἀγαθὸν ἡμῶν ἀεὶ τὴν πόλιν.’ αἱ μὲν οὖν παρὰ Ῥωμαίων καὶ τοῦ δήμου τοῦ Ἀθηναίων τιμαὶ πρὸς Ὑρκανὸν τὸν ἀρχιερέα καὶ διὰ τούτων ἡμῖν δεδήλωνται. 	ppareat noster populus optimus eum amplecti, uicesque reddere gratiarum, ut ille nostrem studium iam honoribus affectus imitetur. 	Immo etiam debemus eligere ab omnibus atheniensibus qui decretum ei deportent, ut cum honorem susceperit festinet benefacere semper nostrae ciuitati, romanorum ergo uel populi atheniensium erga hyrcanum  merita demonstrauimus. Caesar autem 	Selection of envoys and the narrator's closing summary of honours form 155.	evidence/Niese-III-PDF340.jpg
156	VISUALLY_REVIEWED_IDENTITY_AND_CLAUSE_CONTEXT	INDIVIDUALLY_REVIEWED	RETAIN_EXISTING_NUM	PRESENT	ROUTINE_SOURCE_SUPPORTED	latin-book14-num156	/TEI[1]/text[1]/body[1]/div1[1]/argument[1]/floatingText[1]/body[1]/div1[1]/div2[1]/p[36]/num[1]/tail()	1	51960	Καῖσαρ δὲ διοικήσας τὰ κατὰ τὴν Συρίαν ἀπέπλευσεν. ὡς δὲ Καίσαρα προπέμψας ἐκ τῆς Συρίας Ἀντίπατρος εἰς τὴν Ἰουδαίαν ὑπέστρεψεν, ἀνεγείρει μὲν εὐθὺς τὸ τεῖχος ὑπὸ Πομπηίου καθῃρημένον καὶ τὸν κατὰ τὴν χώραν θόρυβον ἐπιὼν κατέστελλεν, ἀπειλῶν τε ἅμα καὶ συμβουλεύων ἠρεμεῖν:  	ceperit festinet benefacere semper nostrae ciuitati, romanorum ergo uel populi atheniensium erga hyrcanum  merita demonstrauimus. 	Caesar autem cum disposuisset syriam nauigauit. Antipater autem ut caesarem ad syriam deduxit, in iudaeam reuertitur, et statim muros a pompeio dirutos reconstruxit, seditionemque prouincialium sedauit interminationibus simul et persuasioni	Caesar's departure and Antipater's return, wall rebuilding and pacification confirm the inherited start.	evidence/Niese-III-PDF340.jpg
157	VISUALLY_REVIEWED_IDENTITY_AND_CLAUSE_CONTEXT	INDIVIDUALLY_REVIEWED	ADD_INTERNAL_NIESE_MILESTONE	PRESENT	ROUTINE_SOURCE_SUPPORTED	latin-book14-num156	/TEI[1]/text[1]/body[1]/div1[1]/argument[1]/floatingText[1]/body[1]/div1[1]/div2[1]/p[36]/num[1]/tail()	283	52242	τοὺς μὲν γὰρ τὰ Ὑρκανοῦ φρονοῦντας ἐν εὑδίᾳ διάξειν καὶ βιώσεσθαι τῶν ἰδίων ἀπολαύοντας κτημάτων ἀταράχως, προστιθεμένους δὲ ταῖς ἐκ τοῦ νεωτερίζειν ἐλπίσιν καὶ τοῖς ἀπ᾽ αὐτῶν κέρδεσιν προσανέχοντας αὐτὸν μὲν ἕξειν ἀντὶ προστάτου δεσπότην, Ὑρκανὸν δὲ ἀντὶ βασιλέως τύραννον, Ῥωμαίους δὲ καὶ Καίσαρα πικροὺς ἀνθ᾽ ἡγεμόνων πολεμίους: οὐ γὰρ ἀνέξεσθαι μετακινούμενον ὃν αὐτοὶ κατέστησαν. ταῦτα λέγων καθίστα τὰ κατὰ τὴν χώραν. 	reconstruxit, seditionemque prouincialium sedauit interminationibus simul et persuasionibus requiescere eos inuitans cum diceret. 	Siquis hyrcano consenserit feliciter uitam suam potest peragere. Qui uero ad spem rebellandi peruenerit et lucro priuatur et me ipsum pro patrono dominum, hyrcanum autem pro rege tyrannum sentiet, romanos uero et caesarem  pro rectoribus am	The content of Antipater's advice begins here after cum diceret; preserve the source's joined Siquis.	evidence/Niese-III-PDF340.jpg
158	VISUALLY_REVIEWED_IDENTITY_AND_CLAUSE_CONTEXT	INDIVIDUALLY_REVIEWED	RETAIN_EXISTING_NUM	PRESENT	ROUTINE_SOURCE_SUPPORTED	latin-book14-num158	/TEI[1]/text[1]/body[1]/div1[1]/argument[1]/floatingText[1]/body[1]/div1[1]/div2[1]/p[37]/add[1]/tail()	1	52686	Βραδὺν δ᾽ ὁρῶν καὶ νωθῆ τὸν Ὑρκανὸν Φασάηλον μὲν τὸν πρεσβύτατον τῶν παίδων Ἱεροσολύμων καὶ τῶν πέριξ στρατηγὸν ἀποδείκνυσιν, τῷ δὲ μετ᾽ αὐτὸν Ἡρώδῃ τὴν Γαλιλαίαν ἐπέτρεψεν νέῳ παντάπασιν ὄντι: πεντεκαίδεκα γὰρ ἐγεγόνει μόνα ἔτη.  	sentiet, romanos uero et caesarem  pro rectoribus amaros hostes, nam minime patiuntur amoueri quem ipsi principem constituerant.  	Sed cum tardum et segnem hyrcanum uidisset, priorem filium suum ducem in hierosolimis ordinauit, secundum uero herodem galileae tutorem demonstrauit. Adhuc omnino iuuenem, nam quindecim annorum tunc erat cui nihil offuit iuuentus, dum prude	Appointments of Phasael and the youthful Herod confirm this inherited start; no age correction is made.	evidence/Niese-III-PDF341.jpg
159	VISUALLY_REVIEWED_IDENTITY_AND_CLAUSE_CONTEXT	INDIVIDUALLY_REVIEWED	ADD_INTERNAL_NIESE_MILESTONE	PRESENT	ROUTINE_SOURCE_SUPPORTED	latin-book14-num158	/TEI[1]/text[1]/body[1]/div1[1]/argument[1]/floatingText[1]/body[1]/div1[1]/div2[1]/p[37]/add[1]/tail()	205	52890	βλάπτει δὲ οὐδὲν αὐτὸν ἡ νεότης, ἀλλ᾽ ὢν τὸ φρόνημα γενναῖος ὁ νεανίας ἀφορμὴν εὑρίσκει παραχρῆμα εἰς ἐπίδειξιν τῆς ἀρετῆς. καταλαβὼν γὰρ Ἐζεκίαν τὸν ἀρχιλῃστὴν τὰ προσεχῆ τῆς Συρίας κατατρέχοντα σὺν μεγάλῳ στίφει, τοῦτον συλλαβὼν κτείνει καὶ πολλοὺς τῶν σὺν αὐτῷ λῃστῶν.  	ierosolimis ordinauit, secundum uero herodem galileae tutorem demonstrauit. Adhuc omnino iuuenem, nam quindecim annorum tunc erat 	cui nihil offuit iuuentus, dum prudentiam super aetatem haberet. Qui cum occasionem inuenisset statim ad uirtutis ostentationem prorupit. Siquidem ezechiam principem latronum conprehensum qui syriam cum magna turba uexabat, fecit interimi c	Herod's youth is no obstacle; the explanatory relative clause begins 159 before the action against Hezekiah.	evidence/Niese-III-PDF341.jpg
160	VISUALLY_REVIEWED_IDENTITY_AND_CLAUSE_CONTEXT	INDIVIDUALLY_REVIEWED	ADD_INTERNAL_NIESE_MILESTONE	PRESENT	ROUTINE_SOURCE_SUPPORTED	latin-book14-num158	/TEI[1]/text[1]/body[1]/div1[1]/argument[1]/floatingText[1]/body[1]/div1[1]/div2[1]/p[37]/add[1]/tail()	468	53153	σφόδρα δὲ αὐτοῦ τὸ ἔργον τοῦτο ἠγάπησαν οἱ Σύροι: ποθοῦσι γὰρ αὐτοῖς ἀπηλλάχθαι τοῦ λῃστηρίου τὴν χώραν ἐκαθάρευσεν. ὕμνουν γοῦν αὐτὸν ἐπὶ τούτῳ κατά τε κώμας καὶ κατὰ πόλεις ὡς εἰρήνην αὐτοῖς παρεσχηκότα καὶ ἀσφαλῆ τῶν κτημάτων ἀπόλαυσιν. ἐγένετο δὲ διὰ τοῦτο καὶ Σέξστῳ Καίσαρι γνώριμος ὄντι συγγενεῖ τοῦ μεγάλου Καίσαρος καὶ διέποντι τὴν Συρίαν.  	pit. Siquidem ezechiam principem latronum conprehensum qui syriam cum magna turba uexabat, fecit interimi cum multis praedonibus. 	Quo facto nimium a syris amplectitur, unde et in amorem eius exarserunt quod a latrociniis prouincia horum  esset erepta. Laudabant ergo eum per ciuitates et per uicos, quod pacem eis prestitisset et tuitionem praediorum suorum inuenissent.	Syrian approval and Sextus's favour begin after the killing episode.	evidence/Niese-III-PDF341.jpg
161	VISUALLY_REVIEWED_IDENTITY_AND_CLAUSE_CONTEXT	INDIVIDUALLY_REVIEWED	ADD_INTERNAL_NIESE_MILESTONE	PRESENT	ROUTINE_SOURCE_SUPPORTED	latin-book14-num158	/TEI[1]/text[1]/body[1]/div1[1]/argument[1]/floatingText[1]/body[1]/div1[1]/div2[1]/p[37]/add[2]/tail()	232	53535	ζῆλος δ᾽ ἐμπίπτει τῶν Ἡρώδῃ πεπραγμένων Φασαήλῳ τῷ ἀδελφῷ, καὶ πρὸς τὴν εὐδοκίμησιν αὐτοῦ κινηθεὶς ἐφιλοτιμεῖτο μὴ ἀπολειφθῆναι τῆς ὁμοίας εὐφημίας, καὶ τοὺς ἐν τοῖς Ἱεροσολύμοις εὐνουστέρους ἐποιεῖτο, δι᾽ αὐτοῦ μὲν ἔχων τὴν πόλιν, οὔτε δὲ ἀπειροκάλως τοῖς πράγμασι προσφερόμενος οὔτ᾽ ἐξυβρίζων εἰς τὴν ἐξουσίαν.  	 praediorum suorum inuenissent. Qua propter et sexto caesari cognato magni caesaris, tunc totam regenti syriam amicus factus est. 	Cum uero aemulatio pro factis herodis fafailum fratrem eius intrasset, studuit non minor tali gloria repperiri, et ierosolimi tas fauores sibi parabat, dum et ciuitatem haberet et populi negotia non ignoraret, tractaretque antipatrum, facie	Phasael's rivalry and conduct in Jerusalem begin here. Its endpoint awaits the XIV.162 decision on the difficult tractaretque antipatrum, faciebat sequence.	evidence/Niese-III-PDF341.jpg
162	VISUALLY_REVIEWED_IDENTITY_AND_CLAUSE_CONTEXT	INDIVIDUALLY_REVIEWED_PENDING_CUT	PENDING_EDITORIAL_CHOICE	PRESENT_WITH_SYNTAX_AND_WORDING_DIFFERENCE	PENDING_USER_DECISION					ταῦτ᾽ Ἀντίπατρον ἐποίει θεραπείας παρὰ τοῦ ἔθνους τυγχάνειν βασιλικῆς καὶ τιμῶν οἵων ἄν τις μεταλαμβάνοι τῶν ὅλων ὢν δεσπότης. ὑπὸ μέντοι τῆς ἐκ τούτων λαμπρότητος οὐδὲν οἷα φιλεῖ συμβαίνειν πολλάκις τῆς πρὸς Ὑρκανὸν εὐνοίας παρέβη καὶ πίστεως. 				
163	VISUALLY_REVIEWED_IDENTITY_AND_CLAUSE_CONTEXT	INDIVIDUALLY_REVIEWED	RETAIN_EXISTING_NUM	PRESENT	ROUTINE_SOURCE_SUPPORTED	latin-book14-num163	/TEI[1]/text[1]/body[1]/div1[1]/argument[1]/floatingText[1]/body[1]/div1[1]/div2[1]/p[38]/num[1]/tail()	1	54029	Οἱ δ᾽ ἐν τέλει τῶν Ἰουδαίων ὁρῶντες τὸν Ἀντίπατρον καὶ τοὺς υἱοὺς αὐτοῦ μεγάλως αὐξανομένους εὐνοίᾳ τε τῇ παρὰ τοῦ ἔθνους καὶ προσόδῳ τῇ τε παρὰ τῆς Ἰουδαίας καὶ τῶν Ὑρκανοῦ χρημάτων, κακοήθως εἶχον πρὸς αὐτόν:  	 gente tamquam esset omnium dominus, honorari tamen ex tali claritate qualia saepius contingunt, hyrcani fidem transgressus est.  	Potentissimi uero iudaeorum antipatrum uidentes cum filiis extolli per fauorem gentis et redditus iudeae uel pecunias hyrcani nimis inuidebant ei. Nam antipater amicitiam cum imperatoribus romanorum composuerat. Et cum flexisset hyrcanum pe	The leading Jews' resentment of the growing family confirms the inherited start independently of pending 162.	evidence/Niese-III-PDF342.jpg
164	VISUALLY_REVIEWED_IDENTITY_AND_CLAUSE_CONTEXT	INDIVIDUALLY_REVIEWED	ADD_INTERNAL_NIESE_MILESTONE	PRESENT	ROUTINE_SOURCE_SUPPORTED	latin-book14-num163	/TEI[1]/text[1]/body[1]/div1[1]/argument[1]/floatingText[1]/body[1]/div1[1]/div2[1]/p[38]/num[1]/tail()	148	54176	καὶ γὰρ φιλίαν ὁ Ἀντίπατρος ἦν πεποιημένος πρὸς τοὺς Ῥωμαίων αὐτοκράτορας καὶ χρήματα πείσας πέμψαι τὸν Ὑρκανὸν αὐτὸς λαβὼν νοσφίζεται τὴν δωρεάν: ὡς ἰδίαν γὰρ ἀλλ᾽ οὐχ ὡς Ὑρκανοῦ διδόντος ἔπεμψεν.  	 iudaeorum antipatrum uidentes cum filiis extolli per fauorem gentis et redditus iudeae uel pecunias hyrcani nimis inuidebant ei. 	Nam antipater amicitiam cum imperatoribus romanorum composuerat. Et cum flexisset hyrcanum pecunias transmittere, tamquam suas et non hyrcano praestante eas romanis principibus destinabat. Unde manifeste antipatrum accusabant dicentes hyrca	Antipater's Roman alliances and appropriation of credit for gifts explain the resentment.	evidence/Niese-III-PDF342.jpg
165	VISUALLY_REVIEWED_IDENTITY_AND_CLAUSE_CONTEXT	INDIVIDUALLY_REVIEWED	ADD_INTERNAL_NIESE_MILESTONE	PRESENT_WITH_LOCAL_COMPRESSION	ROUTINE_SOURCE_SUPPORTED	latin-book14-num163	/TEI[1]/text[1]/body[1]/div1[1]/argument[1]/floatingText[1]/body[1]/div1[1]/div2[1]/p[38]/num[1]/tail()	337	54365	ταῦθ᾽ Ὑρκανὸς ἀκούων οὐκ ἐφρόντιζεν, ἐν δέει δὲ ἦσαν οἱ πρῶτοι τῶν Ἰουδαίων ὁρῶντες τὸν Ἡρώδην βίαιον καὶ τολμηρὸν καὶ τυραννίδος γλιχόμενον: καὶ προσελθόντες Ὑρκανῷ φανερῶς ἤδη κατηγόρουν Ἀντιπάτρου, καί ‘μέχρι πότε, ἔφασαν, ἐπὶ τοῖς πραττομένοις ἡσυχάσεις; ἦ οὐχ ὁρᾷς Ἀντίπατρον μὲν καὶ τοὺς παῖδας αὐτοῦ τὴν ἀρχὴν διεζωσμένους, σαυτὸν μέντοι τῆς βασιλείας ὄνομα μόνον ἀκούοντα;  	erat. Et cum flexisset hyrcanum pecunias transmittere, tamquam suas et non hyrcano praestante eas romanis principibus destinabat. 	Unde manifeste antipatrum accusabant dicentes hyrcano, usque quo istos teque nomen tantum regium possidere, sed ne te lateant, ne putes sine periculo tuo  neglegere negotia dum antipater et filii eius totam nunc auctoritatem contineant et h	The surviving direct accusation begins here. Greek's separate opening account of Hyrcanus's inattention and the leaders' fears is compressed out in this Latin passage.	evidence/Niese-III-PDF342.jpg
166	VISUALLY_REVIEWED_IDENTITY_AND_CLAUSE_CONTEXT	INDIVIDUALLY_REVIEWED	ADD_INTERNAL_NIESE_MILESTONE	PRESENT	ROUTINE_SOURCE_SUPPORTED	latin-book14-num163	/TEI[1]/text[1]/body[1]/div1[1]/argument[1]/floatingText[1]/body[1]/div1[1]/div2[1]/p[38]/num[1]/tail()	445	54473	ἀλλὰ μὴ λανθανέτω σε ταῦτα μηδὲ ἀκίνδυνος εἶναι νόμιζε ῥαθυμῶν περί τε σαυτῷ καὶ τῇ βασιλείᾳ: οὐ γὰρ ἐπίτροποί σοι τῶν πραγμάτων Ἀντίπατρος καὶ οἱ παῖδες αὐτοῦ νῦν εἰσιν, μηδὲ ἀπάτα σαυτὸν τοῦτο οἰόμενος, ἀλλὰ δεσπόται φανερῶς ἀνωμολόγηνται:  	incipibus destinabat. Unde manifeste antipatrum accusabant dicentes hyrcano, usque quo istos teque nomen tantum regium possidere, 	sed ne te lateant, ne putes sine periculo tuo  neglegere negotia dum antipater et filii eius totam nunc auctoritatem contineant et hanc sine tuis iussionibus disponant. Nam herodes filius eius, ezechiam et eos qui cum eo erant, peruenit nos	The warning about inattention and effective authority begins in the continued quoted speech.	evidence/Niese-III-PDF342.jpg
167	VISUALLY_REVIEWED_IDENTITY_AND_CLAUSE_CONTEXT	INDIVIDUALLY_REVIEWED	ADD_INTERNAL_NIESE_MILESTONE	PRESENT	ROUTINE_SOURCE_SUPPORTED	latin-book14-num163	/TEI[1]/text[1]/body[1]/div1[1]/argument[1]/floatingText[1]/body[1]/div1[1]/div2[1]/p[38]/cb[1]/tail()	123	54707	καὶ γὰρ Ἡρώδης ὁ παῖς αὐτοῦ Ἐζεκίαν ἀπέκτεινεν καὶ πολλοὺς σὺν αὐτῷ παραβὰς τὸν ἡμέτερον νόμον, ὃς κεκώλυκεν ἄνθρωπον ἀναιρεῖν καὶ πονηρὸν ὄντα, εἰ μὴ πρότερον κατακριθείη τοῦτο παθεῖν ὑπὸ τοῦ συνεδρίου. μὴ λαβὼν δὲ ἐξουσίαν παρὰ σοῦ ταῦτα ἐτόλμησεν.’ 	lo tuo  neglegere negotia dum antipater et filii eius totam nunc auctoritatem contineant et hanc sine tuis iussionibus disponant. 	Nam herodes filius eius, ezechiam et eos qui cum eo erant, peruenit nostram legem transgressus est, quae hominem prohibet occidi licet malignus sit, nisi primum in concilio condemnatus sit. Ille uero dum nullam a te suscepisset potestatem, 	Herod's killings and violation of the required judicial process are the next charge.	evidence/Niese-III-PDF343.jpg
168	VISUALLY_REVIEWED_IDENTITY_AND_CLAUSE_CONTEXT	INDIVIDUALLY_REVIEWED	RETAIN_EXISTING_NUM	PRESENT	ROUTINE_SOURCE_SUPPORTED	latin-book14-num168	/TEI[1]/text[1]/body[1]/div1[1]/argument[1]/floatingText[1]/body[1]/div1[1]/div2[1]/p[39]/num[1]/tail()	1	55042	Ὑρκανὸς δὲ ἀκούσας ταῦτα πείθεται: προσεξῆψαν δὲ αὐτοῦ τὴν ὀργὴν καὶ αἱ μητέρες τῶν ὑπὸ Ἡρώδου πεφονευμένων: αὗται γὰρ καθ᾽ ἑκάστην ἡμέραν ἐν τῷ ἱερῷ παρακαλοῦσαι τὸν βασιλέα καὶ τὸν δῆμον, ἵνα δίκην Ἡρώδης ἐν τῷ συνεδρίῳ τῶν πεπραγμένων ὑπόσχῃ, διετέλουν.  	lignus sit, nisi primum in concilio condemnatus sit. Ille uero dum nullam a te suscepisset potestatem, haec ausus est committere. 	Quae cum hyrcanus audisset, flectitur, plus autem iram eius incenderunt matres eorum quos herodes interfecerat, dum per singulos dies in templo eum peterent, ut herodes ante concilium de actis suis redderet rationem. Commotus igitur hyrcanu	Hyrcanus's persuasion and petitions from the mothers confirm the inherited start.	evidence/Niese-III-PDF343.jpg
169	VISUALLY_REVIEWED_IDENTITY_AND_CLAUSE_CONTEXT	INDIVIDUALLY_REVIEWED	ADD_INTERNAL_NIESE_MILESTONE	PRESENT	ROUTINE_SOURCE_SUPPORTED	latin-book14-num168	/TEI[1]/text[1]/body[1]/div1[1]/argument[1]/floatingText[1]/body[1]/div1[1]/div2[1]/p[39]/num[1]/tail()	218	55259	κινηθεὶς οὖν ὑπὸ τούτων Ὑρκανὸς Ἡρώδην ἐκάλει δικασόμενον ὑπὲρ ὧν διεβάλλετο. ὁ δὲ ἧκεν τοῦ πατρὸς αὐτῷ παραινέσαντος μὴ ὡς ἰδιώτῃ μετὰ δ᾽ ἀσφαλείας εἰσελθεῖν καὶ φυλακῆς τῆς περὶ τὸ σῶμα, τά τε κατὰ τὴν Γαλιλαίαν ὡς ἐνόμισεν αὐτῷ συμφέρειν ἀσφαλίσασθαι. τοῦτον τὸν τρόπον ἁρμοσάμενος καὶ μετὰ στίφους ἀποχρῶντος αὐτῷ πρὸς τὴν ὁδόν, ὡς μήτε ἐπίφοβος Ὑρκανῷ δόξειε μετὰ μείζονος παραγενόμενος τάγματος μήτε γυμνὸς καὶ ἀφύλακτος, ᾔει πρὸς τὴν δίκην.  	os herodes interfecerat, dum per singulos dies in templo eum peterent, ut herodes ante concilium de actis suis redderet rationem. 	Commotus igitur hyrcanus herodem uocauit satis facturum de criminibus sibi inlatis qui suasionibus patris inpulsus uenit. Nam sic ei praeceperat ut non priuatus sed cum tutela et custodia corporis adueniret. Qui cum et galileam ut putauit p	Hyrcanus summons Herod, who prepares a guarded arrival; the full preparation remains in 169.	evidence/Niese-III-PDF343.jpg
170	VISUALLY_REVIEWED_IDENTITY_AND_CLAUSE_CONTEXT	INDIVIDUALLY_REVIEWED	ADD_INTERNAL_NIESE_MILESTONE	PRESENT	ROUTINE_SOURCE_SUPPORTED	latin-book14-num168	/TEI[1]/text[1]/body[1]/div1[1]/argument[1]/floatingText[1]/body[1]/div1[1]/div2[1]/p[39]/num[1]/tail()	644	55685	Σέξστος μέντοι ὁ τῆς Συρίας ἡγεμὼν γράφει παρακαλῶν Ὑρκανὸν ἀπολῦσαι τὸν Ἡρώδην ἐκ τῆς δίκης καὶ προσαπειλῶν παρακούσαντι. τῷ δ᾽ ἦν ἀφορμὴ τὸ παρὰ τοῦ Σέξστου γράμμα πρὸς τὸ μηδὲν ἐκ τοῦ συνεδρίου παθόντα ἀπολῦσαι τὸν Ἡρώδην: ἠγάπα γὰρ αὐτὸν ὡς υἱόν.  	s uiam secabat, ut nec terribilis uideretur hyrcano cum maxima ueniens multitudine, nec nudus uel incautus coram iudicibus esset. 	Immo et sextus syriae rector scripsit hyrcano supplicans ut liberaret a iudicio heroden simul et interminabatur eis non oboedire. Sed sexti litterae occasio fuerant nequid pateretur a sententia concilii herodes, sed magis absolueretur. Nam 	Sextus's letter and Hyrcanus's resulting disposition begin 170.	evidence/Niese-III-PDF343.jpg
171	VISUALLY_REVIEWED_IDENTITY_AND_CLAUSE_CONTEXT	INDIVIDUALLY_REVIEWED	ADD_INTERNAL_NIESE_MILESTONE	PRESENT	ROUTINE_SOURCE_SUPPORTED	latin-book14-num168	/TEI[1]/text[1]/body[1]/div1[1]/argument[1]/floatingText[1]/body[1]/div1[1]/div2[1]/p[39]/num[1]/tail()	923	55964	καταστὰς δὲ ἐν τῷ συνεδρίῳ μετὰ τοῦ σὺν αὐτῷ τάγματος Ἡρώδης κατέπληξεν ἅπαντας καὶ κατηγορεῖν ἐθάρρει τὸ λοιπὸν οὐδεὶς τῶν πρὶν ἀφικέσθαι διαβαλλόντων, ἀλλ᾽ ἦν ἡσυχία καὶ τοῦ τί χρὴ ποιεῖν ἀπορία.  	occasio fuerant nequid pateretur a sententia concilii herodes, sed magis absolueretur. Nam diligebat eum hyrcanus tamquam filium, 	herodes autem cum in medio una cum suis militibus adstitisset omnes perterruit, nec ausus est aliquis ex his eum accusare, qui primum contra eum exclamabant, sed omnes subquiete et silentio rei exitum sustinebant. Qui cum ita sedissent, unu	Herod's armed appearance and the council's intimidation begin here after the affection comparison.	evidence/Niese-III-PDF343.jpg
172	VISUALLY_REVIEWED_IDENTITY_AND_CLAUSE_CONTEXT	INDIVIDUALLY_REVIEWED	ADD_INTERNAL_NIESE_MILESTONE	PRESENT	ROUTINE_SOURCE_SUPPORTED	latin-book14-num168	/TEI[1]/text[1]/body[1]/div1[1]/argument[1]/floatingText[1]/body[1]/div1[1]/div2[1]/p[39]/num[1]/tail()	1137	56178	διακειμένων δ᾽ οὕτως εἷς τις Σαμαίας ὄνομα, δίκαιος ἀνὴρ καὶ διὰ τοῦτο τοῦ δεδιέναι κρείττων, ἀναστὰς εἶπεν: ‘ἄνδρες σύνεδροι καὶ βασιλεῦ, εἰς δίκην μὲν οὔτ᾽ αὐτὸς οἶδά τινα τῶν πώποτε εἰς ὑμᾶς κεκλημένων οὕτω παραστάντα οὔτε ὑμᾶς ἔχειν εἰπεῖν ὑπολαμβάνω, ἀλλὰ πᾶς ὁστισδηποτοῦν ἀφῖκται εἰς τὸ συνέδριον τοῦτο κριθησόμενος ταπεινὸς παρίσταται καὶ σχήματι δεδοικότος καὶ ἔλεον θηρωμένου παρ᾽ ὑμῶν, κόμην τ᾽ ἐπιθρέψας καὶ ἐσθῆτα μέλαιναν ἐνδεδυμένος.  	ausus est aliquis ex his eum accusare, qui primum contra eum exclamabant, sed omnes subquiete et silentio rei exitum sustinebant. 	Qui cum ita sedissent, unus quidam nomine sameus uir iustus est propter hoc nomen deuitans periculum, surgens ita locutus est. Uiri iudices et rex neminem scio ad iudicium a uobis uocatum ita constitisse, neque uos nosse quicquam simile opi	Sameas's rising and speech frame begin 172, followed by his comparison with ordinary accused persons.	evidence/Niese-III-PDF344.jpg
173	VISUALLY_REVIEWED_IDENTITY_AND_CLAUSE_CONTEXT	INDIVIDUALLY_REVIEWED	ADD_INTERNAL_NIESE_MILESTONE	PRESENT	ROUTINE_SOURCE_SUPPORTED	latin-book14-num168	/TEI[1]/text[1]/body[1]/div1[1]/argument[1]/floatingText[1]/body[1]/div1[1]/div2[1]/p[39]/cb[1]/tail()	89	56585	ὁ δὲ βέλτιστος Ἡρώδης φόνου δίκην φεύγων καὶ ἐπ᾽ αἰτίᾳ τοιαύτῃ κεκλημένος ἕστηκε τὴν πορφύραν περικείμενος καὶ τὴν κεφαλὴν κεκοσμημένος τῇ συνθέσει τῆς κόμης καὶ περὶ αὐτὸν ἔχων ὁπλίτας, ἵνα ἂν κατακρίνωμεν αὐτοῦ κατὰ τὸν νόμον, κτείνῃ μὲν ἡμᾶς, αὐτὸν δὲ σώσῃ βιασάμενος τὸ δίκαιον.  	 in hoc iudicio peruenit exquirendus humiliter astitit. Misericordiam a uobis expetens, capillis prolaxis et ueste nigra indutus, 	hic autem herodis optimus iuuenis, reus pro homicidio satis facturus, de tali crimine uocatus interest, purpura circumdatus, et caput ornatum habens compositione crinium stipa tusque armis, ut si condemnatus secundum legem fuerit, nos quide	The contrasting description of Herod's dress and armed escort starts 173 within the speech; preserve herodis.	evidence/Niese-III-PDF344.jpg
174	VISUALLY_REVIEWED_IDENTITY_AND_CLAUSE_CONTEXT	INDIVIDUALLY_REVIEWED	ADD_INTERNAL_NIESE_MILESTONE	PRESENT	ROUTINE_SOURCE_SUPPORTED	latin-book14-num168	/TEI[1]/text[1]/body[1]/div1[1]/argument[1]/floatingText[1]/body[1]/div1[1]/div2[1]/p[39]/cb[1]/tail()	386	56882	ἀλλ᾽ Ἡρώδην μὲν ἐπὶ τούτοις οὐκ ἂν μεμψαίμην, εἰ τὸ αὐτοῦ συμφέρον ποιεῖται περὶ πλείονος ἢ τὸ νόμιμον, ὑμᾶς δὲ καὶ τὸν βασιλέα τοσαύτην ἄδειαν αὐτῷ παρασχόντας. ἴστε μέντοι τὸν θεὸν μέγαν, καὶ οὗτος, ὃν νῦν δι᾽ Ὑρκανὸν ἀπολῦσαι βούλεσθε, κολάσει ὑμᾶς τε καὶ αὐτὸν τὸν βασιλέα.’  	um stipa tusque armis, ut si condemnatus secundum legem fuerit, nos quidem interficiat. Ipse uero uim faciens ueritati liberetur. 	Sed herodem de his non culpabo, siquidem suum commodum plus quam legem fectit, sed uos uel regem accuso qui tantam licentiam ei dedistis. Scitote tamen maximum esse deum, quam hic quem nunc propter hyrcanum uultis absoluere, quandoque uos e	Sameas assigns blame to the council and king and predicts punishment; the speech closes within this section.	evidence/Niese-III-PDF344.jpg
175	VISUALLY_REVIEWED_IDENTITY_AND_CLAUSE_CONTEXT	INDIVIDUALLY_REVIEWED	ADD_INTERNAL_NIESE_MILESTONE	PRESENT	ROUTINE_SOURCE_SUPPORTED	latin-book14-num168	/TEI[1]/text[1]/body[1]/div1[1]/argument[1]/floatingText[1]/body[1]/div1[1]/div2[1]/p[39]/cb[1]/tail()	651	57147	διήμαρτεν δ᾽ οὐδὲν τῶν εἰρημένων. ὁ γὰρ Ἡρώδης τὴν βασιλείαν παραλαβὼν πάντας ἀπέκτεινεν τοὺς ἐν τῷ συνεδρίῳ καὶ Ὑρκανὸν αὐτὸν χωρὶς τοῦ Σαμαίου:  	s. Scitote tamen maximum esse deum, quam hic quem nunc propter hyrcanum uultis absoluere, quandoque uos et ipsum regem torquebit. 	Nihil autem haec dicendo mentitus est. Nam herodes cum regnum coepisset omnes occidit in concilio tunc inuentos cum ipso hyrcano, praeter sameum quem nimis dilexerat propter iustitiam eius, et quod ciuitate post hac obsessa ab herode uel so	The narrator confirms the prophecy and lists the subsequent deaths. Its final extent awaits review of the explanation in 176.	evidence/Niese-III-PDF344.jpg
176	UNREVIEWED	UNREVIEWED	UNPLACED	UNASSESSED	NO_CASE_YET					σφόδρα γὰρ αὐτὸν διὰ τὴν δικαιοσύνην ἐτίμησεν καὶ ὅτι τῆς πόλεως μετὰ ταῦτα πολιορκουμένης ὑπό τε Ἡρώδου καὶ Σοσσίου παρῄνεσεν τῷ δήμῳ δέξασθαι τὸν Ἡρώδην εἰπὼν διὰ τὰς ἁμαρτίας οὐ δύνασθαι διαφυγεῖν αὐτόν. καὶ περὶ μὲν τούτων κατὰ χώραν ἐροῦμεν. 				
177	UNREVIEWED	UNREVIEWED	UNPLACED	UNASSESSED	NO_CASE_YET					Ὑρκανὸς δὲ ὁρῶν ὡρμημένους πρὸς τὴν ἀναίρεσιν τὴν Ἡρώδου τοὺς ἐν τῷ συνεδρίῳ τὴν δίκην εἰς ἄλλην ἡμέραν ἀνεβάλετο, καὶ πέμψας κρύφα πρὸς Ἡρώδην συνεβούλευσεν αὐτῷ φυγεῖν ἐκ τῆς πόλεως: οὕτω γὰρ τὸν κίνδυνον διαφεύξεσθαι.  				
178	UNREVIEWED	UNREVIEWED	UNPLACED	UNASSESSED	NO_CASE_YET					καὶ ὁ μὲν ἀνεχώρησεν εἰς Δαμασκὸν ὡς φεύγων τὸν βασιλέα, καὶ παραγενόμενος πρὸς Σέξτον Καίσαρα καὶ τὰ κατ᾽ αὐτὸν ἀσφαλισάμενος οὕτως εἶχεν, ὡς εἰ καλοῖτο πάλιν εἰς τὸ συνέδριον ἐπὶ δίκην οὐχ ὑπακουσόμενος.  				
179	UNREVIEWED	UNREVIEWED	UNPLACED	UNASSESSED	NO_CASE_YET					ἠγανάκτουν δὲ οἱ ἐν τῷ συνεδρίῳ καὶ τὸν Ὑρκανὸν ἐπειρῶντο διδάσκειν, ὅτι ταῦτα πάντα εἴη κατ᾽ αὐτοῦ. τὸν δ᾽ οὐκ ἐλάνθανε μέν, πράττειν δ᾽ οὐδὲν εἶχεν ὑπὸ ἀνανδρίας καὶ ἀνοίας.  				
180	UNREVIEWED	UNREVIEWED	UNPLACED	UNASSESSED	NO_CASE_YET					Σέξστου δὲ ποιήσαντος Ἡρώδην στρατηγὸν κοίλης Συρίας, χρημάτων γὰρ αὐτῷ τοῦτο ἀπέδοτο, Ὑρκανὸς ἦν ἐν φόβῳ, μὴ στρατεύσηται Ἡρώδης ἐπ᾽ αὐτόν. οὐ πολὺ δὲ τοῦ δέους ἐβράδυνεν, ἀλλ᾽ ἧκεν ἄγων ἐπ᾽ αὐτὸν Ἡρώδης στρατιὰν ὀργιζόμενος τῆς δίκης αὐτῷ καὶ τοῦ κληθῆναι πρὸς τὸ λόγον ὑποσχεῖν ἐν τῷ συνεδρίῳ.  				
181	UNREVIEWED	UNREVIEWED	UNPLACED	UNASSESSED	NO_CASE_YET					διεκώλυσαν δ᾽ αὐτὸν προσβαλεῖν τοῖς Ἱεροσολύμοις ὑπαντήσαντες ὅ τε πατὴρ Ἀντίπατρος καὶ ὁ ἀδελφός, καὶ τὴν ὁρμὴν αὐτοῦ καταπαύσαντες καὶ παρακαλέσαντες ἔργῳ μὲν ἐγχειρεῖν μηδενί, καταπληξάμενον δὲ ἀπειλῇ μόνον μὴ χωρῆσαι περαιτέρω κατὰ τοῦ παρασχόντος αὐτῷ εἰς τοῦτο παρελθεῖν τὸ ἀξίωμα.  				
182	UNREVIEWED	UNREVIEWED	UNPLACED	UNASSESSED	NO_CASE_YET					ἠξίουν τε περὶ τοῦ κληθέντα ἐπὶ δίκην ἐλθεῖν ἀγανακτοῦντα μεμνῆσθαι καὶ τῆς ἀφέσεως καὶ χάριν αὐτῆς εἰδέναι καὶ μὴ πρὸς μὲν τὸ σκυθρωπότερον ἀπαντᾶν, περὶ δὲ τῆς σωτηρίας ἀχαριστεῖν:  				
183	UNREVIEWED	UNREVIEWED	UNPLACED	UNASSESSED	NO_CASE_YET					λογίζεσθαι δ᾽ ὡς, εἰ καὶ πολέμου ῥοπὰς βραβεύει τὸ θεῖον, πλέον ἐστὶ τῆς στρατείας τὸ ἄδικον, διὸ καὶ τὴν νίκην μὴ πάντῃ προσδοκᾶν μέλλοντα πολεμεῖν βασιλεῖ καὶ συντρόφῳ, καὶ πολλὰ μὲν εὐεργετήσαντι, μηδὲν δὲ χαλεπὸν αὐτὸν εἰργασμένῳ, περὶ δὲ ὧν ἐγκαλεῖ διὰ πονηροὺς συμβούλους ἀλλὰ μὴ δι᾽ αὐτὸν ὑπόνοιαν αὐτῷ καὶ σκιὰν δυσκόλου τινὸς παρεσχημένῳ.  				
184	UNREVIEWED	UNREVIEWED	UNPLACED	UNASSESSED	NO_CASE_YET					πείθεται τούτοις Ἡρώδης ὑπολαβὼν εἰς τὰς ἐλπίδας ἀποχρῆν αὐτῷ τὸ καὶ τὴν ἰσχὺν ἐπιδείξασθαι τῷ ἔθνει μόνον. καὶ τὰ μὲν κατὰ τὴν Ἰουδαίαν οὕτως εἶχεν. 				
185	UNREVIEWED	UNREVIEWED	UNPLACED	UNASSESSED	NO_CASE_YET					Καῖσαρ δ᾽ ἐλθὼν εἰς Ῥώμην ἕτοιμος ἦν πλεῖν ἐπ᾽ Ἀφρικῆς πολεμήσων Σκιπίωνι καὶ Κάτωνι, πέμψας δ᾽ Ὑρκανὸς πρὸς αὐτὸν παρεκάλει βεβαιώσασθαι τὴν πρὸς αὐτὸν φιλίαν καὶ συμμαχίαν.  				
186	UNREVIEWED	UNREVIEWED	UNPLACED	UNASSESSED	NO_CASE_YET					ἔδοξεν δ᾽ ἀναγκαῖον εἶναί μοι πάσας ἐκθέσθαι τὰς γεγενημένας Ῥωμαίοις καὶ τοῖς αὐτοκράτορσιν αὐτῶν τιμὰς καὶ συμμαχίας πρὸς τὸ ἔθνος ἡμῶν, ἵνα μὴ λανθάνῃ τοὺς ἄλλους ἅπαντας, ὅτι καὶ οἱ τῆς Ἀσίας καὶ οἱ τῆς Εὐρώπης βασιλεῖς διὰ σπουδῆς ἔσχον ἡμᾶς τήν τε ἀνδρείαν ἡμῶν καὶ τὴν πίστιν ἀγαπήσαντες.  				
187	UNREVIEWED	UNREVIEWED	UNPLACED	UNASSESSED	NO_CASE_YET					ἐπεὶ δὲ πολλοὶ διὰ τὴν πρὸς ἡμᾶς δυσμένειαν ἀπιστοῦσι τοῖς ὑπὸ Περσῶν καὶ Μακεδόνων ἀναγεγραμμένοις περὶ ἡμῶν τῷ μηκέτ᾽ αὐτὰ πανταχοῦ μηδ᾽ ἐν τοῖς δημοσίοις ἀποκεῖσθαι τόποις, ἀλλὰ παρ᾽ ἡμῖν τε αὐτοῖς καί τισιν ἄλλοις τῶν βαρβάρων,  				
188	UNREVIEWED	UNREVIEWED	UNPLACED	UNASSESSED	NO_CASE_YET					πρὸς δὲ τὰ ὑπὸ Ῥωμαίων δόγματα οὐκ ἔστιν ἀντειπεῖν: ἔν τε γὰρ δημοσίοις ἀνάκειται τόποις τῶν πόλεων καὶ ἔτι νῦν ἐν τῷ Καπετωλίῳ χαλκαῖς στήλαις ἐγγέγραπται, οὐ μὴν ἀλλὰ καὶ Καῖσαρ Ἰούλιος τοῖς ἐν Ἀλεξανδρείᾳ Ἰουδαίοις ποιήσας χαλκῆν στήλην ἐδήλωσεν, ὅτι Ἀλεξανδρέων πολῖταί εἰσιν, ἐκ τούτων ποιήσομαι καὶ τὴν ἀπόδειξιν.  				
189	UNREVIEWED	UNREVIEWED	UNPLACED	UNASSESSED	NO_CASE_YET					παραθήσομαι δὲ τὰ γενόμενα ὑπό τε τῆς συγκλήτου δόγματα καὶ Ἰουλίου Καίσαρος πρός τε Ὑρκανὸν καὶ τὸ ἔθνος ἡμῶν. 				
190	UNREVIEWED	UNREVIEWED	UNPLACED	UNASSESSED	NO_CASE_YET					Γάιος Ἰούλιος Καῖσαρ αὐτοκράτωρ καὶ ἀρχιερεὺς δικτάτωρ τὸ δεύτερον Σιδωνίων ἄρχουσιν βουλῇ δήμῳ χαίρειν. εἰ ἔρρωσθε εὖ ἂν ἔχοι, κἀγὼ δὲ ἔρρωμαι σὺν τῷ στρατοπέδῳ.  				
191	UNREVIEWED	UNREVIEWED	UNPLACED	UNASSESSED	NO_CASE_YET					τῆς γενομένης ἀναγραφῆς ἐν τῇ δέλτῳ πρὸς Ὑρκανὸν υἱὸν Ἀλεξάνδρου ἀρχιερέα καὶ ἐθνάρχην Ἰουδαίων πέπομφα ὑμῖν τὸ ἀντίγραφον, ἵν᾽ ἐν τοῖς δημοσίοις ὑμῶν ἀνακέηται γράμμασιν. βούλομαι δὲ καὶ ἑλληνιστὶ καὶ ῥωμαϊστὶ ἐν δέλτῳ χαλκῇ τοῦτο ἀνατεθῆναι.  				
192	UNREVIEWED	UNREVIEWED	UNPLACED	UNASSESSED	NO_CASE_YET					ἔστιν δὴ τοῦτο: Ἰούλιος Καῖσαρ αὐτοκράτωρ τὸ δεύτερον καὶ ἀρχιερεὺς μετὰ συμβουλίου γνώμης ἐπέκρινα. ἐπεὶ Ὑρκανὸς Ἀλεξάνδρου Ἰουδαῖος καὶ νῦν καὶ ἐν τοῖς ἔμπροσθεν χρόνοις ἔν τε εἰρήνῃ καὶ πολέμῳ πίστιν τε καὶ σπουδὴν περὶ τὰ ἡμέτερα πράγματα ἐπεδείξατο, ὡς αὐτῷ πολλοὶ μεμαρτυρήκασιν αὐτοκράτορες,  				
193	UNREVIEWED	UNREVIEWED	UNPLACED	UNASSESSED	NO_CASE_YET					καὶ ἐν τῷ ἔγγιστα ἐν Ἀλεξανδρείᾳ πολέμῳ μετὰ χιλίων πεντακοσίων στρατιωτῶν ἧκεν σύμμαχος καὶ πρὸς Μιθριδάτην ἀποσταλεὶς ὑπ᾽ ἐμοῦ πάντας ἀνδρείᾳ τοὺς ἐν τάξει ὑπερέβαλεν,  				
194	UNREVIEWED	UNREVIEWED	UNPLACED	UNASSESSED	NO_CASE_YET					διὰ ταύτας τὰς αἰτίας Ὑρκανὸν Ἀλεξάνδρου καὶ τὰ τέκνα αὐτοῦ ἐθνάρχας Ἰουδαίων εἶναι ἀρχιερωσύνην τε Ἰουδαίων διὰ παντὸς ἔχειν κατὰ τὰ πάτρια ἔθη, εἶναί τε αὐτὸν καὶ τοὺς παῖδας αὐτοῦ συμμάχους ἡμῖν ἔτι τε καὶ ἐν τοῖς κατ᾽ ἄνδρα φίλοις ἀριθμεῖσθαι,  				
195	UNREVIEWED	UNREVIEWED	UNPLACED	UNASSESSED	NO_CASE_YET					ὅσα τε κατὰ τοὺς ἰδίους αὐτῶν νόμους ἐστὶν ἀρχιερατικὰ φιλάνθρωπα, ταῦτα κελεύω κατέχειν αὐτὸν καὶ τὰ τέκνα αὐτοῦ: ἄν τε μεταξὺ γένηταί τις ζήτησις περὶ τῆς Ἰουδαίων ἀγωγῆς, ἀρέσκει μοι κρίσιν γίνεσθαι παρ᾽ αὐτοῖς. παραχειμασίαν δὲ ἢ χρήματα πράσσεσθαι οὐ δοκιμάζω. 				
196	UNREVIEWED	UNREVIEWED	UNPLACED	UNASSESSED	NO_CASE_YET					Γαΐου Καίσαρος αὐτοκράτορος ὑπάτου δεδομένα συγκεχωρημένα προσκεκριμένα ἐστὶν οὕτως ἔχοντα. ὅπως τὰ τέκνα αὐτοῦ τοῦ Ἰουδαίων ἔθνους ἄρχῃ, καὶ τοὺς δεδομένους τόπους καρπίζωνται, καὶ ὁ ἀρχιερεὺς αὐτὸς καὶ ἐθνάρχης τῶν Ἰουδαίων προϊστῆται τῶν ἀδικουμένων.  				
197	UNREVIEWED	UNREVIEWED	UNPLACED	UNASSESSED	NO_CASE_YET					πέμψαι δὲ πρὸς Ὑρκανὸν τὸν Ἀλεξάνδρου υἱὸν ἀρχιερέα τῶν Ἰουδαίων καὶ πρεσβευτὰς τοὺς περὶ φιλίας καὶ συμμαχίας διαλεξομένους: ἀνατεθῆναι δὲ καὶ χαλκῆν δέλτον ταῦτα περιέχουσαν ἔν τε τῷ Καπετωλίῳ καὶ Σιδῶνι καὶ Τύρῳ καὶ ἐν Ἀσκάλωνι καὶ ἐν τοῖς ναοῖς ἐγκεχαραγμένην γράμμασιν Ῥωμαϊκοῖς καὶ Ἑλληνικοῖς.  				
198	UNREVIEWED	UNREVIEWED	UNPLACED	UNASSESSED	NO_CASE_YET					ὅπως τε τὸ δόγμα τοῦτο πᾶσι τοῖς κατὰ τὴν πόλιν ταμίαις καὶ τοῖς τούτων ἡγουμένοις * εἴς τε τοὺς φίλους ἀνενέγκωσιν καὶ ξένια τοῖς πρεσβευταῖς παρασχεῖν καὶ τὰ διατάγματα διαπέμψαι πανταχοῦ. 				
199	UNREVIEWED	UNREVIEWED	UNPLACED	UNASSESSED	NO_CASE_YET					Γάιος Καῖσαρ αὐτοκράτωρ δικτάτωρ ὕπατος τιμῆς καὶ ἀρετῆς καὶ φιλανθρωπίας ἕνεκεν συνεχώρησεν ἐπὶ συμφέροντι καὶ τῇ συγκλήτῳ καὶ τῷ δήμῳ τῶν Ῥωμαίων Ὑρκανὸν Ἀλεξάνδρου υἱὸν καὶ τέκνα αὐτοῦ ἀρχιερεῖς τε καὶ ἱερεῖς Ἱεροσολύμων καὶ τοῦ ἔθνους εἶναι ἐπὶ τοῖς δικαίοις, οἷς καὶ οἱ πρόγονοι αὐτῶν τὴν ἀρχιερωσύνην διακατέσχον. 				
200	UNREVIEWED	UNREVIEWED	UNPLACED	UNASSESSED	NO_CASE_YET					Γάιος Καῖσαρ ὕπατος τὸ πέμπτον ἔκρινεν τούτους ἔχειν καὶ τειχίσαι τὴν Ἱεροσολυμιτῶν πόλιν, καὶ κατέχειν αὐτὴν Ὑρκανὸν Ἀλεξάνδρου ἀρχιερέα Ἰουδαίων καὶ ἐθνάρχην ὡς ἂν αὐτὸς προαιρῆται.  				
201	UNREVIEWED	UNREVIEWED	UNPLACED	UNASSESSED	NO_CASE_YET					ὅπως τε Ἰουδαίοις ἐν τῷ δευτέρῳ τῆς μισθώσεως ἔτει τῆς προσόδου κόρον ὑπεξέλωνται καὶ μήτε ἐργολαβῶσί τινες μήτε φόρους τοὺς αὐτοὺς τελῶσιν. 				
202	UNREVIEWED	UNREVIEWED	UNPLACED	UNASSESSED	NO_CASE_YET					Γάιος Καῖσαρ αὐτοκράτωρ τὸ δεύτερον ἔστησεν κατ᾽ ἐνιαυτὸν ὅπως τελῶσιν ὑπὲρ τῆς Ἱεροσολυμιτῶν πόλεως Ἰόππης ὑπεξαιρουμένης χωρὶς τοῦ ἑβδόμου ἔτους, ὃν σαββατικὸν ἐνιαυτὸν προσαγορεύουσιν, ἐπεὶ ἐν αὐτῷ μήτε τὸν ἀπὸ τῶν δένδρων καρπὸν λαμβάνουσιν μήτε σπείρουσιν.  				
203	UNREVIEWED	UNREVIEWED	UNPLACED	UNASSESSED	NO_CASE_YET					καὶ ἵνα ἐν Σιδῶνι τῷ δευτέρῳ ἔτει τὸν φόρον ἀποδιδῶσιν τὸ τέταρτον τῶν σπειρομένων, πρὸς τούτοις ἔτι καὶ Ὑρκανῷ καὶ τοῖς τέκνοις αὐτοῦ τὰς δεκάτας τελῶσιν, ἃς ἐτέλουν καὶ τοῖς προγόνοις αὐτῶν.  				
204	UNREVIEWED	UNREVIEWED	UNPLACED	UNASSESSED	NO_CASE_YET					καὶ ὅπως μηδεὶς μήτε ἄρχων μήτε ἀντάρχων μήτε στρατηγὸς ἢ πρεσβευτὴς ἐν τοῖς ὅροις τῶν Ἰουδαίων ἀνιστὰς συμμαχίαν καὶ στρατιώτας ἐξῇ τούτῳ χρήματα εἰσπράττεσθαι ἢ εἰς παραχειμασίαν ἢ ἄλλῳ τινὶ ὀνόματι, ἀλλ᾽ εἶναι πανταχόθεν ἀνεπηρεάστους.  				
205	UNREVIEWED	UNREVIEWED	UNPLACED	UNASSESSED	NO_CASE_YET					ὅσα τε μετὰ ταῦτα ἔσχον ἢ ἐπρίαντο καὶ διακατέσχον καὶ ἐνεμήθησαν, ταῦτα πάντα αὐτοὺς ἔχειν. Ἰόππην τε πόλιν, ἣν ἀπ᾽ ἀρχῆς ἔσχον οἱ Ἰουδαῖοι ποιούμενοι τὴν πρὸς Ῥωμαίους φιλίαν αὐτῶν εἶναι, καθὼς καὶ τὸ πρῶτον, ἡμῖν ἀρέσκει,  				
206	UNREVIEWED	UNREVIEWED	UNPLACED	UNASSESSED	NO_CASE_YET					φόρους τε ὑπὲρ ταύτης τῆς πόλεως Ὑρκανὸν Ἀλεξάνδρου υἱὸν καὶ παῖδας αὐτοῦ παρὰ τῶν τὴν γῆν νεμομένων χώρας λιμένος ἐξαγωγίου κατ᾽ ἐνιαυτὸν Σιδῶνι μοδίους δισμυρίους χοε ὑπεξαιρουμένου τοῦ ἑβδόμου ἔτους, ὃν σαββατικὸν καλοῦσιν, καθ᾽ ὃν οὔτε ἀροῦσιν οὔτε τὸν ἀπὸ τῶν δένδρων καρπὸν λαμβάνουσιν.  				
207	UNREVIEWED	UNREVIEWED	UNPLACED	UNASSESSED	NO_CASE_YET					τάς τε κώμας τὰς ἐν τῷ μεγάλῳ πεδίῳ, ἃς Ὑρκανὸς καὶ οἱ πρόγονοι πρότερον αὐτοῦ διακατέσχον, ἀρέσκει τῇ συγκλήτῳ ταῦτα Ὑρκανὸν καὶ Ἰουδαίους ἔχειν ἐπὶ τοῖς δικαίοις οἷς καὶ πρότερον εἶχον.  				
208	UNREVIEWED	UNREVIEWED	UNPLACED	UNASSESSED	NO_CASE_YET					μένειν δὲ καὶ τὰ ἀπ᾽ ἀρχῆς δίκαια, ὅσα πρὸς ἀλλήλους Ἰουδαίοις καὶ τοῖς ἀρχιερεῦσιν καὶ ἱερεῦσιν ἦν τά τε φιλάνθρωπα ὅσα τε τοῦ δήμου ψηφισαμένου καὶ τῆς συγκλήτου ἔσχον. ἐπὶ τούτοις τε τοῖς δικαίοις χρῆσθαι αὐτοῖς ἐξεῖναι ἐν Λύδδοις.  				
209	UNREVIEWED	UNREVIEWED	UNPLACED	UNASSESSED	NO_CASE_YET					τούς τε τόπους καὶ χώραν καὶ ἐποίκια, ὅσα βασιλεῦσι Συρίας καὶ Φοινίκης συμμάχοις οὖσι Ῥωμαίων κατὰ δωρεὰν ὑπῆρχε καρποῦσθαι, ταῦτα δοκιμάζει ἡ σύγκλητος Ὑρκανὸν τὸν ἐθνάρχην καὶ Ἰουδαίους ἔχειν.  				
210	UNREVIEWED	UNREVIEWED	UNPLACED	UNASSESSED	NO_CASE_YET					δεδόσθαι δὲ Ὑρκανῷ καὶ παισὶ τοῖς αὐτοῦ καὶ πρεσβευταῖς τοῖς ὑπ᾽ αὐτοῦ πεμφθεῖσιν ἔν τε πυγμῇ μονομάχων καὶ θηρίων καθεζομένοις μετὰ τῶν συγκλητικῶν θεωρεῖν * αἰτησαμένους παρὰ δικτάτορος ἢ παρὰ ἱππάρχου παρελθεῖν εἰς τὴν σύγκλητον εἰσάγωσιν καὶ τὰ ἀποκρίματα αὐτοῖς ἀποδιδῶσιν ἐν ἡμέραις δέκα ταῖς ἁπάσαις, ἀφ᾽ ἧς ἂν τὸ δόγμα γένηται. 				
211	UNREVIEWED	UNREVIEWED	UNPLACED	UNASSESSED	NO_CASE_YET					Γάιος Καῖσαρ αὐτοκράτωρ δικτάτωρ τὸ τέταρτον ὕπατός τε τὸ πέμπτον δικτάτωρ ἀποδεδειγμένος διὰ βίου λόγους ἐποιήσατο περὶ τῶν δικαίων τῶν Ὑρκανοῦ τοῦ Ἀλεξάνδρου ἀρχιερέως Ἰουδαίων καὶ ἐθνάρχου τοιούτους:  				
212	UNREVIEWED	UNREVIEWED	UNPLACED	UNASSESSED	NO_CASE_YET					τῶν πρὸ ἐμοῦ αὐτοκρατόρων ἐν ταῖς ἐπαρχίαις μαρτυρησάντων Ὑρκανῷ ἀρχιερεῖ Ἰουδαίων καὶ Ἰουδαίοις ἐπί τε συγκλήτου καὶ δήμου Ῥωμαίων, εὐχαριστήσαντος δὲ καὶ τοῦ δήμου καὶ τῆς συγκλήτου αὐτοῖς, καλῶς ἔχει καὶ ἡμᾶς ἀπομνημονεύειν καὶ προνοεῖν, ὡς Ὑρκανῷ καὶ τῷ ἔθνει τῶν Ἰουδαίων καὶ τοῖς Ὑρκανοῦ παισὶν ὑπὸ συγκλήτου καὶ δήμου Ῥωμαίων ἀξία τῆς πρὸς ἡμᾶς εὐνοίας αὐτῶν καὶ ὧν εὐεργέτησαν ἡμᾶς χάρις ἀνταποδοθῇ. 				
213	UNREVIEWED	UNREVIEWED	UNPLACED	UNASSESSED	NO_CASE_YET					Ἰούλιος Γάιος ὑιοσο στρατηγὸς ὕπατος Ῥωμαίων Παριανῶν ἄρχουσι βουλῇ δήμῳ χαίρειν. ἐνέτυχόν μοι οἱ Ἰουδαῖοι ἐν Δήλῳ καί τινες τῶν παροίκων Ἰουδαίων παρόντων καὶ τῶν ὑμετέρων πρέσβεων καὶ ἐνεφάνισαν, ὡς ὑμεῖς ψηφίσματι κωλύετε αὐτοὺς τοῖς πατρίοις ἔθεσι καὶ ἱεροῖς χρῆσθαι.  				
214	UNREVIEWED	UNREVIEWED	UNPLACED	UNASSESSED	NO_CASE_YET					ἐμοὶ τοίνυν οὐκ ἀρέσκει κατὰ τῶν ἡμετέρων φίλων καὶ συμμάχων τοιαῦτα γίνεσθαι ψηφίσματα καὶ κωλύεσθαι αὐτοὺς ζῆν κατὰ τὰ αὐτῶν ἔθη καὶ χρήματα εἰς σύνδειπνα καὶ τὰ ἱερὰ εἰσφέρειν, τοῦτο ποιεῖν αὐτῶν μηδ᾽ ἐν Ῥώμῃ κεκωλυμένων.  				
215	UNREVIEWED	UNREVIEWED	UNPLACED	UNASSESSED	NO_CASE_YET					καὶ γὰρ Γάιος Καῖσαρ ὁ ἡμέτερος στρατηγὸς καὶ ὕπατος ἐν τῷ διατάγματι κωλύων θιάσους συνάγεσθαι κατὰ πόλιν μόνους τούτους οὐκ ἐκώλυσεν οὔτε χρήματα συνεισφέρειν οὔτε σύνδειπνα ποιεῖν.  				
216	UNREVIEWED	UNREVIEWED	UNPLACED	UNASSESSED	NO_CASE_YET					ὁμοίως δὲ κἀγὼ τοὺς ἄλλους θιάσους κωλύων τούτοις μόνοις ἐπιτρέπω κατὰ τὰ πάτρια ἔθη καὶ νόμιμα συνάγεσθαί τε καὶ ἑστιᾶσθαι. καὶ ὑμᾶς οὖν καλῶς ἔχει, εἴ τι κατὰ τῶν ἡμετέρων φίλων καὶ συμμάχων ψήφισμα ἐποιήσατε, τοῦτο ἀκυρῶσαι διὰ τὴν περὶ ἡμᾶς αὐτῶν ἀρετὴν καὶ εὔνοιαν. 				
217	UNREVIEWED	UNREVIEWED	UNPLACED	UNASSESSED	NO_CASE_YET					Μετὰ δὲ τὸν Γαΐου θάνατον Μᾶρκος Ἀντώνιος καὶ Πόπλιος Δολαβέλλας ὕπατοι ὄντες τήν τε σύγκλητον συνήγαγον καὶ τοὺς παρ᾽ Ὑρκανοῦ πρέσβεις παραγαγόντες διελέχθησαν περὶ ὧν ἠξίουν καὶ φιλίαν πρὸς αὐτοὺς ἐποίησαν, καὶ πάντα συγχωρεῖν αὐτοῖς ἡ σύγκλητος ἐψηφίσατο ὅσων τυγχάνειν ἐβούλοντο.  				
218	UNREVIEWED	UNREVIEWED	UNPLACED	UNASSESSED	NO_CASE_YET					παρατέθειμαι δὲ καὶ τὸ δόγμα, ὅπως τὴν ἀπόδειξιν τῶν λεγομένων ἐγγύθεν ἔχωσιν οἱ ἀναγινώσκοντες τὴν πραγματείαν. ἦν δὲ τοιοῦτον: 				
219	UNREVIEWED	UNREVIEWED	UNPLACED	UNASSESSED	NO_CASE_YET					Δόγμα συγκλήτου ἐκ τοῦ ταμιείου ἀντιγεγραμμένον ἐκ τῶν δέλτων τῶν δημοσίων τῶν ταμιευτικῶν Κοΐντω Ῥουτιλίω Κοΐντω Κορνηλίω ταμίαις κατὰ πόλιν, δέλτῳ δευτέρᾳ καὶ ἐκ τῶν πρώτων πρώτῃ. πρὸ τριῶν εἰδῶν Ἀπριλλίων ἐν τῷ ναῷ τῆς Ὁμονοίας. γραφομένῳ παρῆσαν Λούκιος Καλπούρνιος Μενηνία Πείσων,  				
220	UNREVIEWED	UNREVIEWED	UNPLACED	UNASSESSED	NO_CASE_YET					Σερουίνιος Παπίνιος Λεμωνία Κούιντος, Γάιος Κανείνιος Τηρητίνα Ῥέβιλος, Πόπλιος Τηδήτιος Λευκίου υἱὸς Πολλία, Λεύκιος Ἀπούλιος Λευκίου υἱὸς Σεργία, Φλάβιος Λευκίου Λεμωνία, Πόπλιος Πλαύτιος Ποπλίου Παπειρία, Μᾶρκος Σέλλιος Μάρκου Μαικία, Λεύκιος Ἐρούκιος Λουκίου Στηλητίνα, Μᾶρκος Κούιντος Μάρκου υἱὸς Πολλία Πλανκῖνος,  				
221	UNREVIEWED	UNREVIEWED	UNPLACED	UNASSESSED	NO_CASE_YET					Πούπλιος Σέρριος * Πόπλιος Δολοβέλλας Μᾶρκος Ἀντώνιος ὕπατοι λόγους ἐποιήσαντο περὶ ὧν δόγματι συγκλήτου Γάιος Καῖσαρ ὑπὲρ Ἰουδαίων ἔκρινεν καὶ εἰς τὸ ταμιεῖον οὐκ ἔφθασεν ἀνενεχθῆναι, περὶ τούτων ἀρέσκει ἡμῖν γενέσθαι, ὡς καὶ Ποπλίῳ Δολαβέλλᾳ καὶ Μάρκῳ Ἀντωνίῳ τοῖς ὑπάτοις ἔδοξεν, ἀνενεγκεῖν τε ταῦτα εἰς δέλτους καὶ πρὸς τοὺς κατὰ πόλιν ταμίας, ὅπως φροντίσωσιν καὶ αὐτοὶ εἰς δέλτους ἀναθεῖναι διπτύχους.  				
222	UNREVIEWED	UNREVIEWED	UNPLACED	UNASSESSED	NO_CASE_YET					ἐγένετο πρὸ πέντε εἰδῶν Φεβρουαρίων ἐν τῷ ναῷ τῆς Ὁμονοίας. οἱ δὲ πρεσβεύοντες παρὰ Ὑρκανοῦ τοῦ ἀρχιερέως ἦσαν οὗτοι: Λυσίμαχος Παυσανίου Ἀλέξανδρος Θεοδώρου Πάτροκλος Χαιρέου Ἰωάννης Ὀνείου. 				
223	UNREVIEWED	UNREVIEWED	UNPLACED	UNASSESSED	NO_CASE_YET					Ἔπεμψεν δὲ τούτων Ὑρκανὸς τῶν πρεσβευτῶν ἕνα καὶ πρὸς Δολαβέλλαν τὸν τῆς Ἀσίας τότε ἡγεμόνα, παρακαλῶν ἀπολῦσαι τοὺς Ἰουδαίους τῆς στρατείας καὶ τὰ πάτρια τηρεῖν ἔθη καὶ κατὰ ταῦτα ζῆν ἐπιτρέπειν:  				
224	UNREVIEWED	UNREVIEWED	UNPLACED	UNASSESSED	NO_CASE_YET					οὗ τυχεῖν αὐτῷ ῥᾳδίως ἐγένετο: λαβὼν γὰρ ὁ Δολοβέλλας τὰ παρὰ τοῦ Ὑρκανοῦ γράμματα, μηδὲ βουλευσάμενος ἐπιστέλλει τοῖς κατὰ τὴν Ἀσίαν ἅπασιν γράψας τῇ Ἐφεσίων πόλει πρωτευούσῃ τῆς Ἀσίας περὶ τῶν Ἰουδαίων. ἡ δὲ ἐπιστολὴ τοῦτον περιεῖχεν τὸν τρόπον: 				
225	UNREVIEWED	UNREVIEWED	UNPLACED	UNASSESSED	NO_CASE_YET					Ἐπὶ πρυτάνεως Ἀρτέμωνος μηνὸς Ληναιῶνος προτέρᾳ. Δολοβέλλας αὐτοκράτωρ Ἐφεσίων ἄρχουσι βουλῇ δήμῳ χαίρειν.  				
226	UNREVIEWED	UNREVIEWED	UNPLACED	UNASSESSED	NO_CASE_YET					Ἀλέξανδρος Θεοδώρου πρεσβευτὴς Ὑρκανοῦ τοῦ Ἀλεξάνδρου υἱοῦ ἀρχιερέως καὶ ἐθνάρχου τῶν Ἰουδαίων ἐνεφάνισέν μοι περὶ τοῦ μὴ δύνασθαι στρατεύεσθαι τοὺς πολίτας αὐτοῦ διὰ τὸ μήτε ὅπλα βαστάζειν δύνασθαι μήτε ὁδοιπορεῖν ἐν ταῖς ἡμέραις τῶν σαββάτων, μήτε τροφῶν τῶν πατρίων καὶ συνήθων κατὰ τούτους εὐπορεῖν.  				
227	UNREVIEWED	UNREVIEWED	UNPLACED	UNASSESSED	NO_CASE_YET					ἐγώ τε οὖν αὐτοῖς, καθὼς καὶ οἱ πρὸ ἐμοῦ ἡγεμόνες, δίδωμι τὴν ἀστρατείαν καὶ συγχωρῶ χρῆσθαι τοῖς πατρίοις ἐθισμοῖς ἱερῶν ἕνεκα καὶ ἁγίοις συναγομένοις, καθὼς αὐτοῖς νόμιμον, καὶ τῶν πρὸς τὰς θυσίας ἀφαιρεμάτων, ὑμᾶς τε βούλομαι ταῦτα γράψαι κατὰ πόλεις. 				
228	UNREVIEWED	UNREVIEWED	UNPLACED	UNASSESSED	NO_CASE_YET					Καὶ ταῦτα μὲν ὁ Δολαβέλλας Ὑρκανοῦ πρεσβευσαμένου πρὸς αὐτὸν ἐχαρίσατο τοῖς ἡμετέροις. Λεύκιος δὲ Λέντλος ὕπατος εἶπεν: πολίτας Ῥωμαίων Ἰουδαίους ἱερὰ Ἰουδαϊκὰ ἔχοντας καὶ ποιοῦντας ἐν Ἐφέσῳ πρὸ τοῦ βήματος δεισιδαιμονίας ἕνεκα στρατείας ἀπέλυσα πρὸ δώδεκα καλανδῶν Ὀκτωβρίων Λευκίω Λέντλω Γαΐω Μαρκέλλω ὑπάτοις.  				
229	UNREVIEWED	UNREVIEWED	UNPLACED	UNASSESSED	NO_CASE_YET					παρῆσαν Τίτος Ἄμπιος Τίτου υἱὸς Βάλβος Ὁρατία πρεσβευτής, Τίτος Τόνγιος Τίτου υἱὸς Κροστομίνα, Κόιντος Καίσιος Κοΐντου, Τίτος Πομπήιος Τίτου Λογγῖνος, Γάιος Σερουίλιος Γαΐου υἱὸς Τηρητίνα Βράκκος χιλίαρχος, Πόπλιος Κλούσιος Ποπλίου Ἐτωρία Γάλλος, Γάιος Σέντιος Γαΐου * υἱὸς Σαβατίνα. 				
230	UNREVIEWED	UNREVIEWED	UNPLACED	UNASSESSED	NO_CASE_YET					Τίτος Ἄμπιος Τίτου υἱὸς Βάλβος πρεσβευτὴς καὶ ἀντιστράτηγος Ἐφεσίων ἄρχουσι βουλῇ δήμῳ χαίρειν. Ἰουδαίους τοὺς ἐν τῇ Ἀσίᾳ Λεύκιος Λέντλος ὁ ὕπατος ἐμοῦ ἐντυχόντος ἀπέλυσεν τῆς στρατείας. αἰτησάμενος δὲ μετὰ ταῦτα καὶ παρὰ Φαννίου τοῦ ἀντιστρατήγου καὶ παρὰ Λευκίου Ἀντωνίου τοῦ ἀντιταμίου ἐπέτυχον ὑμᾶς τε βούλομαι φροντίσαι, ἵνα μή τις αὐτοῖς διενοχλῇ. 				
231	UNREVIEWED	UNREVIEWED	UNPLACED	UNASSESSED	NO_CASE_YET					Ψήφισμα Δηλίων. ἐπ᾽ ἄρχοντος Βοιωτοῦ μηνὸς Θαργηλιῶνος εἰκοστῇ χρηματισμὸς στρατηγῶν. Μᾶρκος Πείσων πρεσβευτὴς ἐνδημῶν ἐν τῇ πόλει ἡμῶν ὁ καὶ τεταγμένος ἐπὶ τῆς στρατολογίας προσκαλεσάμενος ἡμᾶς καὶ ἱκανοὺς τῶν πολιτῶν προσέταξεν,  				
232	UNREVIEWED	UNREVIEWED	UNPLACED	UNASSESSED	NO_CASE_YET					ἵνα εἴ τινές εἰσιν Ἰουδαῖοι πολῖται Ῥωμαίων τούτοις μηδεὶς ἐνοχλῇ περὶ στρατείας, διὰ τὸ τὸν ὕπατον Λούκιον Κορνήλιον Λέντλον δεισιδαιμονίας ἕνεκα ἀπολελυκέναι τοὺς Ἰουδαίους τῆς στρατείας. διὸ πείθεσθαι ἡμᾶς δεῖ τῷ στρατηγῷ. ὅμοια δὲ τούτοις καὶ Σαρδιανοὶ περὶ ἡμῶν ἐψηφίσαντο. 				
233	UNREVIEWED	UNREVIEWED	UNPLACED	UNASSESSED	NO_CASE_YET					Γάιος Φάννιος Γαΐου υἱὸς στρατηγὸς ὕπατος Κῴων ἄρχουσι χαίρειν. βούλομαι ὑμᾶς εἰδέναι, ὅτι πρέσβεις Ἰουδαίων μοι προσῆλθον ἀξιοῦντες λαβεῖν τὰ συγκλήτου δόγματα τὰ περὶ αὐτῶν γεγονότα. ὑποτέτακται δὲ τὰ δεδογμένα. ὑμᾶς οὖν θέλω φροντίσαι καὶ προνοῆσαι τῶν ἀνθρώπων κατὰ τὸ τῆς συγκλήτου δόγμα, ὅπως διὰ τῆς ὑμετέρας χώρας εἰς τὴν οἰκείαν ἀσφαλῶς ἀνακομισθῶσιν. 				
234	UNREVIEWED	UNREVIEWED	UNPLACED	UNASSESSED	NO_CASE_YET					Λεύκιος Λέντλος ὕπατος λέγει: πολίτας Ῥωμαίων Ἰουδαίους, οἵτινές μοι ἱερὰ ἔχειν καὶ ποιεῖν Ἰουδαϊκὰ ἐν Ἐφέσῳ ἐδόκουν, δεισιδαιμονίας ἕνεκα ἀπέλυσα. τοῦτο ἐγένετο πρὸ δώδεκα καλανδῶν Κουιντιλίων. 				
235	UNREVIEWED	UNREVIEWED	UNPLACED	UNASSESSED	NO_CASE_YET					Λούκιος Ἀντώνιος Μάρκου υἱὸς ἀντιταμίας καὶ ἀντιστράτηγος Σαρδιανῶν ἄρχουσι βουλῇ δήμῳ χαίρειν. Ἰουδαῖοι πολῖται ἡμέτεροι προσελθόντες μοι ἐπέδειξαν αὐτοὺς σύνοδον ἔχειν ἰδίαν κατὰ τοὺς πατρίους νόμους ἀπ᾽ ἀρχῆς καὶ τόπον ἴδιον, ἐν ᾧ τά τε πράγματα καὶ τὰς πρὸς ἀλλήλους ἀντιλογίας κρίνουσιν, τοῦτό τε αἰτησαμένοις ἵν᾽ ἐξῇ ποιεῖν αὐτοῖς τηρῆσαι καὶ ἐπιτρέψαι ἔκρινα. 				
236	UNREVIEWED	UNREVIEWED	UNPLACED	UNASSESSED	NO_CASE_YET					Μᾶρκος Πόπλιος σπιρίου υἱὸς καὶ Μᾶρκος Μάρκου Ποπλίου υἱὸς Λουκίου λέγουσιν. Λέντλῳ τἀνθυπάτῳ προσελθόντες ἐδιδάξαμεν αὐτὸν περὶ ὧν Δοσίθεος Κλεοπατρίδου Ἀλεξανδρεὺς λόγους ἐποιήσατο,  				
237	UNREVIEWED	UNREVIEWED	UNPLACED	UNASSESSED	NO_CASE_YET					ὅπως πολίτας Ῥωμαίων Ἰουδαίους ἱερὰ Ἰουδαϊκὰ ποιεῖν εἰωθότας, ἂν αὐτῷ φανῇ, δεισιδαιμονίας ἕνεκα ἀπολύσῃ: καὶ ἀπέλυσε πρὸ δώδεκα καλανδῶν ΚουιντιλίωνΛευκίω Λέντλω Γαΐω Μαρκέλλω ὑπάτοις.  				
238	UNREVIEWED	UNREVIEWED	UNPLACED	UNASSESSED	NO_CASE_YET					παρῆσαν Τίτος Ἄμπιος Τίτου υἱὸς Βάλβος Ὁρατία πρεσβευτής, Τίτος Τόνγιος Κροστομίνα, Κόιντος Καίσιος Κοΐντου, Τίτος Πήιος Τίτου υἱὸς Κορνηλία Λογγῖνος, Γάιος Σερουίλιος Γαΐου Τηρητείνα Βρόκχος χιλίαρχος, Πόπλιος Κλούσιος Ποπλίου υἱὸς Ἐτωρία Γάλλος,  				
239	UNREVIEWED	UNREVIEWED	UNPLACED	UNASSESSED	NO_CASE_YET					Γάιος Τεύτιος Γαΐου Αἰμιλία χιλίαρχος, Σέξστος Ἀτίλιος Σέξστου υἱὸς Αἰμιλία Σέσρανος, Γάιος Πομπήιος Γαΐου υἱὸς Σαβατίνα, Τίτος Ἄμπιος Τίτου Μένανδρος, Πόπλιος Σερουίλιος Ποπλίου υἱὸς Στράβων, Λεύκιος Πάκκιος Λευκίου Κολλίνα Καπίτων, Αὖλος Φούριος Αὔλου υἱὸς Τέρτιος, Ἄππιος Μηνᾶς.  				
240	UNREVIEWED	UNREVIEWED	UNPLACED	UNASSESSED	NO_CASE_YET					ἐπὶ τούτων ὁ Λέντλος δόγμα ἐξέθετο: πολίτας Ῥωμαίων Ἰουδαίους, οἵτινες ἱερὰ Ἰουδαϊκὰ ποιεῖν εἰώθασιν, ἐν Ἐφέσῳ πρὸ τοῦ βήματος δεισιδαιμονίας ἕνεκα ἀπέλυσα. 				
241	UNREVIEWED	UNREVIEWED	UNPLACED	UNASSESSED	NO_CASE_YET					Λαοδικέων ἄρχοντες Γαΐῳ Ῥαβελλίῳ Γαΐου υἱῷ ὑπάτῳ χαίρειν. Σώπατρος Ὑρκανοῦ τοῦ ἀρχιερέως πρεσβευτὴς ἀπέδωκεν ἡμῖν τὴν παρὰ σοῦ ἐπιστολήν, δι᾽ ἧς ἐδήλου ἡμῖν παρὰ Ὑρκανοῦ τοῦ Ἰουδαίων ἀρχιερέως ἐληλυθότας τινὰς γράμματα κομίσαι περὶ τοῦ ἔθνους αὐτῶν γεγραμμένα,  				
242	UNREVIEWED	UNREVIEWED	UNPLACED	UNASSESSED	NO_CASE_YET					ἵνα τά τε σάββατα αὐτοῖς ἐξῇ ἄγειν καὶ τὰ λοιπὰ ἱερὰ ἐπιτελεῖν κατὰ τοὺς πατρίους νόμους, ὅπως τε μηδεὶς αὐτοῖς ἐπιτάσσῃ διὰ τὸ φίλους αὐτοὺς ἡμετέρους εἶναι καὶ συμμάχους, ἀδικήσῃ τε μηδὲ εἷς αὐτοὺς ἐν τῇ ἡμετέρᾳ ἐπαρχίᾳ, ὡς Τραλλιανῶν τε ἀντειπόντων κατὰ πρόσωπον μὴ ἀρέσκεσθαι τοῖς περὶ αὐτῶν δεδογμένοις ἐπέταξας ταῦτα οὕτως γίνεσθαι: παρακεκλῆσθαι δέ σε, ὥστε καὶ ἡμῖν γράψαι περὶ αὐτῶν.  				
243	UNREVIEWED	UNREVIEWED	UNPLACED	UNASSESSED	NO_CASE_YET					ἡμεῖς οὖν κατακολουθοῦντες τοῖς ἐπεσταλμένοις ὑπὸ σοῦ τήν τε ἐπιστολὴν τὴν ἀποδοθεῖσαν ἐδεξάμεθα καὶ κατεχωρίσαμεν εἰς τὰ δημόσια ἡμῶν γράμματα καὶ περὶ τῶν ἄλλων ὧν ἐπέσταλκας προνοήσομεν, ὥστε μηδὲν μεμφθῆναι. 				
244	UNREVIEWED	UNREVIEWED	UNPLACED	UNASSESSED	NO_CASE_YET					Πόπλιος Σερουίλιος Ποπλίου υἱὸς Γάλβας ἀνθύπατος Μιλησίων ἄρχουσι βουλῇ δήμῳ χαίρειν.  				
245	UNREVIEWED	UNREVIEWED	UNPLACED	UNASSESSED	NO_CASE_YET					Πρύτανις Ἑρμοῦ υἱὸς πολίτης ὑμέτερος προσελθών μοι ἐν Τράλλεσιν ἄγοντι τὴν ἀγόραιον ἐδήλου παρὰ τὴν ἡμετέραν γνώμην Ἰουδαίοις ὑμᾶς προσφέρεσθαι καὶ κωλύειν αὐτοὺς τά τε σάββατα ἄγειν καὶ τὰ ἱερὰ τὰ πάτρια τελεῖν καὶ τοὺς καρποὺς μεταχειρίζεσθαι, καθὼς ἔθος ἐστὶν αὐτοῖς, αὐτόν τε κατὰ τοὺς νόμους εὐθυνκέναι τὸ δίκαιον ψήφισμα.  				
246	UNREVIEWED	UNREVIEWED	UNPLACED	UNASSESSED	NO_CASE_YET					βούλομαι οὖν ὑμᾶς εἰδέναι, ὅτι διακούσας ἐγὼ λόγων ἐξ ἀντικαταστάσεως γενομένων ἐπέκρινα μὴ κωλύεσθαι Ἰουδαίους τοῖς αὐτῶν ἔθεσι χρῆσθαι. 				
247	UNREVIEWED	UNREVIEWED	UNPLACED	UNASSESSED	NO_CASE_YET					Ψήφισμα Περγαμηνῶν. ἐπὶ πρυτάνεως Κρατίππου μηνὸς Δαισίου πρώτῃ γνώμη στρατηγῶν. ἐπεὶ Ῥωμαῖοι κατακολουθοῦντες τῇ τῶν προγόνων ἀγωγῇ τοὺς ὑπὲρ τῆς κοινῆς ἁπάντων ἀνθρώπων ἀσφαλείας κινδύνους ἀναδέχονται καὶ φιλοτιμοῦνται τοὺς συμμάχους καὶ φίλους ἐν εὐδαιμονίᾳ καὶ βεβαίᾳ καταστῆσαι εἰρήνῃ,  				
248	UNREVIEWED	UNREVIEWED	UNPLACED	UNASSESSED	NO_CASE_YET					πέμψαντος πρὸς αὐτοὺς τοῦ ἔθνους τοῦ Ἰουδαίων καὶ Ὑρκανοῦ τοῦ ἀρχιερέως αὐτῶν πρέσβεις Στράτωνα Θεοδότου Ἀπολλώνιον Ἀλεξάνδρου Αἰνείαν Ἀντιπάτρου Ἀριστόβουλον Ἀμύντου Σωσίπατρον Φιλίππου ἄνδρας καλοὺς καὶ ἀγαθούς,  				
249	UNREVIEWED	UNREVIEWED	UNPLACED	UNASSESSED	NO_CASE_YET					καὶ περὶ τῶν κατὰ μέρη ἐμφανισάντων ἐδογμάτισεν ἡ σύγκλητος περὶ ὧν ἐποιήσαντο τοὺς λόγους, ὅπως μηδὲν ἀδικῇ Ἀντίοχος ὁ βασιλεὺς Ἀντιόχου υἱὸς Ἰουδαίους συμμάχους Ῥωμαίων, ὅπως τε φρούρια καὶ λιμένας καὶ χώραν καὶ εἴ τι ἄλλο ἀφείλετο αὐτῶν ἀποδοθῇ καὶ ἐξῇ αὐτοῖς ἐκ τῶν λιμένων μηδ᾽ ἐξαγαγεῖν,  				
250	UNREVIEWED	UNREVIEWED	UNPLACED	UNASSESSED	NO_CASE_YET					ἵνα τε μηδεὶς ἀτελὴς ᾖ ἐκ τῆς Ἰουδαίων χώρας ἢ τῶν λιμένων αὐτῶν ἐξάγων βασιλεὺς ἢ δῆμος ἢ μόνος Πτολεμαῖος ὁ Ἀλεξανδρέων βασιλεὺς διὰ τὸ εἶναι σύμμαχος ἡμέτερος καὶ φίλος, καὶ τὴν ἐν Ἰόππῃ φρουρὰν ἐκβαλεῖν, καθὼς ἐδεήθησαν:  				
251	UNREVIEWED	UNREVIEWED	UNPLACED	UNASSESSED	NO_CASE_YET					τῆς βουλῆς ἡμῶν Λούκιος Πέττιος ἀνὴρ καλὸς καὶ ἀγαθὸς προσέταξεν, ἵνα φροντίσωμεν ταῦτα οὕτως γενέσθαι, καθὼς ἡ σύγκλητος ἐδογμάτισεν, προνοῆσαί τε τῆς ἀσφαλοῦς εἰς οἶκον τῶν πρεσβευτῶν ἀνακομιδῆς.  				
252	UNREVIEWED	UNREVIEWED	UNPLACED	UNASSESSED	NO_CASE_YET					ἀπεδεξάμεθα δὲ καὶ ἐπὶ τὴν βουλὴν καὶ τὴν ἐκκλησίαν τὸν Θεόδωρον, ἀπολαβόντες δὲ τὴν ἐπιστολὴν παρ᾽ αὐτοῦ καὶ τὸ τῆς συγκλήτου δόγμα, καὶ ποιησαμένου μετὰ πολλῆς σπουδῆς τοὺς λόγους καὶ τὴν Ὑρκανοῦ ἐμφανίσαντος ἀρετὴν καὶ μεγαλοψυχίαν,  				
253	UNREVIEWED	UNREVIEWED	UNPLACED	UNASSESSED	NO_CASE_YET					καὶ ὅτι κοινῇ πάντας εὐεργετεῖ καὶ κατ᾽ ἰδίαν τοὺς πρὸς αὐτὸν ἀφικομένους, τά τε γράμματα εἰς τὰ δημόσια ἡμῶν ἀπεθέμεθα καὶ αὐτοὶ πάντα ποιεῖν ὑπὲρ Ἰουδαίων σύμμαχοι ὄντες Ῥωμαίων κατὰ τὸ τῆς συγκλήτου δόγμα ἐψηφισάμεθα.  				
254	UNREVIEWED	UNREVIEWED	UNPLACED	UNASSESSED	NO_CASE_YET					ἐδεήθη δὲ καὶ Θεόδωρος τὴν ἐπιστολὴν ἡμῖν ἀποδοὺς τῶν ἡμετέρων στρατηγῶν, ἵνα πέμψωσι πρὸς Ὑρκανὸν τὸ ἀντίγραφον τοῦ ψηφίσματος καὶ πρέσβεις δηλώσοντας τὴν τοῦ ἡμετέρου δήμου σπουδὴν καὶ παρακαλέσοντας συντηρεῖν τε καὶ αὔξειν αὐτὸν τὴν πρὸς ἡμᾶς φιλίαν καὶ ἀγαθοῦ τινος αἴτιον γίνεσθαι,  				
255	UNREVIEWED	UNREVIEWED	UNPLACED	UNASSESSED	NO_CASE_YET					ὡς ἀμοιβάς τε τὰς προσηκούσας ἀποληψόμενον μεμνημένον τε ὡς καὶ ἐν τοῖς κατὰ Ἄβραμον καιροῖς, ὃς ἦν πάντων Ἑβραίων πατήρ, οἱ πρόγονοι ἡμῶν ἦσαν αὐτοῖς φίλοι, καθὼς καὶ ἐν τοῖς δημοσίοις εὑρίσκομεν γράμμασιν. 				
256	UNREVIEWED	UNREVIEWED	UNPLACED	UNASSESSED	NO_CASE_YET					Ψήφισμα Ἁλικαρνασέων. ἐπὶ ἱερέως Μέμνονος τοῦ Ἀριστείδου, κατὰ δὲ ποίησιν Εὐωνύμου, Ἀνθεστηριῶνος * ἔδοξε τῷ δήμῳ εἰσηγησαμένου Μάρκου Ἀλεξάνδρου.  				
257	UNREVIEWED	UNREVIEWED	UNPLACED	UNASSESSED	NO_CASE_YET					ἐπεὶ τὸ πρὸς τὸ θεῖον εὐσεβές τε καὶ ὅσιον ἐν ἅπαντι καιρῷ διὰ σπουδῆς ἔχομεν κατακολουθοῦντες τῷ δήμῳ τῶν Ῥωμαίων πάντων ἀνθρώπων ὄντι εὐεργέτῃ καὶ οἷς περὶ τῆς Ἰουδαίων φιλίας καὶ συμμαχίας πρὸς τὴν πόλιν ἔγραψεν, ὅπως συντελῶνται αὐτοῖς αἱ εἰς τὸν θεὸν ἱεροποιίαι καὶ ἑορταὶ αἱ εἰθισμέναι καὶ σύνοδοι,  				
258	UNREVIEWED	UNREVIEWED	UNPLACED	UNASSESSED	NO_CASE_YET					δεδόχθαι καὶ ἡμῖν Ἰουδαίων τοὺς βουλομένους ἄνδρας τε καὶ γυναῖκας τά τε σάββατα ἄγειν καὶ τὰ ἱερὰ συντελεῖν κατὰ τοὺς Ἰουδαίων νόμους καὶ τὰς προσευχὰς ποιεῖσθαι πρὸς τῇ θαλάττῃ κατὰ τὸ πάτριον ἔθος. ἂν δέ τις κωλύσῃ ἢ ἄρχων ἢ ἰδιώτης, τῷδε τῷ ζημιώματι ὑπεύθυνος ἔστω καὶ ὀφειλέτω τῇ πόλει. 				
259	UNREVIEWED	UNREVIEWED	UNPLACED	UNASSESSED	NO_CASE_YET					Ψήφισμα Σαρδιανῶν. ἔδοξε τῇ βουλῇ καὶ τῷ δήμῳ στρατηγῶν εἰσηγησαμένων. ἐπεὶ οἱ κατοικοῦντες ἡμῶν ἐν τῇ πόλει ἀπ᾽ ἀρχῆς Ἰουδαῖοι πολῖται πολλὰ καὶ μεγάλα φιλάνθρωπα ἐσχηκότες διὰ παντὸς παρὰ τοῦ δήμου καὶ νῦν εἰσελθόντες ἐπὶ τὴν βουλὴν καὶ τὸν δῆμον παρεκάλεσαν,  				
260	UNREVIEWED	UNREVIEWED	UNPLACED	UNASSESSED	NO_CASE_YET					ἀποκαθισταμένων αὐτοῖς τῶν νόμων καὶ τῆς ἐλευθερίας ὑπὸ τῆς συγκλήτου καὶ τοῦ δήμου τοῦ Ῥωμαίων ἵνα κατὰ τὰ νομιζόμενα ἔθη συνάγωνται καὶ πολιτεύωνται καὶ διαδικάζωνται πρὸς αὑτούς, δοθῇ τε καὶ τόπος αὐτοῖς, εἰς ὃν συλλεγόμενοι μετὰ γυναικῶν καὶ τέκνων ἐπιτελοῦσιν τὰς πατρίους εὐχὰς καὶ θυσίας τῷ θεῷ:  				
261	UNREVIEWED	UNREVIEWED	UNPLACED	UNASSESSED	NO_CASE_YET					δεδόχθαι τῇ βουλῇ καὶ τῷ δήμῳ συγκεχωρῆσθαι αὐτοῖς συνερχομένοις ἐν ταῖς ἀποδεδειγμέναις ἡμέραις πράσσειν τὰ κατὰ τοὺς αὐτῶν νόμους, ἀφορισθῆναι δ᾽ αὐτοῖς καὶ τόπον ὑπὸ τῶν στρατηγῶν εἰς οἰκοδομίαν καὶ οἴκησιν αὐτῶν, ὃν ἂν ὑπολάβωσιν πρὸς τοῦτ᾽ ἐπιτήδειον εἶναι, ὅπως τε τοῖς τῆς πόλεως ἀγορανόμοις ἐπιμελὲς ᾖ καὶ τὰ ἐκείνοις πρὸς τροφὴν ἐπιτήδεια ποιεῖν εἰσάγεσθαι. 				
262	UNREVIEWED	UNREVIEWED	UNPLACED	UNASSESSED	NO_CASE_YET					Ψήφισμα Ἐφεσίων. ἐπὶ πρυτάνεως Μηνοφίλου μηνὸς Ἀρτεμισίου τῇ προτέρᾳ ἔδοξε τῷ δήμῳ, Νικάνωρ Εὐφήμου εἶπεν εἰσηγησαμένων τῶν στρατηγῶν.  				
263	UNREVIEWED	UNREVIEWED	UNPLACED	UNASSESSED	NO_CASE_YET					ἐπεὶ ἐντυχόντων τῶν ἐν τῇ πόλει Ἰουδαίων Μάρκῳ Ἰουλίῳ Ποντίου υἱῷ Βρούτῳ ἀνθυπάτῳ, ὅπως ἄγωσι τὰ σάββατα καὶ πάντα ποιῶσιν κατὰ τὰ πάτρια αὐτῶν ἔθη μηδενὸς αὐτοῖς ἐμποδὼν γινομένου,  				
264	UNREVIEWED	UNREVIEWED	UNPLACED	UNASSESSED	NO_CASE_YET					ὁ στρατηγὸς συνεχώρησεν, δεδόχθαι τῷ δήμῳ, τοῦ πράγματος Ῥωμαίοις ἀνήκοντος, μηδένα κωλύεσθαι παρατηρεῖν τὴν τῶν σαββάτων ἡμέραν μηδὲ πράττεσθαι ἐπιτίμιον, ἐπιτετράφθαι δ᾽ αὐτοῖς πάντα ποιεῖν κατὰ τοὺς ἰδίους αὐτῶν νόμους. 				
265	UNREVIEWED	UNREVIEWED	UNPLACED	UNASSESSED	NO_CASE_YET					Πολλὰ μὲν οὖν ἐστιν καὶ ἄλλα τοιαῦτα τῇ συγκλήτῳ καὶ τοῖς αὐτοκράτορσι τοῖς Ῥωμαίων δόγματα πρὸς Ὑρκανὸν καὶ τὸ ἔθνος ἡμῶν γεγενημένα καὶ πόλεσιν ψηφίσματα καὶ γράμματα πρὸς τὰς περὶ τῶν ἡμετέρων δικαίων ἐπιστολὰς ἀντιπεφωνημένα τοῖς ἡγεμόσιν, περὶ ὧν ἁπάντων ἐξ ὧν παρατεθείμεθα πιστεύειν τοῖς ἀναγνωσομένοις οὐ βασκάνως ἡμῶν τὴν γραφὴν πάρεστιν.  				
266	UNREVIEWED	UNREVIEWED	UNPLACED	UNASSESSED	NO_CASE_YET					ἐπεὶ γὰρ ἐναργῆ καὶ βλεπόμενα τεκμήρια παρεχόμεθα τῆς πρὸς Ῥωμαίους ἡμῖν φιλίας γενομένης ἐπιδεικνύντες αὐτὰ χαλκαῖς στήλαις καὶ δέλτοις ἐν τῷ Καπετωλίῳ μέχρι νῦν διαμένοντα καὶ διαμενοῦντα, τὴν μὲν πάντων παράθεσιν ὡς περιττήν τε ἅμα καὶ ἀτερπῆ παρῃτησάμην,  				
267	UNREVIEWED	UNREVIEWED	UNPLACED	UNASSESSED	NO_CASE_YET					οὐδένα δ᾽ οὕτως ἡγησάμην σκαιόν, ὃς οὐχὶ καὶ περὶ τῆς Ῥωμαίων ἡμῖν πιστεύσει φιλανθρωπίας, ὅτι ταύτην καὶ διὰ πλειόνων ἐπεδείξαντο πρὸς ἡμᾶς δογμάτων, καὶ ἡμᾶς οὐχ ὑπολήψεται περὶ ὧν εἶναί φαμεν ἀληθεύειν ἐξ ὧν ἐπεδείξαμεν. τὴν μὲν οὖν πρὸς Ῥωμαίους φιλίαν καὶ συμμαχίαν κατ᾽ ἐκείνους τοὺς καιροὺς γενομένην δεδηλώκαμεν. 				
268	UNREVIEWED	UNREVIEWED	UNPLACED	UNASSESSED	NO_CASE_YET					Συνέβη δ᾽ ὑπὸ τὸν αὐτὸν καιρὸν ταραχθῆναι τὰ κατὰ τὴν Συρίαν ἐξ αἰτίας τοιαύτης: Βάσσος Καικίλιος εἷς τῶν τὰ Πομπηίου φρονούντων ἐπιβουλὴν συνθεὶς ἐπὶ Σέξστον Καίσαρα κτείνει μὲν ἐκεῖνον, αὐτὸς δὲ τὸ στράτευμα αὐτοῦ παραλαβὼν ἐκράτει τῶν πραγμάτων, πόλεμός τε μέγας περὶ τὴν Ἀπάμειαν συνέστη τῶν Καίσαρος στρατηγῶν ἐπ᾽ αὐτὸν ἐλθόντων μετά τε ἱππέων καὶ πεζῆς δυνάμεως.  				
269	UNREVIEWED	UNREVIEWED	UNPLACED	UNASSESSED	NO_CASE_YET					τούτοις δὲ καὶ Ἀντίπατρος συμμαχίαν ἔπεμψεν μετὰ τῶν τέκνων κατὰ μνήμην ὧν εὐεργετήθησαν ὑπὸ Καίσαρος καὶ διὰ τοῦτο τιμωρεῖν αὐτῷ καὶ δίκην παρὰ τοῦ πεφονευκότος εἰσπράξασθαι δίκαιον ἡγούμενος.  				
270	UNREVIEWED	UNREVIEWED	UNPLACED	UNASSESSED	NO_CASE_YET					χρονιζομένου δὲ τοῦ πολέμου Μοῦρκος μὲν ἦλθεν ἐκ Ῥώμης εἰς τὴν ἀρχὴν τὴν Σέξστου, Καῖσαρ δ᾽ ὑπὸ τῶν περὶ Κάσσιον καὶ Βροῦτον ἐν τῷ βουλευτηρίῳ κτείνεται κατασχὼν τὴν ἀρχὴν ἔτη τρία καὶ μῆνας ἕξ. τοῦτο μὲν οὖν καὶ ἐν ἄλλοις δεδήλωται. 				
271	UNREVIEWED	UNREVIEWED	UNPLACED	UNASSESSED	NO_CASE_YET					Τοῦ δ᾽ ἐπὶ τῷ Καίσαρος θανάτῳ πολέμου συνερρωγότος καὶ τῶν ἐν τέλει πάντων ἐπὶ στρατιᾶς συλλογὴν ἄλλου ἄλλῃ διεσπαρμένων, ἀφικνεῖται Κάσσιος εἰς Συρίαν παραληψόμενος τὰ περὶ τὴν Ἀπάμειαν στρατόπεδα:  				
272	UNREVIEWED	UNREVIEWED	UNPLACED	UNASSESSED	NO_CASE_YET					καὶ λύσας τὴν πολιορκίαν ἀμφοτέρους προσάγεται τόν τε Βάσσον καὶ τὸν Μοῦρκον τάς τε πόλεις ἐπερχόμενος ὅπλα τε καὶ στρατιώτας συνήθροιζεν καὶ φόρους αὐταῖς μεγάλους ἐπετίθει: μάλιστα δὲ τὴν Ἰουδαίαν ἐκάκωσεν ἑπτακόσια τάλαντα ἀργυρίου πραττόμενος.  				
273	UNREVIEWED	UNREVIEWED	UNPLACED	UNASSESSED	NO_CASE_YET					Ἀντίπατρος δ᾽ ὁρῶν ἐν μεγάλῳ φόβῳ καὶ ταραχῇ τὰ πράγματα μερίζει τὴν τῶν χρημάτων εἴσπραξιν καὶ ἑκατέρῳ τῶν υἱῶν συνάγειν δίδωσιν τὰ μὲν Μαλίχῳ κακοήθως πρὸς αὐτὸν διακειμένῳ, τὰ δὲ ἄλλοις προσέταξεν εἰσπράττεσθαι.  				
274	UNREVIEWED	UNREVIEWED	UNPLACED	UNASSESSED	NO_CASE_YET					καὶ πρῶτος Ἡρώδης ἀπὸ τῆς Γαλιλαίας εἰσπραξάμενος ὅσα ἦν αὐτῷ προστεταγμένα φίλος ἦν εἰς τὰ μάλιστα Κασσίῳ: σῶφρον γὰρ ἔδοξεν αὐτῷ Ῥωμαίους ἤδη θεραπεύειν καὶ τὴν παρ᾽ αὐτῶν κατασκευάζειν εὔνοιαν ἐκ τῶν ἀλλοτρίων πόνων.  				
275	UNREVIEWED	UNREVIEWED	UNPLACED	UNASSESSED	NO_CASE_YET					ἐπιπράσκοντο δ᾽ αὔτανδροι οἱ τῶν ἄλλων πόλεων ἐπιμεληταί, καὶ τέσσαρας πόλεις ἐξηνδραπόδισε τότε Κάσσιος, ὧν ἦσαν αἱ δυνατώταται Γόφνα τε καὶ Ἀμμαοῦς, πρὸς ταύταις δὲ Λύδδα καὶ Θάμνα.  				
276	UNREVIEWED	UNREVIEWED	UNPLACED	UNASSESSED	NO_CASE_YET					ἐπεξῆλθε δ᾽ ἂν ὑπ᾽ ὀργῆς Κάσσιος ὥστε καὶ Μάλιχον ἀνελεῖν, ὥρμητο γὰρ ἐπ᾽ αὐτόν, εἰ μὴ Ὑρκανὸς δι᾽ Ἀντιπάτρου ἑκατὸν τάλαντα ἐκ τῶν ἰδίων αὐτῷ πέμψας ἐπέσχε τῆς ὁρμῆς. 				
277	UNREVIEWED	UNREVIEWED	UNPLACED	UNASSESSED	NO_CASE_YET					Ἐπεὶ δὲ Κάσσιος ἐκ τῆς Ἰουδαίας ἀπῆρεν, Μάλιχος ἐπεβούλευσεν Ἀντιπάτρῳ τὴν τούτου τελευτὴν ἀσφάλειαν Ὑρκανοῦ τῆς ἀρχῆς εἶναι νομίζων. οὐ μὴν ἔλαθεν τὸν Ἀντίπατρον ταῦτα φρονῶν, ἀλλ᾽ αἰσθόμενος γὰρ ἐκεῖνος ἐχώρει πέραν Ἰορδάνου καὶ στρατὸν Ἀράβιον ἅμα καὶ ἐγχώριον συνήθροιζεν.  				
278	UNREVIEWED	UNREVIEWED	UNPLACED	UNASSESSED	NO_CASE_YET					δεινὸς δὲ ὢν ὁ Μάλιχος ἠρνεῖτο μὲν τὴν ἐπιβουλήν, ἀπολογούμενος δὲ μεθ᾽ ὅρκων αὐτῷ τε καὶ τοῖς παισίν, καὶ ὡς Φασαήλου μὲν Ἱεροσόλυμα φρουροῦντος, Ἡρώδου δὲ ἔχοντος τὴν φυλακὴν τῶν ὅπλων οὐδ᾽ ἂν εἰς νοῦν ἐβάλετο τοιοῦτον οὐδὲν ὁρῶν τὴν ἀπορίαν, καταλλάσσεται πρὸς τὸν Ἀντίπατρον,  				
279	UNREVIEWED	UNREVIEWED	UNPLACED	UNASSESSED	NO_CASE_YET					καὶ συνέβησαν Μούρκου κατὰ Συρίαν στρατηγοῦντος, ὃς αἰσθόμενος νεωτεροποιοῦντα τὰ κατὰ τὴν Ἰουδαίαν τὸν Μάλιχον ἦλθε μὲν ὡς παρὰ μικρὸν αὐτὸν ἀνελεῖν, Ἀντιπάτρου δὲ παρακαλέσαντος περιέσωσεν. 				
280	UNREVIEWED	UNREVIEWED	UNPLACED	UNASSESSED	NO_CASE_YET					Ἦν δὲ ἄρα φονέα περισώσας Ἀντίπατρος αὐτοῦ τὸν Μάλιχον: Κάσσιος μὲν γὰρ καὶ Μοῦρκος στρατὸν ἀθροίζοντες τὴν ἐπιμέλειαν ἅπασαν ἐνεχείρισαν Ἡρώδῃ καὶ στρατηγὸν αὐτὸν κοίλης Συρίας ἐποίησαν πλοῖα δόντες καὶ δύναμιν ἱππικήν τε καὶ πεζικήν, ὑποσχόμενοί τε καὶ βασιλέα τῆς Ἰουδαίας ἀναδείξειν μετὰ τὸν πόλεμον: συνειστήκει γὰρ τότε πρός τε Ἀντώνιον καὶ τὸν νέον Καίσαρα.  				
281	UNREVIEWED	UNREVIEWED	UNPLACED	UNASSESSED	NO_CASE_YET					Μάλιχος δὲ δείσας τότε μάλιστα τὸν Ἀντίπατρον ἐκποδὼν ἐποιεῖτο, καὶ πείσας ἀργυρίῳ τὸν Ὑρκανοῦ οἰνοχόον, παρ᾽ ᾧ ἑκάτεροι εἱστιῶντο, φαρμάκῳ κτείνει τὸν ἄνδρα, καὶ ὁπλίτας ἔχων εὐτρέπιζεν τὰ κατὰ τὴν πόλιν.  				
282	UNREVIEWED	UNREVIEWED	UNPLACED	UNASSESSED	NO_CASE_YET					γνόντων δὲ τὴν ἐπιβουλὴν τὴν κατὰ τοῦ πατρὸς Ἡρώδου καὶ Φασαήλου καὶ χαλεπῶς ἐχόντων, ἠρνεῖτο πάλιν ὁ Μάλιχος καὶ ἔξαρνος ἦν τοῦ φόνου.  				
283	UNREVIEWED	UNREVIEWED	UNPLACED	UNASSESSED	NO_CASE_YET					καὶ Ἀντίπατρος μὲν εὐσεβείᾳ τε καὶ δικαιοσύνῃ διενεγκὼν καὶ τῇ περὶ τὴν πατρίδα σπουδῇ τοῦτον ἐτελεύτησεν τὸν τρόπον. τῶν δὲ παίδων αὐτοῦ Ἡρώδης μὲν εὐθὺς ἔγνω τιμωρεῖν τῷ πατρὶ μετὰ στρατιᾶς ἐπὶ Μάλιχον ἐλθών. Φασαήλῳ δὲ τῷ πρεσβυτέρῳ δόλῳ μᾶλλον ἐδόκει περιγίνεσθαι τἀνδρός, μὴ πολέμου κατάρχειν νομισθῶσιν ἐμφυλίου.  				
284	UNREVIEWED	UNREVIEWED	UNPLACED	UNASSESSED	NO_CASE_YET					τήν τε οὖν ἀπολογίαν τὴν Μαλίχου προσδέχεται καὶ πιστεύειν ὑποκρίνεται μηδὲν αὐτὸν περὶ τὸν Ἀντιπάτρου θάνατον κακουργῆσαι, τάφον τε ἐκόσμει τῷ πατρί. καὶ παραγενόμενος Ἡρώδης εἰς Σαμάρειαν καὶ καταλαβὼν αὐτὴν κεκακωμένην ἀνεκτᾶτο καὶ τὰ νείκη διέλυε τοῖς ἀνθρώποις. 				
285	UNREVIEWED	UNREVIEWED	UNPLACED	UNASSESSED	NO_CASE_YET					Μετ᾽ οὐ πολὺ δ᾽ ἐνστάσης τῆς ἐν Ἱεροσολύμοις ἑορτῆς παρεγίνετο σὺν τοῖς στρατιώταις εἰς τὴν πόλιν, καὶ δείσας ὁ Μάλιχος ἀνέπεισεν Ὑρκανὸν μὴ ἐπιτρέπειν αὐτῷ εἰσιέναι. καὶ πείθεται μὲν Ὑρκανός, προβέβλητο δὲ αἰτίαν τῆς ἀποκωλύσεως τὸ μὴ δεῖν ὄχλον ἀλλοδαπὸν ἁγνεύοντος εἰσδέχεσθαι τοῦ πλήθους.  				
286	UNREVIEWED	UNREVIEWED	UNPLACED	UNASSESSED	NO_CASE_YET					ὀλίγον δὲ φροντίσας Ἡρώδης τῶν ἀγγέλων νύκτωρ εἴσεισιν εἰς τὴν πόλιν καὶ φοβερὸς ἦν τῷ Μαλίχῳ, ὁ δ᾽ οὐκ ἀνίησιν τὴν ὑπόκρισιν, ἀλλ᾽ ἐδάκρυεν τὸν Ἀντίπατρον καὶ ἀνεκαλεῖτο φανερῶς ὡς φίλος, κρύφα δὲ φυλακὴν τοῦ σώματος ἐποιεῖτο.  				
287	UNREVIEWED	UNREVIEWED	UNPLACED	UNASSESSED	NO_CASE_YET					ἔδοξε δὲ καὶ τοῖς περὶ Ἡρώδην μὴ ἀπελέγχειν αὐτοῦ τὴν προσποίησιν, ἀλλὰ καὶ αὐτοὺς εἰς τὸ ἀνύποπτον ἀντιφιλοφρονεῖσθαι τὸν Μάλιχον. 				
288	UNREVIEWED	UNREVIEWED	UNPLACED	UNASSESSED	NO_CASE_YET					Κασσίῳ μέντοι περὶ τῆς τελευτῆς τοῦ πατρὸς Ἡρώδης ἐπέστελλεν, κἀκεῖνος εἰδώς, οἷος εἴη τὸν τρόπον Μάλιχος, ἀντεπιστέλλει τιμωρεῖν τῷ πατρί, καὶ λάθρα διαπέμπει πρὸς τοὺς ἐν Τύρῳ χιλιάρχους κελεύων αὐτοὺς συμπράττειν Ἡρώδῃ δίκαια μέλλοντι πράξειν.  				
289	UNREVIEWED	UNREVIEWED	UNPLACED	UNASSESSED	NO_CASE_YET					ὡς δὲ Λαοδίκειαν ᾑρηκότος Κασσίου πρὸς αὐτὸν ἀπῄεσαν κοινῇ στεφάνους τε αὐτῷ καὶ χρήματα κομίζοντες, Ἡρώδης μὲν προσεδόκα δώσειν τὸν Μάλιχον τιμωρίαν ἐκεῖ γενόμενον,  				
290	UNREVIEWED	UNREVIEWED	UNPLACED	UNASSESSED	NO_CASE_YET					ὁ δὲ περὶ Τύρον τῆς Φοινίκης ὑπιδόμενος τὸ πρᾶγμα μειζόνων ἐφήπτετο, καὶ τοῦ παιδὸς αὐτῷ ὁμηρεύοντος ἐν Τύρῳ παρελθὼν εἰς τὴν πόλιν ἔγνω τοῦτόν τε ὑπεκκλέψαι καὶ εἰς τὴν Ἰουδαίαν ἀπαίρειν σπεύδοντος ἐπ᾽ Ἀντώνιον Κασσίου τό τε ἔθνος ἀποστήσας αὐτὸς τὴν ἀρχὴν κατέχειν.  				
291	UNREVIEWED	UNREVIEWED	UNPLACED	UNASSESSED	NO_CASE_YET					τοῖς δὲ βεβουλευμένοις ὅ τε δαίμων ἀντέπραξεν καὶ δεινὸς ὢν Ἡρώδης τὴν προαίρεσιν αὐτοῦ κατανοῆσαι, ὃς προεισπέμψας θεράποντα τῷ μὲν δοκεῖν ἐπὶ δείπνου παρασκευήν, καὶ γὰρ ἑστιάσειν αὐτοὺς ἅπαντας προειρήκει, ταῖς δ᾽ ἀληθείαις πρὸς τοὺς χιλιάρχους, ἐξελθεῖν ἐπὶ Μάλιχον πείθει μετὰ ξιφιδίων.  				
292	UNREVIEWED	UNREVIEWED	UNPLACED	UNASSESSED	NO_CASE_YET					οἱ δ᾽ ἐπεξελθόντες καὶ πλησίον τῆς πόλεως αὐτῷ περιτυχόντες ἐπὶ τοῦ αἰγιαλοῦ κατακεντοῦσι τὸν ἄνδρα. Ὑρκανὸς μὲν οὖν ὑπ᾽ ἐκπλήξεως τοῦ γεγονότος εἰς ἀφωνίαν ἐτράπη, μόλις δ᾽ ἀνενεγκὼν ἐπυνθάνετο τῶν περὶ Ἡρώδην, ὅ τι ποτε εἴη τὸ γεγενημένον καὶ τίς ὁ Μάλιχον ἀνῃρηκώς.  				
293	UNREVIEWED	UNREVIEWED	UNPLACED	UNASSESSED	NO_CASE_YET					εἰπόντων δὲ Κάσσιον τοῦτο προστάξαι, ἐπῄνεσεν τὸ ἔργον, πονηρὸν γὰρ εἶναι πάνυ καὶ τῆς πατρίδος ἐπίβουλον. καὶ Μάλιχος μὲν ταύτην ὑπὲρ τῆς εἰς Ἀντίπατρον παρανομίας δίκην ἐξέτισεν. 				
294	UNREVIEWED	UNREVIEWED	UNPLACED	UNASSESSED	NO_CASE_YET					Κασσίου δ᾽ ἐκ Συρίας ἀπάραντος ταραχὴ γίνεται κατὰ τὴν Ἰουδαίαν: Ἔλιξ γὰρ ὑπολειφθεὶς ἐν Ἱεροσολύμοις μετὰ στρατιᾶς ὥρμησεν ἐπὶ Φασάηλον ὅ τε δῆμος ἔνοπλος ἦν.  				
295	UNREVIEWED	UNREVIEWED	UNPLACED	UNASSESSED	NO_CASE_YET					Ἡρώδης δὲ παρὰ Φάβιον ἐπορεύετο ἐν Δαμασκῷ στρατηγοῦντα, καὶ βουλόμενος προσδραμεῖν πρὸς τὸν ἀδελφὸν ὑπὸ νόσου κωλύεται, ἕως οὗ Φασάηλος δι᾽ αὐτοῦ κρείττων Ἔλικος γενόμενος κατακλείει μὲν αὐτὸν εἰς πύργον, εἶτα δὲ ὑπόσπονδον ἀφίησιν, τόν τε Ὑρκανὸν ἐμέμφετο πολλὰ μὲν εὖ παθόντα ὑπ᾽ αὐτῶν συμπράττοντα δὲ τοῖς ἐχθροῖς.  				
296	UNREVIEWED	UNREVIEWED	UNPLACED	UNASSESSED	NO_CASE_YET					ὁ γὰρ ἀδελφὸς Μαλίχου τότε ἀποστήσας οὐκ ὀλίγα χωρία ἐφρούρει καὶ Μάσαδαν τὸ πάντων ἐρυμνότατον. ἐπὶ μὲν οὖν τοῦτον ῥαΐσας Ἡρώδης ἐκ τῆς νόσου παραγίνεται καὶ ἀφελόμενος αὐτοῦ πάντα ὅσα εἶχεν χωρία ὑπόσπονδον ἀπέλυσεν. 				
297	UNREVIEWED	UNREVIEWED	UNPLACED	UNASSESSED	NO_CASE_YET					Ἀντίγονον δὲ τὸν Ἀριστοβούλου στρατιὰν ἀθροίσαντα καὶ Φάβιον τεθεραπευκότα χρήμασιν κατῆγεν Πτολεμαῖος ὁ Μενναίου διὰ τὸ κήδευμα. συνεμάχει δ᾽ αὐτῷ καὶ Μαρίων, ὃν Τυρίων καταλελοίπει τύραννον Κάσσιος: τυραννίσι γὰρ διαλαβὼν τὴν Συρίαν οὗτος ὁ ἀνὴρ ἐφρούρησεν.  				
298	UNREVIEWED	UNREVIEWED	UNPLACED	UNASSESSED	NO_CASE_YET					ὁ δὲ Μαρίων καὶ εἰς τὴν Γαλιλαίαν ὅμορον οὖσαν ἐνέβαλεν καὶ τρία καταλαβὼν ἐρύματα διὰ φρουρᾶς εἶχεν. ἐλθὼν δὲ καὶ ἐπὶ τοῦτον Ἡρώδης ἅπαντα μὲν αὐτὸν ἀφείλετο, τοὺς δὲ Τυρίων φρουροὺς φιλανθρώπως ἀπέλυσεν ἔστιν οἷς καὶ δωρεὰς δοὺς διὰ τὸ πρὸς τὴν πόλιν εὔνουν.  				
299	UNREVIEWED	UNREVIEWED	UNPLACED	UNASSESSED	NO_CASE_YET					ταῦτα διαπραξάμενος ὑπήντησεν Ἀντιγόνῳ καὶ μάχην αὐτῷ συνάψας νικᾷ καὶ ὅσον οὔπω τῶν ἄκρων ἐπιβάντα τῆς Ἰουδαίας ἐξέωσεν. εἰς Ἱεροσόλυμα δὲ παραγενόμενον στεφάνοις ἀνέδουν Ὑρκανός τε καὶ ὁ δῆμος.  				
300	UNREVIEWED	UNREVIEWED	UNPLACED	UNASSESSED	NO_CASE_YET					ἐγεγάμβρευτο δ᾽ ἤδη καθ᾽ ὁμολογίαν τῷ Ὑρκανοῦ γένει καὶ διὰ τοῦτο μᾶλλον αὐτοῦ προειστήκει μέλλων ἄγεσθαι τὴν Ἀλεξάνδρου τοῦ Ἀριστοβούλου θυγατέρα, Ὑρκανοῦ δὲ θυγατριδῆν, ἐξ ἧς πατὴρ μὲν γίνεται τριῶν ἀρρένων, δύο δὲ θηλειῶν. ἦκτο δὲ πρότερον καὶ γυναῖκα δημότιν Δῶριν ὄνομα ἐκ τοῦ ἔθνους, ἐξ ἧς αὐτῷ πρεσβύτατος γίνεται Ἀντίπατρος. 				
301	UNREVIEWED	UNREVIEWED	UNPLACED	UNASSESSED	NO_CASE_YET					Κάσσιον μὲν οὖν χειροῦνται Ἀντώνιός τε καὶ Καῖσαρ περὶ Φιλίππους, ὡς καὶ παρ᾽ ἄλλοις δεδήλωται. μετὰ δὲ τὴν νίκην Καῖσαρ μὲν ἐπ᾽ Ἰταλίας ἐχώρει, Ἀντώνιος δὲ εἰς τὴν Ἀσίαν ἀπῆρεν: γενομένῳ δὲ ἐν τῇ Βιθυνίᾳ αἱ πανταχόθεν ἀπήντων πρεσβεῖαι.  				
302	UNREVIEWED	UNREVIEWED	UNPLACED	UNASSESSED	NO_CASE_YET					παρῆσαν δὲ καὶ Ἰουδαίων οἱ ἐν τέλει κατηγοροῦντες τῶν περὶ Φασάηλον καὶ Ἡρώδην, πρόσχημα μὲν εἶναι λέγοντες τῆς βασιλείας Ὑρκανόν, τούτους δὲ τὴν πᾶσαν ἔχειν ἐξουσίαν.  				
303	UNREVIEWED	UNREVIEWED	UNPLACED	UNASSESSED	NO_CASE_YET					Ἡρώδην δὲ Ἀντώνιος διὰ πολλῆς εἶχε τιμῆς ἐλθόντα πρὸς αὐτὸν ἐπὶ ἀπολογίᾳ τῶν κατηγορούντων, καὶ διὰ τοῦτο συνέβη μηδὲ λόγου τυχεῖν τοὺς ἀντιστασιώτας: διεπέπρακτο δὲ τοῦτο χρήμασιν Ἡρώδης παρ᾽ Ἀντωνίου.  				
304	UNREVIEWED	UNREVIEWED	UNPLACED	UNASSESSED	NO_CASE_YET					ἐπεὶ δ᾽ εἰς Ἔφεσον ἧκεν Ἀντώνιος, ἔπεμψεν Ὑρκανὸς ὁ ἀρχιερεὺς καὶ τὸ ἔθνος τὸ ἡμέτερον πρεσβείαν πρὸς αὐτὸν στέφανόν τε κομίζουσαν χρυσοῦν καὶ παρακαλοῦσαν τοὺς αἰχμαλωτισθέντας ὑπὸ Κασσίου Ἰουδαίους οὐ νόμῳ πολέμου γράψαντα τοῖς κατὰ τὰς ἐπαρχίας ἐλευθέρους ἀπολῦσαι καὶ τὴν χώραν, ἣν ἐν τοῖς Κασσίου καιροῖς ἀφῃρέθησαν, ἀποδοῦναι.  				
305	UNREVIEWED	UNREVIEWED	UNPLACED	UNASSESSED	NO_CASE_YET					ταῦτα κρίνας Ἀντώνιος ἀξιοῦν δίκαια τοὺς Ἰουδαίους παραχρῆμα ἔγραψεν Ὑρκανῷ καὶ τοῖς Ἰουδαίοις, ἐπέστειλεν δὲ καὶ τοῖς Τυρίοις καὶ διάταγμα ἔπεμπε περιέχον ταῦτα. 				
306	UNREVIEWED	UNREVIEWED	UNPLACED	UNASSESSED	NO_CASE_YET					Μᾶρκος Ἀντώνιος αὐτοκράτωρ Ὑρκανῷ ἀρχιερεῖ καὶ ἐθνάρχῃ καὶ τῷ Ἰουδαίων ἔθνει χαίρειν. εἰ ἔρρωσθε, εὖ ἂν ἔχοι, ἔρρωμαι δὲ καὶ αὐτὸς μετὰ τοῦ στρατεύματος.  				
307	UNREVIEWED	UNREVIEWED	UNPLACED	UNASSESSED	NO_CASE_YET					Λυσίμαχος Παυσανίου καὶ Ἰώσηπος Μενναίου καὶ Ἀλέξανδρος Θεοδώρου πρεσβευταὶ ἐν Ἐφέσῳ μοι συντυχόντες τήν τε ἔμπροσθεν ἐν Ῥώμῃ τελεσθεῖσαν αὐτοῖς πρεσβείαν ἀνενεώσαντο καὶ τὴν νῦν ὑπὲρ σοῦ καὶ τοῦ ἔθνους σπουδαίως διέθεντο, ἣν ἔχεις εὔνοιαν πρὸς ἡμᾶς ἐμφανίσαντες.  				
308	UNREVIEWED	UNREVIEWED	UNPLACED	UNASSESSED	NO_CASE_YET					πεπεισμένος οὖν καὶ ἐκ τῶν πραγμάτων καὶ ἐκ τῶν λόγων, ὅτι οἰκειότατα ἔχετε πρὸς ἡμᾶς, καὶ τὸ ἀραρὸς ὑμῶν ἦθος καὶ θεοσεβὲς κατανοήσας,  				
309	UNREVIEWED	UNREVIEWED	UNPLACED	UNASSESSED	NO_CASE_YET					ἴδιον ἥγημαι * καταδραμόντων δὲ τὴν Ἀσίαν ἅπασαν τῶν ἐναντιωθέντων ἡμῖν τε καὶ τῷ δήμῳ τῶν Ῥωμαίων καὶ μήτε πόλεων μήτε ἡρῴων ἀποσχομένων μήτε ὅρκους οὓς ἐποιήσαντο φυλαξάντων, ἡμεῖς ὡς οὐχ ὑπὲρ ἰδίου μόνον ἀγῶνος, ἀλλ᾽ ὡς ὑπὲρ ἁπάντων κοινοῦ, τοὺς αἰτίους καὶ τῶν εἰς ἀνθρώπους παρανομιῶν καὶ τῶν εἰς θεοὺς ἁμαρτημάτων ἠμυνάμεθα, δι᾽ ἃ καὶ τὸν ἥλιον ἀπεστράφθαι δοκοῦμεν, ὃς καὶ αὐτὸς ἀηδῶς ἐπεῖδεν τὸ ἐπὶ Καίσαρι μύσος.  				
310	UNREVIEWED	UNREVIEWED	UNPLACED	UNASSESSED	NO_CASE_YET					ἀλλὰ τὰς ἐπιβουλὰς αὐτῶν τὰς θεημάχους, ἃς ὑπεδέξατο ἡ Μακεδονία καθάπερ ἴδιος αὐτοῖς τῶν ἀνοσίων τολμημάτων ἀήρ, καὶ τὴν σύγχυσιν τῆς ἡμιμανοῦς κακοηθείας κατὰ Φιλίππους τῆς Μακεδονίας συνεκρότουν, καὶ τόπους εὐφυεῖς καταλαμβανόμενοι μέχρι θαλάσσης ἀποτετειχισμένους ὄρεσιν, ὡς πύλῃ μιᾷ τὴν πάροδον ταμιεύεσθαι, τῶν θεῶν αὐτοὺς ἐπὶ τοῖς ἀδίκοις ἐγχειρήμασιν κατεψηφισμένων ἐκρατήσαμεν.  				
311	UNREVIEWED	UNREVIEWED	UNPLACED	UNASSESSED	NO_CASE_YET					καὶ Βροῦτος συμφυγὼν εἰς Φιλίππους καὶ συγκλεισθεὶς ὑφ᾽ ἡμῶν ἐκοινώνησεν Κασσίῳ τῆς ἀπωλείας. τούτων κεκολασμένων εἰρήνης τὸ λοιπὸν ἀπολαύσειν ἐλπίζομεν καὶ ἀναπεπαῦσθαι τὴν Ἀσίαν ἐκ τοῦ πολέμου.  				
312	UNREVIEWED	UNREVIEWED	UNPLACED	UNASSESSED	NO_CASE_YET					κοινὴν οὖν ποιούμεθα καὶ τοῖς συμμάχοις τὴν ὑπὸ θεοῦ δοθεῖσαν ἡμῖν εἰρήνην: ὥσπερ οὖν ἐκ νόσου μεγάλης τὸ τῆς Ἀσίας σῶμα νῦν διὰ τὴν ἡμετέραν νίκην ἀναφέρειν. ἔχων τοίνυν καὶ σὲ διὰ μνήμης καὶ τὸ ἔθνος αὔξειν φροντίσω τῶν ὑμῖν συμφερόντων.  				
313	UNREVIEWED	UNREVIEWED	UNPLACED	UNASSESSED	NO_CASE_YET					ἐξέθηκα δὲ καὶ γράμματα κατὰ πόλεις, ὅπως εἴ τινες ἐλεύθεροι ἢ δοῦλοι ὑπὸ δόρυ ἐπράθησαν ὑπὸ Γαΐου Κασσίου ἢ τῶν ὑπ᾽ αὐτῷ τεταγμένων ἀπολυθῶσιν οὗτοι, τοῖς τε ὑπ᾽ ἐμοῦ δοθεῖσιν καὶ Δολαβέλλα φιλανθρώποις χρῆσθαι ὑμᾶς βούλομαι. Τυρίους τε κωλύω βιαίους εἶναι περὶ ὑμᾶς καὶ ὅσα κατέχουσιν Ἰουδαίων ταῦτα ἀποκαταστῆσαι κελεύω. τὸν δὲ στέφανον ὃν ἔπεμψας ἐδεξάμην. 				
314	UNREVIEWED	UNREVIEWED	UNPLACED	UNASSESSED	NO_CASE_YET					Μᾶρκος Ἀντώνιος αὐτοκράτωρ Τυρίων ἄρχουσι βουλῇ δήμῳ χαίρειν. ἐμφανισάντων μοι ἐν Ἐφέσῳ Ὑρκανοῦ τοῦ ἀρχιερέως καὶ ἐθνάρχου πρεσβευτῶν καὶ χώραν αὐτῶν ὑμᾶς κατέχειν λεγόντων, εἰς ἣν ἐνέβητε κατὰ τὴν τῶν ἐναντιουμένων ἡμῖν ἐπικράτειαν,  				
315	UNREVIEWED	UNREVIEWED	UNPLACED	UNASSESSED	NO_CASE_YET					ἐπεὶ τὸν ὑπὲρ τῆς ἡγεμονίας πόλεμον ἀνεδεξάμεθα καὶ τῶν εὐσεβῶν καὶ δικαίων ποιούμενοι πρόνοιαν ἠμυνάμεθα τοὺς μήτε χάριτος ἀπομνημονεύσαντας μήτε ὅρκους φυλάξαντας, βούλομαι καὶ τὴν ἀφ᾽ ὑμῶν εἰρήνην τοῖς συμμάχοις ἡμῶν ὑπάρχειν καὶ ὅσα παρὰ τῶν ἡμετέρων ἐλάβετε ἀνταγωνιστῶν μὴ συγχωρεῖν, ἀλλὰ ταῦτα ἀποδοθῆναι τοῖς ἀφῃρημένοις.  				
316	UNREVIEWED	UNREVIEWED	UNPLACED	UNASSESSED	NO_CASE_YET					οὔτε γὰρ ἐπαρχίας ἐκείνων οὐθεὶς οὔτε στρατόπεδα τῆς συγκλήτου δούσης ἔλαβεν, ἀλλὰ βίᾳ καθαρπάσαντες ἐχαρίσαντο βιαίως τοῖς πρὸς ἃ ἠδίκουν χρησίμοις αὐτοῖς γινομένοις.  				
317	UNREVIEWED	UNREVIEWED	UNPLACED	UNASSESSED	NO_CASE_YET					δίκην οὖν αὐτῶν δεδωκότων τούς τε συμμάχους τοὺς ἡμετέρους ὅσα ποτ᾽ εἶχον ἀξιοῦμεν ἀκωλύτους διακατέχειν καὶ ὑμᾶς, εἴ τινα χωρία Ὑρκανοῦ ὄντα τοῦ ἐθνάρχου Ἰουδαίων πρὸ μιᾶς ἡμέρας ἢ Γάιον Κάσσιον πόλεμον οὐ συγκεχωρημένον ἐπάγοντα ἐπιβῆναι τῆς ἐπαρχίας ἡμῶν νῦν ἔχετε, ἀποδοῦναι αὐτῷ βίαν τε αὐτοῖς μηδεμίαν προσφέρειν ἐπὶ τῷ ἀσθενεῖς αὐτοὺς ποιεῖν τῶν ἰδίων δεσπόζειν.  				
318	UNREVIEWED	UNREVIEWED	UNPLACED	UNASSESSED	NO_CASE_YET					εἰ δέ τινα ἔχετε πρὸς αὐτὸν δικαιολογίαν, ὅταν ἔλθωμεν ἐπὶ τοὺς τόπους ἐξέσται ὑμῖν ταύτῃ χρήσασθαι, ἡμῶν ἕκαστα τοῖς συμμάχοις ὁμοίως τοῖς κρίμασιν φυλασσόντων. 				
319	UNREVIEWED	UNREVIEWED	UNPLACED	UNASSESSED	NO_CASE_YET					Μᾶρκος Ἀντώνιος αὐτοκράτωρ Τυρίων ἄρχουσι βουλῇ δήμῳ χαίρειν. διάταγμα ἐμὸν ἀπέσταλκα πρὸς ὑμᾶς, περὶ οὗ βούλομαι ὑμᾶς φροντίσαι, ἵνα αὐτὸ εἰς τὰς δημοσίας ἐντάξητε δέλτους γράμμασι Ῥωμαϊκοῖς καὶ Ἑλληνικοῖς καὶ ἐν τῷ ἐπιφανεστάτῳ ἔχητε αὐτὸ γεγραμμένον, ὅπως ὑπὸ πάντων ἀναγινώσκεσθαι δύνηται.  				
320	UNREVIEWED	UNREVIEWED	UNPLACED	UNASSESSED	NO_CASE_YET					Μᾶρκος Ἀντώνιος αὐτοκράτωρ τριῶν ἀνδρῶν καταστάντων περὶ τῶν δημοσίων πραγμάτων εἶπεν: ἐπεὶ Γάιος Κάσσιος ταύτῃ τῇ ὑποστάσει ἀλλοτρίαν ἐπαρχίαν κατεχομένην ὑπὸ στρατοπέδων καὶ συμμάχους ὄντας διήρπασεν καὶ ἐξεπολιόρκησεν τὸ Ἰουδαίων ἔθνος φίλον ὑπάρχον τοῦ Ῥωμαίων δήμου,  				
321	UNREVIEWED	UNREVIEWED	UNPLACED	UNASSESSED	NO_CASE_YET					τὴν ἀπόνοιαν τὴν ἐκείνου τοῖς ὅπλοις κρατήσαντες διατάγμασιν καὶ κρίμασιν ἐπανορθούμεθα τὰ ὑπ᾽ αὐτοῦ διηρπασμένα, ὥστε ἀποκατασταθῆναι ταῦτα τοῖς συμμάχοις ἡμῶν: καὶ ὅσα ἐπράθη Ἰουδαίων ἤτοι σώματα Ἰουδαίων ἢ κτῆσις ταῦτα ἀφεθήτω, τὰ μὲν σώματα ἐλεύθερα, ὡς ἦν ἀπ᾽ ἀρχῆς, ἡ δὲ κτῆσις τοῖς πρότερον κυρίοις.  				
322	UNREVIEWED	UNREVIEWED	UNPLACED	UNASSESSED	NO_CASE_YET					τὸν δ᾽ οὐχ ὑπακούσαντα τῷ ἐμῷ διατάγματι δίκην συστήσασθαι βούλομαι, κἂν ἁλῷ τότε κατὰ τὴν τοῦ πράγματος ἀξίαν μελήσει μοι ἐπεξελθεῖν τὸν οὐχ ὑπακούσαντα. 				
323	UNREVIEWED	UNREVIEWED	UNPLACED	UNASSESSED	NO_CASE_YET					Τὸ δ᾽ αὐτὸ τοῦτο καὶ Σιδωνίοις καὶ Ἀντιοχεῦσιν καὶ Ἀραδίοις ἔγραψεν. παρεθέμεθα μὲν οὖν καὶ ταῦτα εὐκαίρως τεκμήρια γενησόμενα ἧς φαμὲν Ῥωμαίους ποιήσασθαι προνοίας ὑπὲρ τοῦ ἡμετέρου ἔθνους. 				
324	UNREVIEWED	UNREVIEWED	UNPLACED	UNASSESSED	NO_CASE_YET					Μετὰ δὲ ταῦτα εἰς Συρίαν Ἀντωνίου παραγενομένου Κλεοπάτρα περὶ Κιλικίαν ἐντυχοῦσα δι᾽ ἔρωτος αὐτὸν ἐκεχείρωτο. καὶ δὴ πάλιν Ἰουδαίων ἑκατὸν οἱ δυνατώτατοι παραγίνονται πρὸς αὐτὸν κατηγοροῦντες Ἡρώδου καὶ τῶν περὶ αὐτὸν προστησάμενοι σφῶν τοὺς δεινοτάτους λέγειν.  				
325	UNREVIEWED	UNREVIEWED	UNPLACED	UNASSESSED	NO_CASE_YET					ἀντέλεγεν δὲ αὐτοῖς Μεσσάλας ὑπὲρ τῶν νεανίσκων παρόντος καὶ Ὑρκανοῦ, ὃς κηδεστὴς ἐτύγχανεν ἤδη γεγενημένος. ἀκροασάμενος δὲ ἀμφοτέρων Ἀντώνιος ἐπὶ Δάφνης πυνθάνεται Ὑρκανοῦ, πότεροι τοῦ ἔθνους ἄμεινον προΐστανται:  				
326	UNREVIEWED	UNREVIEWED	UNPLACED	UNASSESSED	NO_CASE_YET					φήσαντος δὲ τοὺς περὶ Ἡρώδην, Ἀντώνιος καὶ πάλαι οἰκείως ἔχων πρὸς αὐτοὺς διὰ τὴν πατρῴαν ξενίαν, ἣν ἡνίκα σὺν Γαβινίῳ παρῆν ἐπεποίητο πρὸς τὸν πατέρα αὐτῶν, τούτους μὲν ἀμφοτέρους τετράρχας καθίστησιν καὶ τὰ Ἰουδαίων αὐτοῖς ἐπιτρέπει πράγματα, γράφει δὲ καὶ γράμματα * πεντεκαίδεκα τῶν ἀντιστασιαστῶν ἔδησεν, μέλλοντος δὲ καὶ κτείνειν αὐτοὺς παρῃτήσαντο οἱ περὶ Ἡρώδην. 				
327	UNREVIEWED	UNREVIEWED	UNPLACED	UNASSESSED	NO_CASE_YET					Ἠρέμουν δ᾽ οὐδ᾽ οὕτως ἐπανελθόντες ἐκ τῆς πρεσβείας, ἀλλ᾽ ἀπήντων πάλιν Ἀντωνίῳ χίλιοι εἰς Τύρον ἐκεῖ δόξαντι ἀφικέσθαι. καὶ ὁ Ἀντώνιος πολλοῖς διεφθαρμένος ἤδη χρήμασιν ὑπό τε Ἡρώδου καὶ τοῦ ἀδελφοῦ αὐτοῦ τῷ κατὰ τόπον ἄρχοντι προσέταξεν κολάσαι τοὺς πρεσβευτὰς τῶν Ἰουδαίων νεωτέρων ἐπιθυμοῦντας πραγμάτων καὶ τοῖς περὶ Ἡρώδην συγκαθιστάναι τὴν ἀρχήν.  				
328	UNREVIEWED	UNREVIEWED	UNPLACED	UNASSESSED	NO_CASE_YET					ταχὺ δὲ Ἡρώδης, ἵδρυντο γὰρ ἐπὶ τῆς ψάμμου πρὸ τῆς πόλεως, προϊὼν ἀπιέναι παρεκελεύετο, συνῆν δ᾽ αὐτοῖς καὶ Ὑρκανός, ὡς μεγάλου κακοῦ εἰ προέλθοιεν εἰς φιλονεικίαν ἐσομένου. καὶ οἱ μὲν οὐκ ἐπείθοντο.  				
329	UNREVIEWED	UNREVIEWED	UNPLACED	UNASSESSED	NO_CASE_YET					παραχρῆμα δ᾽ ἐκδραμόντες Ῥωμαῖοι σὺν ἐγχειριδίοις τοὺς μὲν αὐτῶν ἀπέκτειναν, πλείους δὲ κατέτρωσαν, οἱ δὲ λοιποὶ διαφυγόντες ἐπ᾽ οἴκου ἡσύχαζον. τοῦ δὲ δήμου καταβοῶντος Ἡρώδου παροξυνθεὶς Ἀντώνιος τοὺς δεδεμένους ἀπέκτεινεν. 				
330	UNREVIEWED	UNREVIEWED	UNPLACED	UNASSESSED	NO_CASE_YET					Δευτέρῳ δ᾽ ἔτει Συρίαν κατέσχον Πάκορός τε ὁ βασιλέως παῖς καὶ Βαζαφράνης σατράπης ὢν Πάρθων. τελευτᾷ δὲ καὶ Πτολεμαῖος ὁ Μενναίου καὶ τὴν ἀρχὴν ὁ παῖς αὐτοῦ Λυσανίας παραλαβὼν διαπράττεται φιλίαν πρὸς Ἀντίγονον τὸν Ἀριστοβούλου, πρὸς τοῦτο χρήσιμον τὸν σατράπην παραλαβὼν μέγα παρ᾽ αὐτῷ δυνάμενον.  				
331	UNREVIEWED	UNREVIEWED	UNPLACED	UNASSESSED	NO_CASE_YET					Ἀντίγονος δ᾽ ὑπισχνεῖτο χίλια τάλαντα καὶ πεντακοσίας γυναῖκας δώσειν Πάρθοις, εἰ τὴν ἀρχὴν Ὑρκανὸν ἀφελόμενοι παραδώσουσιν αὐτῷ καὶ τοὺς περὶ τὸν Ἡρώδην ἀνέλοιεν.  				
332	UNREVIEWED	UNREVIEWED	UNPLACED	UNASSESSED	NO_CASE_YET					οὐ μὴν ἔδωκεν: ἀλλ᾽ οἱ μὲν Πάρθοι διὰ τοῦτ᾽ ἐπὶ τὴν Ἰουδαίαν ἐστράτευσαν κατάγοντες Ἀντίγονον, Πάκορος μὲν διὰ τῆς παραθαλαττίου, ὁ δὲ σατράπης Βαζαφράνης διὰ τῆς μεσογείου.  				
333	UNREVIEWED	UNREVIEWED	UNPLACED	UNASSESSED	NO_CASE_YET					Τύριοι μὲν οὖν ἀποκλείουσι Πάκορον, Σιδώνιοι δὲ καὶ Πτολεμαεῖς ἐδέξαντο. ἴλην μέντοι Πάκορος ἱππέων εἰς τὴν Ἰουδαίαν ἐξέπεμψεν κατασκεψομένην τε τὰ κατὰ τὴν χώραν καὶ Ἀντιγόνῳ συμπράξουσαν, ἡγεμόνα τε ὁμώνυμον τοῦ βασιλέως οἰνοχόον.  				
334	UNREVIEWED	UNREVIEWED	UNPLACED	UNASSESSED	NO_CASE_YET					ἐκ δὲ τῶν περὶ Κάρμηλον τὸ ὄρος Ἰουδαίων πρὸς Ἀντίγονον ἐλθόντων καὶ συνεισβαλεῖν ἑτοίμως ἐχόντων, προσεδόκα δὲ τῆς χώρας μέρος τι λαβεῖν ὁ Ἀντίγονος, δρυμοὶ δὲ τὸ χωρίον καλεῖται, καί τινων ὑπαντιασάντων αὐτοὺς διεκπίπτουσιν εἰς Ἱεροσόλυμα οἱ ἄνθρωποι. προσγενομένων δέ τινων πολλοὶ συστραφέντες ἐπὶ τὰ βασίλεια ἧκον καὶ ταῦτα ἐπολιόρκουν.  				
335	UNREVIEWED	UNREVIEWED	UNPLACED	UNASSESSED	NO_CASE_YET					προσβοηθούντων δὲ τῶν περὶ Φασάηλον καὶ Ἡρώδην καὶ μάχης γενομένης κατὰ τὴν ἀγορὰν νικῶσιν οἱ νεανίσκοι τοὺς πολεμίους, καὶ συνδιώξαντες εἰς τὸ ἱερὸν πέμπουσιν ὁπλίτας τινὰς εἰς τὰς πλησίον οἰκίας φρουρήσοντας αὐτάς, οὓς ἐπαναστὰς ὁ δῆμος συμμάχων ὄντας ἐρήμους σὺν αὐτοῖς οἴκοις κατέπρησεν.  				
336	UNREVIEWED	UNREVIEWED	UNPLACED	UNASSESSED	NO_CASE_YET					ὑπὲρ μὲν οὖν τῆς ἀδικίας ταύτης Ἡρώδης μετ᾽ ὀλίγον τιμωρίαν παρὰ τῶν ἀντιστασιωτῶν λαμβάνει συμβαλὼν αὐτοῖς εἰς μάχην καὶ πολλοὺς αὐτῶν ἀποκτείνας. 				
337	UNREVIEWED	UNREVIEWED	UNPLACED	UNASSESSED	NO_CASE_YET					Γινομένων δ᾽ ὁσημέραι ἀκροβολισμῶν αὐτοῖς ἀνέμενον οἱ πολέμιοι τὸν ἐκ τῆς χώρας ὄχλον εἰς τὴν καλουμένην πεντηκοστήν, ἑορτὴ δ᾽ ἐστίν, μέλλοντα ἥξειν.  				
338	UNREVIEWED	UNREVIEWED	UNPLACED	UNASSESSED	NO_CASE_YET					τῆς δ᾽ ἡμέρας ἐνστάσης πολλαὶ περὶ τὸ ἱερὸν ἀθροίζονται μυριάδες ἀνθρώπων ὡπλισμένων τε καὶ ἀνόπλων. κατεῖχον δὲ τὴν πόλιν καὶ τὸ ἱερὸν οἱ παρόντες πλὴν τῶν περὶ τὰ βασίλεια: ταῦτα γὰρ σὺν ὀλίγοις στρατιώταις οἱ περὶ Ἡρώδην ἐφρούρουν.  				
339	UNREVIEWED	UNREVIEWED	UNPLACED	UNASSESSED	NO_CASE_YET					Φασάηλος μὲν οὖν τὸ τεῖχος ἐφύλασσεν, Ἡρώδης δὲ λόχον ἔχων ἐπέξεισιν τοῖς πολεμίοις κατὰ τὸ προάστειον, καὶ καρτερῶς μαχεσάμενος πολλάς τε μυριάδας τρέπει, τῶν μὲν εἰς τὴν πόλιν φευγόντων, τῶν δ᾽ εἰς τὸ ἱερόν, ἔστιν δ᾽ ὧν εἰς τὸ ἔξω χαράκωμα: ἦν γάρ τι αὐτόθι: παρεβοήθει δὲ καὶ Φασάηλος.  				
340	UNREVIEWED	UNREVIEWED	UNPLACED	UNASSESSED	NO_CASE_YET					Πάκορος δ᾽ ὁ Πάρθων στρατηγὸς σὺν ἱππεῦσιν ὀλίγοις Ἀντιγόνου δεηθέντος εἰς τὴν πόλιν ἔρχεται, λόγῳ μὲν ὡς καταπαύσειεν τὴν στάσιν, τὸ δ᾽ ἀληθὲς συμπράξων ἐκείνῳ τὴν ἀρχήν.  				
341	UNREVIEWED	UNREVIEWED	UNPLACED	UNASSESSED	NO_CASE_YET					Φασαήλου δ᾽ ὑπαντήσαντος καὶ δεξαμένου ξενίᾳ Πάκορος πείθει πρεσβεύσασθαι παρὰ Βαζαφράνην αὐτόν, δόλον τινὰ τοῦτον συντιθείς. καὶ Φασάηλος οὐδὲν ὑπιδόμενος πείθεται μὴ ἐπαινοῦντος Ἡρώδου τοῖς πραττομένοις διὰ τὸ τῶν βαρβάρων ἄπιστον, ἀλλὰ καὶ Πακόρῳ καὶ τοῖς ἥκουσιν ἐπιτίθεσθαι κελεύοντος. 				
342	UNREVIEWED	UNREVIEWED	UNPLACED	UNASSESSED	NO_CASE_YET					Ὤιχοντο δ᾽ οὖν πρεσβεύοντες Ὑρκανός τε καὶ Φασάηλος, Πάκορος δὲ καταλιπὼν Ἡρώδῃ διακοσίους ἱππεῖς καὶ δέκα τῶν λεγομένων ἐλευθέρων προύπεμψεν αὐτούς. γενομένοις δ᾽ ἐν τῇ Γαλιλαίᾳ μεθ᾽ ὅπλων ὑπαντῶσιν οἱ ταύτῃ τῶν πολεμίων ὑφεστῶτες.  				
343	UNREVIEWED	UNREVIEWED	UNPLACED	UNASSESSED	NO_CASE_YET					καὶ Βαζαφράνης τὸ μὲν πρῶτον αὐτοὺς ὑποδέχεται προθύμως καὶ δῶρα δίδωσιν, ἔπειτα ἐπεβούλευεν. πλησίον δὲ μετὰ ἱππέων ὑπὲρ θαλάττης οἱ περὶ Φασάηλον κατάγονται καὶ ἐνταῦθ᾽ ἀκούσαντες, ὡς Ἀντίγονος ὑπόσχοιτο χίλια τάλαντα καὶ γυναῖκας πεντακοσίας τοῖς Πάρθοις κατ᾽ αὐτῶν, δι᾽ ὑποψίας εἶχον ἤδη τοὺς βαρβάρους.  				
344	UNREVIEWED	UNREVIEWED	UNPLACED	UNASSESSED	NO_CASE_YET					οὐ μὴν ἀλλὰ καὶ νύκτωρ ἐπιβουλευομένους αὐτοὺς ἀπήγγειλέν τις φυλακῆς αὐτοὺς ἐκ τἀφανοῦς περιισταμένης, καὶ συνελήφθησαν ἄν, εἰ μὴ περιέμενον ἕως ἂν οἱ περὶ Ἱεροσόλυμα Πάρθοι Ἡρώδην συλλάβοιεν, μὴ προανῃρημένων τούτων ἐκεῖνος αἰσθόμενος διαφύγοι. καὶ ἦν ταῦθ᾽ οὕτως ἔχοντα καὶ οἱ φύλακες αὐτῶν ἑωρῶντο.  				
345	UNREVIEWED	UNREVIEWED	UNPLACED	UNASSESSED	NO_CASE_YET					Φασαήλῳ μὲν οὖν παρῄνουν τινὲς εὐθὺς ἀφιππάσασθαι καὶ μὴ περιμένειν, μάλιστα μέντοι πρὸς ταῦτα αὐτὸν Ὀφέλλιος ἐνῆγεν, ὃς ἀκηκόει παρὰ Σαραμάλλα τοῦ πλουσιωτάτου τῶν ἐν Συρίᾳ τότε καὶ πλοῖα πρὸς τὴν φυγὴν ὑπισχνεῖτο: ἐγγὺς γὰρ ἦν ἡ θάλασσα.  				
346	UNREVIEWED	UNREVIEWED	UNPLACED	UNASSESSED	NO_CASE_YET					ὁ δὲ Ὑρκανὸν ἀπολιπεῖν οὐκ ἠξίου οὐδὲ παρακινδυνεύειν τἀδελφῷ: προσελθὼν δὲ πρὸς τὸν Βαζαφράνην οὐ δίκαια ποιεῖν αὐτὸν ἔλεγεν τοιαῦτα βουλευόμενον περὶ αὐτῶν: χρημάτων τε γὰρ δεομένῳ πλείονα ἔσεσθαι παρ᾽ αὐτοῦ ὧν Ἀντίγονος δίδωσιν, καὶ ἄλλως δεινὸν εἶναι πρὸς αὐτὸν ἐπὶ πίστει συνελθόντας πρεσβευτὰς ἀποκτεῖναι μηδὲν ἀδικοῦντας.  				
347	UNREVIEWED	UNREVIEWED	UNPLACED	UNASSESSED	NO_CASE_YET					ὁ δὲ βάρβαρος ταῦτα λέγοντος ὤμνυεν μηδὲν ἀληθὲς εἶναι τῶν ὑπονοουμένων, ἀλλὰ ψευδεῖς αὐτὸν ὑποψίας ταράξαι, ἀπῄει τε πρὸς Πάκορον. 				
348	UNREVIEWED	UNREVIEWED	UNPLACED	UNASSESSED	NO_CASE_YET					Οἰχομένου δὲ τῶν Πάρθων ἐδέσμευόν τινες Ὑρκανὸν καὶ Φασάηλον πολλὰ τῆς ἐπιορκίας κακίζοντα τοὺς Πάρθους. ὁ δ᾽ ἐπὶ τὸν Ἡρώδην ἀπεσταλμένος εὐνοῦχος ἐντολὰς εἶχεν προαγαγὼν αὐτὸν ἔξω τοῦ τείχους συλλαμβάνειν.  				
349	UNREVIEWED	UNREVIEWED	UNPLACED	UNASSESSED	NO_CASE_YET					ἔτυχον δὲ ἄγγελοι παρὰ Φασαήλου πεμφθέντες ἐπὶ δηλώσει τῆς τῶν Πάρθων ἀπιστίας, οὓς τῶν πολεμίων συλλαβόντων γνοὺς Ἡρώδης πρόσεισι Πακόρῳ καὶ Πάρθων τοῖς δυνατοῖς ὡς οὖσιν τῶν ἄλλων δεσπόταις.  				
350	UNREVIEWED	UNREVIEWED	UNPLACED	UNASSESSED	NO_CASE_YET					οἱ δὲ τὸ πᾶν εἰδότες ὑπεκρίνοντο δολερῶς καὶ δεῖν αὐτὸν ἔφασαν μετὰ σφῶν ἐξελθόντα πρὸ τοῦ τείχους ὑπαντᾶν τοῖς τὰ γράμματα κομίζουσιν: οὐδέπω γὰρ αὐτοὺς εἰλῆφθαι πρὸς τῶν ἀντιστασιωτῶν, ἥκειν μέντοι δηλοῦντας ὅσα κατορθώσειε Φασάηλος.  				
351	UNREVIEWED	UNREVIEWED	UNPLACED	UNASSESSED	NO_CASE_YET					τούτοις Ἡρώδης οὐκ ἐπίστευσεν: ἀκηκόει γὰρ τὴν σύλληψιν τἀδελφοῦ παρ᾽ ἑτέρων: καὶ παραινούσης δὲ τῆς Ὑρκανοῦ θυγατρός, ἧς ἐγγεγύητο τὴν παῖδα, ἔτι μᾶλλον ὑπώπτευε τοὺς Πάρθους. οἱ μὲν οὖν ἄλλοι ταύτῃ οὐ προσεῖχον, αὐτὸς δ᾽ ἐπίστευεν λίαν ἔμφρονι γυναικί. 				
352	UNREVIEWED	UNREVIEWED	UNPLACED	UNASSESSED	NO_CASE_YET					Βουλευομένων δὲ τῶν Πάρθων, τί χρὴ ποιεῖν, οὐ γὰρ ἤρεσκεν αὐτοῖς ἐκ τοῦ φανεροῦ ἐπιχειρεῖν ἀνδρὶ τηλικούτῳ, καὶ ὑπερθεμένων εἰς τὴν ὑστεραίαν, ἐν τοιαύταις ταραχαῖς Ἡρώδης γενόμενος καὶ μᾶλλον οἷς ἤκουσεν περὶ τἀδελφοῦ καὶ τῆς Πάρθων ἐπιβουλῆς ἢ τοῖς ἐναντίοις προστιθέμενος, ἑσπέρας ἐπελθούσης ἔγνω ταύτῃ πρὸς φυγὴν χρήσασθαι καὶ μὴ διαμέλλειν ὡς ἐπ᾽ ἀδήλοις τοῖς ἀπὸ τῶν πολεμίων κινδύνοις.  				
353	UNREVIEWED	UNREVIEWED	UNPLACED	UNASSESSED	NO_CASE_YET					ἄρας οὖν σὺν οἷς εἶχεν ὁπλίταις καὶ τὰς γυναῖκας τοῖς ὑποζυγίοις ἐπιθέμενος μητέρα τε αὐτοῦ καὶ ἀδελφὴν καὶ ἣν ἔμελλεν ἄξεσθαι πρὸς γάμον Ἀλεξάνδρου θυγατέρα τοῦ Ἀριστοβούλου παιδὸς τήν τε ταύτης μητέρα, Ὑρκανοῦ δ᾽ ἦν θυγάτηρ, καὶ τὸν νεώτατον ἀδελφὸν τήν τε θεραπείαν πᾶσαν καὶ τὸν ἄλλον ὄχλον τὸν σὺν αὐτοῖς, ἐδίωκεν τὴν ἐπὶ Ἰδουμαίας λαθὼν τοὺς πολεμίους.  				
354	UNREVIEWED	UNREVIEWED	UNPLACED	UNASSESSED	NO_CASE_YET					ὧν οὐδεὶς ἂν οὕτως στερρὸς τὴν φύσιν εὑρέθη, ὃς τότε παρὼν τοῖς πραττομένοις οὐκ ἂν ᾤκτειρεν αὐτοὺς τῆς τύχης, γυναίων ἐπαγομένων νήπια τέκνα καὶ μετὰ δακρύων καὶ οἰμωγῆς ἀπολειπουσῶν τὴν πατρίδα καὶ φίλους ἐν δεσμοῖς καὶ περὶ αὐτῶν οὐδὲν ἔτι χρηστὸν προσδεχομένων. 				
355	UNREVIEWED	UNREVIEWED	UNPLACED	UNASSESSED	NO_CASE_YET					Ἀλλ᾽ Ἡρώδης ἐπάνω τῆς ἐκ τοῦ δεινοῦ πληγῆς τὸ φρόνημα ποιησάμενος αὐτός τε ἦν πρὸς τὸ δεινὸν εὔψυχος καὶ παριὼν κατὰ τὴν ὁδὸν θαρρεῖν ἕκαστον παρεκελεύετο καὶ μὴ παρέχειν αὑτὸν ἔκδοτον τῇ λύπῃ: τοῦτο γὰρ αὐτοὺς βλάπτειν πρὸς τὴν φυγήν, ἐν ᾗ τὴν σωτηρίαν αὐτοῖς μόνῃ κεῖσθαι συμβέβηκεν.  				
356	UNREVIEWED	UNREVIEWED	UNPLACED	UNASSESSED	NO_CASE_YET					καὶ οἱ μὲν ὡς Ἡρώδης παρῄνει φέρειν τὴν συμφορὰν ἐπειρῶντο. μικροῦ δ᾽ αὑτὸν διεχρήσατο τοῦ ζεύγους περιτραπέντος καὶ τῆς μητρὸς αὐτῷ κινδυνευσάσης ἀποθανεῖν, διά τε τὸ ἐπ᾽ αὐτῇ πάθος καὶ διὰ τὸ φοβεῖσθαι, μὴ καταλάβωσιν αὐτὸν οἱ πολέμιοι διώκοντες τριβῆς περὶ τὸ πταῖσμα γενομένης.  				
357	UNREVIEWED	UNREVIEWED	UNPLACED	UNASSESSED	NO_CASE_YET					σπασάμενον γοῦν αὐτὸν τὸ ξίφος καὶ μέλλοντα πλήττειν αὑτὸν κατέσχον οἱ παρόντες, τῷ τε πλήθει κατισχύσαντες καὶ ὡς οὐκ ἐχρῆν αὐτοὺς ἐγκαταλιπεῖν ἐπὶ τοῖς ἐχθροῖς ἐσομένους λέγοντες: οὐ γὰρ εἶναι γενναίου τῶν δεινῶν αὑτὸν ἐλευθερώσαντα τοὺς φίλους ἐν αὐτοῖς ὑπεριδεῖν.  				
358	UNREVIEWED	UNREVIEWED	UNPLACED	UNASSESSED	NO_CASE_YET					βιασθεὶς οὖν ἀποσχέσθαι τοῦ κατ᾽ αὐτὸν τολμήματος αἰδοῖ τε τῶν λεγομένων καὶ πλήθει τῶν οὐκ ἐπιτρεπόντων αὐτοῦ τῇ χειρὶ διακονεῖν οἷς ἐντεθύμητο, ἀνακτησάμενος τὴν μητέρα καὶ θεραπείας ἧς ὁ καιρὸς ἤπειγεν ἀξιώσας ἐβάδιζεν τὴν προκειμένην ὁδὸν συντονωτέραν ποιούμενος τὴν πορείαν εἰς Μάσαδαν τὸ ἔρυμα. πολλὰς δὲ μάχας πρὸς τοὺς ἐπεξελθόντας καὶ διώκοντας τῶν Πάρθων μαχεσάμενος πάσας ἐνίκησεν. 				
359	UNREVIEWED	UNREVIEWED	UNPLACED	UNASSESSED	NO_CASE_YET					Ἔμεινε δ᾽ αὐτῷ παρὰ τὴν φυγὴν οὐδὲ τὰ παρὰ τῶν Ἰουδαίων ἀσφαλῆ, συνεπέθεντο δὲ καὶ οὗτοι γενομένοις ἀπὸ σταδίων ἑξήκοντα τῆς πόλεως προσβάλλοντές τε καὶ εἰς χεῖρας ἐρχόμενοι κατὰ τὴν ὁδόν.  				
360	UNREVIEWED	UNREVIEWED	UNPLACED	UNASSESSED	NO_CASE_YET					οὓς δὴ καὶ τρεψάμενος καὶ κρατήσας οὐχ ὡς ἐν ἀπορίᾳ καὶ ἀνάγκῃ τις τοιαύτῃ καθεστώς, ἀλλ᾽ ὡς κάλλιστα καὶ μετὰ πολλοῦ τοῦ περιόντος πρὸς πόλεμον παρεσκευασμένος, ἐν ἐκείνῳ τῷ χωρίῳ, ἐν ᾧ τῶν Ἰουδαίων ἐκράτησε, μετὰ χρόνον βασιλεύσας ἔκτισε καὶ βασίλειον κατεσκεύασεν ἀξιολογώτατον καὶ πόλιν περὶ αὐτὸ Ἡρωδίαν προσαγορεύσας.  				
361	UNREVIEWED	UNREVIEWED	UNPLACED	UNASSESSED	NO_CASE_YET					γενομένῳ δὲ τῆς Ἰδουμαίας ἐν Θρήσᾳ χωρίῳ οὕτω καλουμένῳ ὁ ἀδελφὸς Ἰώσηπος ὑπήντησεν καὶ βουλὴν περὶ τῶν ὅλων ἦγε, τί χρὴ ποιεῖν, πολλοῦ μὲν πλήθους ἐπαγομένου καὶ δίχα τῶν μισθοφορούντων αὐτοῖς, τοῦ δὲ χωρίου τῆς Μεσάδας, εἰς ὃ προύκειτο συμφυγεῖν ἐλάττονος ὄντος ὑποδέξασθαι τοσοῦτον ὄχλον.  				
362	UNREVIEWED	UNREVIEWED	UNPLACED	UNASSESSED	NO_CASE_YET					τοὺς μὲν οὖν πλείους ἀπέλυσεν ὑπὲρ ἐννέα χιλιάδας ὄντας ἄλλον ἀλλαχῆ κελεύσας διὰ τῆς Ἰδουμαίας σώζειν αὑτούς, δοὺς ἐφόδια: ὅσοι δ᾽ ἦσαν κοῦφοι καὶ τοὺς ἀναγκαιοτάτους ἀναλαβὼν εἰς τὸ ἔρυμα παραγίνεται καὶ καταθέμενος αὐτόθι τάς τε γυναῖκας καὶ τοὺς ἑπομένους, ἦσαν δὲ ὡς ὀκτακόσιοι, σίτου τε ὄντος ἐν τῷ χωρίῳ καὶ ὕδατος καὶ τῶν ἄλλων ἐπιτηδείων ἁπάντων διαρκούντως αὐτοῖς ἐξώρμησεν αὐτὸς ἐπὶ Πέτρας τῆς Ἀραβίας.  				
363	UNREVIEWED	UNREVIEWED	UNPLACED	UNASSESSED	NO_CASE_YET					ἅμα δ᾽ ἡμέρᾳ τὰ μὲν ἄλλα πάντα τῶν Ἱεροσολύμων διήρπαζον οἱ Πάρθοι καὶ τὸ βασίλειον, μόνων δὲ ἀπείχοντο τῶν Ὑρκανοῦ χρημάτων: τὰ δ᾽ ἦν ὡς τριακόσια τάλαντα.  				
364	UNREVIEWED	UNREVIEWED	UNPLACED	UNASSESSED	NO_CASE_YET					πολλὰ δὲ τῶν Ἡρώδου διέφυγεν καὶ μάλισθ᾽ ὅσα προκομισθῆναι κατὰ προμήθειαν τἀνδρὸς εἰς τὴν Ἰδουμαίαν ἐφθάκει. τὰ μὲν οὖν κατὰ τὴν πόλιν οὐκ ἀπέχρησε τοῖς Πάρθοις, ἀλλὰ καὶ τὴν χώραν αὐτῶν ἐξιόντες ἐκάκουν καὶ Μάρισάν τε πόλιν δυνατὴν ἀνέστησαν. 				
365	UNREVIEWED	UNREVIEWED	UNPLACED	UNASSESSED	NO_CASE_YET					Καὶ Ἀντίγονος μὲν οὕτως καταχθεὶς εἰς τὴν Ἰουδαίαν ὑπὸ τοῦ Πάρθων βασιλέως Ὑρκανὸν καὶ Φασάηλον δεσμώτας παραλαμβάνει. σφόδρα δ᾽ ἦν ἄθυμος τῶν γυναικῶν αὐτὸν διαφυγουσῶν, ἃς τοῖς πολεμίοις ἐνεθυμεῖτο δώσειν, τοῦτον αὐτοῖς τὸν μισθὸν μετὰ τῶν χρημάτων ὑποσχόμενος.  				
366	UNREVIEWED	UNREVIEWED	UNPLACED	UNASSESSED	NO_CASE_YET					φοβούμενος δὲ τὸν Ὑρκανόν, μὴ τὸ πλῆθος αὐτῷ τὴν βασιλείαν ἀποκαταστήσῃ, παραστάς, ἐτηρεῖτο δὲ ὑπὸ τῶν Πάρθων, ἐπιτέμνει αὐτοῦ τὰ ὦτα πραγματευόμενος μηκέτ᾽ αὖθις εἰς αὐτὸν ἀφικέσθαι τὴν ἀρχιερωσύνην διὰ τὸ λελωβῆσθαι, τοῦ νόμου τῶν ὁλοκλήρων εἶναι τὴν τιμὴν ἀξιοῦντος.  				
367	UNREVIEWED	UNREVIEWED	UNPLACED	UNASSESSED	NO_CASE_YET					Φασάηλον δ᾽ ἄν τις θαυμάσειε τῆς εὐψυχίας, ὃς γνοὺς αὑτὸν ἀποσφάττεσθαι μέλλοντα οὐχὶ τὸν θάνατον ἡγήσατο δεινόν, τὸ δ᾽ ὑπ᾽ ἐχθροῦ τοῦτο παθεῖν πικρότατον καὶ αἴσχιστον ὑπολαβών, τὰς χεῖρας οὐκ ἔχων ἐλευθέρας ὑπὸ δεσμῶν πρὸς ἀναίρεσιν πέτρᾳ προσαράξας τὴν κεφαλὴν ἐξήγαγε μὲν αὑτὸν ὡς ἐδόκει κάλλιστα τοῦ ζῆν παρὰ τοιαύτην ἀπορίαν, τῆς δ᾽ ἐξουσίας τοῦ κτεῖναι πρὸς ἡδονὴν αὐτὸν ἀφείλετο τὸν πολέμιον.  				
368	UNREVIEWED	UNREVIEWED	UNPLACED	UNASSESSED	NO_CASE_YET					λέγουσι δ᾽, ὡς τραύματος μεγάλου γενομένου φαρμάκοις αὐτὸν ὑποπέμψας ἰατροὺς Ἀντίγονος ὡς ἐπὶ θεραπείᾳ διέφθειρεν θανασίμοις χρησαμένων εἰς τὸ τραῦμα.  				
369	UNREVIEWED	UNREVIEWED	UNPLACED	UNASSESSED	NO_CASE_YET					πρὸ μέντοι τοῦ τελέως ἀφεῖναι τὴν ψυχὴν ὁ Φασάηλος ἀκούσας παρά τινος γυναίου τὸν ἀδελφὸν Ἡρώδην τοὺς πολεμίους διαπεφευγότα σφόδρα τὴν τελευτὴν εὐθύμως ὑπέμεινεν καταλιπὼν τὸν ἐκδικῆσαι τὸν θάνατον αὐτοῦ καὶ τοὺς ἐχθροὺς τιμωρήσασθαι δυνάμενον. 				
370	UNREVIEWED	UNREVIEWED	UNPLACED	UNASSESSED	NO_CASE_YET					Ἡρώδην δὲ τὸ μέγεθος τῶν περιεστηκότων αὐτὸν κακῶν οὐ κατέπληττεν, ἀλλ᾽ ἐποίει δεινὸν εὑρίσκειν ἐπιβολὰς ἔργων παραβόλων. πρὸς γὰρ Μάλιχον τὸν Ἀράβων βασιλέα πολλὰ πρόσθεν εὐεργετημένον ἀπῄει τὴν ἀμοιβὴν κομιούμενος, ὅτε μάλιστα ἐδεῖτο, χρήματα ληψόμενος εἴτε δάνειον εἴτε δωρεὰν ὡς ἂν πολλῶν παρ᾽ αὐτοῦ τετυχηκότος.  				
371	UNREVIEWED	UNREVIEWED	UNPLACED	UNASSESSED	NO_CASE_YET					οὐ γὰρ εἰδὼς τὰ κατὰ τὸν ἀδελφὸν ἔσπευδεν λυτρώσασθαι παρὰ τῶν πολεμίων αὐτὸν λύτρον ὑπὲρ αὐτοῦ καταβαλὼν νόμισμα ἕως τριακοσίων ταλάντων. ἐπήγετο δὲ καὶ τὸν Φασαήλου παῖδα διὰ ταύτην τὴν αἰτίαν ἑπταετῆ τυγχάνοντα, παρασχὼν αὐτὸν ἐνέχυρον τοῖς Ἄραψιν.  				
372	UNREVIEWED	UNREVIEWED	UNPLACED	UNASSESSED	NO_CASE_YET					ἀγγέλων δ᾽ αὐτὸν ὑπαντησάντων παρὰ τοῦ Μαλίχου, δι᾽ ὧν ἐκέλευσεν αὐτὸν ἀναχωρεῖν: παρηγγελκέναι γὰρ αὐτῷ Πάρθους Ἡρώδην μὴ δέχεσθαι: ταύτῃ δ᾽ ἐχρῆτο προφάσει ὑπὲρ τοῦ μὴ ἀποδοῦναι τὰ χρέα καὶ τῶν ἐν τέλει παρὰ τοῖς Ἄραψιν εἰς τοῦτο ἐναγόντων, ὅπως ἀποστερήσωσιν τὰς παρακαταθήκας, ἃς παρὰ Ἀντιπάτρου λαβόντες ἔτυχον,  				
373	UNREVIEWED	UNREVIEWED	UNPLACED	UNASSESSED	NO_CASE_YET					ἀπεκρίνατο αὐτοῖς οὐδὲν ἐνοχλήσων ἀφικνεῖσθαι πρὸς αὐτούς, μόνον δὲ διαλεξόμενος περὶ τῶν ἀναγκαιοτάτων αὐτῷ πραγμάτων. 				
374	UNREVIEWED	UNREVIEWED	UNPLACED	UNASSESSED	NO_CASE_YET					Ἔπειτα δόξαν ἀναχωρεῖν ἀπῄει μάλα σωφρόνως τὴν ἐπ᾽ Αἰγύπτου. καὶ τότε μὲν ἔν τινι ἱερῷ κατάγεται, καταλελοίπει γὰρ αὐτόθι πολλοὺς τῶν ἑπομένων, τῇ δ᾽ ὑστεραίᾳ παραγενόμενος εἰς Ῥινοκούρουρα ἐκεῖ καὶ τὰ περὶ τὸν ἀδελφὸν ἤκουσεν.  				
375	UNREVIEWED	UNREVIEWED	UNPLACED	UNASSESSED	NO_CASE_YET					Μαλίχῳ δὲ μεταγνόντι καὶ μεταθέοντι τὸν Ἡρώδην οὐδὲν τούτου περισσότερον ἐγένετο: πορρωτάτω γὰρ ἦν ἤδη σπεύδων τὴν ἐπὶ Πηλουσίου. ἐπεὶ δ᾽ αὐτὸν ἐλθόντα νῆες ὁρμοῦσαι αὐτόθι εἶργον τοῦ ἐπ᾽ Ἀλεξανδρείας πλοῦ, τοῖς ἡγεμόσιν ἐντυγχάνει, ὑφ᾽ ὧν κατ᾽ αἰδῶ καὶ πολλὴν ἐντροπὴν προπεμφθεὶς εἰς τὴν πόλιν, ὑπὸ Κλεοπάτρας κατείχετο.  				
376	UNREVIEWED	UNREVIEWED	UNPLACED	UNASSESSED	NO_CASE_YET					πεῖσαι μέντοι μένειν αὐτὸν οὐκ ἠδυνήθη εἰς Ῥώμην ἐπειγόμενον χειμῶνός τε ὄντος καὶ τῶν κατὰ τὴν Ἰταλίαν ἐν ταραχῇ καὶ σάλῳ πολλῷ δηλουμένων. 				
377	UNREVIEWED	UNREVIEWED	UNPLACED	UNASSESSED	NO_CASE_YET					Ἀναχθεὶς οὖν ἐκεῖθεν ἐπὶ Παμφυλίας καὶ χειμῶνι σφοδρῷ περιπεσὼν μόλις εἰς Ῥόδον διασώζεται φορτίων ἀποβολῆς γενομένης. καὶ δύο μὲν ἐνταυθοῖ τῶν φίλων αὐτῷ συνήντησαν, Σαππῖνός τε καὶ Πτολεμαῖος.  				
378	UNREVIEWED	UNREVIEWED	UNPLACED	UNASSESSED	NO_CASE_YET					εὑρὼν δὲ τὴν πόλιν ὑπὸ τοῦ πρὸς Κάσσιον πολέμου κεκακωμένην οὐδ᾽ ἐν ἀπόροις ὢν εὖ ποιεῖν αὐτὴν ὤκνησεν, ἀλλὰ καὶ παρὰ δύναμιν αὐτὴν ἀνεκτᾶτο. τριήρη τε κατασκευάσας, καὶ ἀναχθεὶς ἐκεῖθεν σὺν τοῖς φίλοις ἐπ᾽ Ἰταλίας εἰς Βρεντέσιον κατάγεται.  				
379	UNREVIEWED	UNREVIEWED	UNPLACED	UNASSESSED	NO_CASE_YET					κἀκεῖθεν εἰς Ῥώμην ἀφικόμενος πρῶτον μὲν Ἀντωνίῳ φράζει τὰ συμβάντα αὐτῷ κατὰ τὴν Ἰουδαίαν, καὶ πῶς ὁ ἀδελφὸς αὐτοῦ Φασάηλος ὑπὸ Πάρθων ἀπόλοιτο συλληφθεὶς καὶ Ὑρκανὸς ὑπ᾽ αὐτῶν αἰχμάλωτος ἔχοιτο, καὶ ὡς Ἀντίγονον καταστήσειαν βασιλέα χρήματα δώσειν ὑποσχόμενον χίλια τάλαντα καὶ γυναῖκας πεντακοσίας, αἳ τῶν πρώτων κἀκ τοῦ γένους τοῦ αὐτῶν ἔμελλον ἔσεσθαι, καὶ ὅτι ταύτας νυκτὸς ἐκκομίσειεν καὶ διαφύγοι τὰς τῶν ἐχθρῶν χεῖρας πολλὰς ὑπομείνας ταλαιπωρίας.  				
380	UNREVIEWED	UNREVIEWED	UNPLACED	UNASSESSED	NO_CASE_YET					εἶτ᾽ ἐπιδιακινδυνεύειν † αὐτῷ τοὺς οἰκείους πολιορκουμένους πλεύσειέ τε διὰ χειμῶνος καὶ παντὸς καταφρονήσειε δεινοῦ σπεύδων ἐπὶ τὰς ἐλπίδας τὰς παρ᾽ αὐτοῦ καὶ τὴν μόνην βοήθειαν. 				
381	UNREVIEWED	UNREVIEWED	UNPLACED	UNASSESSED	NO_CASE_YET					Ἀντώνιον δ᾽ οἶκτος εἰσέρχεται τῆς Ἡρώδου μεταβολῆς, καὶ τῷ κοινῷ χρησάμενος λογισμῷ περὶ τῶν ἐν ἀξιώματι τοσούτῳ καθεστώτων ὡς κἀκείνων ὑποκειμένων τῇ τύχῃ, τὰ μὲν κατὰ μνήμην τῆς Ἀντιπάτρου ξενίας,  				
382	UNREVIEWED	UNREVIEWED	UNPLACED	UNASSESSED	NO_CASE_YET					τὰ δὲ καὶ ὑπὸ χρημάτων ὧν αὐτῷ δώσειν Ἡρώδης, εἰ γένοιτο βασιλεύς, ὑπέσχετο καθὼς καὶ πρότερον τετράρχης ἀπεδέδεικτο, πολὺ μέντοι μᾶλλον διὰ τὸ πρὸς Ἀντίγονον μῖσος, στασιαστὴν γὰρ καὶ Ῥωμαίοις ἐχθρὸν αὐτὸν ὑπελάμβανεν, πρόθυμος ἦν οἷς Ἡρώδης παρεκάλει συλλαμβάνεσθαι.  				
383	UNREVIEWED	UNREVIEWED	UNPLACED	UNASSESSED	NO_CASE_YET					Καῖσαρ μὲν οὖν καὶ διὰ τὰς Ἀντιπάτρου στρατείας, ἃς κατ᾽ Αἴγυπτον αὐτοῦ τῷ πατρὶ συνδιήνεγκεν, καὶ τὴν ξενίαν καὶ τὴν ἐν ἅπασιν εὔνοιαν, καὶ χαριζόμενος δὲ Ἀντωνίῳ σφόδρα περὶ τὸν Ἡρώδην ἐσπουδακότι, πρὸς τὴν ἀξίωσιν καὶ τὴν ὧν ἐβούλετο Ἡρώδης συνεργίαν ἑτοιμότερος ἦν.  				
384	UNREVIEWED	UNREVIEWED	UNPLACED	UNASSESSED	NO_CASE_YET					συναγαγόντες δὲ τὴν βουλὴν Μεσσάλας καὶ μετ᾽ αὐτὸν Ἀτρατῖνος, παραστησάμενοι τὸν Ἡρώδην τάς τε τοῦ πατρὸς εὐεργεσίας αὐτοῦ διεξῄεσαν καὶ ἣν αὐτὸς πρὸς Ῥωμαίους εἶχεν εὔνοιαν ὑπεμίμνησκον, κατηγοροῦντες ἅμα καὶ πολέμιον ἀποφαίνοντες τὸν Ἀντίγονον οὐκ ἐξ ὧν τὸ πρῶτον προσέκρουσεν αὐτοῖς μόνον, ἀλλ᾽ ὅτι καὶ παρὰ Πάρθων τὴν ἀρχὴν λάβοι Ῥωμαίους ὑπεριδών.  				
385	UNREVIEWED	UNREVIEWED	UNPLACED	UNASSESSED	NO_CASE_YET					τῆς δὲ βουλῆς ἐπὶ τούτοις παρωξυμμένης παρελθὼν Ἀντώνιος ἐδίδασκεν αὐτούς, ὡς καὶ πρὸς τὸν κατὰ Πάρθων πόλεμον Ἡρώδην βασιλεύειν συμφέρει. καὶ δόξαν τοῦτο πᾶσι ψηφίζονται. 				
386	UNREVIEWED	UNREVIEWED	UNPLACED	UNASSESSED	NO_CASE_YET					Καὶ τοῦτο τὸ μέγιστον ἦν τῆς Ἀντωνίου περὶ τὸν Ἡρώδην σπουδῆς, ὅτι μὴ μόνον αὐτῷ τὴν βασιλείαν οὐκ ἐλπίζοντι περιεποιήσατο, οὐ γὰρ πρὸς αὐτὸν ἀνέβη ταύτην αἰτησόμενος, οὐ γὰρ ἐνόμιζεν αὐτῷ τοὺς Ῥωμαίους παρέξειν τοῖς ἐκ τοῦ γένους ἔθος ἔχοντας αὐτὴν διδόναι,  				
387	UNREVIEWED	UNREVIEWED	UNPLACED	UNASSESSED	NO_CASE_YET					ἀλλὰ διὰ τὸ τῷ τῆς γυναικὸς ἀδελφῷ λαβεῖν ἀξιώσων Ἀλεξάνδρῳ υἱωνῷ τυγχάνοντι πρὸς μὲν πατρὸς Ἀριστοβούλου πρὸς δὲ μητρὸς Ὑρκανοῦ, ἀλλ᾽ ὅτι καὶ ἑπτὰ ταῖς πάσαις ἡμέραις παρέσχεν αὐτῷ τυχόντι τῶν οὐδὲ προσδοκηθέντων ἀπελθεῖν ἐκ τῆς Ἰταλίας.  				
388	UNREVIEWED	UNREVIEWED	UNPLACED	UNASSESSED	NO_CASE_YET					τοῦτον μὲν οὖν τὸν νεανίσκον Ἡρώδης ἀπέκτεινεν, ὡς κατὰ καιρὸν δηλώσομεν: λυθείσης δὲ τῆς βουλῆς μέσον ἔχοντες Ἡρώδην Ἀντώνιος καὶ Καῖσαρ ἐξῄεσαν προαγόντων ἅμα ταῖς ἄλλαις ἀρχαῖς τῶν ὑπάτων θύσοντές τε καὶ τὸ δόγμα καταθησόμενοι εἰς τὸ Καπετώλιον.  				
389	UNREVIEWED	UNREVIEWED	UNPLACED	UNASSESSED	NO_CASE_YET					ἑστιᾷ δὲ τὴν πρώτην ἡμέραν τῆς βασιλείας Ἀντώνιος. καὶ ὁ μὲν οὕτως τὴν βασιλείαν παραλαμβάνει τυχὼν αὐτῆς ἐπὶ τῆς ἑκατοστῆς καὶ ὀγδοηκοστῆς καὶ τετάρτης ὀλυμπιάδος ὑπατεύοντος Γναίου Δομετίου Καλβίνου τὸ δεύτερον καὶ Γαΐου Ἀσινίου Πωλίωνος. 				
390	UNREVIEWED	UNREVIEWED	UNPLACED	UNASSESSED	NO_CASE_YET					Τοῦτον δὲ ἅπαντα τὸν χρόνον Ἀντίγονος ἐπολιόρκει τοὺς ἐν Μασάδα, τῶν μὲν ἄλλων ἐπιτηδείων αὐτοῖς ὑπαρχόντων, μόνου δὲ σπανίζοντος ὕδατος, ὡς διὰ τοῦτο καὶ τὸν ἀδελφὸν τὸν Ἡρώδου Ἰώσηπον σὺν διακοσίοις τῶν οἰκείων ἀποδρᾶναι βουλεύσασθαι πρὸς Ἄραβας: ἀκηκόει γὰρ ὡς Μάλχος τῶν εἰς Ἡρώδην ἁμαρτημάτων μετανοεῖ.  				
391	UNREVIEWED	UNREVIEWED	UNPLACED	UNASSESSED	NO_CASE_YET					κατέσχε δ᾽ αὐτὸν ὕσας διὰ τῆς νυκτὸς ὁ θεός: τῶν γὰρ ἐκδοχείων πλησθέντων τοῦ ὕδατος οὐκέτι τῆς φυγῆς ἐδεῖτο, ἀλλὰ τεθαρσηκότες ἤδη καὶ πλέον ἢ κατὰ τὴν εὐπορίαν τοῦ σπανίζοντος, ὡς ἐκ θεοῦ προνοίας ταύτης αὐτοῖς γεγενημένης, ἐπεξιόντες καὶ συμπλεκόμενοι τοῖς περὶ τὸν Ἀντίγονον τοῖς μὲν φανερῶς, τοῖς δὲ καὶ λάθρα, πολλοὺς αὐτῶν διέφθειραν.  				
392	UNREVIEWED	UNREVIEWED	UNPLACED	UNASSESSED	NO_CASE_YET					κἀν τούτῳ Βεντίδιος ὁ Ῥωμαίων στρατηγὸς πεμφθεὶς ἐκ Συρίας ὥστε Πάρθους ἀνείργειν, μετ᾽ ἐκείνους εἰς τὴν Ἰουδαίαν παρέβαλεν τῷ λόγῳ μὲν Ἰωσήπῳ συμμαχήσων, τὸ δ᾽ ὅλον ἦν αὐτῷ στρατήγημα χρήματα παρ᾽ Ἀντιγόνου λαβεῖν: ἔγγιστα γοῦν Ἱεροσολύμων στρατοπεδευόμενος ἀποχρώντως ἠργυρίσατο τὸν Ἀντίγονον.  				
393	UNREVIEWED	UNREVIEWED	UNPLACED	UNASSESSED	NO_CASE_YET					καὶ αὐτὸς μὲν ἀνεχώρησεν σὺν τῇ πλείονι δυνάμει, ἵνα δὲ μὴ κατάφωρον γένηται τὸ λῆμμα, Σίλωνα μετὰ μέρους τινὸς τῶν στρατιωτῶν κατέλιπεν, ὃν καὶ αὐτὸν ἐθεράπευεν Ἀντίγονος, ὅπως μηδὲν ἐνοχλοίη, προσδοκῶν καὶ πάλιν αὐτῷ Πάρθους ἐπαμυνεῖν. 				
394	UNREVIEWED	UNREVIEWED	UNPLACED	UNASSESSED	NO_CASE_YET					Ἡρώδης δ᾽ ἐκ τῆς Ἰταλίας ἤδη καταπεπλευκὼς εἰς Πτολεμαΐδα καὶ συναγηοχὼς δύναμιν οὐκ ὀλίγην ξένων τε ἅμα καὶ ὁμοφύλων ἤλαυνε διὰ τῆς Γαλιλαίας ἐπὶ τὸν Ἀντίγονον. συνελάμβανον δ᾽ αὐτῷ Σίλων τε καὶ Βεντίδιος πεισθέντες ὑπὸ Δελλίου συγκατάγειν Ἡρώδην τοῦ πεμφθέντος ὑπ᾽ Ἀντωνίου.  				
395	UNREVIEWED	UNREVIEWED	UNPLACED	UNASSESSED	NO_CASE_YET					Βεντίδιος μὲν οὖν ἐτύγχανεν τὰς ταραχὰς τὰς διὰ Πάρθους ἐν ταῖς πόλεσιν οὔσας καθιστάμενος, Σίλων δ᾽ ἐν Ἰουδαίᾳ χρήμασιν ὑπ᾽ Ἀντιγόνου διεφθαρμένος. Ἡρώδῃ μέντοι προϊόντι καθ᾽ ἑκάστην ἡμέραν ἡ δύναμις ηὔξετο καὶ πᾶσα Γαλιλαία πλὴν ὀλίγων αὐτῷ προστέθειτο.  				
396	UNREVIEWED	UNREVIEWED	UNPLACED	UNASSESSED	NO_CASE_YET					ὡρμηκότα δ᾽ αὐτὸν ἐπὶ τοὺς ἐν Μεσάδα, ἀναγκαῖον γὰρ ἦν τὸ σῶσαι τοὺς ἐν τῷ φρουρίῳ πολιορκουμένους συγγενεῖς ὄντας, ἐμποδὼν Ἰόππη γίνεται: πολεμίαν γὰρ οὖσαν αὐτὴν ἐχρῆν ἐξελεῖν πρότερον, ὅπως μηδὲν ὑπολείπηται κατὰ νώτου τοῖς ἐχθροῖς ἔρυμα χωροῦντος ἐπὶ Ἱεροσολύμων.  				
397	UNREVIEWED	UNREVIEWED	UNPLACED	UNASSESSED	NO_CASE_YET					ποιησαμένου δὲ καὶ Σίλωνος ταύτην πρόφασιν τῆς ἀπαναστάσεως καὶ τῶν Ἰουδαίων διωκόντων αὐτὸν Ἡρώδης μετ᾽ ὀλίγου στίφους ἐπέξεισιν καὶ τρέπεται μὲν τοὺς Ἰουδαίους, Σίλωνα δὲ σώζει κακῶς ἀμυνόμενον, ἑλών τε τὴν Ἰόππην ἔσπευδεν ῥυσόμενος τοὺς ἐν Μασάδα οἰκείους.  				
398	UNREVIEWED	UNREVIEWED	UNPLACED	UNASSESSED	NO_CASE_YET					τῶν δ᾽ ἐπιχωρίων οἱ μὲν αὐτῷ διὰ τὴν πατρῴαν προσεχώρουν φιλίαν, οἱ δὲ διὰ τὴν αὐτοῦ δόξαν, ἄλλοι δὲ κατ᾽ ἀμοιβὴν τῆς παρ᾽ ἀμφοτέρων εὐεργεσίας, οἱ πλείους δὲ διὰ τὰς ἐλπίδας, ἃς ὡς ἐπὶ βασιλεῖ βεβαίῳ τὸ λοιπὸν εἶχον. 				
399	UNREVIEWED	UNREVIEWED	UNPLACED	UNASSESSED	NO_CASE_YET					Ἤθροιστο δὴ δύναμις βαρεῖα, καὶ προϊόντος Ἀντίγονος τῶν παρόδων τοὺς ἐπιτηδείους τόπους ἐνέδραις καὶ λόχοις κατελάμβανεν καὶ καθάπαξ οὐδὲν ἐκ τούτου τοὺς πολεμίους ἢ μικρὰ παντάπασιν ἔβλαπτεν.  				
400	UNREVIEWED	UNREVIEWED	UNPLACED	UNASSESSED	NO_CASE_YET					Ἡρώδης δὲ τοὺς ἐκ Μασάδας οἰκείους παραλαβὼν καὶ Ῥῆσαν τὸ φρούριον ᾔει πρὸς τὰ Ἱεροσόλυμα, συνῆπτε δ᾽ αὐτῷ τὸ μετὰ Σίλωνος στρατιωτικὸν καὶ πολλοὶ τῶν ἐκ τῆς πόλεως τὴν ἰσχὺν καταπλαγέντες.  				
401	UNREVIEWED	UNREVIEWED	UNPLACED	UNASSESSED	NO_CASE_YET					στρατοπεδευσαμένου δὲ κατὰ τὸ πρὸς δύσιν τῆς πόλεως κλίμα οἱ κατὰ τοῦτο τεταγμένοι φύλακες ἠκόντιζόν τε καὶ ἐτόξευον εἰς αὐτούς,  				
402	UNREVIEWED	UNREVIEWED	UNPLACED	UNASSESSED	NO_CASE_YET					ἐνίων δὲ καὶ κατὰ στῖφος ἐξιόντων καὶ τοῖς προτεταγμένοις εἰς χεῖρας ἐρχομένων, Ἡρώδης τὸ μὲν πρῶτον ἐκέλευσεν κηρύσσειν περὶ τὸ τεῖχος, ὡς ἐπ᾽ ἀγαθῷ τε παρείη τοῦ δήμου καὶ ἐπὶ σωτηρίᾳ τῆς πόλεως, μηδὲν μηδὲ τοῖς φανεροῖς τῶν ἐχθρῶν μνησικακήσων, ἀλλὰ παρέξων καὶ τοῖς διαφορωτάτοις ἀμνηστίαν τῶν εἰς αὐτὸν ἁμαρτημάτων.  				
403	UNREVIEWED	UNREVIEWED	UNPLACED	UNASSESSED	NO_CASE_YET					τοῦ δὲ Ἀντιγόνου πρὸς τὰ ὑπὸ τοῦ Ἡρώδου κηρυχθέντα λέγοντος πρός τε Σίλωνα καὶ τὸ τῶν Ῥωμαίων στράτευμα, ὡς παρὰ τὴν αὐτῶν δικαιοσύνην Ἡρώδῃ δώσουσιν τὴν βασιλείαν ἰδιώτῃ τε ὄντι καὶ Ἰδουμαίῳ, τουτέστιν ἡμιιουδαίῳ, δέον τοῖς ἐκ τοῦ γένους οὖσι παρέχειν ὡς ἔθος ἐστὶν αὐτοῖς.  				
404	UNREVIEWED	UNREVIEWED	UNPLACED	UNASSESSED	NO_CASE_YET					καὶ γὰρ εἰ νυνὶ πρὸς αὐτὸν ἔχουσιν χαλεπῶς καὶ τὴν βασιλείαν ὡς λαβόντα παρὰ Πάρθων ἀφελέσθαι διεγνώκασιν, εἶναί γε πολλοὺς ἐκ τοῦ γένους αὐτοῦ τοὺς ληψομένους κατὰ τὸν νόμον τὴν βασιλείαν, οἳ μηδὲν ἐξημαρτηκότες αὐτοὶ πρὸς Ῥωμαίους καὶ ἱερεῖς ὄντες οὐκ ἂν εἰκότα πάσχοιεν τῆς τιμῆς στερόμενοι.  				
405	UNREVIEWED	UNREVIEWED	UNPLACED	UNASSESSED	NO_CASE_YET					ταῦτα πρὸς ἀλλήλους αὐτῶν λεγόντων καὶ προελθόντων εἰς βλασφημίας Ἀντίγονος ἀμύνασθαι τοὺς ἀπὸ τοῦ τείχους ἐπέτρεπεν τοῖς ἰδίοις. οἱ δὲ τοξεύοντες καὶ πολλῇ προθυμίᾳ κατ᾽ αὐτῶν χρώμενοι ῥᾳδίως αὐτοὺς ἀπὸ τῶν πύργων ἐτρέψαντο. 				
406	UNREVIEWED	UNREVIEWED	UNPLACED	UNASSESSED	NO_CASE_YET					Τότε καὶ Σίλων ἀπεκαλύψατο τὴν δωροδοκίαν: καθῆκε γὰρ τῶν οἰκείων στρατιωτῶν οὐκ ὀλίγους σπάνιν τῶν ἐπιτηδείων καταβοᾶν καὶ χρήματα εἰς τροφὰς αἰτεῖν καὶ χειμάσοντας ἀπάγειν εἰς τοὺς ἐπιτηδείους τόπους, τῶν περὶ τὴν πόλιν ὄντων ἐρήμων διὰ τὸ ὑπὸ τῶν Ἀντιγόνου στρατιωτῶν ἀνεσκευάσθαι, ἐκίνει τε τὸ στρατόπεδον καὶ ἀναχωρεῖν ἐπειρᾶτο.  				
407	UNREVIEWED	UNREVIEWED	UNPLACED	UNASSESSED	NO_CASE_YET					Ἡρώδης δ᾽ ἐνέκειτο παρακαλῶν τούς τε ὑπὸ τῷ Σίλωνι ἡγεμόνας καὶ τοὺς στρατιώτας μὴ καταλιπεῖν αὐτόν, Καίσαρός τε καὶ Ἀντωνίου καὶ τῆς συγκλήτου προτρεψάντων αὐτόν: προνοήσειν γὰρ αὐτῶν τῆς εὐπορίας καὶ παρέξειν αὐτοῖς ἀφθονίαν ὧν ἐπιζητοῦσιν ῥᾳδίως.  				
408	UNREVIEWED	UNREVIEWED	UNPLACED	UNASSESSED	NO_CASE_YET					καὶ μετὰ τὴν δέησιν εὐθὺς ἐξορμήσας εἰς τὴν χώραν οὐκέτ᾽ οὐδεμίαν Σίλωνι τῆς ἀναχωρήσεως πρόφασιν ὑπελίπετο: πλῆθος γὰρ ὅσον οὐδ᾽ ἤλπισέν τις τῶν ἐπιτηδείων ἐκόμισεν, τοῖς τε περὶ Σαμάρειαν ᾠκειωμένοις πρὸς αὐτὸν ἐπέστειλεν σῖτα καὶ οἶνον καὶ ἔλαιον καὶ βοσκήματα τά τε ἄλλα πάντα κατάγειν εἰς Ἱεριχοῦντα τοῦ μηδὲ τὰς ἑξῆς ἡμέρας εἰς χορηγίαν τοὺς στρατιώτας ἐπιλιπεῖν.  				
409	UNREVIEWED	UNREVIEWED	UNPLACED	UNASSESSED	NO_CASE_YET					οὐκ ἐλάνθανε δὲ ταῦτ᾽ Ἀντίγονον, ἀλλ᾽ εὐθὺς ἀπέπεμψεν κατὰ τὴν χώραν τοὺς εἴρξοντας καὶ λοχήσοντας τοὺς σιτηγοῦντας, οἱ δὲ πειθόμενοι τοῖς Ἀντιγόνου προστάγμασιν καὶ πολὺ πλῆθος ὁπλιτῶν περὶ Ἱεριχοῦντα ἀθροίσαντες παρεφύλασσον ἐπὶ τῶν ὀρῶν καθεσθέντες τοὺς τὰ ἐπιτήδεια κομίζοντας.  				
410	UNREVIEWED	UNREVIEWED	UNPLACED	UNASSESSED	NO_CASE_YET					οὐ μὴν Ἡρώδης τούτων πραττομένων ἠρέμει, δέκα δὲ σπείρας ἀναλαβών, ὧν πέντε μὲν Ῥωμαίων, πέντε δὲ Ἰουδαίων ἦσαν, καὶ μισθοφόρους μιγάδας πρὸς οἷς ὀλίγους τῶν ἱππέων ἐπὶ Ἱεριχοῦντα παραγίνεται, καὶ τὴν μὲν πόλιν ἐκλελειμμένην καταλαβών, πεντακοσίους δὲ τὰ ἄκρα κατειληφότας σὺν γυναιξὶν καὶ γενεαῖς, τούτους μὲν ἀπέλυσεν λαβών, Ῥωμαῖοι δὲ εἰσπεσόντες διήρπασαν τὴν πόλιν μεσταῖς ἐπιτυγχάνοντες παντοίων κειμηλίων ταῖς οἰκίαις.  				
411	UNREVIEWED	UNREVIEWED	UNPLACED	UNASSESSED	NO_CASE_YET					Ἱεριχοῦντος μὲν οὖν φρουρὰν καταλιπὼν ὁ βασιλεὺς ὑπέστρεψεν καὶ χειμάσουσαν τὴν Ῥωμαίων στρατιὰν εἰς τὰς προσκεχωρηκυίας διαφῆκεν Ἰδουμαίαν καὶ Γαλιλαίαν καὶ Σαμάρειαν.  				
412	UNREVIEWED	UNREVIEWED	UNPLACED	UNASSESSED	NO_CASE_YET					ἔτυχεν δὲ καὶ Ἀντίγονος παρὰ Σίλωνος ἀντὶ τῆς δωροδοκίας ὥστε ὑποδέξασθαι τοῦ στρατοῦ μοῖραν ἐν Λύδδοις θεραπεύων Ἀντώνιον. καὶ Ῥωμαῖοι μὲν ἐν ἀφθόνοις διῆγον ἀνειμένοι τῶν ὅπλων. 				
413	UNREVIEWED	UNREVIEWED	UNPLACED	UNASSESSED	NO_CASE_YET					Ἡρώδῃ δ᾽ οὐκ ἐδόκει μένειν ἐφ᾽ ἡσυχίας, ἀλλ᾽ ἐπὶ τὴν Ἰδουμαίαν τὸν ἀδελφὸν Ἰώσηπον σὺν δισχιλίοις ὁπλίταις καὶ τετρακοσίοις ἱππεῦσιν ἐξέπεμψεν, αὐτὸς δ᾽ εἰς Σαμάρειαν παραγενόμενος καὶ καταθέμενος αὐτόθι τήν τε μητέρα καὶ τοὺς συγγενεῖς ἐξεληλυθότας ἤδη ἐκ τῶν Μασάδων ἐπὶ Γαλιλαίας ᾤχετο ἐξαιρήσων τινὰ τῶν χωρίων ὑπ᾽ Ἀντιγόνου φρουραῖς κατειλημμένα.  				
414	UNREVIEWED	UNREVIEWED	UNPLACED	UNASSESSED	NO_CASE_YET					διελθὼν δὲ εἰς Σέπφωριν νίφοντος τοῦ θεοῦ καὶ τῶν Ἀντιγόνου φρουρῶν ὑπεξελθόντων ἐν ἀφθόνοις ἦν τοῖς ἐπιτηδείοις.  				
415	UNREVIEWED	UNREVIEWED	UNPLACED	UNASSESSED	NO_CASE_YET					εἶτ᾽ ἐκεῖθεν λῃστῶν τινων ἐν σπηλαίοις κατοικούντων ἱππέων ἐπ᾽ αὐτοὺς ἴλην ἐκπέμπει καὶ ὁπλιτικοῦ τρία τέλη παῦσαι κακουργοῦντας ἐγνωκώς:  				
416	UNREVIEWED	UNREVIEWED	UNPLACED	UNASSESSED	NO_CASE_YET					ἔγγιστα δ᾽ ἦν ταῦτα κώμης Ἀρβήλων λεγομένης. εἰς δὲ τεσσαρακοστὴν ἡμέραν αὐτὸς ἧκεν πανστρατιᾷ, καὶ θρασέως ἐξελθόντων τῶν πολεμίων κλίνεται μὲν τὸ εὐώνυμον αὐτῶν κέρας τῆς φάλαγγος, ἐπιφανεὶς δ᾽ αὐτὸς μετὰ στίφους τρέπει μὲν εἰς φυγὴν τοὺς πάλαι νικῶντας, ἀναστρέφει δὲ τοὺς φεύγοντας.  				
417	UNREVIEWED	UNREVIEWED	UNPLACED	UNASSESSED	NO_CASE_YET					ἐνέκειτο δὲ διώκων τοὺς πολεμίους ἄχρι Ἰορδάνου ποταμοῦ φεύγοντας κατ᾽ ἄλλας ὁδούς, καὶ προσάγεται μὲν πᾶσαν τὴν Γαλιλαίαν πλὴν τῶν ἐν τοῖς σπηλαίοις κατοικούντων, διανέμει δὲ καὶ ἀργύριον κατ᾽ ἄνδρα δοὺς ἑκατὸν καὶ πεντήκοντα δραχμάς, τοῖς δὲ ἡγεμόσιν πολὺ πλέον, εἰς τὰ χειμάδια διέπεμψεν.  				
418	UNREVIEWED	UNREVIEWED	UNPLACED	UNASSESSED	NO_CASE_YET					καὶ ἐν τούτῳ Σίλων ἧκεν παρ᾽ αὐτὸν καὶ οἱ ἡγεμόνες τῶν ἐν τοῖς χειμαδίοις Ἀντιγόνου τροφὰς παρέχειν οὐ θέλοντος: μῆνα γὰρ οὐ πλέον αὐτοὺς ὁ ἀνὴρ ἔθρεψεν, διέπεμψεν δὲ καὶ πρὸς τοὺς κύκλῳ κελεύων τὰ κατὰ τὴν χώραν ἀνασκευάσασθαι καὶ εἰς τὰ ὄρη φεύγειν, ὡς μηδὲν ἔχοντες Ῥωμαῖοι λιμῷ διαφθαρεῖεν.  				
419	UNREVIEWED	UNREVIEWED	UNPLACED	UNASSESSED	NO_CASE_YET					Ἡρώδης δὲ τὴν μὲν τούτων πρόνοιαν Φερώρᾳ τῷ νεωτάτῳ τῶν ἀδελφῶν ἐπιτρέπει κελεύσας αὐτὸν ἅμα τειχίζειν καὶ Ἀλεξάνδρειον. ὁ δὲ ταχέως τε τοὺς στρατιώτας ἐν ἀφθονίᾳ πολλῇ τῶν ἀναγκαίων ἐποίησεν τό τε Ἀλεξάνδρειον ἠρημωμένον ἀνέκτισεν. 				
420	UNREVIEWED	UNREVIEWED	UNPLACED	UNASSESSED	NO_CASE_YET					Ὑπὸ δὲ τὸν αὐτὸν χρόνον Ἀντώνιος μὲν διέτριβεν ἐν Ἀθήναις, κατὰ δὲ Συρίαν Οὐεντίδιος Σίλωνα μεταπεμπόμενος ἐπὶ τοὺς Πάρθους ἐπέστελλεν πρῶτον μὲν Ἡρώδῃ συλλαμβάνεσθαι τοῦ πολέμου, ἔπειτα δὲ καὶ ἐπὶ τὸν σφέτερον καλεῖν τοὺς συμμάχους.  				
421	UNREVIEWED	UNREVIEWED	UNPLACED	UNASSESSED	NO_CASE_YET					ὁ δ᾽ ἐπὶ τοὺς ἐν τοῖς σπηλαίοις λῃστὰς ἐπειγόμενος Σίλωνα μὲν ἐξέπεμψεν Οὐεντιδίῳ, αὐτὸς δ᾽ ἐπ᾽ ἐκείνους ἐξώρμησεν.  				
422	UNREVIEWED	UNREVIEWED	UNPLACED	UNASSESSED	NO_CASE_YET					ἦν δ᾽ ἐν ὄρεσιν τὰ σπήλαια τελέως ἐξερρωγόσιν καὶ κατὰ τὸ μεσαίτατον ἀποκρήμνους ἔχοντα τὰς παρόδους καὶ πέτραις ὀξείαις ἐμπεριεχόμενα:  				
423	UNREVIEWED	UNREVIEWED	UNPLACED	UNASSESSED	NO_CASE_YET					ἐν δὴ τούτοις μετὰ πάντων τῶν οἰκείων ἐφώλευον. ὁ δὲ βασιλεὺς λάρνακας ἐπ᾽ αὐτοὺς πηξάμενος καθίει ταύτας σιδηραῖς ἁλύσεσιν ἐκδεδεμένας διὰ μηχανῆς ἀπὸ κορυφῆς τοῦ ὄρους, μήτε κάτωθεν ἀνιέναι διὰ τὴν ὀξύτητα τοῦ ὄρους δυναμένων μήτε ἄνωθεν καθέρπειν ἐπ᾽ αὐτούς.  				
424	UNREVIEWED	UNREVIEWED	UNPLACED	UNASSESSED	NO_CASE_YET					αἱ δὲ λάρνακες πλήρεις ὁπλιτῶν ὑπῆρχον ἅρπας μεγάλας ἐχόντων, αἷς ἔμελλον ἐπισπώμενοι τοὺς ἀνθεστῶτας τῶν λῃστῶν κτείνειν καταφερομένους. τὴν μέντοι γε κάθεσιν τῶν λαρνάκων σφαλερὰν εἶναι συνέβαινεν κατὰ βάθους ἀπείρου γινομένην: ἔνδον μέντοι καὶ τὰ ἐπιτήδεια παρῆν αὐτοῖς.  				
425	UNREVIEWED	UNREVIEWED	UNPLACED	UNASSESSED	NO_CASE_YET					ὡς δὲ καθιμήθησαν αἱ λάρνακες, ἐτόλμα δ᾽ οὐδεὶς προσελθεῖν τοῖς ἐπὶ τῶν στομίων, ἀλλ᾽ ὑπὸ δέους ἠρέμουν, μάχαιράν τις περιζωσάμενος τῶν ὁπλοφόρων καὶ ταῖν χεροῖν ἀμφοτέραιν δραξάμενος ἁλύσεως, ἀφ᾽ ἧς ἤρτητο ἡ λάρναξ, κατῄει ἐπὶ τὰ στόμια δυσχεράνας τὴν τριβὴν τῶν ἐπεξιέναι μὴ τολμώντων.  				
426	UNREVIEWED	UNREVIEWED	UNPLACED	UNASSESSED	NO_CASE_YET					καὶ γενόμενος κατά τι στόμιον πρῶτα μὲν παλτοῖς ἀνακόπτει τοὺς πολλοὺς τῶν ἐπὶ τοῦ στομίου, ἔπειτα ἅρπῃ τοὺς ἀνθεστῶτας ἐπισπασάμενος ὠθεῖ κατὰ τοῦ κρημνοῦ, καὶ τοῖς ἔνδον ἐπεισελθὼν ἀποσφάττει τε πολλοὺς καὶ εἰσελθὼν εἰς τὴν λάρνακα ἡσύχασεν.  				
427	UNREVIEWED	UNREVIEWED	UNPLACED	UNASSESSED	NO_CASE_YET					φόβος δὲ εἶχε τοὺς ἄλλους τῆς οἰμωγῆς ἀκούοντας καὶ περὶ τῆς σωτηρίας ἀπόγνωσις, τὸ μέντοι γε πᾶν ἔργον ἐπέσχεν ἐπεξελθοῦσιν: καὶ πολλοὶ συγχωρήσαντος τοῦ βασιλέως ἐπικηρυκευσάμενοι παρέδοσαν σφᾶς ὑπηκόους εἶναι.  				
428	UNREVIEWED	UNREVIEWED	UNPLACED	UNASSESSED	NO_CASE_YET					τῷ δ᾽ αὐτῷ τρόπῳ καὶ κατὰ τὴν ἐπιοῦσαν ἐχρήσαντο τῇ προσβολῇ, μᾶλλον ἔτι τῶν ἐν τοῖς πήγμασιν ἐπεξιόντων αὐτοῖς καὶ κατὰ θύρας μαχομένων πῦρ τε ἐνιέντων.  				
429	UNREVIEWED	UNREVIEWED	UNPLACED	UNASSESSED	NO_CASE_YET					ἐξαφθέντων τε τῶν ἄντρων, πολλὴ γὰρ ἦν ἐν αὐτοῖς ὕλη, πρεσβύτης τις ἀπειλημμένος ἔνδον σὺν ἑπτὰ τέκνοις καὶ γυναικί, δεομένων τούτων ἐᾶσαι σφᾶς ὑπεξελθεῖν πρὸς τοὺς πολεμίους, στὰς ἐπὶ τοῦ στομίου τὸν ἀεὶ πρῶτον ἐξιόντα τῶν παίδων ἀπέσφαττεν, εἰς ὃ πάντας διεχρήσατο, ἔπειτα δὲ καὶ τὴν γυναῖκα, καὶ ῥίψας κατὰ τοῦ κρημνοῦ τοὺς νεκροὺς ἐπικατέβαλεν ἑαυτὸν θάνατον πρὸ δουλείας ὑπομένων.  				
430	UNREVIEWED	UNREVIEWED	UNPLACED	UNASSESSED	NO_CASE_YET					πολλὰ δὲ πρῶτον ὠνείδισεν τὸν Ἡρώδην εἰς ταπεινότητα καί τοι τοῦ βασιλέως, ἦν γὰρ ἄποπτα αὐτῷ τὰ γινόμενα, δεξιάν τε προτείνοντος καὶ πᾶσαν ἄδειαν. τὰ μὲν οὖν σπήλαια τούτων γενομένων ἤδη πάντα ἐκεχείρωτο. 				
431	UNREVIEWED	UNREVIEWED	UNPLACED	UNASSESSED	NO_CASE_YET					Καταστήσας δ᾽ ὁ βασιλεὺς τοῖς αὐτόθι στρατηγὸν Πτολεμαῖον εἰς Σαμάρειαν ᾤχετο σὺν ἱππεῦσιν ἑξακοσίοις ὁπλίταις δὲ τρισχιλίοις ὡς μάχῃ κριθησόμενος πρὸς Ἀντίγονον.  				
432	UNREVIEWED	UNREVIEWED	UNPLACED	UNASSESSED	NO_CASE_YET					οὐ μὴν τῷ Πτολεμαίῳ προυχώρησεν τὰ κατὰ τὴν στρατηγίαν, ἀλλ᾽ οἱ καὶ πρότερον τὴν Γαλιλαίαν ταράξαντες ἐπεξελθόντες αὐτὸν διεχρήσαντο καὶ τοῦτο δράσαντες συμφεύγουσιν εἴς τε τὰ ἕλη καὶ τὰ δύσβατα τῶν χωρίων, ἄγοντες καὶ διαρπάζοντες τὴν αὐτόθι πᾶσαν.  				
433	UNREVIEWED	UNREVIEWED	UNPLACED	UNASSESSED	NO_CASE_YET					τιμωρεῖται δὲ τούτους Ἡρώδης ἐπανελθών: τοὺς μὲν γὰρ ἀναιρεῖ τῶν ἀποστάντων, τοὺς δ᾽ ἀναφυγόντας εἰς ἐρυμνὰ χωρία πολιορκίᾳ παραστησάμενος αὐτούς τε ἀπέκτεινεν καὶ τὰ ἐρύματα κατέσκαψεν. ἐζημίωσε δὲ παύσας οὕτως τὴν νεωτεροποιίαν καὶ τὰς πόλεις ἑκατὸν ταλάντοις. 				
434	UNREVIEWED	UNREVIEWED	UNPLACED	UNASSESSED	NO_CASE_YET					Ἐν δὲ τῷ μεταξὺ Πακόρου πεσόντος ἐν μάχῃ καὶ τῶν Πάρθων πταισάντων πέμπει βοηθὸν ὁ Βεντίδιος Ἡρώδῃ Μαχαιρᾶν σὺν δυσὶ τάγμασι καὶ χιλίοις ἱππεῦσιν ἐπισπεύδοντος Ἀντωνίου.  				
435	UNREVIEWED	UNREVIEWED	UNPLACED	UNASSESSED	NO_CASE_YET					Μαχαιρᾶς μὲν οὖν Ἀντιγόνου καλοῦντος αὐτὸν παρὰ τὴν Ἡρώδου γνώμην χρήμασι διεφθαρμένος ἀπῄει ὡς κατασκεψόμενος αὐτοῦ τὰ πράγματα. τὴν δὲ διάνοιαν ὑπιδόμενος αὐτοῦ τὴν τῆς ἀφίξεως Ἀντίγονος οὐδὲ προσεδέξατο, ἀλλὰ σφενδόναις βάλλων αὐτὸν ἀνεῖργεν, καὶ διεδήλου τὴν αὐτοῦ προαίρεσιν.  				
436	UNREVIEWED	UNREVIEWED	UNPLACED	UNASSESSED	NO_CASE_YET					αἰσθόμενος δὲ τὰ βέλτιστα Ἡρώδην αὐτῷ παραινοῦντα καὶ αὐτὸν διημαρτηκότα παρακούσαντα τῆς ἐκείνου συμβουλίας, ἀνεχώρει μὲν εἰς Ἀμμαοῦν πόλιν, οἷς δὲ κατὰ τὴν ὁδὸν Ἰουδαίοις περιετύγχανεν τούτους ἀπέσφαττεν ἐχθρούς τε καὶ φίλους ὀργιζόμενος ὑπὲρ ὧν πεπόνθει.  				
437	UNREVIEWED	UNREVIEWED	UNPLACED	UNASSESSED	NO_CASE_YET					παροξυνθεὶς δ᾽ ἐπὶ τούτοις ὁ βασιλεὺς ἐπὶ Σαμαρείας ᾔει: πρὸς γὰρ Ἀντώνιον ἐγνώκει περὶ τούτων ἀφικέσθαι: δεῖσθαι γὰρ οὐχὶ τοιούτων συμμάχων, οἳ βλάψουσι μᾶλλον αὐτὸν ἢ τοὺς πολεμίους: ἐξαρκεῖν δὲ καὶ αὐτῷ πρὸς τὴν Ἀντιγόνου καθαίρεσιν.  				
438	UNREVIEWED	UNREVIEWED	UNPLACED	UNASSESSED	NO_CASE_YET					παρακολουθῶν δ᾽ ὁ Μαχαιρᾶς ἐδεῖτο μένειν: εἰ δὲ οὕτως ὥρμηκεν, ἀλλὰ τόν γε ἀδελφὸν αὐτοῦ Ἰώσηπον παρακαθιστάνειν σφίσι προσπολεμοῦσιν Ἀντιγόνῳ. καὶ διαλλάττεται μὲν πολλὰ τοῦ Μαχαιρᾶ δεηθέντος, καταλιπὼν δὲ τὸν Ἰώσηπον αὐτόθι σὺν στρατῷ παρῄνεσεν μὴ ἀποκινδυνεύειν μηδὲ τῷ Μαχαιρᾷ διαφέρεσθαι. 				
439	UNREVIEWED	UNREVIEWED	UNPLACED	UNASSESSED	NO_CASE_YET					Αὐτὸς δὲ πρὸς Ἀντώνιον ἔσπευδεν, ἐτύγχανεν γὰρ πολιορκῶν Σαμόσατα τὸ πρὸς τῷ Εὐφράτῃ χωρίον, σὺν ἱππόταις τε καὶ πεζοῖς κατὰ συμμαχίαν αὐτῷ παροῦσιν.  				
440	UNREVIEWED	UNREVIEWED	UNPLACED	UNASSESSED	NO_CASE_YET					παραγενόμενος δ᾽ εἰς Ἀντιόχειαν καὶ πολλοῖς ἐπιτυχὼν ἠθροισμένοις καὶ πρὸς Ἀντώνιον μὲν σπουδὴν βαδίζειν ἔχουσιν, ὑπὸ δέους δὲ διὰ τὸ κατὰ τὰς ὁδοὺς ἐπιτίθεσθαι τοὺς βαρβάρους καὶ πολλοὺς ἀναιρεῖν οὐ τολμῶντας ἐξορμᾶν, παραθαρσύνας αὐτὸς ἡγεμὼν γίνεται τῆς ὁδοῦ.  				
441	UNREVIEWED	UNREVIEWED	UNPLACED	UNASSESSED	NO_CASE_YET					κατὰ δὲ σταθμὸν δεύτερον * τῶν Σαμοσάτων ἐλόχα μὲν αὐτόθι τῶν βαρβάρων ἐνέδρα τοὺς φοιτῶντας πρὸς Ἀντώνιον, δρυμῶν δὲ τὰς εἰσβολὰς τὰς εἰς τὰ πεδία διαλαμβανόντων προλοχίζουσιν αὐτόθι τῶν ἱππέων οὐκ ὀλίγους ἠρεμήσοντας ἕως ἂν εἰς τὸ ἱππήλατον οἱ διεξιόντες ἔλθοιεν.  				
442	UNREVIEWED	UNREVIEWED	UNPLACED	UNASSESSED	NO_CASE_YET					ὡς δ᾽ οἱ πρῶτοι διεξῆλθον, ὀπισθοφυλακεῖ μὲν Ἡρώδης, προσπίπτουσι δὲ ἐξαπιναίως οἱ ἐκ τῆς ἐνέδρας ὄντες εἰς πεντακοσίους, καὶ τρεψαμένων τοὺς πρώτους ἐπιδραμὼν ὁ βασιλεὺς τῇ ῥύμῃ τῇ περὶ αὐτὸν παραχρῆμα μὲν ἀνακόπτει τοὺς πολεμίους, ἐπεγείρει δὲ τὸ τῶν οἰκείων φρόνημα καὶ θαρραλέους ἀπεργάζεται, καὶ τῶν πάλαι φευγόντων ἐξ ὑποστροφῆς μαχομένων ἐκτείνοντο πάντοθεν οἱ βάρβαροι.  				
443	UNREVIEWED	UNREVIEWED	UNPLACED	UNASSESSED	NO_CASE_YET					ἐπέκειτο δ᾽ ὁ βασιλεὺς ἀναιρῶν καὶ τὰ διηρπασμένα, πολλὰ δ᾽ ἦν σκευοφόρα καὶ ἀνδράποδα, πάντα ἀνασωσάμενος προῄει.  				
444	UNREVIEWED	UNREVIEWED	UNPLACED	UNASSESSED	NO_CASE_YET					καὶ πλειόνων αὐτοῖς ἐπιθεμένων τῶν ἐν τοῖς δρυμῶσιν, οἳ πλησίον τῆς εἰς τὸ πεδίον ἐκβολῆς ἦσαν, καὶ τούτοις προσμίξας αὐτὸς μετὰ στίφους καρτεροῦ τρέπεται καὶ πολλοὺς αὐτῶν ἀποκτείνας ἀδεᾶ τοῖς ἑπομένοις ὁδὸν παρεῖχεν: οἱ δὲ σωτῆρα καὶ προστάτην αὐτὸν ἐκάλουν. 				
445	UNREVIEWED	UNREVIEWED	UNPLACED	UNASSESSED	NO_CASE_YET					Ἐπεὶ δὲ πλησίον τῶν Σαμοσάτων γεγόνει, πέμπει τὸ στράτευμα ὑπαντησόμενον Ἀντώνιος σὺν τῷ οἰκείῳ κόσμῳ τιμὴν Ἡρώδῃ ταύτην ἀπονέμων καὶ ἐπικουρίας ἕνεκα: τὴν γὰρ τῶν βαρβάρων ἀκηκόει κατ᾽ αὐτῶν ἐπίθεσιν.  				
446	UNREVIEWED	UNREVIEWED	UNPLACED	UNASSESSED	NO_CASE_YET					καὶ δὴ παρόντα τε εἶδεν ἀσμένως καὶ τὰ κατὰ τὴν ὁδὸν αὐτῷ πεπραγμένα μαθὼν ἐδεξιοῦτο καὶ τῆς ἀρετῆς ἐθαύμαζεν, αὐτός τε περιλαβὼν αὐτὸν Ἀντώνιος ὡς εἶδεν ἠσπάζετο προυτίμα τε νεωστὶ βασιλέα ἀποδείξας.  				
447	UNREVIEWED	UNREVIEWED	UNPLACED	UNASSESSED	NO_CASE_YET					Ἀντιόχου δὲ μετ᾽ οὐ πολὺ τὸ ἔρυμα παραδόντος καὶ διὰ τοῦτο παυσαμένου τοῦ πολέμου Σοσσίῳ μὲν Ἀντώνιος παραδίδωσιν * παρακελευσάμενος δὲ Ἡρώδῃ συμμαχεῖν αὐτὸς ἐπ᾽ Αἰγύπτου ἐχώρει. καὶ Σόσσιος μὲν δύο τάγματα ἐπικουρικὰ Ἡρώδῃ προύπεμψεν εἰς τὴν Ἰουδαίαν, αὐτὸς δὲ μετὰ τοῦ πλείονος στρατοῦ ἠκολούθει. 				
448	UNREVIEWED	UNREVIEWED	UNPLACED	UNASSESSED	NO_CASE_YET					Ἔτυχεν δ᾽ ἤδη κατὰ τὴν Ἰουδαίαν τεθνεὼς Ἰώσηπος τρόπῳ τοιούτῳ: λήθην μὲν ὧν αὐτῷ παρήγγειλεν ὁ ἀδελφὸς πρὸς Ἀντώνιον ἀπερχόμενος λαμβάνει, στρατοπεδευσάμενος δὲ ἀνὰ τὰ ὄρη, πέντε γὰρ αὐτῷ σπείρας Μαχαιρᾶ δόντος ἐπὶ Ἱεριχοῦντος ἠπείγετο βουλόμενος ἐκθερίσαι τὸν σῖτον αὐτῶν,  				
449	UNREVIEWED	UNREVIEWED	UNPLACED	UNASSESSED	NO_CASE_YET					καὶ νεοσυλλέκτου τοῦ Ῥωμαίων στρατεύματος ὄντος, καὶ πολέμων ἀπείρως ἔχοντος καὶ γὰρ πολὺ ἐκ Συρίας ἦν τὸ κατειλεγμένον, ἐπιθεμένων αὐτόθι τῶν πολεμίων, ἀποληφθεὶς ἐν δυσχωρίαις αὐτός τε ἀποθνήσκει γενναίως μαχόμενος καὶ τὸ στράτευμα πᾶν ἀπέβαλεν: ἓξ γὰρ σπεῖραι διεφθάρησαν.  				
450	UNREVIEWED	UNREVIEWED	UNPLACED	UNASSESSED	NO_CASE_YET					κρατήσας δὲ τῶν νεκρῶν Ἀντίγονος ἀποτέμνει τὴν Ἰωσήπου κεφαλὴν πεντήκοντα ταλάντων αὐτὴν ῥυομένου Φερώρα τἀδελφοῦ. καὶ μετὰ τοῦτο ἀποστάντες Γαλιλαῖοι τῶν παρὰ σφίσι δυνατῶν τοὺς τὰ Ἡρώδου φρονοῦντας ἐν τῇ λίμνῃ κατεπόντωσαν, καὶ τῆς Ἰουδαίας πολλὰ ἐνεωτερίσθη. Μαχαιρᾶς δὲ χωρίον Ηττον ἐξωχύρου. 				
451	UNREVIEWED	UNREVIEWED	UNPLACED	UNASSESSED	NO_CASE_YET					Παρῆσαν δ᾽ ἄγγελοι τῶν πεπραγμένων πρὸς τὸν βασιλέα καὶ ἐν Δάφνῃ τῆς Ἀντιοχείας ἐδήλωσαν αὐτῷ τὴν κατὰ τὸν ἀδελφὸν τύχην, προσδεχομένῳ μέντοι καὶ αὐτῷ διά τινας ὀνείρων ὄψεις τρανῶς προφαινούσας τὸν τοῦ ἀδελφοῦ θάνατον.  				
452	UNREVIEWED	UNREVIEWED	UNPLACED	UNASSESSED	NO_CASE_YET					ἐπειχθεὶς οὖν κατὰ τὴν πορείαν ὡς κατὰ Λίβανον τὸ ὄρος γίνεται, ὀκτακοσίους μὲν τῶν αὐτόθι προσλαμβάνει, ἔχων δὲ καὶ Ῥωμαϊκὸν ἓν τάγμα εἰς Πτολεμαΐδα παραγίνεται, κἀκεῖθεν νυκτὸς ἀναστὰς μετὰ τοῦ στρατοῦ προῄει διὰ τῆς Γαλιλαίας.  				
453	UNREVIEWED	UNREVIEWED	UNPLACED	UNASSESSED	NO_CASE_YET					ὑπήντων δ᾽ οἱ πολέμιοι καὶ κρατηθέντες τῇ μάχῃ κατεκλείσθησαν εἰς χωρίον, ὅθεν ἦσαν ὡρμηκότες τῇ προτεραίᾳ: προσβολὰς δὴ τοὐντεῦθεν ἕωθεν ἐποιεῖτο, καὶ πολλοῦ χειμῶνος καταρραγέντος οὐδὲν ποιεῖν δυνάμενος ἀπάγει τὴν στρατιὰν εἰς τὰς πλησίον κώμας. ἐλθόντος δ᾽ αὐτῷ παρ᾽ Ἀντωνίου καὶ δευτέρου τάγματος οἱ τὸ χωρίον ἔχοντες φοβηθέντες νυκτὸς ἐξέλιπον αὐτό.  				
454	UNREVIEWED	UNREVIEWED	UNPLACED	UNASSESSED	NO_CASE_YET					καὶ ὁ βασιλεὺς ἔσπευδεν ἐπὶ Ἱεριχοῦντος τιμωρήσασθαι κατὰ νοῦν ἔχων αὐτοὺς ὑπὲρ τἀδελφοῦ. ἐπεὶ δὲ κατέζευξεν, εἱστία μὲν τοὺς ἐν τέλει, μετὰ δὲ τὴν συνουσίαν παρῆλθεν εἰς τὸ δωμάτιον ἀπολύσας τοὺς παρόντας.  				
455	UNREVIEWED	UNREVIEWED	UNPLACED	UNASSESSED	NO_CASE_YET					ἐνταῦθα ἴδοι τις ἂν τοῦ βασιλέως τὴν ἐκ τοῦ θεοῦ εὔνοιαν: πίπτει μὲν γὰρ ἡ στέγη τοῦ οἰκήματος, οὐδένα δὲ ἀπολαβοῦσα διέφθειρεν, ὥστε πάντας πιστεῦσαι τὸν Ἡρώδην εἶναι θεοφιλῆ, μέγαν οὕτω καὶ παράδοξον διαφυγόντα κίνδυνον. 				
456	UNREVIEWED	UNREVIEWED	UNPLACED	UNASSESSED	NO_CASE_YET					Τῇ δ᾽ ὑστεραίᾳ τῶν πολεμίων ἑξακισχίλιοι ἀπ᾽ ἄκρων κατιόντες τῶν ὀρῶν εἰς μάχην ἐφόβουν τοὺς Ῥωμαίους. οἱ δὲ γυμνῆτες προσιόντες τοῖς παλτοῖς ἔβαλλον καὶ λίθοις τοὺς περὶ τὸν βασιλέα ἐξεληλυθότας αὐτόν τε παλτῷ τις παρὰ τὴν λαπάραν ἔβαλεν.  				
457	UNREVIEWED	UNREVIEWED	UNPLACED	UNASSESSED	NO_CASE_YET					Ἀντίγονος δ᾽ ἐπὶ τὴν Σαμάρειαν πέμπει στρατηγὸν Πάππον ὄνομα σὺν δυνάμει πολλῇ βουλόμενος παρασχεῖν τοῖς πολεμίοις δόξαν πολεμοῦντος ἐκ περιουσίας. ἀλλ᾽ ὁ μὲν Μαχαιρᾷ τῷ στρατηγῷ προσεκάθητο: Ἡρώδης δὲ πέντε πόλεις καταλαβὼν τοὺς ἐγκαταληφθέντας περὶ δισχιλίους ὄντας ἐφόνευσεν αὐτάς τε τὰς πόλεις ἐμπρήσας ἐπανῆλθεν ἐπὶ τὸν Πάππον:  				
458	UNREVIEWED	UNREVIEWED	UNPLACED	UNASSESSED	NO_CASE_YET					ἐστρατοπεδεύσατο δ᾽ οὗτος περὶ κώμην Ἰσάνας καλουμένην καὶ πολλῶν αὐτῷ προσρεόντων ἐκ τῆς Ἱεριχοῦς καὶ τῆς ἄλλης Ἰουδαίας, ἐπεὶ πλησίον γίνεται, τῶν πολεμίων ἐπεξελθόντων αὐτοῖς ὑπὸ θράσους συμβαλὼν κρατεῖ τῇ μάχῃ, καὶ τιμωρῶν τἀδελφῷ φεύγουσιν εἰς τὴν κώμην εἵπετο κτείνων.  				
459	UNREVIEWED	UNREVIEWED	UNPLACED	UNASSESSED	NO_CASE_YET					πεπληρωμένων δὲ τῶν οἰκήσεων ὁπλιτῶν καί τινων ἀναφευγόντων ἐπὶ τὰς στέγας κρατεῖ τούτων, καὶ τοὺς ὀρόφους τῶν οἴκων ἀνασκάπτων ἔμπλεα τὰ κάτω τῶν στρατιωτῶν ἑώρα ἀθρόων ἀπειλημμένων.  				
460	UNREVIEWED	UNREVIEWED	UNPLACED	UNASSESSED	NO_CASE_YET					τούτους μὲν οὖν πέτραις ἄνωθεν βάλλοντες σωρηδὸν ἐπ᾽ ἀλλήλοις ἀνῄρουν: καὶ θέαμα τοῦτο δεινότατον ἦν κατὰ τόνδε τὸν πόλεμον νεκρῶν τὸ πλῆθος ἀπείρων ἐντὸς τῶν τειχῶν ἐπ᾽ ἀλλήλοις κειμένων.  				
461	UNREVIEWED	UNREVIEWED	UNPLACED	UNASSESSED	NO_CASE_YET					τοῦτο τὸ ἔργον μάλιστα τὰ φρονήματα τῶν πολεμίων ἔκλασεν καραδοκούντων τὸ μέλλον: ἑωρῶντο γὰρ παμπληθεῖς πόρρωθεν συγγενόμενοι περὶ τὴν κώμην: οἳ τότε ἔφευγον, καὶ εἰ μὴ χειμὼν ἐπέσχεν βαθύς, ἧκεν ἂν καὶ ἐπὶ Ἱεροσόλυμα ἡ βασιλέως στρατιὰ θαρροῦσα τῷ νενικηκέναι, καὶ τὸ πᾶν ἦν ἂν εἰργασμένη: καὶ γὰρ Ἀντίγονος ἤδη τὴν παντελῆ φυγὴν ἐσκόπει καὶ ἀπανάστασιν ἐκ τῆς πόλεως. 				
462	UNREVIEWED	UNREVIEWED	UNPLACED	UNASSESSED	NO_CASE_YET					Τότε μὲν οὖν ὁ βασιλεύς, ὀψία γὰρ ἦν, δειπνοποιεῖσθαι κελεύει τοὺς στρατιώτας, αὐτὸς δέ, ἐκεκμήκει γάρ, εἰσελθὼν εἴς τι δωμάτιον περὶ λουτρὸν ἦν. ἔνθα καὶ κίνδυνος αὐτῷ μέγιστος συνέπεσεν, ὃν κατὰ θεοῦ πρόνοιαν διέφυγεν:  				
463	UNREVIEWED	UNREVIEWED	UNPLACED	UNASSESSED	NO_CASE_YET					γυμνοῦ γὰρ ὄντος αὐτοῦ καὶ μετὰ παιδὸς ἑνὸς ἀκολούθου λουομένου ἐν τῷ ἐντὸς οἰκήματι τῶν πολεμίων τινὲς ὡπλισμένοι συμπεφευγότες αὐτόθι διὰ φόβον μεταξὺ λουομένου ὁ πρῶτος ὑπεξέρχεται ξίφος ἔχων γυμνὸν καὶ διὰ θυρῶν χωρεῖ, καὶ μετὰ τοῦτον δεύτερος καὶ τρίτος ὁμοίως ὡπλισμένοι, οὐδὲν βλάψαντες τὸν βασιλέα ὑπ᾽ ἐκπλήξεως, ἀγαπῶντες δὲ τὸ μηδὲν αὐτοὶ παθόντες εἰς τὸ πρόσθεν διεκπεσεῖν.  				
464	UNREVIEWED	UNREVIEWED	UNPLACED	UNASSESSED	NO_CASE_YET					τῇ δ᾽ ὑστεραίᾳ τὴν μὲν Πάππου κεφαλήν, ἀνῄρητο γάρ, ἀποκόψας Φερώρᾳ ἔπεμψεν ποινὴν ἀνθ᾽ ὧν ὁ ἀδελφὸς αὐτοῦ πάθοι: οὗτος γὰρ ἦν αὐτόχειρ ἐκείνου γεγενημένος. 				
465	UNREVIEWED	UNREVIEWED	UNPLACED	UNASSESSED	NO_CASE_YET					Λήξαντος δὲ τοῦ χειμῶνος ἄρας ἐκεῖθεν ἐγγὺς τῶν Ἱεροσολύμων ἔρχεται καὶ πλησίον στρατοπεδεύεται τῆς πόλεως: τρίτον δὲ ἔτος τοῦτο ἦν αὐτῷ ἐξ οὗ βασιλεὺς ἐν Ῥώμῃ ἀποδέδεικτο.  				
466	UNREVIEWED	UNREVIEWED	UNPLACED	UNASSESSED	NO_CASE_YET					ἀναστρατοπεδευσάμενος δὲ καὶ πλησίον ἐλθὼν τοῦ τείχους κατὰ τὸ ἐπιμαχώτατον πρὸ τοῦ ἱεροῦ στρατοπεδεύεται προσβαλεῖν διεγνωκώς, ὡς καὶ πρότερόν ποτε Πομπήιος. τρισὶν δὲ διαλαβὼν χώμασιν τὸν τόπον πύργους ἀνίστα πολλῇ τε χειρὶ πρὸς τὸ ἔργον χρώμενος καὶ τέμνων τὴν πέριξ ὕλην.  				
467	UNREVIEWED	UNREVIEWED	UNPLACED	UNASSESSED	NO_CASE_YET					παρακαταστήσας δὲ τοῖς ἔργοις τοὺς ἐπιτηδείους, ἱδρυμένης ἔτι τῆς στρατιᾶς αὐτὸς εἰς Σαμάρειαν ἐπὶ τὸν γάμον ᾤχετο ἀξόμενος τὴν Ἀλεξάνδρου τοῦ Ἀριστοβούλου θυγατέρα: ταύτην γὰρ ἦν ἐγγεγυημένος, ὥς μοι καὶ πρότερον εἴρηται. 				
468	UNREVIEWED	UNREVIEWED	UNPLACED	UNASSESSED	NO_CASE_YET					Μετὰ δὲ τοὺς γάμους ἦλθεν μὲν διὰ Φοινίκης Σόσσιος προεκπέμψας τὴν δύναμιν διὰ τῆς μεσογαίας, ἦλθεν δὲ καὶ ὁ στρατὸς πλῆθος ἱππέων τε καὶ πεζῶν, παρεγένετο δὲ καὶ ὁ βασιλεὺς ἐκ τῆς Σαμαρείτιδος οὐκ ὀλίγον πρὸς τῷ πάλαι στρατὸν ἄγων:  				
469	UNREVIEWED	UNREVIEWED	UNPLACED	UNASSESSED	NO_CASE_YET					περὶ τρισμυρίους γὰρ ἦσαν. πάντες δ᾽ ἐπὶ τὸ Ἱεροσολυμιτῶν ἠθροίζοντο τεῖχος, καὶ διεκάθητο πρὸς τῷ βορείῳ τείχει τῆς πόλεως στρατιᾶς ἕνδεκα μὲν οὖσα τέλη ὁπλιτικοῦ, ἓξ δὲ χιλιάδες ἱππέων, ἄλλα δὲ ἐπικουρικὰ ἀπὸ τῆς Συρίας, δύο δ᾽ ἡγεμόνες, Σόσσιος μὲν ὑπ᾽ Ἀντωνίου σταλεὶς σύμμαχος, Ἡρώδης δ᾽ ὑπὲρ αὐτοῦ, ὡς Ἀντίγονον ἀφελόμενος τὴν ἀρχὴν ἀποδειχθέντα ἐν Ῥώμῃ πολέμιον αὐτὸς ἀντ᾽ ἐκείνου βασιλεὺς εἴη κατὰ τὸ τῆς συγκλήτου δόγμα. 				
470	UNREVIEWED	UNREVIEWED	UNPLACED	UNASSESSED	NO_CASE_YET					Μετὰ δὲ πολλῆς προθυμίας καὶ ἔριδος ἅτε σύμπαντος ἠθροισμένου τοῦ πλήθους οἱ Ἰουδαῖοι τοῖς περὶ τὸν Ἡρώδην ἀντεπολέμουν κατειληθέντες ἐντὸς τοῦ τείχους, πολλά τε ἐπεφήμιζον περὶ τὸ ἱερὸν καὶ πολλὰ ἐπ᾽ εὐφημίᾳ τοῦ δήμου, ὡς ῥυσομένου τῶν κινδύνων αὐτοὺς τοῦ θεοῦ.  				
471	UNREVIEWED	UNREVIEWED	UNPLACED	UNASSESSED	NO_CASE_YET					τά τε ἐκτὸς τῆς πόλεως ἀπεσκευάσαντο, ὡς μηδ᾽ ὅσα τροφὴ δύναιτο εἶναι ὑπολιπεῖν ἢ ἀνθρώποις ἢ ὑποζυγίοις, λῃστείαις τε λάθρα χρώμενοι ἀπορίαν παρέσχον.  				
472	UNREVIEWED	UNREVIEWED	UNPLACED	UNASSESSED	NO_CASE_YET					ταῦτα δ᾽ Ἡρώδης συνιδὼν πρὸς μὲν τὰς λῃστείας ἐν τοῖς ἐπικαιροτάτοις τόποις παρελόχιζεν, πρὸς δὲ τὰ ἐπιτήδεια πέμπων ὁπλιτικὰ τέλη πόρρωθεν ἀγορὰν συνεκόμιζεν, ὡς ὀλίγου χρόνου πολλὴν ἀφθονίαν αὐτοῖς γενέσθαι τῶν ἀναγκαίων.  				
473	UNREVIEWED	UNREVIEWED	UNPLACED	UNASSESSED	NO_CASE_YET					ἦρτο δὲ συνεχῶς ἤδη πολλῆς χειρὸς ἐργαζομένης καὶ τὰ τρία χώματα εὐπετῶς: θέρος τε γὰρ ἦν καὶ οὐδὲν ἐμποδὼν πρὸς τὴν ἀνάστασιν οὔτ᾽ ἀπὸ τοῦ ἀέρος οὔτ᾽ ἀπὸ τῶν ἐργαζομένων, τά τε μηχανήματα προσάγοντες κατέσειον τὸ τεῖχος καὶ πάσαις ἐχρῶντο πείραις.  				
474	UNREVIEWED	UNREVIEWED	UNPLACED	UNASSESSED	NO_CASE_YET					οὐ μὴν ἐξέπληττον τοὺς ἔνδον, ἀλλὰ ἀντετεχνῶντο κἀκεῖνοι πρὸς τὰ παρὰ τούτων γινόμενα οὐκ ὀλίγα, ἐπεκθέοντές τε τὰ μὲν ἡμίεργα ἐνεπίμπρασαν τὰ δ᾽ ἐξειργασμένα, εἴς τε χεῖρας ἰόντες οὐδὲν κακίους τὰς τόλμας Ῥωμαίων ἦσαν, ἐπιστήμῃ δ᾽ ἐλείποντο.  				
475	UNREVIEWED	UNREVIEWED	UNPLACED	UNASSESSED	NO_CASE_YET					πρός τε τὰς μηχανὰς ἀντετείχιζον ἐρειπομένων τῶν πρώτων οἰκοδομημάτων, ὑπὸ γῆν τε ἀπαντῶντες ἐν ταῖς μεταλλεύσεσιν διεμάχοντο, ἀπονοίᾳ δὲ τὸ πλέον ἢ προμηθείᾳ χρώμενοι προσελιπάρουν τῷ πολέμῳ εἰς τοὔσχατον, καὶ ταῦτα μεγάλου στρατοῦ περικαθημένου σφᾶς καὶ λιμῷ ταλαιπωρούμενοι καὶ σπάνει τῶν ἐπιτηδείων: τὸν γὰρ ἑβδοματικὸν ἐνιαυτὸν συνέβη κατὰ ταῦτ᾽ εἶναι.  				
476	UNREVIEWED	UNREVIEWED	UNPLACED	UNASSESSED	NO_CASE_YET					ἀναβαίνουσιν δὲ ἐπὶ τὸ τεῖχος πρῶτον μὲν λογάδες εἴκοσι, ἔπειτα δὲ ἑκατόνταρχοι Σοσσίου: ᾑρέθη γὰρ τὸ μὲν πρῶτον τεῖχος ἡμέραις τεσσαράκοντα, τὸ δὲ δεύτερον πεντεκαίδεκα: καί τινες τῶν περὶ τὸ ἱερὸν ἐνεπρήσθησαν στοῶν, ἃς Ἡρώδης Ἀντίγονον ἐμπρῆσαι διέβαλεν, μῖσος αὐτῷ πραγματευόμενος παρὰ τῶν Ἰουδαίων γενέσθαι.  				
477	UNREVIEWED	UNREVIEWED	UNPLACED	UNASSESSED	NO_CASE_YET					ᾑρημένου δὲ τοῦ ἔξωθεν ἱεροῦ καὶ τῆς κάτω πόλεως εἰς τὸ ἔσωθεν ἱερὸν καὶ τὴν ἄνω πόλιν οἱ Ἰουδαῖοι συνέφυγον, δείσαντες δὲ μὴ διακωλύσωσιν αὐτοὺς οἱ Ῥωμαῖοι τὰς καθημερινὰς θυσίας ἐπιτελεῖν τῷ θεῷ, πρεσβεύονται ἐπιτρέψαι παρακαλοῦντες θύματα αὐτοῖς μόνον εἰσκομίζεσθαι: ὁ δ᾽ ὡς ἐνδωσόντων αὐτῶν συνεχώρει ταῦτα.  				
478	UNREVIEWED	UNREVIEWED	UNPLACED	UNASSESSED	NO_CASE_YET					καὶ ἐπεὶ μηδὲν ἑώρα γινόμενον παρ᾽ αὐτῶν ὧν ὑπενόει, ἀλλὰ ἰσχυρῶς ἀντέχοντας ὑπὲρ τῆς Ἀντιγόνου βασιλείας, προσβαλὼν κατὰ κράτος εἷλεν τὴν πόλιν.  				
479	UNREVIEWED	UNREVIEWED	UNPLACED	UNASSESSED	NO_CASE_YET					καὶ πάντα εὐθὺς φόνων ἦν ἀνάπλεα τῶν μὲν Ῥωμαίων ἐπὶ τῇ τριβῇ τῆς πολιορκίας διωργισμένων, τοῦ δὲ περὶ Ἡρώδην Ἰουδαϊκοῦ μηδὲν ὑπολιπεῖν σπεύδοντος ἀντίπαλον.  				
480	UNREVIEWED	UNREVIEWED	UNPLACED	UNASSESSED	NO_CASE_YET					ἐσφάττοντο δὲ παμπληθεῖς ἔν τε τοῖς στενωποῖς καὶ κατὰ τὰς οἰκίας συνωθούμενοι καὶ τῷ ναῷ προσφεύγοντες, ἦν τε οὔτε νηπίων οὔτε γήρως ἔλεος οὔτε ἀσθενείας γυναικῶν φειδώ, ἀλλὰ καίτοι περιπέμποντος τοῦ βασιλέως καὶ φείδεσθαι παρακαλοῦντος οὐδεὶς ἐκράτησεν τῆς δεξιᾶς, ἀλλ᾽ ὥσπερ μεμηνότες πᾶσαν ἡλικίαν ἐπεξῄεσαν.  				
481	UNREVIEWED	UNREVIEWED	UNPLACED	UNASSESSED	NO_CASE_YET					ἔνθα καὶ Ἀντίγονος μήτε τῆς πάλαι μήτε τῆς τότε τύχης ἔννοιαν λαβὼν κάτεισι μὲν ἀπὸ τῆς βάρεως, προσπίπτει δὲ τοῖς Σοσσίου ποσίν, κἀκεῖνος μηδὲν αὐτὸν οἰκτείρας πρὸς τὴν μεταβολὴν ἐπεκρότησεν μὲν ἀκρατῶς καὶ Ἀντιγόνην ἐκάλεσεν, οὐ μὴν ὡς γυναῖκά γε φρουρᾶς ἐλεύθερον ἀφῆκεν, ἀλλ᾽ ὁ μὲν δεθεὶς ἐφυλάττετο. 				
482	UNREVIEWED	UNREVIEWED	UNPLACED	UNASSESSED	NO_CASE_YET					Πρόνοια δ᾽ ἦν Ἡρώδῃ κρατοῦντι τῶν πολεμίων τοῦ κρατῆσαι καὶ τῶν ἀλλοφύλων συμμάχων: ὥρμητο γὰρ τὸ ξενικὸν πλῆθος ἐπὶ θέᾳ τοῦ τε ἱεροῦ καὶ τῶν κατὰ τὸν ναὸν ἁγίων.  				
483	UNREVIEWED	UNREVIEWED	UNPLACED	UNASSESSED	NO_CASE_YET					ὁ δὲ βασιλεὺς τοὺς μὲν παρακαλῶν τοὺς δ᾽ ἀπειλῶν ἔστιν δ᾽ οὓς καὶ τοῖς ὅπλοις ἀνέστελλεν, ἥττης χαλεπωτέραν ἡγούμενος τὴν νίκην, εἴ τι τῶν ἀθεάτων παρ᾽ αὐτῶν ὀφθείη.  				
484	UNREVIEWED	UNREVIEWED	UNPLACED	UNASSESSED	NO_CASE_YET					διεκώλυέ τε καὶ τὰς κατὰ τὴν πόλιν ἁρπαγάς, πολλὰ διατεινάμενος πρὸς Σόσσιον, εἰ χρημάτων τε καὶ ἀνδρῶν Ῥωμαῖοι τὴν πόλιν κενώσαντες καταλείψουσιν αὐτὸν ἐρημίας βασιλέα, καὶ ὡς ἐπὶ τοσούτῳ πολιτῶν φόνῳ βραχὺ καὶ τὴν τῆς οἰκουμένης ἡγεμονίαν ἀντάλλαγμα κρίνει.  				
485	UNREVIEWED	UNREVIEWED	UNPLACED	UNASSESSED	NO_CASE_YET					τοῦ δὲ ἀντὶ τῆς πολιορκίας τὰς ἁρπαγὰς δικαίως τοῖς στρατιώταις ἐπιτρέπειν φαμένου, αὐτὸς ἔφη διανεμεῖν ἐκ τῶν ἰδίων χρημάτων τοὺς μισθοὺς ἑκάστοις.  				
486	UNREVIEWED	UNREVIEWED	UNPLACED	UNASSESSED	NO_CASE_YET					οὕτως τε τὴν λοιπὴν ἐξωνησάμενος πόλιν τὰς ὑποσχέσεις ἐπλήρωσεν: λαμπρῶς μὲν γὰρ ἕκαστον στρατιώτην, ἀναλόγως δὲ τοὺς ἡγεμόνας, βασιλικώτατα δ᾽ αὐτὸν ἐδωρήσατο Σόσσιον, ὡς πάντας ἀπελθεῖν χρημάτων εὐποροῦντας. 				
487	UNREVIEWED	UNREVIEWED	UNPLACED	UNASSESSED	NO_CASE_YET					Τοῦτο τὸ πάθος συνέβη τῇ Ἱεροσολυμιτῶν πόλει ὑπατεύοντος ἐν Ῥώμῃ Μάρκου Ἀγρίππα καὶ Κανιδίου Γάλλου ἐπὶ τῆς ἑκατοστῆς ὀγδοηκοστῆς καὶ πέμπτης ὀλυμπιάδος τῷ τρίτῳ μηνὶ τῇ ἑορτῇ τῆς νηστείας, ὥσπερ ἐκ περιτροπῆς τῆς γενομένης ἐπὶ Πομπηίου τοῖς Ἰουδαίοις συμφορᾶς:  				
488	UNREVIEWED	UNREVIEWED	UNPLACED	UNASSESSED	NO_CASE_YET					καὶ γὰρ ὑπ᾽ ἐκείνου τῇ αὐτῇ ἑάλωσαν ἡμέρᾳ μετὰ ἔτη εἰκοσιεπτά. Σόσσιος δὲ χρυσοῦν ἀναθεὶς τῷ θεῷ στέφανον ἀνέζευξεν ἀπὸ Ἱεροσολύμων Ἀντίγονον ἄγων δεσμώτην Ἀντωνίῳ.  				
489	UNREVIEWED	UNREVIEWED	UNPLACED	UNASSESSED	NO_CASE_YET					δείσας δὲ Ἡρώδης μὴ φυλαχθεὶς Ἀντίγονος ὑπ᾽ Ἀντωνίου καὶ κομισθεὶς εἰς Ῥώμην ὑπ᾽ αὐτοῦ δικαιολογήσηται πρὸς τὴν σύγκλητον, ἐπιδεικνὺς αὐτὸν μὲν ἐκ βασιλέων, Ἡρώδην δὲ ἰδιώτην, καὶ ὅτι προσῆκεν αὐτοῦ βασιλεύειν τοὺς παῖδας διὰ τὸ γένος, εἰ καὶ αὐτὸς εἰς Ῥωμαίους ἐξήμαρτεν:  				
490	UNREVIEWED	UNREVIEWED	UNPLACED	UNASSESSED	NO_CASE_YET					ταῦτα φοβούμενος πολλοῖς χρήμασι πείθει τὸν Ἀντώνιον ἀνελεῖν Ἀντίγονον. οὗ γενομένου τοῦ δέους μὲν Ἡρώδης ἀπαλλάσσεται, παύεται δ᾽ οὕτως ἡ τοῦ Ἀσσαμωναίου ἀρχὴ μετὰ ἔτη ἑκατὸν εἰκοσιέξ. οἶκος λαμπρὸς οὗτος ἦν καὶ διάσημος γένους τε ἕνεκα καὶ τῆς ἱερατικῆς τιμῆς ὧν τε ὑπὲρ τοῦ ἔθνους οἱ γονεῖς αὐτοῦ διεπράξαντο.  				
491	VISUALLY_REVIEWED_TERMINAL_IDENTITY_AND_NARRATIVE_END	UNREVIEWED	UNPLACED	UNASSESSED	NO_CASE_YET					ἀλλ᾽ οὗτοι μὲν διὰ τὴν πρὸς ἀλλήλους στάσιν τὴν ἀρχὴν ἀπέβαλον, μετέβη δ᾽ εἰς Ἡρώδην τὸν Ἀντιπάτρου οἰκίας ὄντα δημοτικῆς καὶ γένους ἰδιωτικοῦ καὶ ὑπακούοντος τοῖς βασιλεῦσιν. καὶ τοῦτο μὲν τὸ τέλος τῆς Ἀσσαμωναίων γενεᾶς παρειλήφαμεν.				evidence/Niese-III-PDF402.jpg
